,year,issue,id,pages,type,volume,title,journal.id,journal.title
1610,2017,Trends Pharmacol. Sci. 34 2013,pub.1090348791,444-451,article,13,NRF2 deficiency replicates transcriptomic changes in Alzheimer's patients and worsens APP and TAU pathology,jour.1048218,Redox Biology
1813,2017,10,pub.1092164786,1584-1797,article,47,Guidelines for the use of flow cytometry and cell sorting in immunological studies,jour.1054998,European Journal of Immunology
2021,2017,35,pub.1091248898,29857-29862,article,9,Titanium Oxynitride Thin Films with Tunable Double Epsilon-Near-Zero Behavior for Nanophotonic Applications.,jour.1041450,ACS Applied Materials & Interfaces
2403,2017,,pub.1084749935,11-23,article,87,Cardiac voltage-gated ion channels in safety pharmacology: Review of the landscape leading to the CiPA initiative,jour.1102215,Journal of Pharmacological and Toxicological Methods
3861,2017,6,pub.1070928630,891-898,article,58,Intraoperative Assessment of Tumor Resection Margins in Breast-Conserving Surgery Using 18F-FDG Cerenkov Luminescence Imaging: A First-in-Human Feasibility Study.,jour.1012368,Journal of Nuclear Medicine
5218,2017,7,pub.1083853536,884-892,article,116,A phase I study of intravenous and oral rucaparib in combination with chemotherapy in patients with advanced solid tumours,jour.1017082,British Journal of Cancer
5451,2017,1,pub.1023348282,41-48,article,28,The RET E616Q Variant is a Gain of Function Mutation Present in a Family with Features of Multiple Endocrine Neoplasia 2A,jour.1100468,Endocrine Pathology
5638,2017,2,pub.1019145605,192-201,article,22,Evidence for three genetic loci involved in both anorexia nervosa risk and variation of body mass index,jour.1115540,Molecular Psychiatry
6651,2017,,pub.1099742127,3035184,article,2017,"Insulin-Like Growth Factor (IGF) Binding Protein-2, Independently of IGF-1, Induces GLUT-4 Translocation and Glucose Uptake in 3T3-L1 Adipocytes",jour.1040327,Oxidative Medicine and Cellular Longevity
7417,2016,1,pub.1007804767,34946,article,6,Simultaneous effects on parvalbumin-positive interneuron and dopaminergic system development in a transgenic rat model for sporadic schizophrenia,jour.1045337,Scientific Reports
7776,2016,12,pub.1070730234,2254-2261,article,39,Endoscopic Duodenal Mucosal Resurfacing for the Treatment of Type 2 Diabetes: 6-Month Interim Analysis From the First-in-Human Proof-of-Concept Study,jour.1103715,Diabetes Care
8371,2016,6,pub.1032882175,1431-1441.e1,article,10,Adverse effects on insulin secretion of replacing saturated fat with refined carbohydrate but not with monounsaturated fat: A randomized controlled trial in centrally obese subjects,jour.1038403,Journal of Clinical Lipidology
8403,2016,6,pub.1050351408,70,article,111,Ischaemic conditioning and targeting reperfusion injury: a 30 year voyage of discovery,jour.1016443,Basic Research in Cardiology
8734,2016,,pub.1094156735,202-207,proceeding,,A New Miniaturised Multi-Axis Force/Torque Sensors Based on Optoelectronic Technology and Simply-Supported Beam,,
8739,2016,,pub.1014901029,49-54,article,83,Taggant materials in forensic science: A review,jour.1092475,TrAC Trends in Analytical Chemistry
9103,2016,4,pub.1008925377,1108-1118,article,138,"Impact of peanut consumption in the LEAP Study: Feasibility, growth, and nutrition",jour.1055081,Journal of Allergy and Clinical Immunology
9319,2016,9,pub.1029804036,844-850,article,43,Effects of transthyretin on thyroxine and β‐amyloid removal from cerebrospinal fluid in mice,jour.1020088,Clinical and Experimental Pharmacology and Physiology
9396,2016,141,pub.1044030859,278-286,article,25,Cough in idiopathic pulmonary fibrosis,jour.1101549,European Respiratory Review
9701,2016,,pub.1072355917,1-8,article,224,Causality and Responsibility for Formal Verification and Beyond,jour.1050305,Electronic Proceedings in Theoretical Computer Science
9991,2016,2,pub.1043965939,490-499,article,76,Large dynamic range relative B1+ mapping,jour.1095465,Magnetic Resonance in Medicine
10061,2016,Pt A,pub.1039431776,102-112,article,92,Perinatal brain damage: The term infant,jour.1113568,Neurobiology of Disease
10332,2016,,pub.1005125902,28-37,article,75,VNAR single-domain antibodies specific for BAFF inhibit B cell development by molecular mimicry,jour.1089606,Molecular Immunology
10363,2016,7,pub.1046444087,e25-e31,article,100,Executive Summary of IPITA-TTS Opinion Leaders Report on the Future of &bgr;-Cell Replacement,jour.1008793,Transplantation Journal
10807,2016,6,pub.1036602735,1438-1448,article,46,IL‐12 and IL‐4 activate a CD39‐dependent intrinsic peripheral tolerance mechanism in CD8+ T cells,jour.1054998,European Journal of Immunology
10823,2016,7605,pub.1052925987,47-54,article,534,Landscape of somatic mutations in 560 breast cancer whole-genome sequences,jour.1018957,Nature
10895,2016,3,pub.1061785837,484-498,article,32,A Novel 4-DOF Origami Grasper With an SMA-Actuation System for Minimally Invasive Surgery,jour.1312103,IEEE Transactions on Robotics
11015,2016,6,pub.1013715977,700-708,article,18,Self-organization of the human embryo in the absence of maternal tissues,jour.1021344,Nature Cell Biology
11102,2016,6,pub.1070729695,1690-1698,article,65,Identification of Tetraspanin-7 as a Target of Autoantibodies in Type 1 Diabetes,jour.1017423,Diabetes
11204,2016,5,pub.1070928329,765-70,article,57,c-Met PET Imaging Detects Early-Stage Locoregional Recurrence of Basal-Like Breast Cancer.,jour.1012368,Journal of Nuclear Medicine
11394,2016,3,pub.1043451333,535-550,article,90,Gain of Toxicity from ALS/FTD-Linked Repeat Expansions in C9ORF72 Is Alleviated by Antisense Oligonucleotides Targeting GGGGCC-Containing RNAs,jour.1098485,Neuron
11479,2016,,pub.1095276400,373-379,proceeding,,Flexible Connectivity and QoE/QoS Management for 5G Networks: The 5G NORMA View,,
11532,2016,,pub.1094298681,187-192,proceeding,,Multi-Connectivity Functional Architectures in 5G,,
11773,2016,5,pub.1016906153,455-532,article,15,Defeating Alzheimer's disease and other dementias: a priority for European science and society,jour.1030586,The Lancet Neurology
11846,2016,4,pub.1038050664,998-1010,article,137,Prevention of food allergy,jour.1055081,Journal of Allergy and Clinical Immunology
11956,2016,4,pub.1045532070,584,article,65,Developing in vitro expanded CD45RA+ regulatory T cells as an adoptive cell therapy for Crohn's disease,jour.1077125,Gut
12121,2016,1,pub.1014516466,73-83,article,357,Ozone-Induced Hypertussive Responses in Rabbits and Guinea Pigs,jour.1017847,Journal of Pharmacology and Experimental Therapeutics
12171,2016,3,pub.1061318859,460-473,article,34,5G-Enabled Tactile Internet,jour.1033569,IEEE Journal on Selected Areas in Communications
12190,2016,,pub.1049601738,29-38,article,87,Inhaled 45–50% argon augments hypothermic brain protection in a piglet model of perinatal asphyxia,jour.1113568,Neurobiology of Disease
12363,2016,3,pub.1040925191,23,article,16,Potential Mechanisms for IgG4 Inhibition of Immediate Hypersensitivity Reactions,jour.1029244,Current Allergy and Asthma Reports
12431,2016,3,pub.1021556818,367-377,article,17,"Neratinib after trastuzumab-based adjuvant therapy in patients with HER2-positive breast cancer (ExteNET): a multicentre, randomised, double-blind, placebo-controlled, phase 3 trial",jour.1023279,The Lancet Oncology
12620,2016,2,pub.1042441828,352-358,article,136,Progress toward Treatment and Cure of Epidermolysis Bullosa: Summary of the DEBRA International Research Symposium EB2015,jour.1358061,Journal of Investigative Dermatology
12650,2016,1,pub.1039743258,81-87,article,21,Biomarkers and immunopathology of tolerance,jour.1117639,Current Opinion in Organ Transplantation
12773,2016,2,pub.1033273260,477-487.e9,article,150,Association Between Response to Etrolizumab and Expression of Integrin αE and Granzyme A in Colon Biopsies of Patients With Ulcerative Colitis,jour.1017616,Gastroenterology
12845,2016,7588,pub.1007201638,51-56,article,530,Persistent HIV-1 replication maintains the tissue reservoir during therapy,jour.1018957,Nature
12919,2016,&NA;,pub.1035351054,s1-s44,article,100,Report from IPITA-TTS Opinion Leaders Meeting on the Future of &bgr;-Cell Replacement,jour.1008793,Transplantation Journal
12925,2016,2,pub.1011452977,197-209,article,1858,The influence of rough lipopolysaccharide structure on molecular interactions with mammalian antimicrobial peptides,jour.1327373,Biochimica et Biophysica Acta (BBA) - Lipids and Lipid Metabolism
12928,2016,2,pub.1024111755,225-233,article,11,Distinct frontal and amygdala correlates of change detection for facial identity and expression,jour.1037849,Social Cognitive and Affective Neuroscience
13020,2016,1,pub.1058406632,1-222,article,12,Guidelines for the use and interpretation of assays for monitoring autophagy (3rd edition).,jour.1036458,Autophagy
13182,2016,1,pub.1049136256,225-235.e3,article,105,MicroRNAs in spent blastocyst culture medium are derived from trophectoderm cells and can be explored for human embryo reproductive competence assessment,jour.1017430,Fertility and Sterility
13202,2016,1,pub.1001325016,284-292,article,136,Lentiviral Engineered Fibroblasts Expressing Codon-Optimized COL7A1 Restore Anchoring Fibrils in RDEB,jour.1358061,Journal of Investigative Dermatology
13230,2016,1,pub.1023228038,27-44,article,149,Treatment of Unexplained Chronic Cough CHEST Guideline and Expert Panel Report,jour.1012865,CHEST Journal
13355,2016,1,pub.1032101392,32-48,article,29,Targeting Aberrant Epigenetic Networks Mediated by PRMT1 and KDM4C in Acute Myeloid Leukemia,jour.1030059,Cancer Cell
13657,2016,,pub.1037559966,123-144,chapter,50,An Integrated Approach for Functional Decomposition of Future RAN,,
13781,2016,,pub.1020867602,290-304,chapter,9582,"Trends in Temporal Reasoning: Constraints, Graphs and Posets",,
13888,2016,,pub.1018516219,5555-5569,article,4,Enabling the IoT Machine Age With 5G: Machine-Type Multicast Services for Innovative Real-Time Applications,jour.1050631,IEEE Access
14072,2015,24,pub.1027182319,3028-3041,article,34,Removing endogenous tau does not prevent tau propagation yet reduces its neurotoxicity,jour.1093201,The EMBO Journal
14144,2015,12,pub.1007096603,1901-1909,article,56,Human Kinetic Modeling of the 5HT6 PET Radioligand 11C-GSK215083 and Its Utility for Determining Occupancy at Both 5HT6 and 5HT2A Receptors by SB742457 as a Potential Therapeutic Mechanism of Action in Alzheimer Disease,jour.1012368,Journal of Nuclear Medicine
14324,2015,6,pub.1021929124,1541-1547.e11,article,136,Randomized controlled trial of primary prevention of atopy using house dust mite allergen oral immunotherapy in early childhood,jour.1055081,Journal of Allergy and Clinical Immunology
14422,2015,7581,pub.1014535385,262-266,article,528,Disentangling type 2 diabetes and metformin treatment signatures in the human gut microbiota,jour.1018957,Nature
14457,2015,12,pub.1038640811,1113-1127,article,36,Pulmonary Arterial Hypertension: A Current Perspective on Established and Emerging Molecular Genetic Defects,jour.1103045,Human Mutation
14523,2015,1,pub.1017080966,191,article,16,Host genetic variation impacts microbiome composition across human body sites,jour.1023439,Genome Biology
14595,2015,1,pub.1041351060,159-172,article,26,Non-invasive pressure difference estimation from PC-MRI using the work-energy equation,jour.1117349,Medical Image Analysis
14621,2015,10,pub.1017281708,1994-2018,article,9,CAR T‐cell immunotherapy: The path from the by‐road to the freeway?,jour.1038724,Molecular Oncology
14636,2015,Suppl 1,pub.1049187171,p120,article,17,A segmented modified look-locker inversion recovery (MOLLI) sequence for high heart rate T1 mapping of mice,jour.1030439,Critical Reviews in Computed Tomography
14732,2015,12,pub.1027770402,1481-1490,article,21,Synthetic lethal targeting of oncogenic transcription factors in acute leukemia by PARP inhibitors,jour.1113716,Nature Medicine
14736,2015,1,pub.1036681533,14,article,16,"Predicting genome-wide DNA methylation using methylation marks, genomic position, and DNA regulatory elements",jour.1023439,Genome Biology
14741,2015,1,pub.1042015163,31,article,17,Mouse mammary stem cells express prognostic markers for triple-negative breast cancer,jour.1022375,Breast Cancer Research
14784,2015,1,pub.1017454076,548,article,16,Experimental validation of methods for differential gene expression analysis and sample pooling in RNA-seq,jour.1023790,BMC Genomics
15097,2015,1,pub.1031432620,139-159,article,268,Human IgG4: a structural perspective,jour.1012230,Immunological Reviews
15141,2015,1,pub.1010437230,222-235,article,268,Structure and dynamics of IgE–receptor interactions: FcεRI and CD23/FcεRII,jour.1012230,Immunological Reviews
15196,2015,10,pub.1038649846,1502-1511,article,113,Human phosphodiesterase 4D7 (PDE4D7) expression is increased in TMPRSS2-ERG-positive primary prostate cancer and independently adds to a reduced risk of post-surgical disease progression,jour.1017082,British Journal of Cancer
15376,2015,11,pub.1020628591,1754-1774,article,52,The cost of prevention and treatment of pressure ulcers: A systematic review,jour.1018145,International Journal of Nursing Studies
15391,2015,11,pub.1043825716,2913-2925,article,41,Flow Velocity Mapping Using Contrast Enhanced High-Frame-Rate Plane Wave Ultrasound and Image Tracking: Methods and Initial in Vitro and in Vivo Evaluation,jour.1018975,Ultrasound in Medicine & Biology
15691,2015,10004,pub.1001637498,1640-1648,article,386,"Percutaneous tibial nerve stimulation versus sham electrical stimulation for the treatment of faecal incontinence in adults (CONFIDeNT): a double-blind, multicentre, pragmatic, parallel-group, randomised controlled trial",jour.1077219,The Lancet
15873,2015,1,pub.1006906935,60-73,article,171,JAK inhibition induces silencing of T Helper cytokine secretion and a profound reduction in T regulatory cells,jour.1017308,British Journal of Haematology
15937,2015,,pub.1111022802,,article,,Lentiviral Engineered Fibroblasts Expressing Codon Optimized COL7A1 Restore Anchoring Fibrils in RDEB.,jour.1358061,Journal of Investigative Dermatology
16025,2015,17,pub.1022328914,8932-8944,article,89,Cell- and Protein-Directed Glycosylation of Native Cleaved HIV-1 Envelope,jour.1008072,Journal of Virology
16143,2015,77,pub.1071139533,1-164,article,19,Double-blind randomised controlled trial of percutaneous tibial nerve stimulation versus sham electrical stimulation in the treatment of faecal incontinence: CONtrol of Faecal Incontinence using Distal NeuromodulaTion (the CONFIDeNT trial).,jour.1116769,Health Technology Assessment
16200,2015,1,pub.1028797372,10643,article,5,EZH2 is crucial for both differentiation of regulatory T cells and T effector cell expansion,jour.1045337,Scientific Reports
16275,2015,9,pub.1061561846,1339-1349,article,5,3-D Printed Metal-Pipe Rectangular Waveguides,jour.1033508,IEEE Transactions on Components Packaging and Manufacturing Technology
16517,2015,,pub.1001272295,101-106,article,91,"Parental control over feeding in infancy. Influence of infant weight, appetite and feeding method",jour.1091386,Appetite
16598,2015,1,pub.1001349430,92-102,article,23,Optimal Cerebral Perfusion Pressure Management at Bedside: A Single-Center Pilot Study,jour.1031461,Neurocritical Care
16613,2015,2,pub.1027990849,468-480.e10,article,149,"Hepatocyte Nicotinamide Adenine Dinucleotide Phosphate Reduced Oxidase 4 Regulates Stress Signaling, Fibrosis, and Insulin Sensitivity During Development of Steatohepatitis in Mice",jour.1017616,Gastroenterology
16693,2015,8,pub.1013623208,1741-1748,article,26,"A randomized phase II study of ganetespib, a heat shock protein 90 inhibitor, in combination with docetaxel in second-line therapy of advanced non-small cell lung cancer (GALAXY-1)",jour.1100417,Annals of Oncology
16775,2015,8,pub.1026795292,1296,article,64,A genomic and clinical prognostic index for hepatitis C-related early-stage cirrhosis that predicts clinical deterioration,jour.1077125,Gut
16829,2015,30,pub.1007396357,e4104-e4110,article,112,Quantification of biological aging in young adults,jour.1082971,Proceedings of the National Academy of Sciences
16982,2015,4,pub.1030139041,892-899,article,41,Treatments of Negative Symptoms in Schizophrenia: Meta-Analysis of 168 Randomized Placebo-Controlled Trials,jour.1013236,Schizophrenia Bulletin
16985,2015,7,pub.1043210187,711-719,article,8,A new cellular model to follow Friedreich's ataxia development in a time-resolved way,jour.1040518,Disease Models & Mechanisms
17159,2015,7,pub.1037396981,717-726,article,47,Factors influencing success of clinical genome sequencing across a broad spectrum of disorders,jour.1103138,Nature Genetics
17203,2015,7,pub.1013547941,1441,article,74,"Gene profiling reveals specific molecular pathways in the pathogenesis of atherosclerosis and cardiovascular disease in antiphospholipid syndrome, systemic lupus erythematosus and antiphospholipid syndrome with lupus",jour.1017226,Annals of the Rheumatic Diseases
17482,2015,,pub.1095535100,20-28,proceeding,,Deep Neural Networks for Anatomical Brain Segmentation,,
17512,2015,6,pub.1026830910,598-606,article,47,Mapping long-range promoter contacts in human cells with high-resolution capture Hi-C,jour.1103138,Nature Genetics
17603,2015,6,pub.1015124394,1033-1047,article,42,Complement Regulates Nutrient Influx and Metabolic Reprogramming during Th1 Cell Responses,jour.1112054,Immunity
17638,2015,9987,pub.1028394731,2606-2615,article,385,"Tenofovir alafenamide versus tenofovir disoproxil fumarate, coformulated with elvitegravir, cobicistat, and emtricitabine, for initial treatment of HIV-1 infection: two randomised, double-blind, phase 3, non-inferiority trials",jour.1077219,The Lancet
17709,2015,3,pub.1061432744,108-117,article,22,LTE-advanced self-organizing network conflicts and coordination algorithms,jour.1320074,IEEE wireless communications
17743,2015,2,pub.1004997265,208-215,article,11,A novel application of real-time RT-LAMP for body fluid identification: using HBB detection as the model,jour.1034784,"Forensic Science, Medicine and Pathology"
17758,2015,6,pub.1048758333,1016-1029,article,38,Evidence-Informed Clinical Practice Recommendations for Treatment of Type 1 Diabetes Complicated by Problematic Hypoglycemia,jour.1103715,Diabetes Care
17844,2015,19,pub.1002974266,1924-1938,article,313,Prevalence of Cerebral Amyloid Pathology in Persons Without Dementia: A Meta-analysis,jour.1081531,JAMA
17902,2015,5,pub.1056213646,1335-46,article,12,"Thermosensitive, near-infrared-labeled nanoparticles for topotecan delivery to tumors.",jour.1033103,Molecular Pharmaceutics
18134,2015,5,pub.1045024838,984-995,article,87,A common gene signature across multiple studies relate biomarkers and functional regulation in tolerance to renal allograft,jour.1015319,Kidney International
18136,2015,1,pub.1031512035,5885,article,4,A tool kit for rapid cloning and expression of recombinant antibodies,jour.1045337,Scientific Reports
18176,2015,1,pub.1033054936,6031,article,6,Systems genetics identifies Sestrin 3 as a regulator of a proconvulsant gene network in human epileptic hippocampus,jour.1043282,Nature Communications
18181,2015,5,pub.1061576389,798-811,article,25,Frequency-Domain Intra Prediction Analysis and Processing for High-Quality Video Coding,jour.1033506,IEEE Transactions on Circuits and Systems for Video Technology
18345,2015,7,pub.1059031259,n93-107,article,60,Whole left ventricular functional assessment from two minutes free breathing multi-slice CINE acquisition.,jour.1018310,Physics in Medicine and Biology
18360,2015,4,pub.1035257760,495-504,article,14,Safety and tolerability of as-needed nalmefene in the treatment of alcohol dependence: results from the Phase III clinical programme,jour.1031779,Expert Opinion on Drug Safety
18434,2015,9975,pub.1028405230,1305-1314,article,385,Genetic diagnosis of developmental disorders in the DDD study: a scalable analysis of genome-wide research data,jour.1077219,The Lancet
18649,2015,Hum. Brain Mapp. 2013,pub.1023895996,77-86,article,51,Localized connectivity in depression: A meta-analysis of resting state functional imaging studies,jour.1313644,Neuroscience & Biobehavioral Reviews
18723,2015,2,pub.1003986218,352-363,article,12,TDP-43 Proteinopathy and ALS: Insights into Disease Mechanisms and Therapeutic Targets,jour.1294839,Neurotherapeutics
18755,2015,6,pub.1015771643,7734-7754,article,23,MultiFocus Polarization Microscope (MF-PolScope) for 3D polarization imaging of up to 25 focal planes simultaneously,jour.1030495,Optics Express
18822,2015,8,pub.1027508135,2967-74,article,137,Necroptosis-inducing rhenium(V) oxo complexes.,jour.1081898,Journal of the American Chemical Society
18850,2015,3,pub.1040001120,590-602.e10,article,148,Blockade of PD1 and TIM3 Restores Innate and Adaptive Immunity in Patients With Acute Alcoholic Hepatitis,jour.1017616,Gastroenterology
18890,2015,3,pub.1036962989,annrheumdis-2013-204698,article,74,Signature of circulating microRNAs in osteoarthritis,jour.1017226,Annals of the Rheumatic Diseases
18920,2015,3,pub.1022074302,916-925,article,64,β-Cell–Specific CD8 T Cell Phenotype in Type 1 Diabetes Reflects Chronic Autoantigen Exposure,jour.1017423,Diabetes
18994,2015,1-3,pub.1046565416,153-161,article,162,A systematic review of the antipsychotic properties of cannabidiol in humans,jour.1097961,Schizophrenia Research
19122,2015,3,pub.1046541423,273-280,article,69,Treatment for metastatic melanoma: a new and evolving era,jour.1297507,International Journal of Clinical Practice
19170,2015,5,pub.1044307154,1013-1026,article,108,Effect of Phosphorylation on EGFR Dimer Stability Probed by Single-Molecule Dynamics and FRET/FLIM,jour.1017078,Biophysical Journal
19176,2015,Suppl 1 M4,pub.1069218024,58-76,article,11,Interventions on bullying and cyberbullying in schools: a systematic review.,jour.1035293,Clinical Practice and Epidemiology in Mental Health
19239,2015,2,pub.1025982861,277-296,article,6,A high speed multifocal multiphoton fluorescence lifetime imaging microscope for live-cell FRET imaging,jour.1044173,Biomedical Optics Express
19328,2015,3,pub.1008829436,413-418,article,112,Epigenetics in acute promyelocytic leukaemia pathogenesis and treatment response: A TRAnsition to targeted therapies,jour.1017082,British Journal of Cancer
19335,2015,7538,pub.1053003561,197-206,article,518,Genetic studies of body mass index yield new insights for obesity biology,jour.1018957,Nature
19345,2015,2,pub.1022546102,92-99,article,25,Understanding fibroblast heterogeneity in the skin,jour.1101912,Trends in Cell Biology
19414,2015,7540,pub.1005300090,547-551,article,518,Tissue-resident macrophages originate from yolk-sac-derived erythro-myeloid progenitors,jour.1018957,Nature
19983,2015,1,pub.1045580163,32-33,article,14,Site of effect of LY2951742 for migraine prophylaxis–Authors' reply,jour.1030586,The Lancet Neurology
20437,2015,11,pub.1048541665,4884-4900,article,44,Tripodal tris(hydroxypyridinone) ligands for immunoconjugate PET imaging with 89 Zr 4+ : comparison with desferrioxamine-B,jour.1027733,Dalton Transactions
20514,2015,5,pub.1025321567,532-543,article,42,Capsular Contracture after Breast Augmentation: An Update for Clinical Practice,jour.1046375,Archives of Plastic Surgery
20592,2015,,pub.1031223334,773-780,proceeding,,Voice or Gesture in the Operating Room,,
20630,2014,51,pub.1030489232,35503-35516,article,289,"Hes3 Is Expressed in the Adult Pancreatic Islet and Regulates Gene Expression, Cell Growth, and Insulin Release",jour.1077138,Journal of Biological Chemistry
20645,2014,24,pub.1020356867,7198-7204,article,74,AKT1 and MYC Induce Distinctive Metabolic Fingerprints in Human Prostate Cancer,jour.1319913,Cancer Research
20661,2014,49,pub.1011086077,17534-17539,article,111,Substrate recognition by the cell surface palmitoyl transferase DHHC5,jour.1082971,Proceedings of the National Academy of Sciences
20788,2014,12,pub.1034401543,1036-1040,article,1,Pituitary adenylate cyclase activating polypeptide and migraine,jour.1313388,Annals of Clinical and Translational Neurology
20807,2014,1,pub.1047129953,180,article,15,"Effects of the dual peroxisome proliferator-activated receptor-α/γ agonist aleglitazar on renal function in patients with stage 3 chronic kidney disease and type 2 diabetes: a Phase IIb, randomized study",jour.1024626,BMC Nephrology
20839,2014,12,pub.1061829379,6697-6715,article,13,Queuing models with applications to mode selection in device-to-device communications underlaying cellular networks,jour.1033592,IEEE Transactions on Wireless Communications
20967,2014,8,pub.1012179482,1092-1100,article,24,Pseudo-haptics for rigid tool/soft surface interaction feedback in virtual environments,jour.1044611,Mechatronics
20985,2014,12,pub.1031668044,2224-2228,article,111,The impact of low-grade toxicity in older people with cancer undergoing chemotherapy,jour.1017082,British Journal of Cancer
20996,2014,6,pub.1028906875,121,article,5,Preconditioning of mesenchymal stem cells for improved transplantation efficacy in recessive dystrophic epidermolysis bullosa,jour.1043222,Stem Cell Research & Therapy
21159,2014,1,pub.1047784326,4593,article,5,Alarmin S100A8/S100A9 as a biomarker for molecular imaging of local inflammatory activity,jour.1043282,Nature Communications
21270,2014,1,pub.1027847551,97,article,16,Analysis of temperature dependence of background phase errors in phase-contrast cardiovascular magnetic resonance,jour.1030439,Critical Reviews in Computed Tomography
21356,2014,1,pub.1014585435,103,article,14,"A rapid, simple questionnaire to assess gastrointestinal symptoms after oral ferrous sulphate supplementation",jour.1024942,BMC Gastroenterology
21397,2014,6,pub.1035914238,1018-1029,article,20,The Melanocortin-4 Receptor Is Expressed in Enteroendocrine L Cells and Regulates the Release of Peptide YY and Glucagon-like Peptide 1 In Vivo,jour.1034535,Cell Metabolism
21504,2014,21,pub.1034239060,5847-5857,article,23,Novel genetic associations with serum level metabolites identified by phenotype set enrichment analyses,jour.1102504,Human Molecular Genetics
21555,2014,7527,pub.1017423660,431-435,article,515,Ischaemic accumulation of succinate controls reperfusion injury through mitochondrial ROS,jour.1018957,Nature
21584,2014,7526,pub.1041044240,209-215,article,515,"Synaptic, transcriptional and chromatin genes disrupted in autism",jour.1018957,Nature
21591,2014,4,pub.1046635350,789-799,article,159,Human Genetics Shape the Gut Microbiome,jour.1019114,Cell
21598,2014,11,pub.1006357119,1173-1186,article,46,Defining the role of common variation in the genomic and biological architecture of adult human height,jour.1103138,Nature Genetics
21624,2014,6,pub.1036934114,799-807.e2,article,10,Plasma proteins predict conversion to dementia from prodromal disease,jour.1034467,Alzheimer's & Dementia
21628,2014,11,pub.1052112382,1114-1120,article,13,Anti-citrullinated peptides as autoantigens in rheumatoid arthritis—relevance to treatment,jour.1029983,Autoimmunity Reviews
21642,2014,5,pub.1002499395,1508-1518,article,60,Successful anti‐scavenger receptor class B type I (SR‐BI) monoclonal antibody therapy in humanized mice after challenge with HCV variants with in vitro resistance to SR‐BI‐targeting agents,jour.1093917,Hepatology
21646,2014,1,pub.1000158861,46-53,article,62,Crystal structure of deglycosylated human IgG4-Fc,jour.1089606,Molecular Immunology
21657,2014,2,pub.1029512774,114-122,article,144,Intrathecal delivery of protein therapeutics to the brain: A critical reassessment,jour.1089715,Pharmacology & Therapeutics
21754,2014,11,pub.1021980904,1231-1235,article,20,Characterizing motor and non-motor aspects of early-morning off periods in Parkinson's disease: An international multicenter study,jour.1114563,Parkinsonism & Related Disorders
21757,2014,11,pub.1046666935,1100-1107,article,13,"Safety and efficacy of ALD403, an antibody to calcitonin gene-related peptide, for the prevention of frequent episodic migraine: a randomised, double-blind, placebo-controlled, exploratory phase 2 trial",jour.1030586,The Lancet Neurology
21765,2014,5,pub.1009077384,1132-1148,article,44,Expert opinion on the cough hypersensitivity syndrome in respiratory medicine,jour.1097884,European Respiratory Journal
21783,2014,5,pub.1003689681,264-272,article,71,Positive patch test reactions to oxidized limonene: exposure and relevance,jour.1085116,Contact Dermatitis
21897,2014,17,pub.1000668461,2698-2704,article,124,Somatic mutations identify a subgroup of aplastic anemia patients who progress to myelodysplastic syndrome,jour.1085025,Blood
21900,2014,,pub.1037504080,2048004014522440,article,3,Aldosterone synthase inhibitors in hypertension: current status and future possibilities,jour.1047835,JRSM Cardiovascular Disease
21959,2014,10,pub.1041626553,3449-3457,article,63,Reduction in CD4 Central Memory T-Cell Subset in Costimulation Modulator Abatacept-Treated Patients With Recent-Onset Type 1 Diabetes Is Associated With Slower C-Peptide Decline,jour.1017423,Diabetes
22141,2014,10,pub.1041076958,1085-1094,article,19,A genome-wide association study of anorexia nervosa,jour.1115540,Molecular Psychiatry
22249,2014,4,pub.1010005148,1099-1142,article,94,Calcitonin Gene-Related Peptide: Physiology and Pathophysiology,jour.1012879,Physiological Reviews
22360,2014,27,pub.1011190890,3048-3058,article,32,Role of Imaging in the Staging and Response Assessment of Lymphoma: Consensus of the International Conference on Malignant Lymphomas Imaging Working Group,jour.1312191,Journal of Clinical Oncology
22555,2014,5,pub.1049238777,836-843,article,7,Assessment of Tissue Perfusion in the Lower Limb,jour.1040339,Circulation Cardiovascular Imaging
22562,2014,9,pub.1011768726,629-631,article,23,Defining dermal adipose tissue,jour.1103313,Experimental Dermatology
22684,2014,7516,pub.1042881212,59-64,article,513,Alterations of the human gut microbiome in liver cirrhosis,jour.1018957,Nature
22699,2014,13,pub.1019775881,1797-1810,article,15,"Latest treatment options for Alzheimer’s disease, Parkinson’s disease dementia and dementia with Lewy bodies",jour.1021879,Expert Opinion on Pharmacotherapy
22725,2014,1,pub.1040833457,4020,article,5,Genome-wide association study identifies three novel susceptibility loci for severe Acne vulgaris,jour.1043282,Nature Communications
22729,2014,9,pub.1047777604,885-892,article,13,"Safety and efficacy of LY2951742, a monoclonal antibody to calcitonin gene-related peptide, for the prevention of migraine: a phase 2, randomised, double-blind, placebo-controlled study",jour.1030586,The Lancet Neurology
22878,2014,8,pub.1028169813,822-828,article,32,Identification and assembly of genomes and genetic elements in complex metagenomic samples without using reference genomes,jour.1115214,Nature Biotechnology
22913,2014,2,pub.1028911188,268-277,article,114,The changing face of urinary continence surgery in England: a perspective from the Hospital Episode Statistics database,jour.1103922,BJU International
22921,2014,8,pub.1045584792,521-527,article,26,Neurokinin B Receptor Antagonism Decreases Luteinising Hormone Pulse Frequency and Amplitude and Delays Puberty Onset in the Female Rat,jour.1099614,Journal of Neuroendocrinology
22962,2014,4,pub.1034467834,897-914,article,13,Dimensional reductions of a cardiac model for effective validation and calibration,jour.1030355,Biomechanics and Modeling in Mechanobiology
23056,2014,,pub.1079027184,5097-5100,proceeding,2014,Pressure mapping from flow imaging: Enhancing computation of the viscous term through velocity reconstruction in near-wall regions,jour.1320601,Annual International Conference of the IEEE Engineering in Medicine and Biology Society (EMBC)
23058,2014,8,pub.1006520065,834-841,article,32,An integrated catalog of reference genes in the human gut microbiome,jour.1115214,Nature Biotechnology
23283,2014,2,pub.1047901892,375-385,article,111,Dichloroacetate induces autophagy in colorectal cancer cells and tumours,jour.1017082,British Journal of Cancer
23287,2014,7,pub.1040424264,1947-1955,article,44,Targeting DNGR‐1 (CLEC9A) with antibody/MUC1 peptide conjugates as a vaccine for carcinomas,jour.1054998,European Journal of Immunology
23401,2014,7,pub.1021386486,779-789,article,69,Glycans Are a Novel Biomarker of Chronological and Biological Ages,jour.1113743,The Journals of Gerontology Series A
23420,2014,7,pub.1012692307,686-699,article,13,Frontotemporal dementia and its subtypes: a genome-wide association study,jour.1030586,The Lancet Neurology
23438,2014,,pub.1021062815,74-84,article,244,Characterization and correction of eddy-current artifacts in unipolar and bipolar diffusion sequences using magnetic field monitoring,jour.1116878,Journal of Magnetic Resonance
23674,2014,2,pub.1045362130,110-120,article,10,Long-acting bronchodilators in COPD: where are we now and where are we going?,jour.1034415,Breathe
23680,2014,23,pub.1041425986,1515-1525,article,35,Medial vascular calcification revisited: review and perspectives,jour.1091325,European Heart Journal
23776,2014,6,pub.1044995197,543-550,article,46,An atlas of genetic influences on human blood metabolites,jour.1103138,Nature Genetics
23800,2014,3,pub.1007897794,370-378,article,50,Induction of monocyte-to-dendritic cell maturation by extracorporeal photochemotherapy: Initiation via direct platelet signaling,jour.1029189,Transfusion and Apheresis Science
23949,2014,6,pub.1032259401,1310-1324,article,60,Bacterial infections in cirrhosis: A position statement based on the EASL Special Conference 2013,jour.1095400,Journal of Hepatology
24004,2014,6,pub.1004401352,1510.e19-1510.e26,article,35,Missense variant in TREML2 protects against Alzheimer's disease,jour.1091979,Neurobiology of Aging
24012,2014,4,pub.1020500100,251-266,article,38,Surface flattening of the human left atrium and proof-of-concept clinical applications,jour.1098166,Computerized Medical Imaging and Graphics
24034,2014,21,pub.1038047779,3532-3537,article,26,Hydrogen Detected by the Naked Eye: Optical Hydrogen Gas Sensors Based on Core/Shell Plasmonic Nanorod Metamaterials,jour.1129018,Advanced Materials
24094,2014,5,pub.1007785817,2584-90,article,14,Atomistic origins of high-performance in hybrid halide perovskite solar cells.,jour.1028316,Nano Letters
24095,2014,236,pub.1062688255,236ra63-236ra63,article,6,Promiscuous Glycan Site Recognition by Antibodies to the High-Mannose Patch of gp120 Broadens Neutralization of HIV,jour.1041454,Science Translational Medicine
24111,2014,18,pub.1012379976,e1872-e1879,article,111,Control of MT1-MMP transport by atypical PKC during breast-cancer progression,jour.1082971,Proceedings of the National Academy of Sciences
24113,2014,18,pub.1035558174,1821-1831,article,129,Lipidomics Profiling and Risk of Cardiovascular Disease in the Prospective Population-Based Bruneck Study,jour.1009570,Circulation
24172,2014,3,pub.1029992778,324-328,article,47,Patient-specific modeling of atrial fibrosis increases the accuracy of sinus rhythm simulations and may explain maintenance of atrial fibrillation,jour.1009788,Journal of Electrocardiology
24227,2014,5,pub.1039400107,657-668,article,40,Broadly Neutralizing HIV Antibodies Define a Glycan-Dependent Epitope on the Prefusion Conformation of gp41 on Cleaved Envelope Trimers,jour.1112054,Immunity
24259,2014,,pub.1094083555,2844-2849,proceeding,,"A Novel 4-DoFs Origami Enabled, SMA Actuated, Robotic End-Effector for Minimally Invasive Surgery",,
24307,2014,3,pub.1072305759,756-64,article,6,A novel IgE-neutralizing antibody for the treatment of severe uncontrolled asthma.,jour.1040328,mAbs
24387,2014,,pub.1022890472,21-32,article,91,Automatic quantification of normal cortical folding patterns from fetal brain MRI,jour.1103053,NeuroImage
24410,2014,100,pub.1009878867,25-34,article,65,Tar DNA-binding protein-43 (TDP-43) regulates axon growth in vitro and in vivo,jour.1113568,Neurobiology of Disease
24464,2014,5,pub.1040060361,492-497,article,46,Low copy number of the salivary amylase gene predisposes to obesity,jour.1103138,Nature Genetics
24492,2014,15,pub.1009348338,e1501-e1509,article,111,Epidermal Wnt/β-catenin signaling regulates adipocyte differentiation via secretion of adipogenic factors,jour.1082971,Proceedings of the National Academy of Sciences
24582,2014,4,pub.1044693773,350-359,article,20,Kindlin-1 controls Wnt and TGF-β availability to regulate cutaneous stem cell proliferation,jour.1113716,Nature Medicine
24630,2014,4,pub.1019788871,397-404,article,21,Human immunoglobulin E flexes between acutely bent and extended conformations,jour.1295033,Nature Structural & Molecular Biology
24658,2014,,pub.1094647540,93-98,proceeding,,Context-Aware Radio Resource Management in HetNets,,
24670,2014,13,pub.1045812220,1253-1261,article,63,Multicenter Core Laboratory Comparison of the Instantaneous Wave-Free Ratio and Resting Pd/Pa With Fractional Flow Reserve The RESOLVE Study,jour.1093746,Journal of the American College of Cardiology
24729,2014,4,pub.1006272380,291-300,article,14,"Safety and efficacy of the peptide-based therapeutic vaccine for HIV-1, Vacc-4×: a phase 2 randomised, double-blind, placebo-controlled trial",jour.1030033,The Lancet Infectious Diseases
24823,2014,4,pub.1047427666,519-538,article,6,A novel direct activator of AMPK inhibits prostate cancer growth by blocking lipogenesis,jour.1040716,EMBO Molecular Medicine
24944,2014,10,pub.1008572414,6565-6580,article,289,"Structure and Immunogenicity of a Peptide Vaccine, Including the Complete HIV-1 gp41 2F5 Epitope IMPLICATIONS FOR ANTIBODY RECOGNITION MECHANISM AND IMMUNOGEN DESIGN",jour.1077138,Journal of Biological Chemistry
24961,2014,3,pub.1023000268,e90387,article,9,Ex Vivo Expanded Human Regulatory T Cells Delay Islet Allograft Rejection via Inhibiting Islet-Derived Monocyte Chemoattractant Protein-1 Production in CD34+ Stem Cells-Reconstituted NOD-scid IL2rγnull Mice,jour.1037553,PLoS ONE
24996,2014,3,pub.1047544035,305-9,article,70,A range of C∊3–C∊4 interdomain angles in IgE Fc accommodate binding to its receptor CD23,jour.1034125,Acta Crystallographica Section F: Structural Biology Communications
25094,2014,Neurosci. Lett. 298 2001,pub.1039230308,46-62,article,41,HPA axis and aging in depression: Systematic review and meta-analysis,jour.1085913,Psychoneuroendocrinology
25122,2014,3,pub.1001531171,492,article,73,EULAR recommendations for the management of rheumatoid arthritis with synthetic and biological disease-modifying antirheumatic drugs: 2013 update,jour.1017226,Annals of the Rheumatic Diseases
25218,2014,1,pub.1042068323,98-107,article,58,Human complement C3 deficiency: Th1 induction requires T cell-derived complement C3a and CD46 activation,jour.1089606,Molecular Immunology
25230,2014,5,pub.1006687469,1278-1287,article,110,The cAMP phosphodiesterase-4D7 (PDE4D7) is downregulated in androgen-independent prostate cancer cells and mediates proliferation by compartmentalising cAMP at the plasma membrane of VCaP prostate cancer cells,jour.1017082,British Journal of Cancer
25232,2014,3,pub.1013812051,234-244,article,46,Genome-wide trans-ancestry meta-analysis provides insight into the genetic architecture of type 2 diabetes susceptibility,jour.1103138,Nature Genetics
25289,2014,3,pub.1008394713,576-586,article,20,Fiber in the Treatment and Maintenance of Inflammatory Bowel Disease,jour.1114191,Inflammatory Bowel Diseases
25298,2014,3,pub.1023364081,377-389,article,127,Modelling C9ORF72 hexanucleotide repeat expansion in amyotrophic lateral sclerosis and frontotemporal dementia,jour.1019073,Acta Neuropathologica
25305,2014,9,pub.1024304389,6098-6109,article,289,Dynamics of Inter-heavy Chain Interactions in Human Immunoglobulin G (IgG) Subclasses Studied by Kinetic Fab Arm Exchange,jour.1077138,Journal of Biological Chemistry
25324,2014,7,pub.1003209565,2686-2691,article,111,Blocking CD40-TRAF6 signaling is a therapeutic target in obesity-associated insulin resistance,jour.1082971,Proceedings of the National Academy of Sciences
25470,2014,9916,pub.1013849483,533-540,article,383,"Pimavanserin for patients with Parkinson's disease psychosis: a randomised, placebo-controlled phase 3 trial",jour.1077219,The Lancet
25471,2014,2,pub.1031144465,143-158,article,73,Cytomegalovirus-lnduced Brain Malformations in Fetuses,jour.1077199,Journal of Neuropathology & Experimental Neurology
25479,2014,2,pub.1045449539,160-173,article,14,Secretion of Shh by a Neurovascular Bundle Niche Supports Mesenchymal Stem Cell Homeostasis in the Adult Mouse Incisor,jour.1038823,Cell Stem Cell
25486,2014,,pub.1002598821,104-108,article,47,Endocannabinoid signalling in neuronal migration,jour.1013739,The International Journal of Biochemistry & Cell Biology
25497,2014,2,pub.1061529384,235-245,article,61,Cardiac Electrophysiological Activation Pattern Estimation From Images Using a Patient-Specific Database of Synthetic Image Sequences,jour.1002105,IEEE Transactions on Biomedical Engineering
25530,2014,2,pub.1006160872,257-270,article,127,Soluble pathological tau in the entorhinal cortex leads to presynaptic deficits in an early Alzheimer’s disease model,jour.1019073,Acta Neuropathologica
25567,2014,2,pub.1061821957,982-987,article,63,Pilot Design for Sparse Channel Estimation in OFDM-Based Cognitive Radio Systems,jour.1033589,IEEE Transactions on Vehicular Technology
25744,2014,1,pub.1050698354,70-77,article,57,Touchless interaction in surgery,jour.1079972,Communications of the ACM
25763,2014,1,pub.1028676246,69-78,article,141,Mechanisms of aspirin resistance,jour.1089715,Pharmacology & Therapeutics
25874,2014,1,pub.1043644400,203-212,article,8,RNA/DNA co-analysis from human menstrual blood and vaginal secretion stains: Results of a fourth and fifth collaborative EDNAP exercise,jour.1039060,Forensic Science International Genetics
25895,2014,1,pub.1018302119,155-165,article,28,CRM1 inhibition induces tumor cell cytotoxicity and impairs osteoclastogenesis in multiple myeloma: molecular mechanisms and therapeutic implications,jour.1097065,Leukemia
25898,2014,1,pub.1072289883,7-19,article,10,Boning up on autophagy: the role of autophagy in skeletal biology.,jour.1036458,Autophagy
25975,2014,1,pub.1038835120,7,article,63,British Society of Gastroenterology guidelines on the diagnosis and management of Barrett's oesophagus,jour.1077125,Gut
26019,2014,1,pub.1021501903,115-131,article,10,The future of blood-based biomarkers for Alzheimer's disease,jour.1034467,Alzheimer's & Dementia
26040,2014,1,pub.1009234054,88-98,article,19,Clusterin regulates β-amyloid toxicity via Dickkopf-1-driven induction of the wnt–PCP–JNK pathway,jour.1115540,Molecular Psychiatry
26044,2014,2,pub.1034922231,541-546,article,533,PacBio sequencing of gene families — A case study with wheat gluten genes,jour.1086756,Gene
26077,2014,1,pub.1010986532,6-14,article,16,Meeting highlights from the 2013 European Society of Cardiology Heart Failure Association Winter Meeting on Translational Heart Failure Research,jour.1021044,European Journal of Heart Failure
26094,2014,1,pub.1018419161,61-64,article,46,Recessive mutations in a distal PTF1A enhancer cause isolated pancreatic agenesis,jour.1103138,Nature Genetics
26122,2014,1,pub.1032405927,51-63,article,150,Use of gene-modified regulatory T-cells to control autoimmune and alloimmune pathology: Is now the right time?,jour.1020780,Clinical Immunology
26128,2014,1-3,pub.1040597138,1-12,article,19,Automated registration of optical coherence tomography and dermoscopy in the assessment of sub-clinical spread in basal cell carcinoma,jour.1371299,Computer Assisted Surgery
26174,2014,Archives of Disease in Childhood 87 2002,pub.1011070090,180-191,article,6,Preterm birth and structural brain alterations in early adulthood,jour.1047740,NeuroImage Clinical
26380,2014,34,pub.1025908800,6387-6391,article,10,CO 2 -switchable multi-compartment micelles with segregated corona,jour.1358277,Soft Matter
26671,2014,31,pub.1071371272,10851-10863,article,20,Noninvasive biomarkers in non-alcoholic fatty liver disease: Current status and a glimpse of the future,jour.1020753,World Journal of Gastroenterology
26676,2014,39,pub.1004564618,14851-14857,article,43,Synthesis and characterisation of zirconium complexes for cell tracking with Zr-89 by positron emission tomography,jour.1027733,Dalton Transactions
26769,2014,17,pub.1027578740,2345-2356,article,2,The role of material structure and mechanical properties in cell–matrix interactions,jour.1047825,Journal of Materials Chemistry B
26793,2013,1,pub.1031967567,012302,article,41,Improved UTE‐based attenuation correction for cranial PET‐MR using dynamic magnetic field monitoring,jour.1020133,Medical Physics
26824,2013,49,pub.1022518534,19778-19783,article,110,Selective regulation of cyclic nucleotide phosphodiesterase PDE3A isoforms,jour.1082971,Proceedings of the National Academy of Sciences
26836,2013,11,pub.1002838383,5430-5440,article,191,A Novel Approach to Tracking Antigen-Experienced CD4 T Cells into Functional Compartments via Tandem Deep and Shallow TCR Clonotyping,jour.1077134,The Journal of Immunology
26900,2013,1,pub.1013403604,80,article,14,Microarray profiling reveals suppressed interferon stimulated gene program in fibroblasts from scleroderma-associated interstitial lung disease,jour.1028525,Respiratory Research
26906,2013,6,pub.1009774294,1143-1157,article,39,Intracellular Complement Activation Sustains T Cell Homeostasis and Mediates Effector Differentiation,jour.1112054,Immunity
26907,2013,6,pub.1017197098,770-779,article,37,International comparisons of the incidence and mortality of sinonasal cancer,jour.1086559,Cancer Epidemiology
26964,2013,8,pub.1009574428,1137-1150,article,17,Registration of 3D fetal neurosonography and MRI,jour.1117349,Medical Image Analysis
27053,2013,1,pub.1048954126,293,article,14,A data-driven approach to preprocessing Illumina 450K methylation array data,jour.1023790,BMC Genomics
27067,2013,12,pub.1031397264,1452-1458,article,45,"Meta-analysis of 74,046 individuals identifies 11 new susceptibility loci for Alzheimer's disease",jour.1103138,Nature Genetics
27093,2013,12,pub.1008364618,2547-2562,article,43,"Using genetic, cognitive and multi-modal neuroimaging data to identify ultra-high-risk and first-episode psychosis at the individual level",jour.1054214,Psychological Medicine
27164,2013,3,pub.1036680042,929-938,article,172,"Manipulating the pH response of 2,3-diaminopropionic acid rich peptides to mediate highly effective gene silencing with low-toxicity",jour.1096382,Journal of Controlled Release
27261,2013,25,pub.1006486118,d13-d21,article,62,Genetics and Genomics of Pulmonary Arterial Hypertension,jour.1093746,Journal of the American College of Cardiology
27345,2013,7479,pub.1050317951,277-281,article,504,Distinct fibroblast lineages determine dermal architecture in skin development and repair,jour.1018957,Nature
27374,2013,1,pub.1002302041,70,article,13,Nuclear entrapment and extracellular depletion of PCOLCE is associated with muscle degeneration in oculopharyngeal muscular dystrophy,jour.1024950,BMC Neurology
27512,2013,45,pub.1048979598,17631-17640,article,33,Imaging Neuronal Populations in Behaving Rodents: Paradigms for Studying Neural Circuits Underlying Behavior in the Mammalian Cortex,jour.1092210,Journal of Neuroscience
27541,2013,9,pub.1042639384,4589-4598,article,191,Preclinical In Vivo Modeling of Cytokine Release Syndrome Induced by ErbB-Retargeted Human T Cells: Identifying a Window of Therapeutic Opportunity?,jour.1077134,The Journal of Immunology
27560,2013,11,pub.1054080654,2235-2242,article,141,Challenges and opportunities for faecal microbiota transplantation therapy,jour.1017745,Epidemiology and Infection
27589,2013,9,pub.1009662795,714-727,article,1,"Efficacy and safety of RPL554, a dual PDE3 and PDE4 inhibitor, in healthy volunteers and in patients with asthma or chronic obstructive pulmonary disease: findings from four clinical trials",jour.1327517,The Lancet Respiratory Medicine
27710,2013,11,pub.1043368998,1345-1352,article,45,Common variants associated with plasma triglycerides and risk for coronary artery disease,jour.1103138,Nature Genetics
27744,2013,6,pub.1016826497,436-455,article,21,A Systematic Review of the Effects of Neuromodulation on Eating and Body Weight: Evidence from Human and Animal Studies,jour.1112527,European Eating Disorders Review
27838,2013,11,pub.1024166690,3010-3020,article,13,Clinical Grade Manufacturing of Human Alloantigen‐Reactive Regulatory T Cells for Use in Transplantation,jour.1025004,American Journal of Transplantation
27840,2013,11,pub.1025258179,1284-1292,article,45,Variants at multiple loci implicated in both innate and adaptive immune responses are associated with Sjögren's syndrome,jour.1103138,Nature Genetics
27850,2013,,pub.1023711057,77-86,article,82,Breastfeeding and early white matter development: A cross-sectional study,jour.1103053,NeuroImage
27851,2013,11,pub.1052424233,1209-1219,article,51,Generating anatomical models of the heart and the aorta from medical images for personalized physiological simulations,jour.1005585,Medical & Biological Engineering & Computing
27888,2013,10,pub.1016143718,e77106,article,8,Production and First-in-Man Use of T Cells Engineered to Express a HSVTK-CD34 Sort-Suicide Gene,jour.1037553,PLoS ONE
27893,2013,10,pub.1037731524,e75918,article,8,Genome-Wide Sequencing of Cellular microRNAs Identifies a Combinatorial Expression Signature Diagnostic of Sepsis,jour.1037553,PLoS ONE
27903,2013,10,pub.1005868013,e76055,article,8,Downregulation of MicroRNA-9 in iPSC-Derived Neurons of FTD/ALS Patients with TDP-43 Mutations,jour.1037553,PLoS ONE
27957,2013,,pub.1094864230,1-5,proceeding,,Using PCA to Detect Head Motion from PET List Mode Data,,
28065,2013,10,pub.1061322734,3655-3666,article,13,On Optimal Scheduling in Duty-Cycled Industrial IoT Applications Using IEEE802.15.4e TSCH,jour.1033572,IEEE Sensors Journal
28119,2013,,pub.1095821128,1-4,proceeding,,Comparison of Different Methods for Data-driven Respiratory Gating of PET Data,,
28159,2013,10,pub.1028421677,1150-1159,article,45,Genome-wide association analysis identifies 13 new risk loci for schizophrenia,jour.1103138,Nature Genetics
28172,2013,5,pub.1017784622,49,article,5,Propagation of tau pathology in Alzheimer’s disease: identification of novel therapeutic targets,jour.1041797,Alzheimer's Research & Therapy
28288,2013,10,pub.1026209630,1244-1248,article,45,"Desmoglein 1 deficiency results in severe dermatitis, multiple allergies and metabolic wasting",jour.1103138,Nature Genetics
28370,2013,9,pub.1015446980,1397-1406,article,98,Microsatellite instability induced mutations in DNA repair genes CtIP and MRE11 confer hypersensitivity to poly (ADP-ribose) polymerase inhibitors in myeloid malignancies,jour.1023804,Haematologica
28501,2013,5,pub.1006250266,481-492,article,13,Is mitochondrial DNA content a potential biomarker of mitochondrial dysfunction?,jour.1025069,Mitochondrion
28553,2013,1,pub.1028386860,42-47,article,56,"The relationship between inhibitors of the Wnt signalling pathway (Dickkopf-1(DKK1) and sclerostin), bone mineral density, vascular calcification and arterial stiffness in post-menopausal women",jour.1095411,Bone
28592,2013,3,pub.1032160548,341-354,article,18,The Hypoxia-Inducible MicroRNA Cluster miR-199a∼214 Targets Myocardial PPARδ and Impairs Mitochondrial Fatty Acid Oxidation,jour.1034535,Cell Metabolism
28603,2013,3,pub.1003817146,1074-1083,article,58,Genome‐wide association analysis in Primary sclerosing cholangitis and ulcerative colitis identifies risk loci at GPR35 and TCF4,jour.1093917,Hepatology
28702,2013,3,pub.1037148788,134-142,article,24,Design of a Phase I Clinical Trial to Evaluate Intratumoral Delivery of ErbB-Targeted Chimeric Antigen Receptor T-Cells in Locally Advanced or Recurrent Head and Neck Cancer,jour.1048349,Human Gene Therapy Clinical Development
28752,2013,16,pub.1055953685,6339-51,article,56,An extended pyrrolobenzodiazepine-polyamide conjugate with selectivity for a DNA sequence containing the ICB2 transcription factor binding site.,jour.1062267,Journal of Medicinal Chemistry
28767,2013,8,pub.1055222881,2510-20,article,14,Targeted delivery of dendritic polyglycerol-doxorubicin conjugates by scFv-SNAP fusion protein suppresses EGFR+ cancer cell growth.,jour.1021543,Biomacromolecules
28822,2013,8,pub.1027642887,1291-1299,article,98,"Differential effects of rapamycin and retinoic acid on expansion, stability and suppressive qualities of human CD4+CD25+FOXP3+ T regulatory cell subpopulations",jour.1023804,Haematologica
28832,2013,8,pub.1009666486,1243-1256,article,24,Interstitial cystitis/bladder pain syndrome: diagnosis and management,jour.1045594,International Urogynecology Journal
28888,2013,4,pub.1008253392,827-842,article,154,Adult c-kitpos Cardiac Stem Cells Are Necessary and Sufficient for Functional Cardiac Regeneration and Repair,jour.1019114,Cell
29004,2013,2,pub.1011166939,264-277,article,93,"Nine Loci for Ocular Axial Length Identified through Genome-wide Association Studies, Including Shared Loci with Refractive Error",jour.1017012,The American Journal of Human Genetics
29039,2013,7463,pub.1050004918,415-421,article,500,Signatures of mutational processes in human cancer,jour.1018957,Nature
29096,2013,7,pub.1002281065,1256-63,article,24,A potent anti-CD70 antibody-drug conjugate combining a dimeric pyrrolobenzodiazepine drug with site-specific conjugation technology.,jour.1100499,Bioconjugate Chemistry
29100,2013,7,pub.1017052290,e68099,article,8,Enzymatic Formulation Capable of Degrading Scrapie Prion under Mild Digestion Conditions,jour.1037553,PLoS ONE
29262,2013,2,pub.1012220212,452-464,article,154,Genome-wide Generation and Systematic Phenotyping of Knockout Mice Reveals New Roles for Many Genes,jour.1019114,Cell
29297,2013,7,pub.1005413555,1702-1712,article,65,Autoantibodies to Posttranslationally Modified Type II Collagen as Potential Biomarkers for Rheumatoid Arthritis,jour.1017064,Arthritis & Rheumatology
29299,2013,7,pub.1044463977,1366-1380,article,8,Studying synapses in human brain with array tomography and electron microscopy,jour.1037502,Nature Protocols
29300,2013,4,pub.1047007038,267-273,article,43,DNA Evidence for Strong Genome-Wide Pleiotropy of Cognitive and Learning Abilities,jour.1013844,Behavior Genetics
29315,2013,7,pub.1061710117,2715-2726,article,61,Ambient RF Energy Harvesting in Urban and Semi-Urban Environments,jour.1123356,IEEE Transactions on Microwave Theory and Techniques
29316,2013,,pub.1050109006,16-30,article,1521,A detailed method for preparation of a functional and flexible blood–brain barrier model using porcine brain endothelial cells,jour.1117575,Brain Research
29321,2013,7,pub.1031802000,707-710,article,33,A robust second‐generation genome‐wide test for fetal aneuploidy based on shotgun sequencing cell‐free DNA in maternal blood,jour.1092517,Prenatal Diagnosis
29440,2013,1,pub.1020567380,1-6,article,68,Back to the future: Safety pharmacology methods and models in 2013,jour.1102215,Journal of Pharmacological and Toxicological Methods
29468,2013,12,pub.1053572978,2597-2610,article,140,Specification of chondrocytes and cartilage tissues from embryonic stem cells,jour.1096849,Development
29561,2013,6,pub.1043500023,563-575,article,26,Rituximab in renal transplantation,jour.1099393,Transplant International
29603,2013,6,pub.1010449768,576-583,article,12,Nano-analytical electron microscopy reveals fundamental insights into human cardiovascular tissue calcification,jour.1031408,Nature Materials
29778,2013,6,pub.1030415245,411-418,article,88,Omega-3 fatty acids are inversely related to callous and unemotional traits in adolescent boys with attention deficit hyperactivity disorder,jour.1097848,Prostaglandins Leukotrienes and Essential Fatty Acids
29800,2013,7453,pub.1000510999,232-235,article,498,Negligible impact of rare autoimmune-locus coding-region variants on missing heritability,jour.1018957,Nature
29817,2013,3,pub.1043851180,163-176,article,3,Lithium: the pharmacodynamic actions of the amazing ion,jour.1044860,Therapeutic Advances in Psychopharmacology
29818,2013,9,pub.1021266358,1205-1214,article,14,Aclidinium bromide for the treatment of chronic obstructive pulmonary disease,jour.1021879,Expert Opinion on Pharmacotherapy
29839,2013,12,pub.1035740280,2582-2589,article,108,Prognostic value of PTEN loss in men with conservatively managed localised prostate cancer,jour.1017082,British Journal of Cancer
29848,2013,6,pub.1012158617,313-316,article,56,"Fully automated radiosynthesis of [1‐(2‐[18F]fluoroethyl),1H[1,2,3]triazole 4‐ethylene] triphenylphosphonium bromide as a potential positron emission tomography tracer for imaging apoptosis",jour.1085676,Journal of Labelled Compounds and Radiopharmaceuticals
29922,2013,3,pub.1030484537,562-566,article,6,Deciphering the Mechanisms of Developmental Disorders (DMDD): a new programme for phenotyping embryonic lethal mice,jour.1040518,Disease Models & Mechanisms
29923,2013,5,pub.1049966602,534-542,article,70,"Polygenic Risk and the Developmental Progression to Heavy, Persistent Smoking and Nicotine Dependence: Evidence From a 4-Decade Longitudinal Study",jour.1312353,JAMA Psychiatry
29935,2013,9,pub.1078711234,4542-4552,article,190,Clinical-Grade Multipotent Adult Progenitor Cells Durably Control Pathogenic T Cell Responses in Human Models of Transplantation and Autoimmunity,jour.1077134,The Journal of Immunology
29991,2013,1,pub.1040838365,62-77,article,216,Registration of challenging pre-clinical brain images,jour.1089656,Journal of Neuroscience Methods
29993,2013,3,pub.1022369447,491-498,article,36,Cyclodextrin alleviates neuronal storage of cholesterol in Niemann‐Pick C disease without evidence of detectable blood–brain barrier permeability,jour.1090550,Journal of Inherited Metabolic Disease
29999,2013,5,pub.1019173402,707,article,108,Short-Chain Carbohydrates and Functional Gastrointestinal Disorders,jour.1019809,The American Journal of Gastroenterology
30005,2013,10,pub.1009639834,2045-2055,article,108,"Autoantibodies to MUC1 glycopeptides cannot be used as a screening assay for early detection of breast, ovarian, lung or pancreatic cancer",jour.1017082,British Journal of Cancer
30040,2013,,pub.1002988222,195-201,article,68,The brain GABA-benzodiazepine receptor alpha-5 subtype in autism spectrum disorder: A pilot [11C]Ro15-4513 positron emission tomography study,jour.1013165,Neuropharmacology
30074,2013,2,pub.1044091903,186-202,article,172,Progress in immune‐based therapies for type 1 diabetes,jour.1006333,Clinical & Experimental Immunology
30212,2013,17,pub.1047439652,3335-3344,article,121,Therapeutic levels of FVIII following a single peripheral vein administration of rAAV vector encoding a novel human factor VIII variant,jour.1085025,Blood
30251,2013,7,pub.1055953592,2911-35,article,56,GC-targeted C8-linked pyrrolobenzodiazepine-biaryl conjugates with femtomolar in vitro cytotoxicity and in vivo antitumor activity in mouse models.,jour.1062267,Journal of Medicinal Chemistry
30273,2013,7,pub.1007996161,833-839,article,587,Observation of unphosphorylated STAT3 core protein binding to target dsDNA by PEMSA and X‐ray crystallography,jour.1009938,FEBS Letters
30360,2013,,pub.1027526008,177-186,article,5,Circulating nucleic acids in plasma and serum: applications in diagnostic techniques for noninvasive prenatal diagnosis,jour.1043539,International Journal of Women's Health
30385,2013,7,pub.1013363333,1182-1192,article,37,Amyloid β inhibits retinoic acid synthesis exacerbating Alzheimer disease pathology which can be attenuated by an retinoic acid receptor α agonist,jour.1099955,European Journal of Neuroscience
30388,2013,2,pub.1037627080,71-87,article,24,A general theory of spatial relations to support a graphical tool for visual information extraction,jour.1051602,Journal of Visual Languages & Computing
30407,2013,Brain 2006,pub.1019152444,175-188,article,70,When the single matters more than the group: Very high false positive rates in single case Voxel Based Morphometry,jour.1103053,NeuroImage
30413,2013,5,pub.1047209348,872-883,article,38,Glucocorticoid-Related Molecular Signaling Pathways Regulating Hippocampal Neurogenesis,jour.1099176,Neuropsychopharmacology
30416,2013,4,pub.1022170805,371-384,article,45,Multiple independent variants at the TERT locus are associated with telomere length and risks of breast and ovarian cancer,jour.1103138,Nature Genetics
30424,2013,4,pub.1044381682,475-484,article,6,Native T1 Mapping in Differentiation of Normal Myocardium From Diffuse Disease in Hypertrophic and Dilated Cardiomyopathy,jour.1039717,JACC Cardiovascular Imaging
30453,2013,4,pub.1001447315,353-361,article,45,Large-scale genotyping identifies 41 new loci associated with breast cancer risk,jour.1103138,Nature Genetics
30460,2013,13,pub.1030764410,1409-1420,article,61,Diagnostic Classification of the Instantaneous Wave-Free Ratio Is Equivalent to Fractional Flow Reserve and Is Not Improved With Adenosine Administration Results of CLARIFY (Classification Accuracy of Pressure-Only Ratios Against Indices Using Flow Study),jour.1093746,Journal of the American College of Cardiology
30506,2013,,pub.1000773639,75-83,article,52,Predictive neural biomarkers of clinical response in depression: A meta-analysis of functional and structural neuroimaging studies of pharmacological and psychological therapies,jour.1113568,Neurobiology of Disease
30510,2013,1,pub.1001143503,151-160,article,345,Quantifying the Attenuation of the Ketamine Pharmacological Magnetic Resonance Imaging Response in Humans: A Validation Using Antipsychotic and Glutamatergic Agents,jour.1017847,Journal of Pharmacology and Experimental Therapeutics
30514,2013,13,pub.1037429547,1428-1435,article,61,Does the Instantaneous Wave-Free Ratio Approximate the Fractional Flow Reserve?,jour.1093746,Journal of the American College of Cardiology
30564,2013,4,pub.1013051185,986-992,article,37,Contrast‐enhanced specific absorption rate‐efficient 3D cardiac cine with respiratory‐triggered radiofrequency gating,jour.1101214,Journal of Magnetic Resonance Imaging
30631,2013,3,pub.1055154941,343-62,article,24,Enzyme-triggered PEGylated pDNA-nanoparticles for controlled release of pDNA in tumors.,jour.1100499,Bioconjugate Chemistry
30633,2013,12,pub.1018876252,4697-4702,article,110,Astrocyte pathology and the absence of non-cell autonomy in an induced pluripotent stem cell model of TDP-43 proteinopathy,jour.1082971,Proceedings of the National Academy of Sciences
30661,2013,5,pub.1055003771,2746-53,article,85,Nitrogen-14 nuclear quadrupole resonance spectroscopy: a promising analytical methodology for medicines authentication and counterfeit antimalarial analysis.,jour.1345331,Analytical Chemistry
30699,2013,3,pub.1022455162,698-707,article,69,Perfusion phantom: An efficient and reproducible method to simulate myocardial first‐pass perfusion measurements with cardiovascular magnetic resonance,jour.1095465,Magnetic Resonance in Medicine
30728,2013,3,pub.1049011750,372-380,article,111,Nerve growth factor (NGF): a potential urinary biomarker for overactive bladder syndrome (OAB)?,jour.1103922,BJU International
30755,2013,3,pub.1019472326,365-376,article,17,The complex effects of the slow‐releasing hydrogen sulfide donor GYY4137 in a model of acute joint inflammation and in human cartilage cells,jour.1027203,Journal of Cellular and Molecular Medicine
30757,2013,1,pub.1022020168,35-40,article,16,Association between DNA methylation of HSPB1 and death in low Gleason score prostate cancer,jour.1119336,Prostate Cancer and Prostatic Diseases
30793,2013,3,pub.1038888600,308-313,article,45,Reduced dosage of ERF causes complex craniosynostosis in humans and mice and links ERK1/2 signaling to regulation of osteogenesis,jour.1103138,Nature Genetics
30794,2013,3,pub.1045363491,376-389,article,23,The Histone Demethylase PHF8 Governs Retinoic Acid Response in Acute Promyelocytic Leukemia,jour.1030059,Cancer Cell
30865,2013,5,pub.1050220326,660-672,article,160,"TP53 mutations in myelodysplastic syndrome are strongly correlated with aberrations of chromosome 5, and correlate with adverse prognosis",jour.1017308,British Journal of Haematology
30932,2013,3,pub.1038685299,550-555,article,45,Signals regulating L-selectin-dependent leucocyte adhesion and transmigration,jour.1013739,The International Journal of Biochemistry & Cell Biology
30968,2013,3,pub.1014919238,157-168,article,20,New targets for the immunotherapy of colon cancer—does reactive disease hold the answer?,jour.1112008,Cancer Gene Therapy
30990,2013,8,pub.1027257952,3041-3046,article,110,Langerin negative dendritic cells promote potent CD8+ T-cell priming by skin delivery of live adenovirus vaccine microneedle arrays,jour.1082971,Proceedings of the National Academy of Sciences
30992,2013,4,pub.1013404230,493-504,article,200,Grb2 controls phosphorylation of FGFR2 by inhibiting receptor kinase and Shp2 phosphatase activity,jour.1017735,The Journal of Cell Biology
30996,2013,4,pub.1004245802,389-394,article,14,Physiological release of endogenous tau is stimulated by neuronal activity,jour.1023644,EMBO Reports
31002,2013,7,pub.1047434068,1112-1123,article,121,Peptide length determines the outcome of TCR/peptide-MHCI engagement,jour.1085025,Blood
31005,2013,7,pub.1019373753,2593-2598,article,110,"Involvement of Toso in activation of monocytes, macrophages, and granulocytes",jour.1082971,Proceedings of the National Academy of Sciences
31052,2013,1,pub.1043433918,r25,article,17,Discovery and validation of cell cycle arrest biomarkers in human acute kidney injury,jour.1117766,Critical Care
31059,2013,2,pub.1025269460,179,article,72,"Efficacy and safety of strontium ranelate in the treatment of knee osteoarthritis: results of a double-blind, randomised placebo-controlled trial",jour.1017226,Annals of the Rheumatic Diseases
31100,2013,2,pub.1045809942,342-348,article,82,Assessment of tumor heterogeneity by CT texture analysis: Can the largest cross-sectional area be used as an alternative to whole tumor analysis?,jour.1092504,European Journal of Radiology
31101,2013,2,pub.1021326074,145-154,article,45,Genome-wide association analyses identify 18 new loci associated with serum urate concentrations,jour.1103138,Nature Genetics
31151,2013,2,pub.1010014687,88-100,article,13,Six-of-the-best: unique contributions of γδ T cells to immunology,jour.1029717,Nature Reviews Immunology
31162,2013,1,pub.1028660221,42-49,article,26,Phenotype modulation of airway smooth muscle in asthma,jour.1313755,Pulmonary Pharmacology & Therapeutics
31169,2013,2,pub.1021666414,408-414,article,31,Brief Report: Self‐Organizing Neuroepithelium from Human Pluripotent Stem Cells Facilitates Derivation of Photoreceptors,jour.1094139,Stem Cells
31195,2013,2,pub.1061696012,387-399,article,32,Increasing the Automation of a 2D-3D Registration System,jour.1094287,IEEE Transactions on Medical Imaging
31212,2013,2,pub.1016852966,486-494,article,69,Prospective respiratory motion correction for coronary MR angiography using a 2D image navigator,jour.1095465,Magnetic Resonance in Medicine
31272,2013,2,pub.1010573882,122.e1-122.e6,article,208,Evaluation of a quantitative fetal fibronectin test for spontaneous preterm birth in symptomatic women,jour.1017013,American Journal of Obstetrics and Gynecology
31282,2013,2,pub.1024018460,192-200,article,15,Co-transplantation of islets with mesenchymal stem cells in microcapsules demonstrates graft outcome can be improved in an isolated-graft model of islet transplantation in mice,jour.1021747,Cytotherapy
31347,2013,1,pub.1001265921,e1003225,article,9,Loci Associated with N-Glycosylation of Human Immunoglobulin G Show Pleiotropy with Autoimmune Diseases and Haematological Cancers,jour.1034974,PLoS Genetics
31349,2013,1,pub.1021229352,cd004816,article,,Statins for the primary prevention of cardiovascular disease,jour.1022148,Cochrane Database of Systematic Reviews
31380,2013,1,pub.1035917673,848-864,article,13,Hybrid Radar Emitter Recognition Based on Rough k-Means Classifier and Relevance Vector Machine,jour.1033312,Sensors
31389,2013,1,pub.1056212906,127-41,article,10,Gene delivery using ternary lipopolyplexes incorporating branched cationic peptides: the role of Peptide sequence and branching.,jour.1033103,Molecular Pharmaceutics
31399,2013,1,pub.1012629075,19-26,article,54,Are Pretreatment 18F-FDG PET Tumor Textural Features in Non–Small Cell Lung Cancer Associated with Response and Survival After Chemoradiotherapy?,jour.1012368,Journal of Nuclear Medicine
31409,2013,1,pub.1020063069,194-204,article,19,"Biomarker Discovery in Non–Small Cell Lung Cancer: Integrating Gene Expression Profiling, Meta-analysis, and Tissue Microarray Validation",jour.1113735,Clinical Cancer Research
31494,2013,1,pub.1036480793,19-42,article,17,Respiratory motion models: A review,jour.1117349,Medical Image Analysis
31518,2013,Suppl 1,pub.1014730487,e37,article,15,Correlation between progression of left ventricular mass and atherosclerosis of carotid and coronary arteries in patients with type 2 diabetes mellitus under optimal medical treatment: a long-term CMR study,jour.1030439,Critical Reviews in Computed Tomography
31547,2013,1,pub.1044780334,205-213,article,62,Human β-Cell Killing by Autoreactive Preproinsulin-Specific CD8 T Cells Is Predominantly Granule-Mediated With the Potency Dependent Upon T-Cell Receptor Avidity,jour.1017423,Diabetes
31550,2013,1,pub.1024601187,25-33,article,45,Large-scale association analysis identifies new risk loci for coronary artery disease,jour.1103138,Nature Genetics
31589,2013,1,pub.1035358666,33-41,article,16,Allele-specific FKBP5 DNA demethylation mediates gene–childhood trauma interactions,jour.1118362,Nature Neuroscience
31593,2013,1,pub.1049606454,354-363,article,81,Streptococcus pneumoniae Capsular Serotype Invasiveness Correlates with the Degree of Factor H Binding and Opsonization with C3b/iC3b,jour.1013611,Infection and Immunity
31601,2013,1,pub.1051316850,133-140,article,40,Quantifying tumour heterogeneity in 18F-FDG PET/CT imaging by texture analysis,jour.1297401,European Journal of Nuclear Medicine and Molecular Imaging
31615,2013,1,pub.1001699428,31-72,article,16,Social networks on the Internet,jour.1136663,World Wide Web
31629,2013,1,pub.1018155050,59-66,article,13,The resolution of inflammation,jour.1029717,Nature Reviews Immunology
31636,2013,1,pub.1064078378,62-71,article,7,Fluorescence Intensity- and Lifetime-Based Glucose Sensing Using Glucose/Galactose-Binding Protein,jour.1038647,Journal of Diabetes Science and Technology
31747,2013,1,pub.1043899968,101-107,article,59,Digital PCR strategies in the development and analysis of molecular biomarkers for personalized medicine,jour.1103723,Methods
31767,2013,1,pub.1018202021,73-85,article,35,Autoimmune manifestations in viral hepatitis,jour.1038741,Seminars in Immunopathology
31773,2013,1,pub.1061695923,73-84,article,32,Personalization of Atrial Anatomy and Electrophysiology as a Basis for Clinical Modeling of Radio-Frequency Ablation of Atrial Fibrillation,jour.1094287,IEEE Transactions on Medical Imaging
31934,2013,,pub.1003979095,33,article,7,Peripheral blood RNA gene expression profiling in patients with bacterial meningitis,jour.1327448,Frontiers in Neuroscience
32311,2013,N Engl J Med 365 2011,pub.1041149054,38-47,article,1,Protein expression profiles of chemo-resistant mixed phenotype liver tumors using laser microdissection and LC–MS/MS proteomics,jour.1050478,EuPA Open Proteomics
32336,2013,43,pub.1018990952,4902-4904,article,49,CO 2 -switchable wormlike micelles,jour.1297159,Chemical Communications
32492,2012,1,pub.1016555938,1,article,2,A phenomenological model of seizure initiation suggests network structure may explain seizure frequency in idiopathic generalised epilepsy,jour.1045921,The Journal of Mathematical Neuroscience
32515,2012,6,pub.1034235233,960-967,article,11,Human serum metabolic profiles are age dependent,jour.1030078,Aging Cell
32521,2012,12,pub.1016174016,1294-1301,article,44,Bayesian refinement of association signals for 14 loci in 3 common diseases,jour.1103138,Nature Genetics
32577,2012,2-3,pub.1051244320,1047-1050,article,200,The role of single nucleotide polymorphism of D2 dopamine receptor gene on major depressive disorder and response to antidepressant treatment,jour.1090630,Psychiatry Research
32650,2012,12,pub.1044981111,1254-1260,article,17,Measuring endogenous changes in serotonergic neurotransmission in humans: a [11C]CUMI-101 PET challenge study,jour.1115540,Molecular Psychiatry
32695,2012,6,pub.1036528660,573-589,article,3,Assessment of tumor heterogeneity: an emerging imaging tool for clinical practice?,jour.1043606,Insights into Imaging
32701,2012,8,pub.1047384730,736-745,article,23,Association of pertussis and measles infections and immunizations with asthma and allergic sensitization in ISAAC Phase Two,jour.1101270,Pediatric Allergy and Immunology
32709,2012,12,pub.1051680071,3665-3678,article,36,Chondroitinase ABC promotes compensatory sprouting of the intact corticospinal tract and recovery of forelimb function following unilateral pyramidotomy in adult mice,jour.1099955,European Journal of Neuroscience
32841,2012,9859,pub.1013705877,2095-2128,article,380,Global and regional mortality from 235 causes of death for 20 age groups in 1990 and 2010: a systematic analysis for the Global Burden of Disease Study 2010,jour.1077219,The Lancet
32851,2012,12,pub.1019457886,2810-2817,article,132,NOTCH1 Signaling as a Therapeutic Target in Sézary Syndrome,jour.1358061,Journal of Investigative Dermatology
32915,2012,Suppl 1,pub.1051052569,p263,article,14,Infarct myocardium tissue heterogeneity assessment using pre-contrast and post-contrast T1 maps acquired with Modified Look-Locker Inversion Recovery (MOLLI) imaging,jour.1030439,Critical Reviews in Computed Tomography
32965,2012,12,pub.1031864126,1017-1032,article,26,"Targeting Glutamate Receptors to Tackle the Pathogenesis, Clinical Symptoms and Levodopa-Induced Dyskinesia Associated with Parkinson’s Disease",jour.1111875,CNS Drugs
32984,2012,7429,pub.1001826873,369-375,article,492,Seventy-five genetic loci influencing the human red blood cell,jour.1018957,Nature
33083,2012,5,pub.1069221134,360-70,article,12,Biology of circulating nucleic acids and possible roles in diagnosis and treatment in diabetes and cancer.,jour.1294852,Infectious Disorders - Drug Targets
33101,2012,3,pub.1025451252,1038-1053,article,63,Investigating white matter development in infancy and early childhood using myelin water faction and relaxation time mapping,jour.1103053,NeuroImage
33121,2012,21,pub.1041613992,2218-2229,article,60,"Oxidation-Specific Biomarkers, Prospective 15-Year Cardiovascular and Stroke Outcomes, and Net Reclassification of Cardiovascular Events",jour.1093746,Journal of the American College of Cardiology
33150,2012,10,pub.1013231784,1105-1113,article,82,Probenecid prevents acute tubular necrosis in a mouse model of aristolochic acid nephropathy,jour.1015319,Kidney International
33161,2012,11,pub.1061349747,1812-1815,article,16,Adaptive Compressive Spectrum Sensing for Wideband Cognitive Radios,jour.1033507,IEEE Communications Letters
33171,2012,11,pub.1041436306,1219-1220,article,217,A novel complement-mediated pathway for human TH2 induction via direct epithelial cell/T cell crosstalk,jour.1085455,Immunobiology
33196,2012,7422,pub.1046541188,119-124,article,491,Host–microbe interactions have shaped the genetic architecture of inflammatory bowel disease,jour.1018957,Nature
33223,2012,2,pub.1026009587,269-275,article,91,Rapid detection of sequence variation in Clostridium difficile genes using LATE-PCR with multiple mismatch-tolerant hybridization probes,jour.1094094,Journal of Microbiological Methods
33230,2012,11,pub.1052469252,1189,article,217,Negative regulation of human nature killer cells by complement,jour.1085455,Immunobiology
33233,2012,5,pub.1034949999,646-653.e3,article,164,The Study Of LoSmapimod treatment on inflammation and InfarCtSizE (SOLSTICE): Design and rationale,jour.1017004,American Heart Journal
33234,2012,11,pub.1026890923,1146,article,217,C5a/C5aR signaling is an important negative regulator of murine nature killer cell homeostasis and effector function,jour.1085455,Immunobiology
33244,2012,1,pub.1005607192,56-68,article,225,"Impact of multiple antigenic epitopes from ApoB100, hHSP60 and Chlamydophila pneumoniae on atherosclerotic lesion development in Apob tm2Sgy Ldlr tm1Her J mice",jour.1013420,Atherosclerosis
33274,2012,11,pub.1051522707,833-846,article,11,Drug repositioning for Alzheimer's disease,jour.1327423,Nature Reviews Drug Discovery
33279,2012,13,pub.1052153086,1487-1501,article,77,"Steroids excreted in urine by neonates with 21-hydroxylase deficiency. 3. Characterization, using GC–MS and GC–MS/MS, of androstanes and androstenes",jour.1018729,Steroids
33387,2012,11,pub.1031298326,1929-1936,article,44,Different PI 3-kinase inhibitors have distinct effects on endothelial permeability and leukocyte transmigration,jour.1013739,The International Journal of Biochemistry & Cell Biology
33421,2012,11,pub.1020256050,2127-2135,article,209,Tryptophan hydroxylase-1 regulates immune tolerance and inflammation,jour.1077126,Journal of Experimental Medicine
33444,2012,10,pub.1042523699,6474-6483,article,39,Analysis and comparison of two methods for motion correction in PET imaging,jour.1020133,Medical Physics
33494,2012,5,pub.1007908906,769-775,article,63,Age-dependent therapeutic effect of memantine in a mouse model of juvenile Batten disease,jour.1013165,Neuropharmacology
33567,2012,7420,pub.1007059619,355-360,article,490,The aged niche disrupts muscle stem cell quiescence,jour.1018957,Nature
33604,2012,4,pub.1029744504,799-806,article,2,FUS-SMN Protein Interactions Link the Motor Neuron Diseases ALS and SMA,jour.1046010,Cell Reports
33621,2012,10,pub.1048745964,3061-3067,article,64,Recommendations for the nomenclature of IgG4‐related disease and its individual organ system manifestations,jour.1017064,Arthritis & Rheumatology
33657,2012,1,pub.1052254656,3-23,article,370,The peripheral sensory nervous system in the vertebrate head: A gene regulatory perspective,jour.1017422,Developmental Biology
33678,2012,10,pub.1036070128,814-816,article,8,Cytochrome P450–catalyzed L-tryptophan nitration in thaxtomin phytotoxin biosynthesis,jour.1327431,Nature Chemical Biology
33679,2012,10,pub.1047306844,587-598,article,8,Osteoporosis—a risk factor for cardiovascular disease?,jour.1036168,Nature Reviews Rheumatology
33683,2012,10,pub.1003718794,1084-1089,article,44,Mapping cis- and trans-regulatory effects across multiple tissues in twins,jour.1103138,Nature Genetics
33703,2012,10,pub.1002689814,2593-2603,article,55,Cancer outcomes and all-cause mortality in adults allocated to metformin: systematic review and collaborative meta-analysis of randomised clinical trials,jour.1001482,Diabetologia
33751,2012,5,pub.1061736841,1967-1976,article,59,Investigation of MR-Based Attenuation Correction and Motion Compensation for Hybrid PET/MR,jour.1327790,IEEE Transactions on Nuclear Science
33772,2012,5,pub.1045867209,1059-1070,article,32,Dual Targeting of ErbB2 and MUC1 in Breast Cancer Using Chimeric Antigen Receptors Engineered to Provide Complementary Signaling,jour.1092207,Journal of Clinical Immunology
33783,2012,9,pub.1042571110,e44260,article,7,Plasma Based Markers of [11C] PiB-PET Brain Amyloid Burden,jour.1037553,PLoS ONE
33817,2012,37,pub.1030834070,31457-31461,article,287,Mapping of the CD23 Binding Site on Immunoglobulin E (IgE) and Allosteric Control of the IgE-FcϵRI Interaction*,jour.1077138,Journal of Biological Chemistry
33903,2012,3,pub.1049978594,724-741,article,40,Emerging anti-inflammatory strategies for COPD,jour.1097884,European Respiratory Journal
33969,2012,9,pub.1020325145,2183-2189,article,31,Specific protease activity indicates the degree of Pseudomonas aeruginosa infection in chronic infected wounds,jour.1093599,European Journal of Clinical Microbiology & Infectious Diseases
33970,2012,9,pub.1042019992,1067-1073,article,26,"The use of the twin model to investigate the genetics and epigenetics of skin diseases with genomic, transcriptomic and methylation data",jour.1103093,Journal of the European Academy of Dermatology and Venereology
34002,2012,3,pub.1011190753,339-352,article,124,The genetics and neuropathology of amyotrophic lateral sclerosis,jour.1019073,Acta Neuropathologica
34015,2012,6,pub.1041941471,503-516,article,36,Systematic review: faecal microbiota transplantation in the management of inflammatory bowel disease,jour.1097143,Alimentary Pharmacology & Therapeutics
34109,2012,5,pub.1015386983,1011-1027,article,23,Effective venue image retrieval using robust feature extraction and model constrained matching for mobile robot localization,jour.1045266,Machine Vision and Applications
34119,2012,9,pub.1027377235,1418-1422,article,18,EPHA4 is a disease modifier of amyotrophic lateral sclerosis in animal models and in humans,jour.1113716,Nature Medicine
34124,2012,,pub.1093447036,65-70,proceeding,,Object Pose Estimation and Tracking by Fusing Visual and Tactile Information,,
34247,2012,4,pub.1061692751,646-656,article,17,Miniature 3-Axis Distal Force Sensor for Minimally Invasive Surgical Palpation,jour.1033318,IEEE/ASME Transactions on Mechatronics
34254,2012,4,pub.1035577003,842-853,article,53,Role of Nox4 in murine models of kidney disease,jour.1097289,Free Radical Biology and Medicine
34260,2012,8,pub.1033888026,1208-1216,article,18,Pathological neoangiogenesis depends on oxidative stress regulation by ATM,jour.1113716,Nature Medicine
34291,2012,2,pub.1021770067,197-206,article,60,Serum Metabolite Concentrations and Decreased GFR in the General Population,jour.1092720,American Journal of Kidney Diseases
34305,2012,8,pub.1039634068,748-752,article,66,Routine EGFR and KRAS Mutation analysis using COLD‐PCR in non‐small cell lung cancer,jour.1297507,International Journal of Clinical Practice
34319,2012,8,pub.1036951211,1315-1320,article,44,Crosstalk between Nrf2 and the proteasome: Therapeutic potential of Nrf2 inducers in vascular disease and aging,jour.1013739,The International Journal of Biochemistry & Cell Biology
34370,2012,2,pub.1013800007,358-364,article,91,De Novo Mutations in MLL Cause Wiedemann-Steiner Syndrome,jour.1017012,The American Journal of Human Genetics
34374,2012,8,pub.1045412990,2677-2686,article,64,Derivation and validation of the Systemic Lupus International Collaborating Clinics classification criteria for systemic lupus erythematosus,jour.1017064,Arthritis & Rheumatology
34427,2012,8,pub.1004712561,1466-1474,article,48,"Development and assessment of experimental dental polymers with enhanced polymerisation, crosslink density and resistance to fluid permeability based on ethoxylated-Bisphenol-A-dimethacrylates and 2-Hydroxyethyl methacrylate",jour.1120691,European Polymer Journal
34471,2012,31,pub.1020551546,12686-12691,article,109,Crystal structure of IgE bound to its B-cell receptor CD23 reveals a mechanism of reciprocal allosteric inhibition with high affinity receptor FcεRI,jour.1082971,Proceedings of the National Academy of Sciences
34481,2012,28,pub.1024621950,11767-73,article,134,Ultrahigh-water-content supramolecular hydrogels exhibiting multistimuli responsiveness.,jour.1081898,Journal of the American Chemical Society
34527,2012,Pt_7,pub.1060398995,1506-1518,article,93,Immunization with recombinant macaque major histocompatibility complex class I and II and human immunodeficiency virus gp140 inhibits simian–human immunodeficiency virus infection in macaques,jour.1007277,Journal of General Virology
34538,2012,13,pub.1009886453,2845-2854,article,21,Calsyntenin-1 mediates axonal transport of the amyloid precursor protein and regulates Aβ production,jour.1102504,Human Molecular Genetics
34543,2012,3,pub.1015409264,233-234,article,2,OS100. Plasma placental growth factor (PLGF) measurement in women presenting with suspected pre-eclampsia: the pelican study,jour.1044677,Pregnancy Hypertension
34646,2012,2,pub.1002605629,140-153,article,367,Ring1a/b polycomb proteins regulate the mesenchymal stem cell niche in continuously growing incisors,jour.1017422,Developmental Biology
34676,2012,4,pub.1037959988,290-299,article,60,Prospective Study on Circulating MicroRNAs and Risk of Myocardial Infarction,jour.1093746,Journal of the American College of Cardiology
34699,2012,2,pub.1033836508,2188-2200,article,36,The dynamic evolution of focal‐onset epilepsies – combining theoretical and clinical observations,jour.1099955,European Journal of Neuroscience
34749,2012,7,pub.1036660222,1907-1914,article,41,Disabling of Nanoparticle Effects at Increased Temperature in Nanocomposite Solders,jour.1136213,Journal of Electronic Materials
34800,2012,7,pub.1028896531,1400-1409,article,20,The β-Globin Locus Control Region in Combination With the EF1α Short Promoter Allows Enhanced Lentiviral Vector-mediated Erythroid Gene Expression With Conserved Multilineage Activity,jour.1021346,Molecular Therapy
34859,2012,4,pub.1000076480,346-354,article,60,Elevated Plasma Levels of Neuropeptide Proenkephalin A Predict Mortality and Functional Outcome in Ischemic Stroke,jour.1093746,Journal of the American College of Cardiology
34950,2012,6,pub.1025993484,807-815,article,14,Are intracostal sutures better than pericostal sutures for closing a thoracotomy?,jour.1031596,Interactive Cardiovascular and Thoracic Surgery
34989,2012,6,pub.1040243497,1960-1969,article,64,Evaluation of TRAF6 in a large multiancestral lupus cohort,jour.1017064,Arthritis & Rheumatology
34992,2012,7403,pub.1014607335,346-352,article,486,"The genomic and transcriptomic architecture of 2,000 breast tumours reveals novel subgroups",jour.1018957,Nature
35017,2012,3,pub.1042877052,132-136,article,17,Estimating central systolic blood pressure during oscillometric determination of blood pressure,jour.1115380,Blood Pressure Monitoring
35034,2012,6,pub.1032266977,797-804,article,71,Synergistic effects of central nervous system‐directed gene therapy and bone marrow transplantation in the murine model of infantile neuronal ceroid lipofuscinosis,jour.1086831,Annals of Neurology
35046,2012,3,pub.1044704525,275-286,article,12,Selective PDE inhibitors as novel treatments for respiratory diseases,jour.1023872,Current Opinion in Pharmacology
35068,2012,3,pub.1061338165,281-294,article,6,On the Expanded Region of Picocells in Heterogeneous Networks,jour.1042034,IEEE Journal of Selected Topics in Signal Processing
35083,2012,6,pub.1042680549,584-596,article,17,Epigenetic regulation of the BDNF gene: implications for psychiatric disorders,jour.1115540,Molecular Psychiatry
35086,2012,6,pub.1022356000,659-669,article,44,A genome-wide approach accounting for body mass index identifies genetic variants influencing fasting glycemic traits and insulin resistance,jour.1103138,Nature Genetics
35089,2012,6,pub.1001512863,1628-1636,article,100A,Improving cellular function and immune protection via layer‐by‐layer nanocoating of pancreatic islet β‐cell spheroids cocultured with mesenchymal stem cells,jour.1034618,Journal of Biomedical Materials Research Part A
35112,2012,6,pub.1042182153,431-442,article,12,The role of complement in the early immune response to transplantation,jour.1029717,Nature Reviews Immunology
35113,2012,6,pub.1014483836,1092-1100,article,18,Smokers with active Crohn's disease have a clinically relevant dysbiosis of the gastrointestinal microbiota*,jour.1114191,Inflammatory Bowel Diseases
35117,2012,3,pub.1009728773,877-894,article,166,The use of animal models in diabetes research,jour.1009866,British Journal of Pharmacology
35152,2012,7403,pub.1034041413,400-404,article,486,The landscape of cancer genes and mutational processes in breast cancer,jour.1018957,Nature
35170,2012,18,pub.1015632879,4646-4652,article,33,Sustained release of proteins from high water content supramolecular polymer hydrogels,jour.1097145,Biomaterials
35172,2012,6,pub.1026743800,763-769,article,78,The role of Acinetobacter in the pathogenesis of multiple sclerosis examined by using Popper sequences,jour.1082814,Medical Hypotheses
35237,2012,21,pub.1024240895,17459-17470,article,287,"A Fluorescent Biosensor Reveals Conformational Changes in Human Immunoglobulin E Fc IMPLICATIONS FOR MECHANISMS OF RECEPTOR BINDING, INHIBITION, AND ALLERGEN RECOGNITION",jour.1077138,Journal of Biological Chemistry
35243,2012,5,pub.1055154827,1029-39,article,23,"Comparison of (64)Cu-complexing bifunctional chelators for radioimmunoconjugation: labeling efficiency, specific activity, and in vitro/in vivo stability.",jour.1100499,Bioconjugate Chemistry
35264,2012,18,pub.1037991080,6364-6372,article,32,"5,6-EET Is Released upon Neuronal Activity and Induces Mechanical Pain Hypersensitivity via TRPA1 on Central Afferent Terminals",jour.1092210,Journal of Neuroscience
35286,2012,5,pub.1006108410,796-804,article,53,MRI-Based Attenuation Correction for Hybrid PET/MRI Systems: A 4-Class Tissue Segmentation Technique Using a Combined Ultrashort-Echo-Time/Dixon MRI Sequence,jour.1012368,Journal of Nuclear Medicine
35291,2012,5,pub.1012547698,994-1007,article,149,The Life History of 21 Breast Cancers,jour.1019114,Cell
35341,2012,5,pub.1045709558,979-993,article,149,Mutational Processes Molding the Genomes of 21 Breast Cancers,jour.1019114,Cell
35344,2012,5,pub.1052981137,491-501,article,44,Genome-wide meta-analysis identifies 56 bone mineral density loci and reveals 14 loci associated with risk of fracture,jour.1103138,Nature Genetics
35384,2012,3,pub.1072305531,403-12,article,4,The birth pangs of monoclonal antibody therapeutics: the failure and legacy of Centoxin.,jour.1040328,mAbs
35398,2012,2,pub.1004465943,510-521,article,166,The functions of TRPA1 and TRPV1: moving away from sensory nerves,jour.1009866,British Journal of Pharmacology
35494,2012,7397,pub.1009348903,251-255,article,485,Mitochondrial DNA that escapes from autophagy causes inflammation and heart failure,jour.1018957,Nature
35540,2012,4,pub.1017145901,e1002629,article,8,Epigenome-Wide Scans Identify Differentially Methylated Regions for Age and Age-Related Phenotypes in a Healthy Ageing Population,jour.1034974,PLoS Genetics
35566,2012,4,pub.1013773193,e33891,article,7,"B-RAF Mutant Alleles Associated with Langerhans Cell Histiocytosis, a Granulomatous Pediatric Disease",jour.1037553,PLoS ONE
35567,2012,15,pub.1024880202,5803-5808,article,109,Mutant induced pluripotent stem cell lines recapitulate aspects of TDP-43 proteinopathies and reveal cell-specific vulnerability,jour.1082971,Proceedings of the National Academy of Sciences
35570,2012,6077,pub.1009358516,86-90,article,336,A Lineage of Myeloid Cells Independent of Myb and Hematopoietic Stem Cells,jour.1346339,Science
35575,2012,14,pub.1064356845,1038-1042,article,78,No consistent evidence for association between mtDNA variants and Alzheimer disease,jour.1018238,Neurology
35595,2012,2,pub.1033890769,185-192,article,25,Effects of heparin and related drugs on neutrophil function,jour.1313755,Pulmonary Pharmacology & Therapeutics
35609,2012,4,pub.1061643086,2256-2268,article,21,Gait Recognition with Shifted Energy Image and Structural Feature Extraction,jour.1129825,IEEE Transactions on Image Processing
35618,2012,4,pub.1021931729,215-223,article,18,The DWEYS peptide in systemic lupus erythematosus,jour.1297510,Trends in Molecular Medicine
35665,2012,,pub.1095257312,69-74,proceeding,,Mobility Enhancements for Heterogeneous Networks through Interference Coordination,,
35737,2012,4,pub.1005524399,785-796,article,30,Implantation Site and Lesion Topology Determine Efficacy of a Human Neural Stem Cell Line in a Rat Model of Chronic Stroke,jour.1094139,Stem Cells
35773,2012,4,pub.1068965498,565-576,article,18,Flexible Targeting of ErbB Dimers That Drive Tumorigenesis by Using Genetically Engineered T Cells,jour.1113628,Molecular Medicine
35774,2012,4,pub.1029188893,1210-1223,article,135,Delayed treatment with chondroitinase ABC promotes sensorimotor recovery and plasticity after stroke in aged rats,jour.1017305,Brain
35796,2012,3,pub.1039622099,193-195,article,19,Spotlight Issue: MicroRNAs in the Microcirculation—From Cellular Mechanisms to Clinical Markers,jour.1112292,Microcirculation
35811,2012,4,pub.1018546979,636-647,article,90,Combined Analysis of Genome-wide Association Studies for Crohn Disease and Psoriasis Identifies Seven Shared Susceptibility Loci,jour.1017012,The American Journal of Human Genetics
35859,2012,4,pub.1061612018,1218-1226,article,50,Through-the-Wall Sensing of Personnel using Passive Bistatic WiFi Radar at Standoff Distances,jour.1033615,IEEE Transactions on Geoscience and Remote Sensing
35940,2012,3,pub.1033462000,373-379,article,14,Multi-site left ventricular pacing as a potential treatment for patients with postero-lateral scar: insights from cardiac magnetic resonance imaging and invasive haemodynamic assessment,jour.1020804,EP Europace
35986,2012,6,pub.1030206110,1095-1099,article,106,Prognostic value of a cell cycle progression signature for prostate cancer death in a conservatively managed needle biopsy cohort,jour.1017082,British Journal of Cancer
36000,2012,3,pub.1041506239,635-645,article,129,"The who, where, and when of IgE in allergic airway disease",jour.1055081,Journal of Allergy and Clinical Immunology
36021,2012,1,pub.1008099363,12-17,article,221,The -omics era: Proteomics and lipidomics in vascular research,jour.1013420,Atherosclerosis
36037,2012,3,pub.1029024534,282-290,article,1820,Iron mobilization from transferrin by therapeutic iron chelating agents,jour.1327373,Biochimica et Biophysica Acta (BBA) - Lipids and Lipid Metabolism
36061,2012,3,pub.1034925700,283-289,article,13,Structural basis for the killing of human beta cells by CD8+ T cells in type 1 diabetes,jour.1022778,Nature Immunology
36073,2012,2,pub.1026471452,293-303,article,158,Effective endogenous gene silencing mediated by pH responsive peptides proceeds via multiple pathways,jour.1096382,Journal of Controlled Release
36100,2012,5,pub.1019170573,763-781,article,69,"Allergic contact dermatitis: epidemiology, molecular mechanisms, in vitro methods and regulatory aspects",jour.1295005,Cellular and Molecular Life Sciences
36123,2012,2,pub.1042002990,168-176,article,5,Cyclic di‐nucleotides: new era for small molecules as adjuvants,jour.1039017,Microbial Biotechnology
36143,2012,3,pub.1028195388,503-511,article,39,Recombinatorial biosynthesis of polyketides,jour.1096599,Journal of Industrial Microbiology & Biotechnology
36148,2012,2,pub.1031730663,67-120,article,22,"Regression testing minimization, selection and prioritization: a survey",jour.1139612,Software Testing Verification and Reliability
36166,2012,3,pub.1015629495,249-256,article,14,Atheroprotective communication between endothelial cells and smooth muscle cells through miRNAs,jour.1021344,Nature Cell Biology
36174,2012,3,pub.1024803815,232-240,article,11,Cognitive and clinical characteristics of patients with amyotrophic lateral sclerosis carrying a C9orf72 repeat expansion: a population-based cohort study,jour.1030586,The Lancet Neurology
36197,2012,3,pub.1051847077,207-218,article,50,Xenopus: An ideal system for chemical genetics,jour.1090439,Genesis
36215,2012,3,pub.1014295450,191-196,article,200,"Love, eye contact and the developmental origins of empathy v. psychopathy",jour.1002368,The British Journal of Psychiatry
36232,2012,3,pub.1061695857,805-815,article,31,Nonrigid Motion Modeling of the Liver from 3-D Undersampled Self-Gated Golden-Radial Phase Encoded MRI,jour.1094287,IEEE Transactions on Medical Imaging
36314,2012,2,pub.1042601777,799-807,article,26,Inhibition of TLR2 promotes graft function in a murine model of renal transplant ischemia-reperfusion injury,jour.1017429,The FASEB Journal
36329,2012,1,pub.1043860306,141-153,article,71,"Effect of interaction between PPARG, PPARA and ADIPOQ gene variants and dietary fatty acids on plasma lipid profile and adiponectin concentration in a large intervention study",jour.1082976,Proceedings of The Nutrition Society
36353,2012,2,pub.1041174291,187-192,article,44,Meta-analysis of genome-wide association studies identifies three new risk loci for atopic dermatitis,jour.1103138,Nature Genetics
36382,2012,2,pub.1040458914,183,article,67,MicroRNAs in lung diseases,jour.1019594,Thorax
36400,2012,2,pub.1033135447,499-509,article,67,Bleomycin‐induced lung injury in mice investigated by MRI: Model assessment for target analysis,jour.1095465,Magnetic Resonance in Medicine
36401,2012,2,pub.1010667228,164-173,article,17,The immunomodulatory drug lenalidomide restores a vitamin D sensitive phenotype to the vitamin D resistant breast cancer cell line MDA-MB-231 through inhibition of BCL-2: potential for breast cancer therapeutics,jour.1117236,Apoptosis
36413,2012,2,pub.1051234090,84-88,article,12,Are snoRNAs and snoRNA host genes new players in cancer?,jour.1029716,Nature Reviews Cancer
36422,2012,2,pub.1038875674,216-224,article,217,Novel roles of complement in T effector cell regulation,jour.1085455,Immunobiology
36440,2012,2,pub.1002320934,195-200,article,9,Bayesian localization microscopy reveals nanoscale podosome dynamics,jour.1033763,Nature Methods
36442,2012,1,pub.1039860485,68-77,article,12,Genome-wide association study of increasing suicidal ideation during antidepressant treatment in the GENDEP project,jour.1027238,The Pharmacogenomics Journal
36455,2012,1,pub.1012443521,93-101,article,201,Activation of MAPK/c-Fos induced responses in oral epithelial cells is specific to Candida albicans and Candida dubliniensis hyphae,jour.1014962,Medical Microbiology and Immunology
36506,2012,2,pub.1034524332,141-168,article,11,"Cognitive dysfunction in psychiatric disorders: characteristics, causes and the quest for improved therapy",jour.1327423,Nature Reviews Drug Discovery
36511,2012,2,pub.1008593902,482-496,article,16,Re-localisation of a biopsy site in endoscopic images and characterisation of its uncertainty,jour.1117349,Medical Image Analysis
36532,2012,1,pub.1050039971,67-73,article,12,Chemokine mediated neuron–glia communication and aberrant signalling in neuropathic pain states,jour.1023872,Current Opinion in Pharmacology
36541,2012,2,pub.1026743636,323-331,article,26,Constitutive activation of STAT3 in Sézary syndrome is independent of SHP-1,jour.1097065,Leukemia
36581,2012,2,pub.1020890470,204-215,article,217,Complement activation as a biomarker for Alzheimer's disease,jour.1085455,Immunobiology
36591,2012,2,pub.1044996439,369-375,article,28,Plasma Transthyretin as a Candidate Marker for Alzheimer's Disease,jour.1119070,Journal of Alzheimer's Disease
36618,2012,2,pub.1014258215,1168-1177,article,287,A Single Autoimmune T Cell Receptor Recognizes More Than a Million Different Peptides*,jour.1077138,Journal of Biological Chemistry
36660,2012,1,pub.1061499614,231-239,article,60,UWB Microwave Imaging of Objects with Canonical Shape,jour.1284594,IEEE Transactions on Antennas and Propagation
36661,2012,1,pub.1061516779,162-174,article,20,On the Design and Implementation of Higher Order Differential Microphones,jour.1320495,IEEE/ACM Transactions on Audio Speech and Language Processing
36677,2012,,pub.1005827371,45-57,article,7,Novel Cardiac-Specific Biomarkers and the Cardiovascular Continuum,jour.1037844,Biomarker Insights
36701,2012,1,pub.1051465946,2-9,article,30,Editorial: Our Top 10 Developments in Stem Cell Biology over the Last 30 Years,jour.1094139,Stem Cells
36713,2012,1,pub.1012527911,49-60,article,19,Corticospinal tract transduction: a comparison of seven adeno-associated viral vector serotypes and a non-integrating lentiviral vector,jour.1105638,Gene Therapy
36714,2012,1,pub.1021123995,36-48,article,17,"Genome-wide association study of major depressive disorder: new results, meta-analysis, and lessons learned",jour.1115540,Molecular Psychiatry
36785,2012,1,pub.1028364953,34-41,article,33,Butyrophilins: an emerging family of immune regulators,jour.1091571,Trends in Immunology
36799,2012,1,pub.1027444913,166-171,article,18,Three-dimensional imaging of the unsectioned adult spinal cord to assess axon regeneration and glial responses after injury,jour.1113716,Nature Medicine
36800,2012,1,pub.1016452070,201-215,article,16,Patient-specific electromechanical models of the heart for the prediction of pacing acute effects in CRT: A preliminary clinical validation,jour.1117349,Medical Image Analysis
36826,2012,1,pub.1010791772,38-49,article,16,Registration of 3D trans-esophageal echocardiography to X-ray fluoroscopy using image-based probe tracking,jour.1117349,Medical Image Analysis
36829,2012,1,pub.1061516793,290-301,article,20,Reliability-Informed Beat Tracking of Musical Signals,jour.1320495,IEEE/ACM Transactions on Audio Speech and Language Processing
36830,2012,1,pub.1002218974,252-264,article,16,Thoracic respiratory motion estimation from MRI using a statistical model and a 2-D image navigator,jour.1117349,Medical Image Analysis
36840,2012,1,pub.1027137524,31-38,article,60,Riluzole elevates GLT-1 activity and levels in striatal astrocytes,jour.1091413,Neurochemistry International
36906,2012,2,pub.1048330409,169-177,article,71,Association Study of Nonsynonymous Single Nucleotide Polymorphisms in Schizophrenia,jour.1012129,Biological Psychiatry
36908,2012,1,pub.1004702619,1-6,article,52,Measuring reactive oxygen and nitrogen species with fluorescent probes: challenges and limitations,jour.1097289,Free Radical Biology and Medicine
36942,2012,1,pub.1023400762,60-103,article,24,Unsupervised Learning of Generative and Discriminative Weights Encoding Elementary Image Components in a Predictive Coding Model of Cortical Function,jour.1108155,Neural Computation
37432,2012,,pub.1040748585,229,article,3,Cytokinergic IgE Action in Mast Cell Activation,jour.1045166,Frontiers in Immunology
37613,2011,52,pub.1016164224,21093-21098,article,108,Neuronal differentiation by TAp73 is mediated by microRNA-34a regulation of synaptic protein targets,jour.1082971,Proceedings of the National Academy of Sciences
37618,2011,12,pub.1020964754,e28879,article,6,A Viral Discovery Methodology for Clinical Biopsy Samples Utilising Massively Parallel Next Generation Sequencing,jour.1037553,PLoS ONE
37632,2011,24,pub.1026355121,13448-13452,article,85,Target Cell-Mediated Editing of HIV-1 cDNA by APOBEC3 Proteins in Human Macrophages,jour.1008072,Journal of Virology
37699,2011,1,pub.1019625989,36-37,article,1245,TRPV1 and TRPA1 channels in inflammatory pain: elucidating mechanisms,jour.1002487,Annals of the New York Academy of Sciences
37744,2011,7376,pub.1017006698,201-208,article,480,New gene functions in megakaryopoiesis and platelet formation,jour.1018957,Nature
37786,2011,6,pub.1030353161,691-702,article,122,"p62 positive, TDP-43 negative, neuronal cytoplasmic and intranuclear inclusions in the cerebellum and hippocampus define the pathology of C9orf72-linked FTLD and MND/ALS",jour.1019073,Acta Neuropathologica
37808,2011,1,pub.1028478686,12,article,6,Tyrosine Phosphorylation of Tau by the Src Family Kinases Lck and Fyn,jour.1036533,Molecular Neurodegeneration
37855,2011,1,pub.1045369206,1-25,article,1242,Advances in bipolar disorder: selected sessions from the 2011 International Conference on Bipolar Disorder,jour.1002487,Annals of the New York Academy of Sciences
37881,2011,1,pub.1004777032,7,article,11,High-throughput clone library analysis of the mucosa-associated microbiota reveals dysbiosis and differences between inflamed and non-inflamed regions of the intestine in inflammatory bowel disease,jour.1024253,BMC Microbiology
37883,2011,Suppl 2,pub.1052816303,i12,article,9,IL-10 secreting regulatory B cells are potent arbiters of autoimmunity in both mouse and man,jour.1032886,Journal of Translational Medicine
37940,2011,6,pub.1047761601,922-930,article,10,Vaccination‐induced changes in human B‐cell repertoire and pneumococcal IgM and IgA antibody at different ages,jour.1030078,Aging Cell
37994,2011,1,pub.1052534395,71,article,13,Impact of an abdominal belt on breathing patterns and scan efficiency in whole-heart coronary magnetic resonance angiography: comparison between the UK and Japan,jour.1030439,Critical Reviews in Computed Tomography
37996,2011,6,pub.1016149426,404-412,article,12,Neurogenic Detrusor Overactivity in Patients With Spinal Cord Injury: Evaluation and Management,jour.1022078,Current Urology Reports
38042,2011,1,pub.1018863084,117,article,11,Expression of recombinant multi-coloured fluorescent antibodies in gor-/trxB-E. colicytoplasm,jour.1028420,BMC Biotechnology
38103,2011,12,pub.1026879554,4902-4911,article,79,Candida albicans Cell Wall Glycosylation May Be Indirectly Required for Activation of Epithelial Cell Proinflammatory Responses,jour.1013611,Infection and Immunity
38108,2011,1,pub.1010724603,509,article,11,Biomarker analysis of cetuximab plus oxaliplatin/leucovorin/5-fluorouracil in first-line metastatic gastric and oesophago-gastric junction cancer: results from a phase II trial of the Arbeitsgemeinschaft Internistische Onkologie (AIO),jour.1024632,BMC Cancer
38172,2011,21,pub.1000657361,11502-11519,article,85,Polyclonal B Cell Responses to Conserved Neutralization Epitopes in a Subset of HIV-1-Infected Individuals,jour.1008072,Journal of Virology
38179,2011,11,pub.1000777076,3501-3508,article,26,Acute kidney injury in patients admitted to a liver intensive therapy unit with paracetamol-induced hepatotoxicity,jour.1016325,"Nephrology,Dialysis and Transplantation"
38210,2011,11,pub.1059310215,1873-1887,article,20,Purmorphamine Increases DARPP-32 Differentiation in Human Striatal Neural Stem Cells Through the Hedgehog Pathway,jour.1297511,Stem Cells and Development
38247,2011,6,pub.1013394723,809-822,article,6,The role of neuregulin-1 in the response to nerve injury,jour.1037132,Future Neurology
38266,2011,46,pub.1006557962,4666-4677,article,30,Integrative mRNA profiling comparing cultured primary cells with clinical samples reveals PLK1 and C20orf20 as therapeutic targets in cutaneous squamous cell carcinoma,jour.1097543,Oncogene
38284,2011,8,pub.1048894660,1530-1543,article,25,"Meta-analysis of MTHFR gene variants in schizophrenia, bipolar disorder and unipolar depressive disorder: Evidence for a common genetic vulnerability?",jour.1097694,Brain Behavior and Immunity
38341,2011,9,pub.1016154105,643-649,article,25,Comparative evaluation of scatter correction in 3D PET using different scatter-level approximations,jour.1099601,Annals of Nuclear Medicine
38358,2011,10,pub.1054933708,1377-1388,article,14,"Evidence for involvement of the insula in the psychotropic effects of THC in humans: a double-blind, randomized pharmacological MRI study",jour.1119470,The International Journal of Neuropsychopharmacology
38361,2011,,pub.1095220122,53-62,proceeding,,Symbolic Search-Based Testing,,
38391,2011,3,pub.1011027358,151-159,article,37,Discovery of low-affinity preproinsulin epitopes and detection of autoreactive CD8 T-cells using combinatorial MHC multimers,jour.1098683,Journal of Autoimmunity
38398,2011,10,pub.1034110912,e26457,article,6,The Nature and Perception of Fluctuations in Human Musical Rhythms,jour.1037553,PLoS ONE
38402,2011,20,pub.1059028929,6597-613,article,56,Fast generation of 4D PET-MR data from real dynamic MR acquisitions.,jour.1018310,Physics in Medicine and Biology
38421,2011,41,pub.1032031090,36020-36031,article,286,The Inhibitory Effect of Phospholemman on the Sodium Pump Requires Its Palmitoylation,jour.1077138,Journal of Biological Chemistry
38442,2011,s3,pub.1078458738,395-405,article,26,Combinatorial Markers of Mild Cognitive Impairment Conversion to Alzheimer's Disease - Cytokines and MRI Measures Together Predict Disease Progression,jour.1119070,Journal of Alzheimer's Disease
38477,2011,4,pub.1045347732,1008-1018,article,66,Highly efficient whole‐heart imaging using radial phase encoding‐phase ordering with automatic window selection,jour.1095465,Magnetic Resonance in Medicine
38487,2011,4,pub.1040293474,485-490,article,51,"The p38 mitogen-activated protein kinase pathway—A potential target for intervention in infarction, hypertrophy, and heart failure",jour.1014308,Journal of Molecular and Cellular Cardiology
38524,2011,10,pub.1023790725,3505-3518,article,25,Intravenous administration of AAV2/9 to the fetal and neonatal mouse leads to differential targeting of CNS cell types and extensive transduction of the nervous system,jour.1017429,The FASEB Journal
38542,2011,10,pub.1033200063,1759-1768,article,19,Insulin-producing Surrogate β-cells From Embryonic Stem Cells: Are We There Yet?,jour.1021346,Molecular Therapy
38545,2011,5,pub.1061432423,82-88,article,18,Power-efficient downlink transmission in multicell networks with limited wireless backhaul,jour.1320074,IEEE wireless communications
38556,2011,10,pub.1014935958,1400-1413,article,41,Harnessing engineered antibodies of the IgE class to combat malignancy: initial assessment of FcɛRI‐mediated basophil activation by a tumour‐specific IgE antibody to evaluate the risk of type I hypersensitivity,jour.1014810,Clinical & Experimental Allergy
38612,2011,10,pub.1049856998,603-612,article,12,"In search of biomarkers for autism: scientific, social and ethical challenges",jour.1023608,Nature Reviews Neuroscience
38621,2011,4,pub.1027073607,784-795,article,60,Contemporary Management of Lower Urinary Tract Disease With Botulinum Toxin A: A Systematic Review of Botox (OnabotulinumtoxinA) and Dysport (AbobotulinumtoxinA),jour.1084523,European Urology
38676,2011,1,pub.1034559242,134-146,article,107,Efficient probabilistic model personalization integrating uncertainty on data and parameters: Application to Eikonal-Diffusion models in cardiac electrophysiology,jour.1018321,Progress in Biophysics and Molecular Biology
38682,2011,10,pub.1053798890,2047-2056,article,41,Co-occurrence of anxiety and depression amongst older adults in low- and middle-income countries: findings from the 10/66 study,jour.1054214,Psychological Medicine
38703,2011,10,pub.1019466834,1780-1792,article,19,Perturbing PSD-95 Interactions With NR2B-subtype Receptors Attenuates Spinal Nociceptive Plasticity and Neuropathic Pain,jour.1021346,Molecular Therapy
38715,2011,5,pub.1036385725,r149,article,13,Binding immunoglobulin protein resolves rheumatoid synovitis: a xenogeneic study using rheumatoid arthritis synovial membrane transplants in SCID mice,jour.1297499,Arthritis Research & Therapy
38738,2011,11,pub.1042717824,3013-3018,article,93,Modeling and in situ identification of material parameters for layered structures based on carbon nanotube arrays,jour.1048005,Composite Structures
38755,2011,9,pub.1035478589,e25212,article,6,Global Inhibition of Reactive Oxygen Species (ROS) Inhibits Paclitaxel-Induced Painful Peripheral Neuropathy,jour.1037553,PLoS ONE
38761,2011,1,pub.1024164938,012022,article,317,A comparative investigation of scatter correction in 3D PET,jour.1043366,Journal of Physics Conference Series
38852,2011,13,pub.1024779655,2033-2041,article,47,"Gamma-glutamyltransferase and risk of cancer in a cohort of 545,460 persons – the Swedish AMORIS study",jour.1294974,European Journal of Cancer
38919,2011,7362,pub.1040072135,54-60,article,477,Human metabolic individuality in biomedical and pharmaceutical research,jour.1018957,Nature
39002,2011,3,pub.1023438402,205,article,7,"2,4-Dinitrophenol (DNP): A Weight Loss Agent with Significant Acute Toxicity and Risk of Death",jour.1037516,Journal of Medical Toxicology
39017,2011,5,pub.1033169325,843-850,article,43,Cross-Regulation between an Alternative Splicing Activator and a Transcription Repressor Controls Neurogenesis,jour.1117828,Molecular Cell
39026,2011,9,pub.1012688305,3267-3276,article,7,"Development and optimization of a dual-photoinitiator, emulsion-based technique for rapid generation of cell-laden hydrogel microspheres",jour.1034525,Acta Biomaterialia
39064,2011,9,pub.1040758874,1767-1775,article,208,A retinoic acid–dependent checkpoint in the development of CD4+ T cell–mediated immunity,jour.1077126,Journal of Experimental Medicine
39106,2011,3,pub.1009713563,8,article,20,PrIMe: A methodology for developing provenance-aware applications,jour.1141059,ACM Transactions on Software Engineering and Methodology
39143,2011,8,pub.1029859273,778-785,article,12,The transcription factor NR4A1 (Nur77) controls bone marrow differentiation and the survival of Ly6C− monocytes,jour.1022778,Nature Immunology
39145,2011,4,pub.1038561445,353-360,article,24,"PDE4-inhibitors: A novel, targeted therapy for obstructive airways disease",jour.1313755,Pulmonary Pharmacology & Therapeutics
39196,2011,8,pub.1010194376,1610-1620,article,11,The Potency of Allospecific Tregs Cells Appears to Correlate With T Cell Receptor Functional Avidity,jour.1025004,American Journal of Transplantation
39210,2011,4,pub.1048375602,409-415,article,34,Review article: faecal transplantation therapy for gastrointestinal disease,jour.1097143,Alimentary Pharmacology & Therapeutics
39243,2011,8,pub.1020042956,797-810,article,6,Advances in tau-based drug discovery,jour.1038159,Expert Opinion on Drug Discovery
39254,2011,9792,pub.1016211285,704-712,article,378,In search of new therapeutic targets and strategies for heart failure: recent advances in basic science,jour.1077219,The Lancet
39276,2011,5,pub.1043899326,498-503,article,62,"Fructan content of commonly consumed wheat, rye and gluten-free breads",jour.1112058,International Journal of Food Sciences and Nutrition
39291,2011,4,pub.1024957834,195-201,article,21,Polymorphic variation at the serotonin 1-A receptor gene is associated with comorbid depression and generalized anxiety,jour.1101273,Psychiatric Genetics
39293,2011,8,pub.1008996818,495-506,article,32,Novel bronchodilators for the treatment of chronic obstructive pulmonary disease,jour.1089772,Trends in Pharmacological Sciences
39298,2011,16,pub.1004366808,2927-2937,article,278,"Tyrosine phosphorylation of tau regulates its interactions with Fyn SH2 domains, but not SH3 domains, altering the cellular localization of tau",jour.1297407,The FEBS Journal
39301,2011,11,pub.1040409236,1731-1744,article,12,Pharmacotherapy and management strategies for coeliac disease,jour.1021879,Expert Opinion on Pharmacotherapy
39303,2011,4,pub.1053288483,551-564,article,15,Hierarchical adaptive local affine registration for fast and robust respiratory motion estimation,jour.1117349,Medical Image Analysis
39312,2011,2,pub.1040756381,661-672,article,179,miR-21 and miR-214 Are Consistently Modulated during Renal Injury in Rodent Models,jour.1017016,American Journal Of Pathology
39329,2011,8,pub.1041967517,761-767,article,43,Interaction between ERAP1 and HLA-B27 in ankylosing spondylitis implicates peptide handling in the mechanism for HLA-B27 in disease susceptibility,jour.1103138,Nature Genetics
39330,2011,4,pub.1034535692,710-718,article,31,Trafficking of CAR-Engineered Human T Cells Following Regional or Systemic Adoptive Transfer in SCID Beige Mice,jour.1092207,Journal of Clinical Immunology
39361,2011,13,pub.1059028754,3953-65,article,56,"Extension of a data-driven gating technique to 3D, whole body PET studies.",jour.1018310,Physics in Medicine and Biology
39383,2011,1,pub.1067828541,92-102,article,128,New Insights About Infant and Toddler Skin: Implications for Sun Protection,jour.1017874,Pediatrics
39384,2011,7,pub.1015325479,675-690,article,68,Structural Neuroimaging Studies in Major Depressive Disorder: Meta-analysis and Comparison With Bipolar Disorder,jour.1312353,JAMA Psychiatry
39391,2011,7,pub.1023723073,609,article,66,Nocturnal asthma monitoring by chest wall electromyography,jour.1019594,Thorax
39399,2011,7,pub.1014748569,602,article,66,Neural respiratory drive as a physiological biomarker to monitor change during acute exacerbations of COPD,jour.1019594,Thorax
39441,2011,1,pub.1052084459,211-219,article,34,New respiratory gating technique for whole heart cine imaging: Integration of a navigator slice in steady state free precession sequences,jour.1101214,Journal of Magnetic Resonance Imaging
39496,2011,7,pub.1045231997,738-750,article,16,Antidepressants increase human hippocampal neurogenesis by activating the glucocorticoid receptor,jour.1115540,Molecular Psychiatry
39534,2011,4,pub.1003314277,511-519,article,106,Remote intermittent ischemia before coronary artery bypass graft surgery: a strategy to reduce injury and inflammation?,jour.1016443,Basic Research in Cardiology
39561,2011,1-2,pub.1025691797,112-120,article,132,"Melancholic, atypical and anxious depression subtypes and outcome of treatment with escitalopram and nortriptyline",jour.1089762,Journal of Affective Disorders
39634,2011,7,pub.1022575366,893-903,article,63,Design of clinically useful macromolecular iron chelators,jour.1358106,Journal of Pharmacy and Pharmacology
39659,2011,18,pub.1004417129,2598-2607,article,29,"Clinical End Points and Response Criteria in Mycosis Fungoides and Sézary Syndrome: A Consensus Statement of the International Society for Cutaneous Lymphomas, the United States Cutaneous Lymphoma Consortium, and the Cutaneous Lymphoma Task Force of the European Organisation for Research and Treatment of Cancer",jour.1312191,Journal of Clinical Oncology
39667,2011,6,pub.1055225925,540-6,article,6,A brain-permeable small molecule reduces neuronal cholesterol by inhibiting activity of sirtuin 2 deacetylase.,jour.1037414,ACS Chemical Biology
39686,2011,3,pub.1044893923,349-364,article,1,euHeart: personalized and integrated cardiac care using patient-specific cardiovascular modelling,jour.1043572,Interface Focus
39766,2011,7,pub.1024099191,1012-1022,article,145,Life at the Leading Edge,jour.1019114,Cell
39773,2011,6,pub.1046803995,806-816,article,6,"A simple, versatile and efficient method to genetically modify human monocyte-derived dendritic cells with HIV-1–derived lentiviral vectors",jour.1037502,Nature Protocols
39806,2011,7351,pub.1030400360,380-384,article,474,Transcriptomic analysis of autistic brain reveals convergent molecular pathology,jour.1018957,Nature
39814,2011,4,pub.1045976088,330-335,article,42,Structured illumination microscopy of autofluorescent aggregations in human tissue,jour.1358080,Micron
39844,2011,3,pub.1061692615,551-563,article,16,A Kalman Filter-Integrated Optical Flow Method for Velocity Sensing of Mobile Robots,jour.1033318,IEEE/ASME Transactions on Mechatronics
39845,2011,,pub.1094376907,1-5,proceeding,,Optimal Sensing and Power Allocation Strategy for an Efficient Cognitive Radio System,,
39863,2011,6,pub.1015510006,701-714,article,6,Faster generation of hiPSCs by coupling high-titer lentivirus and column-based positive selection,jour.1037502,Nature Protocols
39866,2011,6,pub.1032683516,349-361,article,12,"Transcriptional mechanisms regulating skeletal muscle differentiation, growth and homeostasis",jour.1023609,Nature Reviews Molecular Cell Biology
39867,2011,3,pub.1061432396,22-30,article,18,Enhanced intercell interference coordination challenges in heterogeneous networks,jour.1320074,IEEE wireless communications
39894,2011,9,pub.1037454435,1121-1132,article,71,Role of Spleen Tyrosine Kinase Inhibitors in the Management of Rheumatoid Arthritis,jour.1084788,Drugs
39970,2011,2,pub.1019820735,171-187,article,167,Tactile sensing for dexterous in-hand manipulation in robotics—A review,jour.1030494,Sensors and Actuators A Physical
39981,2011,3,pub.1026667100,199-201,article,5,Dissecting the Finnish male uniformity: The value of additional Y-STR loci,jour.1039060,Forensic Science International Genetics
39993,2011,3,pub.1013672790,232-242,article,4,Comparative Lipidomics Profiling of Human Atherosclerotic Plaques,jour.1040791,Circulation Genomic and Precision Medicine
40015,2011,83,pub.1025846169,83ra42-83ra42,article,3,Human Regulatory T Cells with Alloantigen Specificity Are More Potent Inhibitors of Alloimmune Skin Graft Damage than Polyclonal Regulatory T Cells,jour.1041454,Science Translational Medicine
40021,2011,10,pub.1044370066,2373-2381,article,128,Evaluation of prediagnostic prostate‐specific antigen dynamics as predictors of death from prostate cancer in patients treated conservatively,jour.1358156,International Journal of Cancer
40023,2011,10,pub.1041808584,2037-2047,article,20,The Batten disease gene CLN3 is required for the response to oxidative stress,jour.1102504,Human Molecular Genetics
40031,2011,18,pub.1013574677,7523-7528,article,108,Targeting of mannan-binding lectin-associated serine protease-2 confers protection from myocardial and gastrointestinal ischemia/reperfusion injury,jour.1082971,Proceedings of the National Academy of Sciences
40062,2011,5,pub.1045757456,533-543,article,129,Transcriptional control of the human glucocorticoid receptor: identification and analysis of alternative promoter regions,jour.1085982,Human Genetics
40088,2011,6,pub.1051317156,1049-1055,article,26,Etiology and pathogenesis of Parkinson's disease,jour.1096585,Movement Disorders
40120,2011,2,pub.1023402571,215-231,article,70,The differential effects of EPA and DHA on cardiovascular risk factors,jour.1082976,Proceedings of The Nutrition Society
40176,2011,3,pub.1035319884,385-396,article,106,Evidence for an intracellular localization of the adenosine A2B receptor in rat cardiomyocytes,jour.1016443,Basic Research in Cardiology
40214,2011,9-10,pub.1034097929,1121-1127,article,48,"Expression of complement components, receptors and regulators by human dendritic cells",jour.1089606,Molecular Immunology
40232,2011,5,pub.1026696793,1127-1135,article,54,Co-transplantation of mesenchymal stem cells maintains islet organisation and morphology in mice,jour.1001482,Diabetologia
40241,2011,5,pub.1047835195,571-576,article,18,Conformational changes in IgE contribute to its uniquely slow dissociation rate from receptor FcɛRI,jour.1295033,Nature Structural & Molecular Biology
40242,2011,5,pub.1044022105,429-435,article,43,"Common variants at ABCA7, MS4A6A/MS4A4E, EPHA1, CD33 and CD2AP are associated with Alzheimer's disease",jour.1103138,Nature Genetics
40248,2011,3,pub.1027641350,528-537,article,117,Combination of neurofilament heavy chain and complement C3 as CSF biomarkers for ALS,jour.1077197,Journal of Neurochemistry
40255,2011,5,pub.1021793999,1308-1322,article,226,Gene profiling reveals hydrogen sulphide recruits death signaling via the N‐methyl‐D‐aspartate receptor identifying commonalities with excitotoxicity,jour.1005966,Journal of Cellular Physiology
40275,2011,16,pub.1056079979,8369-8375,article,115,Characterization of Latent Heat-Releasing Phase Change Materials for Dermal Therapies,jour.1038386,The Journal of Physical Chemistry C
40277,2011,17,pub.1028657185,4511-4518,article,117,Monocytes control natural killer cell differentiation to effector phenotypes,jour.1085025,Blood
40298,2011,16,pub.1034704896,6609-6614,article,108,PDGFRα-positive cells in bone marrow are mobilized by high mobility group box 1 (HMGB1) to regenerate injured epithelia,jour.1082971,Proceedings of the National Academy of Sciences
40320,2011,7,pub.1059029125,n99-114,article,56,A computationally efficient OMP-based compressed sensing reconstruction for dynamic MRI.,jour.1018310,Physics in Medicine and Biology
40348,2011,7,pub.1002355289,3546-3556,article,85,Multiple Interactions between the ESCRT Machinery and Arrestin-Related Proteins: Implications for PPXY-Dependent Budding,jour.1008072,Journal of Virology
40375,2011,4,pub.1046489828,251,article,48,Rapid identification of mutations in GJC2 in primary lymphoedema using whole exome sequencing combined with linkage analysis with delineation of the phenotype,jour.1077104,Journal of Medical Genetics
40376,2011,Pt 4,pub.1032555428,355-367,article,67,REFMAC5 for the refinement of macromolecular crystal structures,jour.1053070,"Acta Crystallographica Section D, Structural Biology"
40448,2011,2,pub.1018949348,93-104,article,45,Calcitonin gene-related peptide (CGRP) and its role in hypertension,jour.1092331,Neuropeptides
40468,2011,4,pub.1008996133,1021-1035,article,65,Correction of main and transmit magnetic field (B0 and B1) inhomogeneity effects in multicomponent‐driven equilibrium single‐pulse observation of T1 and T2,jour.1095465,Magnetic Resonance in Medicine
40475,2011,4,pub.1040486700,452-458,article,14,Characterizing the RNA targets and position-dependent splicing regulation by TDP-43,jour.1118362,Nature Neuroscience
40506,2011,3,pub.1037820750,285-290,article,156,Mutational analysis reveals the FUS homolog TAF15 as a candidate gene for familial amyotrophic lateral sclerosis,jour.1034750,American Journal of Medical Genetics Part B Neuropsychiatric Genetics
40507,2011,1,pub.1029614782,103-107,article,407,Crystallizing nanoparticles derived from vascular smooth muscle cells contain the calcification inhibitor osteoprotegerin,jour.1312044,Biochemical and Biophysical Research Communications
40532,2011,3-4,pub.1043048967,175-184,article,49,A metabolomic comparison of mouse models of the Neuronal Ceroid Lipofuscinoses,jour.1101518,Journal of Biomolecular NMR
40542,2011,7,pub.1015219895,739-747,article,33,Review article: the design of clinical trials in hepatic encephalopathy – an International Society for Hepatic Encephalopathy and Nitrogen Metabolism (ISHEN) consensus statement,jour.1097143,Alimentary Pharmacology & Therapeutics
40568,2011,9-10,pub.1053734555,718-724,article,412,"Autoantibodies to GP2, the major zymogen granule membrane glycoprotein, are new markers in Crohn's disease",jour.1055382,Clinica Chimica Acta
40583,2011,5,pub.1011417119,1114-1125,article,36,Prenatal Exposure to Nicotine Impairs Performance of the 5-Choice Serial Reaction Time Task in Adult Rats,jour.1099176,Neuropsychopharmacology
40614,2011,13,pub.1047880243,5342-5347,article,108,Receptor activator of NF-κB (RANK) stimulates the proliferation of epithelial cells of the epidermo-pilosebaceous unit,jour.1082971,Proceedings of the National Academy of Sciences
40627,2011,10,pub.1055849351,3328-31,article,133,"The room-temperature synthesis of anisotropic CdHgTe quantum dot alloys: a ""molecular welding"" effect.",jour.1081898,Journal of the American Chemical Society
40630,2011,3,pub.1055154521,455-65,article,22,(⁹⁹m)Tc-bisphosphonate-iron oxide nanoparticle conjugates for dual-modality biomedical imaging.,jour.1100499,Bioconjugate Chemistry
40639,2011,3,pub.1046451013,577-592,article,208,"VISTA, a novel mouse Ig superfamily ligand that negatively regulates T cell responses",jour.1077126,Journal of Experimental Medicine
40641,2011,3,pub.1030131394,e17592,article,6,Investigation into the Presence of and Serological Response to XMRV in CFS Patients,jour.1037553,PLoS ONE
40666,2011,5,pub.1078333731,3113-3119,article,186,A Novel Human IgA Monoclonal Antibody Protects against Tuberculosis,jour.1077134,The Journal of Immunology
40674,2011,3,pub.1064292310,689-98,article,96,Activation of the receptor for advanced glycation end products system in women with severe preeclampsia.,jour.1017738,The Journal of Clinical Endocrinology & Metabolism
40683,2011,3,pub.1031705016,307-320,article,129,"Role of the endocannabinoid system in food intake, energy homeostasis and regulation of the endocrine pancreas",jour.1089715,Pharmacology & Therapeutics
40697,2011,2,pub.1045913263,158-167,article,6,Two new protocols to enhance the production and isolation of human induced pluripotent stem cell lines,jour.1039049,Stem Cell Research
40736,2011,2,pub.1021843732,197-206,article,11,Using bacterial biomarkers to identify early indicators of cystic fibrosis pulmonary exacerbation onset,jour.1029433,Expert Review of Molecular Diagnostics
40737,2011,9768,pub.1048515901,823-836,article,377,"Comparison of adaptive pacing therapy, cognitive behaviour therapy, graded exercise therapy, and specialist medical care for chronic fatigue syndrome (PACE): a randomised trial",jour.1077219,The Lancet
40742,2011,3-4,pub.1052756994,234-245,article,128,Transglutaminase 2 regulates early chondrogenesis and glycosaminoglycan synthesis,jour.1098650,Mechanisms of Development
40774,2011,3,pub.1052303551,246-252,article,43,"Meta-analysis identifies 29 additional ulcerative colitis risk loci, increasing the number of confirmed associations to 47",jour.1103138,Nature Genetics
40792,2011,3,pub.1039886139,245-255,article,12,Prognostic value of an RNA expression signature derived from cell cycle proliferation genes in patients with prostate cancer: a retrospective study,jour.1023279,The Lancet Oncology
40801,2011,3,pub.1052078399,383-388,article,17,Assessment of atherosclerotic plaque burden with an elastin-specific magnetic resonance contrast agent,jour.1113716,Nature Medicine
40859,2011,3,pub.1002676824,770-777,article,65,In vivo evaluation and proof of radiofrequency safety of a novel diagnostic MR‐electrophysiology catheter,jour.1095465,Magnetic Resonance in Medicine
40863,2011,3,pub.1021612462,265-271,article,19,Large-scale meta-analysis of interleukin-1 beta and interleukin-1 receptor antagonist polymorphisms on risk of radiographic hip and knee osteoarthritis and severity of knee osteoarthritis,jour.1103682,Osteoarthritis and Cartilage
40884,2011,6,pub.1045661931,1239-1249,article,162,Principles of early drug discovery,jour.1009866,British Journal of Pharmacology
40900,2011,9770,pub.1028084828,1019-1031,article,377,Alzheimer's disease,jour.1077219,The Lancet
40945,2011,2,pub.1042325012,e17160,article,6,The IL23R R381Q Gene Variant Protects against Immune-Mediated Diseases by Impairing IL-23-Induced Th17 Effector Response in Humans,jour.1037553,PLoS ONE
40966,2011,6,pub.1053503344,4216-4225,article,286,Class II Phosphoinositide 3-Kinase Regulates Exocytosis of Insulin Granules in Pancreatic β Cells*,jour.1077138,Journal of Biological Chemistry
40972,2011,,pub.1005278852,79032c-79032c-7,proceeding,7903,Using adaptive optics for deep in-vivo multiphoton FLIM,jour.1312104,Proceedings of SPIE
40974,2011,1,pub.1019111814,169-187,article,51,Hydrogen Sulfide and Cell Signaling,jour.1085345,The Annual Review of Pharmacology and Toxicology
41046,2011,1,pub.1049265644,1-14,article,24,Key role of the RhoA/Rho kinase system in pulmonary hypertension,jour.1313755,Pulmonary Pharmacology & Therapeutics
41052,2011,1,pub.1002326611,29-36,article,11,The Impact of Vitamin D on Regulatory T Cells,jour.1029244,Current Allergy and Asthma Reports
41062,2011,1,pub.1030994523,39-46,article,23,The sarcomeric cytoskeleton: who picks up the strain?,jour.1099604,Current Opinion in Cell Biology
41065,2011,2,pub.1020120821,107-111,article,6,Designed ultrafast optical nonlinearity in a plasmonic nanorod metamaterial enhanced by nonlocality,jour.1037429,Nature Nanotechnology
41120,2011,1,pub.1030848579,r5,article,13,Proliferation-associated POU4F2/Brn-3b transcription factor expression is regulated by oestrogen through ERα and growth factors via MAPK pathway,jour.1022375,Breast Cancer Research
41155,2011,2,pub.1017374271,575-587,article,65,High resolution three‐dimensional cardiac perfusion imaging using compartment‐based k‐t principal component analysis,jour.1095465,Magnetic Resonance in Medicine
41213,2011,1,pub.1040063583,119-128,article,70,Do SCFA have a role in appetite regulation?,jour.1082976,Proceedings of The Nutrition Society
41242,2011,2,pub.1051544362,784-791,article,31,Mapping Infant Brain Myelination with Magnetic Resonance Imaging,jour.1092210,Journal of Neuroscience
41247,2011,1,pub.1055221795,123-33,article,12,"Study of the structure and properties of native and hydrothermally processed wild-type, lam and r variant pea starches that affect amylolysis of these starches.",jour.1021543,Biomacromolecules
41264,2011,4,pub.1008357887,1099-1109,article,22,Proteome-Based Plasma Markers of Brain Amyloid-β Deposition in Non-Demented Older Individuals,jour.1119070,Journal of Alzheimer's Disease
41328,2011,1,pub.1052399530,90-104,article,41,Investigation of Dyslexia and SLI Risk Variants in Reading- and Language-Impaired Subjects,jour.1013844,Behavior Genetics
41342,2011,1,pub.1023200897,11-23,article,29,Metabolic engineering of Escherichia coli and Corynebacterium glutamicum for the production of l-threonine,jour.1094447,Biotechnology Advances
41360,2011,1,pub.1029023287,41-50,article,26,Predictors of 12‐week remission in a nationwide cohort of people with depressive disorders: the CRESCEND study,jour.1096903,Human Psychopharmacology Clinical and Experimental
41435,2011,1,pub.1011234489,1-2,article,71,"Editors' report, November 2010",jour.1082013,British Journal of Clinical Pharmacology
41456,2011,1,pub.1035810954,75-82,article,26,The AddNeuroMed framework for multi‐centre MRI assessment of Alzheimer's disease : experience from the first 24 months,jour.1097410,International Journal of Geriatric Psychiatry
41468,2011,1,pub.1036303668,5-12,article,16,NADPH oxidases and cardiac remodelling,jour.1115887,Heart Failure Reviews
41476,2011,1,pub.1009932218,39-51,article,25,Independent prognostic variables in acute myeloid leukaemia,jour.1097239,Blood Reviews
41492,2011,1,pub.1046111903,89-102,article,59,Multiscale mass-spring models of carbon nanotube foams,jour.1133658,Journal of the Mechanics and Physics of Solids
41522,2011,1,pub.1061638442,248-257,article,60,Indoor Elliptical Localization Based on Asynchronous UWB Range Measurement,jour.1019991,IEEE Transactions on Instrumentation and Measurement
41636,2011,20,pub.1031715658,7331-7336,article,21,Synthesis and optical characterization of infra-red emitting mercury sulfide (HgS) quantum dots,jour.1132648,Journal of Materials Chemistry
41784,2011,2,pub.1061446693,274-290,article,13,A Comparison Between the Centralized and Distributed Approaches for Spectrum Management,jour.1139536,IEEE Communications Surveys & Tutorials
41791,2011,25,pub.1031836840,7068-7070,article,47,Efficient bifunctional gallium-68 chelators for positron emission tomography: tris(hydroxypyridinone) ligands,jour.1297159,Chemical Communications
41865,2011,1,pub.1070915925,849-64,article,16,Signalling to cancer cell invasion through PAK family kinases.,jour.1048730,Frontiers in Bioscience
42009,2011,23,pub.1007667042,6196-6205,article,40,Inorganic approaches for radiolabelling biomolecules with fluorine-18 for imaging with Positron Emission Tomography,jour.1027733,Dalton Transactions
42118,2010,1,pub.1024088792,557,article,11,Genome-wide expression patterns in physiological cardiac hypertrophy,jour.1023790,BMC Genomics
42133,2010,4,pub.1047520334,325-335,article,35,Somatic hypermutation and antigen-driven selection of B cells are altered in autoimmune diseases,jour.1098683,Journal of Autoimmunity
42155,2010,1,pub.1044808674,67,article,10,European consensus statement on diagnosis and treatment of adult ADHD: The European Network Adult ADHD,jour.1024952,BMC Psychiatry
42169,2010,10,pub.1002221054,842-848,article,18,Human serum albumin nanoparticles modified with apolipoprotein A-I cross the blood-brain barrier and enter the rodent brain,jour.1104247,Journal of Drug Targeting
42173,2010,1,pub.1012886471,48,article,29,Generation of functional CD8+ T Cells by human dendritic cells expressing glypican-3 epitopes,jour.1094159,Journal of Experimental & Clinical Cancer Research
42189,2010,6,pub.1024856518,1592-1598,article,64,First‐pass contrast‐enhanced myocardial perfusion MRI in mice on a 3‐T clinical MR scanner,jour.1095465,Magnetic Resonance in Medicine
42233,2010,12,pub.1061708959,4040-4051,article,58,3–5 GHz UWB Impulse Radio Transmitter and Receiver MMIC Optimized for Long Range Precision Wireless Sensor Networks,jour.1123356,IEEE Transactions on Microwave Theory and Techniques
42234,2010,6,pub.1000063301,606-618,article,18,β-Catenin Mediates the Establishment and Drug Resistance of MLL Leukemic Stem Cells,jour.1030059,Cancer Cell
42269,2010,9757,pub.1050868227,2018-2031,article,376,Sickle-cell disease,jour.1077219,The Lancet
42377,2010,10,pub.1041588680,745-750,article,24,Simultaneous PET–MR acquisition and MR-derived motion fields for correction of non-rigid motion in PET,jour.1099601,Annals of Nuclear Medicine
42382,2010,1,pub.1031989071,30,article,5,Pro-neurotrophins secreted from retinal ganglion cell axons are necessary for ephrinA-p75NTR-mediated axon guidance,jour.1037699,Neural Development
42410,2010,1,pub.1027217740,280,article,11,Dietary garlic and hip osteoarthritis: evidence of a protective effect and putative mechanism of action,jour.1024957,BMC Musculoskeletal Disorders
42475,2010,12,pub.1019025470,1118-1125,article,42,Genome-wide meta-analysis increases to 71 the number of confirmed Crohn's disease susceptibility loci,jour.1103138,Nature Genetics
42515,2010,11,pub.1020327061,e14040,article,5,Integrated Genetic and Epigenetic Analysis Identifies Haplotype-Specific Methylation in the FTO Type 2 Diabetes and Obesity Susceptibility Locus,jour.1037553,PLoS ONE
42524,2010,10,pub.1027171301,5688-5691,article,185,Cutting Edge: A Critical Functional Role for IL-23 in Psoriasis,jour.1077134,The Journal of Immunology
42537,2010,11,pub.1038178977,3859-3869,article,48,Propionibacterium acnes and Staphylococcus epidermidis Isolated from Refractory Endodontic Lesions Are Opportunistic Pathogens▿ †,jour.1082731,Journal of Clinical Microbiology
42582,2010,11,pub.1011317491,3280-3290,article,40,Analysis of the peripheral T‐cell repertoire in kidney transplant patients,jour.1054998,European Journal of Immunology
42607,2010,11,pub.1037442764,949-960,article,42,Meta-analysis identifies 13 new loci associated with waist-hip ratio and reveals sexual dimorphism in the genetic basis of fat distribution,jour.1103138,Nature Genetics
42640,2010,18,pub.1022212910,3100-3108,article,316,Direct effects of the pathogenic mutation on satellite cell function in muscular dystrophy,jour.1017523,Experimental Cell Research
42661,2010,11,pub.1031173118,636-643,article,6,Regulatory B cells in autoimmunity: developments and controversies,jour.1036168,Nature Reviews Rheumatology
42697,2010,11,pub.1015030210,1950-1960,article,28,Neuronatin Promotes Neural Lineage in ESCs via Ca2+ Signaling,jour.1094139,Stem Cells
42765,2010,11,pub.1013643799,937-948,article,42,"Association analyses of 249,796 individuals reveal 18 new loci associated with body mass index",jour.1103138,Nature Genetics
42789,2010,20,pub.1006087384,4091-4099,article,19,A large genome scan for rare CNVs in amyotrophic lateral sclerosis,jour.1102504,Human Molecular Genetics
42793,2010,20,pub.1020796892,4072-4082,article,19,A genome-wide scan for common alleles affecting risk for autism,jour.1102504,Human Molecular Genetics
42798,2010,29,pub.1002532504,4485-4491,article,28,"Final Results From a Multicenter, International, Pivotal Study of Romidepsin in Refractory Cutaneous T-Cell Lymphoma",jour.1312191,Journal of Clinical Oncology
42814,2010,19,pub.1046395199,5002-5017,article,192,The Human Oral Microbiome▿ † ‖,jour.1077137,Journal of Bacteriology
42817,2010,10,pub.1020491658,1080,article,81,"CSF amyloid-β and tau proteins, and cognitive performance, in early and untreated Parkinson's Disease: the Norwegian ParkWest study",jour.1062273,Journal of Neurology Neurosurgery & Psychiatry
42822,2010,19,pub.1004735988,3885-3894,article,19,Genome-wide association analysis identifies multiple loci related to resting heart rate,jour.1102504,Human Molecular Genetics
42840,2010,5,pub.1064077454,247-256,article,2,The role of Interleukin 6 in the pathophysiology of rheumatoid arthritis,jour.1042292,Therapeutic Advances in Musculoskeletal Disease
42853,2010,10,pub.1061321254,1598-1608,article,10,MRI-Compatible Fiber-Optic Force Sensors for Catheterization Procedures,jour.1033572,IEEE Sensors Journal
42891,2010,2,pub.1013979180,623-632,article,170,Single pulse electrical stimulation of the hippocampus is sufficient to impair human episodic memory,jour.1085139,Neuroscience
42936,2010,10,pub.1043153299,782-787,article,38,The effect of increasing sodium fluoride concentrations on erosion and attrition of enamel and dentine in vitro,jour.1016296,Journal of Dentistry
42937,2010,10,pub.1004831873,986-994,article,9,Chromosome 9p21 in sporadic amyotrophic lateral sclerosis in the UK and seven other countries: a genome-wide association study,jour.1030586,The Lancet Neurology
42952,2010,7317,pub.1037714920,832-838,article,467,Hundreds of variants clustered in genomic loci and biological pathways affect human height,jour.1018957,Nature
42954,2010,10,pub.1043020826,1016-1022,article,15,The bipolar disorder risk allele at CACNA1C also confers risk of recurrent major depression and of schizophrenia,jour.1115540,Molecular Psychiatry
42956,2010,7,pub.1018704376,529-538,article,28,The virtosome—a novel cytosolic informative entity and intercellular messenger,jour.1094055,Cell Biochemistry and Function
42974,2010,4,pub.1017794886,2034-2045,article,177,Targeting DNA Replication before it Starts Cdc7 as a Therapeutic Target in p53-Mutant Breast Cancers,jour.1017016,American Journal Of Pathology
42998,2010,10,pub.1037082806,945-954,article,48,Flexible and stretchable micro-electrodes for in vitro and in vivo neural interfaces,jour.1005585,Medical & Biological Engineering & Computing
43034,2010,10,pub.1067588342,1441-51,article,10,Perivascular cells as mesenchymal stem cells.,jour.1029779,Expert Opinion on Biological Therapy
43047,2010,9,pub.1016495619,e13004,article,5,Experimental Generation of SNP Haplotype Signatures in Patients with Sickle Cell Anaemia,jour.1037553,PLoS ONE
43050,2010,14,pub.1018184431,1939-1949,article,11,Glycosyltransferases and their Assays,jour.1022588,ChemBioChem
43062,2010,5,pub.1007846896,693-700,article,104,Association between Faecalibacterium prausnitzii and dietary fibre in colonic fermentation in healthy human subjects,jour.1017311,British Journal Of Nutrition
43072,2010,9,pub.1044335690,e12633,article,5,Traits Contributing to the Autistic Spectrum,jour.1037553,PLoS ONE
43091,2010,9,pub.1029588741,2087-2093,article,59,Antigen-Specific Immunotherapy for Type 1 Diabetes: Maximizing the Potential,jour.1017423,Diabetes
43103,2010,17,pub.1007838858,8821-8828,article,84,Specificity of Baculovirus P6.9 Basic DNA-Binding Proteins and Critical Role of the C Terminus in Virion Formation▿ †,jour.1008072,Journal of Virology
43111,2010,9,pub.1061695552,1612-1625,article,29,A Registration-Based Propagation Framework for Automatic Whole Heart Segmentation of Cardiac MRI,jour.1094287,IEEE Transactions on Medical Imaging
43134,2010,9,pub.1020433644,2048-2062,article,9,Proteomics Characterization of Extracellular Space Components in the Human Aorta*,jour.1029798,Molecular & Cellular Proteomics
43139,2010,9746,pub.1020865753,1094-1108,article,376,Rheumatoid arthritis,jour.1077219,The Lancet
43148,2010,3-4,pub.1050298999,138-143,article,53,Hydrogen sulfide: Regulatory role on blood pressure in hyperhomocysteinemia,jour.1084818,Vascular Pharmacology
43154,2010,3,pub.1043159129,225-235,article,8,A Biphasic Innate Immune MAPK Response Discriminates between the Yeast and Hyphal Forms of Candida albicans in Epithelial Cells,jour.1038488,Cell Host & Microbe
43164,2010,3,pub.1042575498,375-386,article,33,Human CD14dim Monocytes Patrol and Sense Nucleic Acids and Viruses via TLR7 and TLR8 Receptors,jour.1112054,Immunity
43219,2010,3,pub.1003260195,503-512,article,1,Circulating nucleic acids in plasma and serum: diagnosis and prognosis in cancer,jour.1042290,EPMA Journal
43223,2010,9,pub.1004740113,1681-1689,article,5,Current Status of the Measurement of Blood Hepcidin Levels in Chronic Kidney Disease,jour.1036729,Clinical Journal of the American Society of Nephrology
43225,2010,9,pub.1049818026,2549-2564,article,133,Systemic blockade of P2X3 and P2X2/3 receptors attenuates bone cancer pain behaviour in rats,jour.1017305,Brain
43226,2010,12,pub.1044571068,748-753,article,44,Gene variants associated with schizophrenia in a Norwegian genome-wide study are replicated in a large European cohort,jour.1017825,Journal of Psychiatric Research
43296,2010,9,pub.1039016877,862-871,article,11,Complement regulator CD46 temporally regulates cytokine production by conventional and unconventional T cells,jour.1022778,Nature Immunology
43343,2010,7,pub.1043029711,1105-1113,article,116,"MicroRNA expression in Sézary syndrome: identification, function, and diagnostic potential",jour.1085025,Blood
43347,2010,4,pub.1027846852,2600-2610,article,185,Modification of MHC Anchor Residues Generates Heteroclitic Peptides That Alter TCR Binding and T Cell Recognition,jour.1077134,The Journal of Immunology
43349,2010,33,pub.1046133798,25538-25544,article,285,Selective Expansion of Chimeric Antigen Receptor-targeted T-cells with Potent Effector Function using Interleukin-4,jour.1077138,Journal of Biological Chemistry
43352,2010,32,pub.1026089894,10612-10623,article,30,Describing the Brain in Autism in Five Dimensions—Magnetic Resonance Imaging-Assisted Diagnosis of Autism Spectrum Disorder Using a Multiparameter Classification Approach,jour.1092210,Journal of Neuroscience
43353,2010,2,pub.1078178739,585-596,article,21,Plasma Gelsolin is Decreased and Correlates with Rate of Decline in Alzheimer's Disease,jour.1119070,Journal of Alzheimer's Disease
43371,2010,4,pub.1002238046,1016-1020,article,38,Tau cleavage and tau aggregation in neurodegenerative disease,jour.1083357,Biochemical Society Transactions
43373,2010,4,pub.1028919906,504-523,article,9,Drosophila melanogaster in the Study of Human Neurodegeneration,jour.1294825,CNS & Neurological Disorders - Drug Targets
43421,2010,8,pub.1036199629,2055-2062,article,59,"HLA DPA1, DPB1 Alleles and Haplotypes Contribute to the Risk Associated With Type 1 Diabetes",jour.1017423,Diabetes
43436,2010,8,pub.1013534709,692-697,article,42,Genome-wide association study identifies a sequence variant within the DAB2IP gene conferring susceptibility to abdominal aortic aneurysm,jour.1103138,Nature Genetics
43478,2010,7,pub.1022250507,1741-1753,article,160,Symptomatic and neuroprotective effects following activation of nigral group III metabotropic glutamate receptors in rodent models of Parkinson's disease,jour.1009866,British Journal of Pharmacology
43482,2010,6,pub.1061516471,1601-1611,article,18,The CALO Meeting Assistant System,jour.1320495,IEEE/ACM Transactions on Audio Speech and Language Processing
43497,2010,4,pub.1037726119,527-533,article,17,Feasibility and Limitations of an Automated 2D-3D Rigid Image Registration System for Complex Endovascular Aortic Procedures,jour.1297476,Journal of Endovascular Therapy
43519,2010,8,pub.1027655162,582-593,article,20,An in vivo pharmacological evaluation of pardoprunox (SLV308) — A novel combined dopamine D2/D3 receptor partial agonist and 5-HT1A receptor agonist with efficacy in experimental models of Parkinson's disease,jour.1101548,European Neuropsychopharmacology
43520,2010,1-2,pub.1011136820,1-9,article,360,A recombinant human HLA-class I antigen linked to dextran elicits innate and adaptive immune responses,jour.1114435,Journal of Immunological Methods
43562,2010,S2,pub.1050776068,s1-s63,article,104,Prebiotic effects: metabolic and health benefits,jour.1017311,British Journal Of Nutrition
43565,2010,13,pub.1032723472,2252-2253,article,47,Lets connect: A novel role for CD46 in tight junction regulation,jour.1089606,Molecular Immunology
43585,2010,4,pub.1043554132,486-491,article,15,Complement in organ transplantation,jour.1117639,Current Opinion in Organ Transplantation
43586,2010,4,pub.1040927596,427-434,article,15,Adoptive regulatory T cell therapy: challenges in clinical transplantation,jour.1117639,Current Opinion in Organ Transplantation
43588,2010,7307,pub.1050402786,707-713,article,466,"Biological, clinical and population relevance of 95 loci for blood lipids",jour.1018957,Nature
43589,2010,2,pub.1028799654,90-99,article,62,Targeting nanoparticles to cancer,jour.1013191,Pharmacological Research
43608,2010,8,pub.1013493048,726-732,article,49,Analysis of t(15;17) chromosomal breakpoint sequences in therapy‐related versus de novo acute promyelocytic leukemia: Association of DNA breaks with specific DNA motifs at PML and RARA loci,jour.1100388,Genes Chromosomes and Cancer
43626,2010,7,pub.1035931620,e11801,article,5,p120ctn and P-Cadherin but Not E-Cadherin Regulate Cell Motility and Invasion of DU145 Prostate Cancer Cells,jour.1037553,PLoS ONE
43628,2010,2,pub.1014348634,165-175,article,190,A guide to super-resolution fluorescence microscopy,jour.1017735,The Journal of Cell Biology
43630,2010,28,pub.1055847424,9833-42,article,132,Magnetic conjugated polymer nanoparticles as bimodal imaging agents.,jour.1081898,Journal of the American Chemical Society
43649,2010,13,pub.1059028228,n371-82,article,55,Hybrid echo and x-ray image guidance for cardiac catheterization procedures by using a robotic arm: a feasibility study.,jour.1018310,Physics in Medicine and Biology
43652,2010,10,pub.1029880765,1392-1398,article,11,A Novel Fluorescent Probe for Retaining Galactosyltransferases,jour.1022588,ChemBioChem
43665,2010,7,pub.1016541554,1721-1730,article,59,Simultaneous Detection of Circulating Autoreactive CD8+ T-Cells Specific for Different Islet Cell–Associated Epitopes Using Combinatorial MHC Multimers,jour.1017423,Diabetes
43670,2010,7,pub.1036743568,3196-3206,article,78,Comparison of the Moonlighting Actions of the Two Highly Homologous Chaperonin 60 Proteins of Mycobacterium tuberculosis▿,jour.1013611,Infection and Immunity
43694,2010,4,pub.1037879665,s522-s523,article,6,Plasma transthyretin as a candidate marker of cognitive decline and severity in Alzheimer's disease,jour.1034467,Alzheimer's & Dementia
43718,2010,7304,pub.1012902412,368-372,article,466,Functional impact of global rare copy number variation in autism spectrum disorders,jour.1018957,Nature
43725,2010,7,pub.1011930510,1426-1436,article,27,Design and Evaluation of Histidine-Rich Amphipathic Peptides for siRNA Delivery,jour.1094644,Pharmaceutical Research
43726,2010,4,pub.1005242246,s510,article,6,Plasma microRNA: A new source of biomarker for Alzheimer's disease,jour.1034467,Alzheimer's & Dementia
43751,2010,9738,pub.1047524127,346-354,article,376,Inhaled nitric oxide for prevention of bronchopulmonary dysplasia in premature babies (EUNO): a randomised controlled trial,jour.1077219,The Lancet
43783,2010,7,pub.1045960263,553-555,article,42,Associations of CFHR1–CFHR3 deletion and a CFH SNP to age-related macular degeneration are not independent,jour.1103138,Nature Genetics
43784,2010,4,pub.1072310568,474-9,article,7,The role of CELF proteins in neurological disorders.,jour.1034704,RNA Biology
43786,2010,9737,pub.1010088435,245-251,article,376,Oral poly(ADP-ribose) polymerase inhibitor olaparib in patients with BRCA1 or BRCA2 mutations and recurrent ovarian cancer: a proof-of-concept trial,jour.1077219,The Lancet
43787,2010,9736,pub.1044618640,180-188,article,376,Common genetic determinants of vitamin D insufficiency: a genome-wide association study,jour.1077219,The Lancet
43800,2010,7,pub.1043349329,536-542,article,46,Downstream targets of FOXM1: CEP55 and HELLS are cancer progression markers of head and neck squamous cell carcinoma,jour.1358076,Oral Oncology
43813,2010,7,pub.1071542085,1444-53,article,37,Remission in early rheumatoid arthritis.,jour.1081605,The Journal of Rheumatology
43844,2010,7,pub.1016296572,1778-1784,article,130,Progress in Epidermolysis Bullosa Research: Toward Treatment and Cure,jour.1358061,Journal of Investigative Dermatology
43879,2010,9737,pub.1000475882,235-244,article,376,Oral poly(ADP-ribose) polymerase inhibitor olaparib in patients with BRCA1 or BRCA2 mutations and advanced breast cancer: a proof-of-concept trial,jour.1077219,The Lancet
43900,2010,1,pub.1010186639,106-112,article,49,Ca2+/calmodulin-dependent protein kinase II contributes to intracellular pH recovery from acidosis via Na+/H+ exchanger activation,jour.1014308,Journal of Molecular and Cellular Cardiology
43944,2010,1-2,pub.1050852605,178-188,article,392,The enhanced aerosol performance of salbutamol from dry powders containing engineered mannitol as excipient,jour.1087742,International Journal of Pharmaceutics
43946,2010,9,pub.1038437799,1266-1272,article,11,"Incorporation of 2,3‐Diaminopropionic Acid into Linear Cationic Amphipathic Peptides Produces pH‐Sensitive Vectors",jour.1022588,ChemBioChem
43967,2010,21,pub.1037313786,6374-6381,article,16,Amido‐3‐hydroxypyridin‐4‐ones as Iron(III) Ligands,jour.1114579,Chemistry - A European Journal
44007,2010,,pub.1047772640,67-77,article,1338,Aberrant RNA processing events in neurological disorders,jour.1117575,Brain Research
44020,2010,6,pub.1004621022,1726-1736,article,130,Molecular Analysis of Tumor-Promoting CD8+ T Cells in Two-Stage Cutaneous Chemical Carcinogenesis,jour.1358061,Journal of Investigative Dermatology
44051,2010,2,pub.1012897197,34-40,article,4,"ARTERY Society guidelines for validation of non-invasive haemodynamic measurement devices: Part 1, arterial pulse wave velocity",jour.1038784,Artery Research
44053,2010,3,pub.1043093279,165-178,article,58,Adoptive T-cell Immunotherapy of Cancer Using Chimeric Antigen Receptor-Grafted T Cells,jour.1008137,Archivum Immunologiae et Therapiae Experimentalis
44058,2010,6,pub.1004112129,532-542,article,11,Peptide YY Is Critical for Acylethanolamine Receptor Gpr119-Induced Activation of Gastrointestinal Mucosal Responses,jour.1034535,Cell Metabolism
44077,2010,7,pub.1043408285,1429-1439,article,35,Sensorimotor Gating is Associated with CHRNA3 Polymorphisms in Schizophrenia and Healthy Volunteers,jour.1099176,Neuropsychopharmacology
44081,2010,6,pub.1039712973,964,article,69,EULAR recommendations for the management of rheumatoid arthritis with synthetic and biological disease-modifying antirheumatic drugs,jour.1017226,Annals of the Rheumatic Diseases
44100,2010,1-2,pub.1032710227,68-73,article,393,A fundamental investigation into the effects of eutectic formation on transmembrane transport,jour.1087742,International Journal of Pharmaceutics
44107,2010,5,pub.1003323036,671-680,article,66,A Gain-of-Function Mutation in TRPA1 Causes Familial Episodic Pain Syndrome,jour.1098485,Neuron
44135,2010,9733,pub.1012746241,2244-2253,article,375,Prandial inhaled insulin plus basal insulin glargine versus twice daily biaspart insulin for type 2 diabetes: a multicentre randomised trial,jour.1077219,The Lancet
44138,2010,7299,pub.1052371813,775-778,article,465,Putting brain training to the test,jour.1018957,Nature
44142,2010,6,pub.1024838753,1227,article,69,Serum branched-chain amino acid to histidine ratio: a novel metabolomic biomarker of knee osteoarthritis,jour.1017226,Annals of the Rheumatic Diseases
44149,2010,3,pub.1008586337,204,article,12,Tumour-associated carbohydrate antigens in breast cancer,jour.1022375,Breast Cancer Research
44179,2010,6,pub.1018520988,528-555,article,27,Should an obsessive–compulsive spectrum grouping of disorders be included in DSM‐V?,jour.1116984,Depression and Anxiety
44197,2010,5,pub.1056227470,2856-64,article,4,Self-assembly of peptides into spherical nanoparticles for delivery of hydrophilic moieties to the cytosol.,jour.1038917,ACS Nano
44205,2010,20,pub.1016332354,9293-9298,article,107,Genome-wide association identifies OBFC1 as a locus involved in human leukocyte telomere biology,jour.1082971,Proceedings of the National Academy of Sciences
44214,2010,5980,pub.1062461360,825-825,article,328,"Comment on “Detection of an Infectious Retrovirus, XMRV, in Blood Cells of Patients with Chronic Fatigue Syndrome”",jour.1346339,Science
44234,2010,10,pub.1011342505,792,article,96,Cells as biologics for cardiac repair in ischaemic heart failure,jour.1017081,Heart
44241,2010,9,pub.1008245789,1828-1839,article,19,Independent and population-specific association of risk variants at the IRGM locus with Crohn's disease,jour.1102504,Human Molecular Genetics
44246,2010,9,pub.1032333976,1756-1765,article,19,CalDAG-GEFI down-regulation in the striatum as a neuroprotective change in Huntington's disease,jour.1102504,Human Molecular Genetics
44275,2010,5,pub.1005184820,762-770,article,36,Pilot study of new focus-shift accommodating intraocular lens,jour.1086165,Journal of Cataract & Refractive Surgery
44277,2010,5,pub.1028425578,1247-1257,article,63,Model‐based reconstruction for cardiac cine MRI without ECG or breath holding,jour.1095465,Magnetic Resonance in Medicine
44341,2010,2-3,pub.1004843906,86-95,article,120,"Regulatory T cells, inflammation and the allergic response—The role of glucocorticoids and Vitamin D",jour.1014183,The Journal of Steroid Biochemistry and Molecular Biology
44354,2010,3,pub.1035470272,162-168,article,79,Endothelial progenitor cells—an evolving story,jour.1010513,Microvascular Research
44362,2010,5,pub.1041080199,406-409,article,42,Mutation of the RAD51C gene in a Fanconi anemia–like disorder,jour.1103138,Nature Genetics
44380,2010,5,pub.1061527928,1003-1007,article,57,Feasibility Study of Lesion Classification via Contrast-Agent-Aided UWB Breast Imaging,jour.1002105,IEEE Transactions on Biomedical Engineering
44409,2010,5,pub.1063498723,555-564,article,167,Genome-Wide Pharmacogenetics of Antidepressant Response in the GENDEP Project,jour.1017023,American Journal of Psychiatry
44413,2010,5,pub.1017834273,249-258,article,33,RNA metabolism and the pathogenesis of motor neuron diseases,jour.1088696,Trends in Neurosciences
44418,2010,2,pub.1014384665,187-194,article,69,Treating irritable bowel syndrome with probiotics: the evidence,jour.1082976,Proceedings of The Nutrition Society
44439,2010,17,pub.1039424004,7927-7932,article,107,SIRT2 inhibition achieves neuroprotection by decreasing sterol biosynthesis,jour.1082971,Proceedings of the National Academy of Sciences
44451,2010,16,pub.1019548307,7395-7400,article,107,Genome-wide association study of advanced age-related macular degeneration identifies a role of the hepatic lipase gene (LIPC),jour.1082971,Proceedings of the National Academy of Sciences
44452,2010,16,pub.1033952475,7556-7561,article,107,Familial amyotrophic lateral sclerosis is associated with a mutation in D-amino acid oxidase,jour.1082971,Proceedings of the National Academy of Sciences
44480,2010,8,pub.1035147195,1721-1731,article,48,"Preparation, characterization, and binding profile of molecularly imprinted hydrogels for the peptide hepcidin",jour.1100250,Journal of Polymer Science Part A Polymer Chemistry
44489,2010,1,pub.1040394869,13-26,article,206,Generating pancreatic β-cells from embryonic stem cells by manipulating signaling pathways,jour.1017739,Journal of Endocrinology
44491,2010,4,pub.1016574342,e10074,article,5,Maternal Diet-Induced Obesity Alters Mitochondrial Activity and Redox Status in Mouse Oocytes and Zygotes,jour.1037553,PLoS ONE
44492,2010,14,pub.1047087331,2769-2776,article,115,Directed differentiation of hematopoietic precursors and functional osteoclasts from human ES and iPS cells,jour.1085025,Blood
44529,2010,2,pub.1039702097,227-236,article,6,Pharmaceutical foams: are they the answer to the dilemma of topical nanoparticles?,jour.1034524,Nanomedicine Nanotechnology Biology and Medicine
44544,2010,2,pub.1013409861,97-107,article,49,Lipopolysaccharide: Biosynthetic pathway and structure modification,jour.1088992,Progress in Lipid Research
44598,2010,4,pub.1013237137,560-564,article,17,Technical requirements for effective regional hydrodynamic gene delivery to the left lateral lobe of the rat liver,jour.1105638,Gene Therapy
44599,2010,4,pub.1046949857,896-900,article,24,Lck is a key target of imatinib and dasatinib in T-cell activation,jour.1097065,Leukemia
44621,2010,4pt2,pub.1037672512,1598-1607,article,7,ORIGINAL ARTICLES: Definitions/Epidemiology/Risk Factors for Sexual Dysfunction,jour.1034398,Journal of Sexual Medicine
44663,2010,,pub.1093358267,222-231,proceeding,,Empirical study on the efficiency of search based test generation for EFSM models,,
44673,2010,4,pub.1044521695,272-275,article,20,Deletion variant of α2b-adrenergic receptor gene moderates the effect of COMT val158met polymorphism on episodic memory performance,jour.1101548,European Neuropsychopharmacology
44679,2010,4,pub.1050960747,295-302,article,42,Multiple common variants for celiac disease influencing immune gene expression,jour.1103138,Nature Genetics
44763,2010,1,pub.1000094705,178-190,article,141,Further Pharmacological and Genetic Evidence for the Efficacy of PlGF Inhibition in Cancer and Eye Disease,jour.1019114,Cell
44788,2010,4,pub.1025936031,498-510,article,90,Epigenetic regulation in the pathophysiology of Alzheimer's disease,jour.1016892,Progress in Neurobiology
44797,2010,2,pub.1031471948,244-249,article,149,Prolonged survival with improved tolerability in higher‐risk myelodysplastic syndromes: azacitidine compared with low dose ara‐C,jour.1017308,British Journal of Haematology
44798,2010,4,pub.1002214921,287-294,article,12,Identification of a new hexadentate iron chelator capable of restricting the intramacrophagic growth of Mycobacterium avium,jour.1020775,Microbes and Infection
44874,2010,12,pub.1007526456,4503-4507,article,30,Endogenous Purinergic Control of Bladder Activity via Presynaptic P2X3 and P2X2/3 Receptors in the Spinal Cord,jour.1092210,Journal of Neuroscience
44875,2010,11,pub.1055846750,3989-96,article,132,Phospholipid encapsulated semiconducting polymer nanoparticles: their use in cell imaging and protein attachment.,jour.1081898,Journal of the American Chemical Society
44905,2010,12,pub.1001902970,8808-8823,article,285,Proteolysis of Mutant Huntingtin Produces an Exon 1 Fragment That Accumulates as an Aggregated Protein in Neuronal Nuclei in Huntington Disease,jour.1077138,Journal of Biological Chemistry
44909,2010,11,pub.1029249148,5166-5171,article,107,Susceptibility of xenotropic murine leukemia virus-related virus (XMRV) to retroviral restriction factors,jour.1082971,Proceedings of the National Academy of Sciences
45014,2010,2,pub.1031778938,123-141,article,15,Caught with their PAMPs down? The extracellular signalling actions of molecular chaperones are not due to microbial contaminants,jour.1115743,Cell Stress and Chaperones
45018,2010,6,pub.1034365498,2204-2218,article,18,In silico search for multi-target anti-inflammatories in Chinese herbs and formulas,jour.1104990,Bioorganic & Medicinal Chemistry
45036,2010,3,pub.1011035298,234-239,article,42,Common variants at 7p21 are associated with frontotemporal lobar degeneration with TDP-43 inclusions,jour.1103138,Nature Genetics
45038,2010,3,pub.1061695525,924-937,article,29,Registering Preprocedure Volumetric Images with Intraprocedure 3-D Ultrasound Using an Ultrasound Imaging Model,jour.1094287,IEEE Transactions on Medical Imaging
45075,2010,3,pub.1008358837,893-905,article,21,A porous scaffold for bone tissue engineering/45S5 Bioglass® derived porous scaffolds for co-culturing osteoblasts and endothelial cells,jour.1100668,Journal of Materials Science: Materials in Medicine
45087,2010,3,pub.1038910654,527-535,article,21,Avosentan for Overt Diabetic Nephropathy,jour.1100708,Journal of the American Society of Nephrology
45101,2010,2,pub.1052678467,501-512,article,128,"Ethnobotanical survey and cytotoxicity testing of plants of South-western Nigeria used to treat cancer, with isolation of cytotoxic constituents from Cajanus cajan Millsp. leaves",jour.1089348,Journal of Ethnopharmacology
45102,2010,3,pub.1047454356,1384-1398,article,99,The topical delivery of benzoyl peroxide using elegant dynamic hydrofluoroalkane foams,jour.1077202,Journal of Pharmaceutical Sciences
45180,2010,8,pub.1064355061,651-657,article,74,Intramuscular interferon beta-1a in chronic inflammatory demyelinating polyradiculoneuropathy(LOE Classification),jour.1018238,Neurology
45182,2010,8,pub.1027709240,5674-5682,article,285,Distinct Sarcomeric Substrates Are Responsible for Protein Kinase D-mediated Regulation of Cardiac Myofilament Ca2+ Sensitivity and Cross-bridge Cycling,jour.1077138,Journal of Biological Chemistry
45194,2010,2,pub.1052925266,391-404,article,207,Deficient CD40-TRAF6 signaling in leukocytes prevents atherosclerosis by skewing the immune response toward an antiinflammatory profile,jour.1077126,Journal of Experimental Medicine
45207,2010,5966,pub.1044434502,656,article,327,"Development of monocytes, macrophages and dendritic cells",jour.1346339,Science
45216,2010,3,pub.1001393613,888-892,article,192,"Genome Sequence of a Recently Emerged, Highly Transmissible, Multi-Antibiotic- and Antiseptic-Resistant Variant of Methicillin-Resistant Staphylococcus aureus, Sequence Type 239 (TW)▿ †",jour.1077137,Journal of Bacteriology
45244,2010,2,pub.1047896859,229-239,article,86,Association of JAG1 with Bone Mineral Density and Osteoporotic Fractures: A Genome-wide Association Study and Follow-up Replication Studies,jour.1017012,The American Journal of Human Genetics
45250,2010,2,pub.1014186279,181-195,article,125,The paradoxical role of the transient receptor potential vanilloid 1 receptor in inflammation,jour.1089715,Pharmacology & Therapeutics
45265,2010,2,pub.1003091868,137-141,article,42,A genome-wide perspective of genetic variation in human metabolism,jour.1103138,Nature Genetics
45266,2010,2,pub.1037228915,103-112,article,11,PKC and the control of localized signal dynamics,jour.1023609,Nature Reviews Molecular Cell Biology
45287,2010,Suppl 1,pub.1019060879,27-40,article,26,Quantification in cardiac MRI: advances in image acquisition and processing,jour.1025429,The International Journal of Cardiovascular Imaging
45289,2010,3,pub.1005528174,333-343,article,37,Swe1Wee1-Dependent Tyrosine Phosphorylation of Hsp90 Regulates Distinct Facets of Chaperone Function,jour.1117828,Molecular Cell
45293,2010,2,pub.1004642598,105-116,article,42,New genetic loci implicated in fasting glucose homeostasis and their impact on type 2 diabetes risk,jour.1103138,Nature Genetics
45307,2010,2,pub.1039539306,120-130,article,159,Translational Mini‐Review Series on Th17 Cells: Induction of interleukin‐17 production by regulatory T cells,jour.1006333,Clinical & Experimental Immunology
45325,2010,3,pub.1007668399,764-774,article,35,Opposite Effects of Δ-9-Tetrahydrocannabinol and Cannabidiol on Human Brain Function and Psychopathology,jour.1099176,Neuropsychopharmacology
45326,2010,4,pub.1048931941,678-684,article,102,"Molecular characterisation of ERG, ETV1 and PTEN gene loci identifies patients at low and high risk of death from prostate cancer",jour.1017082,British Journal of Cancer
45329,2010,2,pub.1025218467,121-132,article,25,Working memory in early Alzheimer's disease: a neuropsychological review,jour.1097410,International Journal of Geriatric Psychiatry
45350,2010,2,pub.1015739609,137-147,article,159,Translational Mini‐Review Series on Th17 Cells: CD4+ T helper cells: functional plasticity and differential sensitivity to regulatory T cell‐mediated regulation,jour.1006333,Clinical & Experimental Immunology
45379,2010,2,pub.1000357192,117-129,article,6,Sprouty1 Regulates Reversible Quiescence of a Self-Renewing Adult Muscle Stem Cell Pool during Regeneration,jour.1038823,Cell Stem Cell
45388,2010,2,pub.1029382184,427-434,article,162,"Treatment of severe, recalcitrant, chronic plaque psoriasis with fumaric acid esters: a prospective study",jour.1000902,British Journal of Dermatology
45391,2010,2,pub.1061516373,213-223,article,18,Simulation of Directional Microphones in Digital Waveguide Mesh-Based Models of Room Acoustics,jour.1320495,IEEE/ACM Transactions on Audio Speech and Language Processing
45393,2010,1,pub.1043150581,65-79,article,4,Blood-based biomarkers of Alzheimers disease: challenging but feasible,jour.1038866,Biomarkers in Medicine
45423,2010,5,pub.1011522410,3487-3498,article,285,Mammalian SUN Protein Interaction Networks at the Inner Nuclear Membrane and Their Role in Laminopathy Disease Processes*,jour.1077138,Journal of Biological Chemistry
45434,2010,3,pub.1042177075,453-474,article,115,"Diagnosis and management of acute myeloid leukemia in adults: recommendations from an international expert panel, on behalf of the European LeukemiaNet",jour.1085025,Blood
45446,2010,2,pub.1046990881,137-162,article,518,Identification of perineal sensory neurons activated by innocuous heat,jour.1018801,The Journal of Comparative Neurology
45447,2010,2,pub.1011512522,210-217,article,50,Efficacy and Limitation of a Chlorhexidine-Based Decolonization Strategy in Preventing Transmission of Methicillin-Resistant Staphylococcus aureus in an Intensive Care Unit,jour.1089721,Clinical Infectious Diseases
45448,2010,2,pub.1020535327,246-255,article,123,Neuronal low-density lipoprotein receptor-related protein 1 binds and endocytoses prion fibrils via receptor cluster 4,jour.1006098,Journal of Cell Science
45458,2010,1,pub.1018945545,e8519,article,5,Failure to Detect the Novel Retrovirus XMRV in Chronic Fatigue Syndrome,jour.1037553,PLoS ONE
45492,2010,1,pub.1013086579,147-155,article,37,A retinoic acid receptor β agonist (CD2019) overcomes inhibition of axonal outgrowth via phosphoinositide 3-kinase signalling in the injured adult spinal cord,jour.1113568,Neurobiology of Disease
45501,2010,2,pub.1009085353,339-348,article,396,Epitopes for broad and potent neutralizing antibody responses during chronic infection with human immunodeficiency virus type 1,jour.1007902,Virology
45538,2010,1-2,pub.1043173193,151-155,article,288,A serotoninergic basis for hyperphagic eating changes in Alzheimer's disease,jour.1017752,Journal of the Neurological Sciences
45540,2010,1,pub.1033644915,91-98,article,49,A systematic comparison of combination DMARD therapy and tumour necrosis inhibitor therapy with methotrexate in patients with early rheumatoid arthritis,jour.1297370,Rheumatology
45614,2010,1,pub.1059273453,9-26,article,21,"International Society for Cell and Gene Therapy of Cancer 2009 Annual Meeting Held in Cork, Ireland",jour.1312205,Human Gene Therapy
45632,2010,1,pub.1011361036,13-25,article,37,Structure and function of the blood–brain barrier,jour.1113568,Neurobiology of Disease
45634,2010,1,pub.1044924852,185-192,article,49,Brain pathology in first-episode psychosis: Magnetization transfer imaging provides additional information to MRI measurements of volume loss,jour.1103053,NeuroImage
45649,2010,1,pub.1020575902,23-33,article,22,Direct binding of Grb2 SH3 domain to FGFR2 regulates SHP2 function,jour.1099159,Cellular Signalling
45700,2010,1,pub.1044983130,3-11,article,62,"Biodegradation, biodistribution and toxicity of chitosan",jour.1097391,Advanced Drug Delivery Reviews
45723,2010,1,pub.1018829196,18-22,article,15,The moderation by the serotonin transporter gene of environmental adversity in the etiology of depression: 2009 update,jour.1115540,Molecular Psychiatry
45789,2010,8,pub.1042857275,1159-1166,article,9,Colloidal and optical stability of PEG-capped and phospholipid -encapsulated semiconducting polymer nanospheres in different aqueous media,jour.1029729,Photochemical & Photobiological Sciences
45860,2010,2,pub.1033945926,514-526,article,64,3D undersampled golden‐radial phase encoding for DCE‐MRA using inherently regularized iterative SENSE,jour.1095465,Magnetic Resonance in Medicine
45929,2010,28,pub.1002116104,5797-5809,article,20,The nature of quantum dot capping ligands,jour.1132648,Journal of Materials Chemistry
46026,2010,5,pub.1029261916,637-657,article,27,Chemistry and biology of siderophores,jour.1095265,Natural Product Reports
46066,2010,12,pub.1026744621,2762-2772,article,126,Arginine deprivation and argininosuccinate synthetase expression in the treatment of cancer,jour.1358156,International Journal of Cancer
46118,2010,,pub.1013480150,369-376,chapter,,Chapter 41 Lactic Acid Bacteria in Table Olive Fermentation,,
