,id,name,country_name,acronym,grant_id,grant_year,grant_title
0,grid.418254.e,Beckman Coulter (United States),United States,,EP-2347352-A4,2009,INTERACTIVE TREE PLOT FOR FLOW CYTOMETRY DATA
1,grid.7429.8,French Institute of Health and Medical Research,France,INSERM,US-9944669-B2,2015,"Fumarate-CO-releasing molecule hybrids, their use in the treatment of inflammatory or cardiovascular diseases and their process of preparation"
2,grid.410511.0,Paris 12 Val de Marne University,France,UPEC,US-9944669-B2,2015,"Fumarate-CO-releasing molecule hybrids, their use in the treatment of inflammatory or cardiovascular diseases and their process of preparation"
3,grid.4444.0,French National Centre for Scientific Research,France,CNRS,US-9944669-B2,2015,"Fumarate-CO-releasing molecule hybrids, their use in the treatment of inflammatory or cardiovascular diseases and their process of preparation"
4,grid.462839.2,Seagate (United States),United States,,US-20160099016-A1,2015,MAGNETIC STACK INCLUDING MgO-Ti(ON) INTERLAYER
5,grid.5386.8,Cornell University,United States,CU,US-8143254-B2,2006,Methods for modulating ion channels
6,grid.261572.5,Pace University,United States,,US-8143254-B2,2006,Methods for modulating ion channels
7,grid.430075.5,Research Foundation of The City University of New York,United States,RFCUNY,US-8143254-B2,2006,Methods for modulating ion channels
8,grid.7727.5,University of Regensburg,Germany,,WO-2018024813-A1,2017,IMAGING TECHNOLOGIES
9,grid.428464.8,Clovis Oncology (United States),United States,,US-9987285-B2,2015,High dosage strength tablets of rucaparib
10,grid.467148.8,Array BioPharma (United States),United States,,US-10023570-B2,2016,"Substituted pyrazolo[1,5-A]pyridine compounds as RET kinase inhibitors"
11,grid.239552.a,Children's Hospital of Philadelphia,United States,CHOP,WO-2018048868-A1,2017,NONSELECTIVE METABOTROPIC GLUTAMATE RECEPTOR ACTIVATORS FOR TREATMENT OF ANOREXIA NERVOSA AND BINGE EATING DISORDER
12,grid.419481.1,Novartis (Switzerland),Switzerland,,US-8343918-B2,2007,Stabilized insulin-like growth factor polypeptides
13,grid.39382.33,Baylor College of Medicine,United States,BCM,US-6150168-A,1995,Nucleic acid transporter systems and methods of use
14,grid.39382.33,Baylor College of Medicine,United States,BCM,US-6033884-A,1993,Nucleic acid transporter systems and methods of use
15,grid.39382.33,Baylor College of Medicine,United States,BCM,US-5994109-A,1995,Nucleic acid transporter system and methods of use
16,grid.39382.33,Baylor College of Medicine,United States,BCM,US-6177554-B1,1995,Nucleic acid transporter systems
17,grid.11047.33,University of Patras,Greece,,WO-2018100403-A1,2017,COMBINATION OF PARSTATIN 1-26 AND EXENATIDE
18,grid.39009.33,Merck (Germany),Germany,,US-10002277-B1,2017,Reader device for reading a marking comprising a physical unclonable function
19,grid.39009.33,Merck (Germany),Germany,,US-10002362-B1,2017,Composite security marking
20,grid.13097.3c,King's College London,United Kingdom,KCL,WO-2018065765-A1,2017,MULTI-AXIS FORCE SENSOR
21,grid.168010.e,Stanford University,United States,SU,US-10064936-B2,2016,Mixed allergen compositions and methods for using the same
22,grid.168010.e,Stanford University,United States,SU,US-9731003-B2,2016,Mixed allergen compositions and methods for using the same
23,grid.453773.1,Wisconsin Alumni Research Foundation,United States,WARF,US-9809627-B2,2015,Cyclized transthyretin peptide and methods of use therefor
24,grid.471101.2,MathWorks (United States),United States,,US-9495276-B1,2008,Indicating metrics associated with a model on a human machine interface (HMI)
25,grid.450307.5,Grenoble Alpes University,France,UGA,WO-2018050777-A1,2017,A METHOD FOR CHARACTERIZING THE RADIO-FREQUENCY TRANSMIT FIELD IN NMR
26,grid.7429.8,French Institute of Health and Medical Research,France,INSERM,WO-2018050777-A1,2017,A METHOD FOR CHARACTERIZING THE RADIO-FREQUENCY TRANSMIT FIELD IN NMR
27,grid.437349.e,University of Minnesota System,United States,,US-9888673-B2,2015,"Genetically modified cells, tissues, and organs for treating disease"
28,grid.36511.30,University of Lincoln,United Kingdom,,WO-2016193714-A1,2016,DIAGNOSTIC TARGET
29,grid.417570.0,Roche (Switzerland),Switzerland,,WO-2017181134-A2,2017,DETECTING CANCER DRIVER GENES AND PATHWAYS
30,grid.424277.0,Roche (Germany),Germany,,WO-2017181134-A2,2017,DETECTING CANCER DRIVER GENES AND PATHWAYS
31,grid.10306.34,Wellcome Sanger Institute,United Kingdom,WTSI,WO-2017191076-A1,2017,METHOD OF CHARACTERISING A DNA SAMPLE
32,grid.417832.b,Biogen (United States),United States,,US-20140370035-A1,2013,METHODS OF REDUCING IMMUNOGENICITY AGAINST FACTOR VIII IN INDIVIDUALS UNDERGOING FACTOR VIII THERAPY
33,grid.280646.e,Puget Sound Blood Center,United States,,US-20140370035-A1,2013,METHODS OF REDUCING IMMUNOGENICITY AGAINST FACTOR VIII IN INDIVIDUALS UNDERGOING FACTOR VIII THERAPY
34,grid.267047.0,University of Puget Sound,United States,,US-20140370035-A1,2013,METHODS OF REDUCING IMMUNOGENICITY AGAINST FACTOR VIII IN INDIVIDUALS UNDERGOING FACTOR VIII THERAPY
35,grid.30389.31,University of California System,United States,,US-9963699-B2,2013,Methods for modulating C9ORF72 expression
36,grid.1052.6,Ludwig Cancer Research,United States,LICR,US-9963699-B2,2013,Methods for modulating C9ORF72 expression
37,grid.282569.2,Ionis Pharmaceuticals (United States),United States,,US-9963699-B2,2013,Methods for modulating C9ORF72 expression
38,grid.482351.9,Ludwig Institute for Cancer Research,Switzerland,,US-9963699-B2,2013,Methods for modulating C9ORF72 expression
39,grid.282569.2,Ionis Pharmaceuticals (United States),United States,,US-9605263-B2,2016,Compositions for modulating C9ORF72 expression
40,grid.28390.30,German Telecom,Germany,DT,EP-3327990-A1,2016,RADIO COMMUNICATION NETWORK WITH MULTI THRESHOLD BASED SLA MONITORING FOR RADIO RESOURCE MANAGEMENT
41,grid.28390.30,German Telecom,Germany,DT,EP-3316646-A1,2016,RADIO COMMUNICATION NETWORK WITH RE-CONFIGURABLE RADIO SCHEDULER
42,grid.6533.3,Nokia (Finland),Finland,,WO-2017211849-A1,2017,"METHOD, SYSTEM AND APPARATUS"
43,grid.6533.3,Nokia (Finland),Finland,,WO-2017220855-A1,2017,METHOD AND APPARATUS FOR PERFORMING PACKET DUPLICATION IN A MULTI-CONNECTIVITY SCENARIO
44,grid.28287.37,Ericsson (Sweden),Sweden,,WO-2017209671-A1,2016,MANAGEMENT OF 5G SPLIT BEARER FLOW CONTROL
45,grid.168010.e,Stanford University,United States,SU,US-10064936-B2,2016,Mixed allergen compositions and methods for using the same
46,grid.168010.e,Stanford University,United States,SU,US-9731003-B2,2016,Mixed allergen compositions and methods for using the same
47,grid.4561.6,Fraunhofer Society,Germany,FHG,US-9745552-B2,2011,Anti CD4 antibodies to prevent in particular graft-versus-host-disease (GvHD)
48,grid.28287.37,Ericsson (Sweden),Sweden,,WO-2017175027-A1,2016,QUALITY OF SERVICE (QOS) SUPPORT FOR TACTILE TRAFFIC
49,grid.30389.31,University of California System,United States,,US-9701675-B2,2016,Activation of TRPV4 ion channel by physical stimuli and critical role for TRPV4 in organ-specific inflammation and itch
50,grid.26009.3d,Duke University,United States,,US-9701675-B2,2016,Activation of TRPV4 ion channel by physical stimuli and critical role for TRPV4 in organ-specific inflammation and itch
51,grid.277151.7,Centre Hospitalier Universitaire de Nantes,France,CHU,WO-2018015551-A1,2017,METHODS FOR DISCRIMINATING A TOLERANT SUBJECT
52,grid.4444.0,French National Centre for Scientific Research,France,CNRS,WO-2018015551-A1,2017,METHODS FOR DISCRIMINATING A TOLERANT SUBJECT
53,grid.4817.a,University of Nantes,France,,WO-2018015551-A1,2017,METHODS FOR DISCRIMINATING A TOLERANT SUBJECT
54,grid.417570.0,Roche (Switzerland),Switzerland,,EP-2903691-A4,2013,METHODS FOR DIAGNOSING AND TREATING INFLAMMATORY BOWEL DISEASE
55,grid.417570.0,Roche (Switzerland),Switzerland,,EP-3122377-A4,2015,METHODS FOR DIAGNOSING AND TREATING INFLAMMATORY BOWEL DISEASE
56,grid.418158.1,Roche (United States),United States,Roche,US-9873742-B2,2015,Methods for diagnosing and treating inflammatory bowel disease
57,grid.410513.2,Pfizer (United States),United States,Pfizer,US-10035788-B2,2017,Maleate salts of (E)-N-{4[3-chloro-4-(2-pyridinylmethoxy)anilino]-3-cyano-7-ethoxy-6-quinolinyl}-4-(dimethylamino)-2-butenamide and crystalline forms thereof
58,grid.410513.2,Pfizer (United States),United States,Pfizer,US-9630946-B2,2015,Maleate salts of (E)-N-{4-[3-chloro-4-(2-pyridinylmethoxy)anilino]-3-cyano-7-ethoxy-6-quinolinyl}-4-(dimethylamino)-2-butenamide and crystalline forms thereof
59,grid.168010.e,Stanford University,United States,SU,US-10034645-B1,2017,Systems and methods for detecting complex networks in MRI image data
60,grid.25786.3e,Italian Institute of Technology,Italy,,US-9949968-B2,2016,Diarylalkylamine REV-ERB antagonists and their use as medicaments
61,grid.437349.e,University of Minnesota System,United States,,US-9888673-B2,2015,"Genetically modified cells, tissues, and organs for treating disease"
62,grid.11749.3a,Saarland University,Germany,,WO-2018096084-A1,2017,MIRNAS AS BIOMARKER IN IN-VITRO-FERTILIZATION
63,grid.480196.2,Kathrein (Germany),Germany,,EP-3258714-A1,2017,MOBILE RADIO COMMUNICATION SYSTEM FOR PROVIDING A PLURALITY OF MOBILE RADIO CELLS IN A BUILDING OR CAMPUS
64,grid.431860.8,AT&T (United States),United States,,WO-2018084950-A1,2017,PROVIDING A FORMAT INDICATOR COMPRISING RANK INDICATION AND CHANNEL STATE INFORMATION SPATIAL DOMAIN RESOLUTION TYPE
65,grid.423754.3,Atos (France),France,,EP-0697638-A1,1995,Method of detection of complete sequences and failed sequences in a system for situation recognition
66,grid.420215.0,Stallergenes Greer (France),France,,US-20140079795-A1,2013,MUCOADHESIVE PARTICULATE FORMULATION FOR INDUCING ANTIGEN-SPECIFIC IMMUNE TOLERANCE
67,grid.168010.e,Stanford University,United States,SU,US-10064936-B2,2016,Mixed allergen compositions and methods for using the same
68,grid.32224.35,Massachusetts General Hospital,United States,MGH,US-10059945-B2,2017,Methods of controlling cell fate and consequences for disease
69,grid.476083.e,Roivant Sciences (United States),United States,,US-10022355-B2,2016,Diaryl and arylheteroaryl urea derivatives as modulators of the 5-HT2A serotonin receptor useful for the prophylaxis and treatment of REM sleep behavior disorder
70,grid.488287.9,Roivant Sciences (Bermuda),Bermuda,,US-10022355-B2,2016,Diaryl and arylheteroaryl urea derivatives as modulators of the 5-HT2A serotonin receptor useful for the prophylaxis and treatment of REM sleep behavior disorder
71,grid.433329.c,Arena Pharmaceuticals (United States),United States,,US-10059691-B2,2017,Processes for the preparation of pyrazole derivatives useful as modulators of the 5-HT2A serotonin receptor
72,grid.420215.0,Stallergenes Greer (France),France,,US-9480748-B2,2013,Mucoadhesive particulate formulation for inducing antigen-specific immune tolerance
73,grid.168010.e,Stanford University,United States,SU,US-9731003-B2,2016,Mixed allergen compositions and methods for using the same
74,grid.476083.e,Roivant Sciences (United States),United States,,US-10034859-B2,2016,Diaryl and arylheteroaryl urea derivatives as modulators of the 5-HT2A serotonin receptor useful for the prophylaxis and treatment of hallucinations associated with a neurodegenerative disease
75,grid.488287.9,Roivant Sciences (Bermuda),Bermuda,,US-10034859-B2,2016,Diaryl and arylheteroaryl urea derivatives as modulators of the 5-HT2A serotonin receptor useful for the prophylaxis and treatment of hallucinations associated with a neurodegenerative disease
76,grid.433329.c,Arena Pharmaceuticals (United States),United States,,US-9745270-B2,2016,"Processes useful for the preparation of 1-[3-(4-bromo-2-methyl-2H-pyrazol-3-yl)-4-methoxy-phenyl]-3-(2,4-difluoro-phenyl)-urea and crystalline forms related thereto"
77,grid.433329.c,Arena Pharmaceuticals (United States),United States,,US-9775829-B2,2016,Diaryl and arylheteroaryl urea derivatives as modulators of the 5-HT2A serotonin receptor useful for the prophylaxis and treatment of disorders related thereto
78,grid.13097.3c,King's College London,United Kingdom,KCL,WO-2017158343-A1,2017,METHOD AND SYSTEM FOR PRESSURE DROP ESTIMATION
79,grid.7700.0,Heidelberg University,Germany,,EP-3067432-A1,2015,DNA-methylation based method for classifying tumor species of the brain
80,grid.7497.d,German Cancer Research Center,Germany,DKFZ,EP-3067432-A1,2015,DNA-methylation based method for classifying tumor species of the brain
81,grid.13097.3c,King's College London,United Kingdom,KCL,WO-2017077326-A1,2016,COMBINATION OF AN INHIBITOR OF PARP WITH AN INHIBITOR OF GSK-3 OR DOT1L
82,grid.239395.7,Beth Israel Deaconess Medical Center,United States,BIDMC,WO-2014113322-A1,2014,SYSTEM AND METHOD FOR IMPROVED CARDIAC IMAGING OF SUBJECTS WITH ADVERSE CARDIAC CONDITIONS
83,grid.13648.38,University Medical Center Hamburg-Eppendorf,Germany,UKE,WO-2017167770-A1,2017,THSD7A AS A NOVEL TARGET FOR CANCER THERAPY AND DIAGNOSIS
84,grid.261356.5,Okayama University,Japan,,WO-2015011604-A1,2014,ASCORBATE TRANSPORTER
85,grid.7497.d,German Cancer Research Center,Germany,DKFZ,WO-2016142533-A1,2016,DNA-METHYLATION BASED METHOD FOR CLASSIFYING TUMOR SPECIES
86,grid.7700.0,Heidelberg University,Germany,,WO-2016142533-A1,2016,DNA-METHYLATION BASED METHOD FOR CLASSIFYING TUMOR SPECIES
87,grid.27235.31,United States Department of Health and Human Services,United States,DHHS,US-10072078-B2,2013,M971 chimeric antigen receptors
88,grid.410484.d,IBM (United States),United States,,US-9668991-B1,2015,SCFA colonic composition
89,grid.13648.38,University Medical Center Hamburg-Eppendorf,Germany,UKE,EP-3225997-A1,2016,THSD7A AS A NOVEL TARGET FOR CANCER THERAPY AND DIAGNOSIS
90,grid.437349.e,University of Minnesota System,United States,,WO-2017062625-A1,2016,METHOD TO DETECT COLON CANCER BY MEANS OF THE MICROBIOME
91,grid.5253.1,University Hospital Heidelberg,Germany,,WO-2018041959-A1,2017,GENE PANEL SPECIFIC FOR PULMONARY HYPERTENSION AND ITS USES
92,grid.7700.0,Heidelberg University,Germany,,WO-2018041959-A1,2017,GENE PANEL SPECIFIC FOR PULMONARY HYPERTENSION AND ITS USES
93,grid.417284.c,Philips (Netherlands),Netherlands,,WO-2018099884-A1,2017,RISK SCORES BASED ON HUMAN PHOSPHODIESTERASE 4D VARIANT 7 EXPRESSION
94,grid.421932.f,UCB Pharma (Belgium),Belgium,,WO-2017211928-A1,2017,ANTI-IgE ANTIBODIES
95,grid.420918.6,Imperial Innovations (United Kingdom),United Kingdom,,WO-2017163030-A3,2017,FLUID FLOW ANALYSIS
96,grid.30389.31,University of California System,United States,,US-9980673-B2,2016,"SEM scanner sensing apparatus, system and methodology for early detection of ulcers"
97,grid.410513.2,Pfizer (United States),United States,Pfizer,US-9545405-B2,2015,"Pyrrolo[2,3-D]pyrimidine derivatives"
98,grid.410513.2,Pfizer (United States),United States,Pfizer,US-9549929-B2,2015,"Pyrrolo[2,3-D]pyrimidine derivatives"
99,grid.28665.3f,Academia Sinica,Taiwan,,US-9982041-B2,2015,Compositions and methods for treatment and detection of cancers
100,grid.28665.3f,Academia Sinica,Taiwan,,US-10087236-B2,2010,Methods for modifying human antibodies by glycan engineering
101,grid.28665.3f,Academia Sinica,Taiwan,,US-9879042-B2,2015,Human iNKT cell activation using glycolipids
102,grid.459493.6,Constellation Pharmaceuticals (United States),United States,,WO-2017023671-A1,2016,EZH2 INHIBITORS AND MODULATION OF REGULATORY T-CELL FUNCTION
103,grid.28665.3f,Academia Sinica,Taiwan,,US-10005847-B2,2015,Anti-HER2 glycoantibodies and uses thereof
104,grid.28665.3f,Academia Sinica,Taiwan,,US-10086054-B2,2014,RM2 antigens and use thereof
105,grid.28665.3f,Academia Sinica,Taiwan,,US-10023892-B2,2015,Compositions and methods relating to universal glycoforms for enhanced antibody efficacy
106,grid.28665.3f,Academia Sinica,Taiwan,,US-9975965-B2,2016,Compositions and methods for treatment and detection of cancers
107,grid.28665.3f,Academia Sinica,Taiwan,,US-9981030-B2,2014,Glycan conjugates and use thereof
108,grid.417463.3,Synta Pharmaceuticals (United States),United States,,US-9402831-B2,2012,Combination therapy of HSP90 inhibitors with BRAF inhibitors
109,grid.423979.2,Danone (Netherlands),Netherlands,,WO-2017194607-A1,2017,FERMENTED INFANT FORMULA
110,grid.429010.e,Genkyotex (Switzerland),Switzerland,,US-9974791-B2,2015,Pyrazolo pyridine derivatives as NADPH oxidase inhibitors
111,grid.11843.3f,University of Strasbourg,France,,WO-2016174130-A1,2016,CLINICAL GENE SIGNATURE-BASED HUMAN CELL CULTURE MODEL AND USES THEREOF
112,grid.412220.7,Hôpitaux Universitaires de Strasbourg,France,HUS,WO-2016174130-A1,2016,CLINICAL GENE SIGNATURE-BASED HUMAN CELL CULTURE MODEL AND USES THEREOF
113,grid.59734.3c,Icahn School of Medicine at Mount Sinai,United States,MSSM,WO-2016174130-A1,2016,CLINICAL GENE SIGNATURE-BASED HUMAN CELL CULTURE MODEL AND USES THEREOF
114,grid.7429.8,French Institute of Health and Medical Research,France,INSERM,WO-2016174130-A1,2016,CLINICAL GENE SIGNATURE-BASED HUMAN CELL CULTURE MODEL AND USES THEREOF
115,grid.419673.e,Medtronic (United States),United States,Medtronic,WO-2017070064-A1,2016,SYSTEM AND METHOD FOR PROVIDING BLOOD PRESSURE SAFE ZONE INDICATION DURING AUTOREGULATION MONITORING
116,grid.189504.1,Boston University,United States,BU,US-10041044-B2,2017,Age-associated clonal hematopoiesis accelerates cardio-metabolic disease development
117,grid.418355.e,Andalusian Health Service,Spain,SAS,WO-2017207855-A1,2017,CIRCULATING MICRO-RNAS AS BIOMARKERS FOR PRIMARY ANTIPHOSPHOLIPID SYNDROME
118,grid.411901.c,University of Córdoba,Spain,UCO,WO-2017207855-A1,2017,CIRCULATING MICRO-RNAS AS BIOMARKERS FOR PRIMARY ANTIPHOSPHOLIPID SYNDROME
119,grid.417284.c,Philips (Netherlands),Netherlands,,WO-2017191248-A1,2017,MEDICAL ATLAS REGISTRATION
120,grid.418195.0,Babraham Institute,United Kingdom,,WO-2017208001-A1,2017,BIOMARKERS FOR PLATELET DISORDERS
121,grid.431504.7,Salesforce (United States),United States,,WO-2017031088-A1,2016,THREE-DIMENSIONAL (3D) CONVOLUTION WITH 3D BATCH NORMALIZATION
122,grid.437349.e,University of Minnesota System,United States,,US-9888673-B2,2015,"Genetically modified cells, tissues, and organs for treating disease"
123,grid.419481.1,Novartis (Switzerland),Switzerland,,WO-2018015868-A1,2017,AN OXAZINE DERIVATIVE FOR USE IN THE PREVENTION OF ALZHEIMER'S DISEASE IN AT RISK PATIENTS
124,grid.13097.3c,King's College London,United Kingdom,KCL,WO-2016198859-A1,2016,PRECISION THERAPEUTICS
125,grid.497526.b,Janssen (Ireland),Ireland,,WO-2017004012-A1,2016,PHARMACEUTICAL FORMULATIONS
126,grid.418227.a,Gilead Sciences (United States),United States,Gilead,WO-2017004012-A1,2016,PHARMACEUTICAL FORMULATIONS
127,grid.277151.7,Centre Hospitalier Universitaire de Nantes,France,CHU,WO-2018015551-A1,2017,METHODS FOR DISCRIMINATING A TOLERANT SUBJECT
128,grid.4444.0,French National Centre for Scientific Research,France,CNRS,WO-2018015551-A1,2017,METHODS FOR DISCRIMINATING A TOLERANT SUBJECT
129,grid.4817.a,University of Nantes,France,,WO-2018015551-A1,2017,METHODS FOR DISCRIMINATING A TOLERANT SUBJECT
130,grid.424580.f,Lundbeck (Denmark),Denmark,,US-10034874-B2,2017,Nalmefene for reduction of alcohol consumption in specific target populations
131,grid.424580.f,Lundbeck (Denmark),Denmark,,US-9642849-B2,2016,Nalmefene for reduction of alcohol consumption in specific target populations
132,grid.420918.6,Imperial Innovations (United Kingdom),United Kingdom,,WO-2016116768-A1,2016,NEUROTHERAPEUTIC AGENTS
133,grid.6533.3,Nokia (Finland),Finland,,WO-2017064370-A1,2016,VIDEO CODING WITH HELPER DATA FOR SPATIAL INTRA-PREDICTION
134,grid.168010.e,Stanford University,United States,SU,US-10034645-B1,2017,Systems and methods for detecting complex networks in MRI image data
135,grid.9613.d,Friedrich Schiller University Jena,Germany,FSU,DE-102016211743-A1,2016,Optical arrangement and method for operating in two modes
136,grid.424549.a,Carl Zeiss (Germany),Germany,,DE-102016211743-A1,2016,Optical arrangement and method for operating in two modes
137,grid.418907.3,Leibniz Institute of Photonic Technology,Germany,IPHT,DE-102016211743-A1,2016,Optical arrangement and method for operating in two modes
138,grid.116068.8,Massachusetts Institute of Technology,United States,MIT,US-9670486-B2,2011,RNAi-based method of screening and characterizing drug combinations
139,grid.116068.8,Massachusetts Institute of Technology,United States,MIT,US-9683231-B2,2011,RNAi-based method of drug screening and characterization
140,grid.10992.33,Paris Descartes University,France,,WO-2017046335-A1,2016,T CELL RECEPTORS (TCR) AND USES THEREOF FOR THE DIAGNOSIS AND TREATMENT OF DIABETES
141,grid.4444.0,French National Centre for Scientific Research,France,CNRS,WO-2017046335-A1,2016,T CELL RECEPTORS (TCR) AND USES THEREOF FOR THE DIAGNOSIS AND TREATMENT OF DIABETES
142,grid.7429.8,French Institute of Health and Medical Research,France,INSERM,WO-2017046335-A1,2016,T CELL RECEPTORS (TCR) AND USES THEREOF FOR THE DIAGNOSIS AND TREATMENT OF DIABETES
143,grid.214572.7,University of Iowa,United States,UI,US-9980951-B2,2016,Image guided therapy for cancer
144,grid.476291.f,GW Pharmaceuticals (United Kingdom),United Kingdom,,WO-2017042567-A1,2016,USE OF CANNABINOIDS IN THE TREATMENT OF MENTAL DISORDERS
145,grid.14467.30,Science and Technology Facilities Council,United Kingdom,STFC,WO-2016174434-A1,2016,RECEPTOR TYROSINE KINASE BIOMARKERS
146,grid.418158.1,Roche (United States),United States,Roche,WO-2017055404-A1,2016,BISPECIFIC ANTIBODIES SPECIFIC FOR PD1 AND TIM3
147,grid.417570.0,Roche (Switzerland),Switzerland,,WO-2017055404-A1,2016,BISPECIFIC ANTIBODIES SPECIFIC FOR PD1 AND TIM3
148,grid.231844.8,University Health Network,Canada,UHN,WO-2017143430-A1,2017,MIRNA BIOMARKERS FOR CARTILAGE DEGENERATION
149,grid.467601.2,Symantec (United States),United States,,US-10061916-B1,2016,Systems and methods for measuring peer influence on a child
150,grid.4305.2,University of Edinburgh,United Kingdom,,WO-2017174998-A1,2017,ENDOSCOPIC IMAGING APPARATUS AND METHOD
151,grid.418195.0,Babraham Institute,United Kingdom,,WO-2017208001-A1,2017,BIOMARKERS FOR PLATELET DISORDERS
152,grid.7459.f,University of Franche-Comté,France,UFC,WO-2017162604-A1,2017,METHODS FOR DIAGNOSIS AND TREATMENT OF SOLAR LENTIGO
153,grid.11318.3a,Paris 13 University,France,,WO-2017162604-A1,2017,METHODS FOR DIAGNOSIS AND TREATMENT OF SOLAR LENTIGO
154,grid.7429.8,French Institute of Health and Medical Research,France,INSERM,WO-2017162604-A1,2017,METHODS FOR DIAGNOSIS AND TREATMENT OF SOLAR LENTIGO
155,grid.411158.8,Centre Hospitalier Universitaire de Besançon,France,CHRU,WO-2017162604-A1,2017,METHODS FOR DIAGNOSIS AND TREATMENT OF SOLAR LENTIGO
156,grid.51462.34,Memorial Sloan Kettering Cancer Center,United States,MSK,WO-2017105565-A3,2016,"COMPOSITIONS FOR THERAPEUTICS, TARGETED PET IMAGING AND METHODS OF THEIR USE"
157,grid.430075.5,Research Foundation of The City University of New York,United States,RFCUNY,WO-2017105565-A3,2016,"COMPOSITIONS FOR THERAPEUTICS, TARGETED PET IMAGING AND METHODS OF THEIR USE"
158,grid.4488.0,TU Dresden,Germany,TUD,US-9943570-B2,2013,Manipulation of hairy and enhancer of split 3 (Hes3) and its regulators/mediators as an anti-cancer strategy
159,grid.417924.d,Sanofi (France),France,,US-9751926-B2,2014,Dual GLP-1/GIP receptor agonists
160,grid.417924.d,Sanofi (France),France,,US-9758561-B2,2015,Dual GLP-1/glucagon receptor agonists derived from exendin-4
161,grid.417924.d,Sanofi (France),France,,US-9932381-B2,2015,Exendin-4 derivatives as selective glucagon receptor agonists
162,grid.417924.d,Sanofi (France),France,,US-9745360-B2,2013,Dual GLP1/GIP or trigonal GLP1/GIP/glucagon agonists
163,grid.417284.c,Philips (Netherlands),Netherlands,,WO-2016173865-A1,2016,METHOD OF AND APPARATUS FOR OPERATING A DEVICE BY MEMBERS OF A GROUP
164,grid.417924.d,Sanofi (France),France,,US-9771406-B2,2015,Peptidic dual GLP-1/glucagon receptor agonists derived from exendin-4
165,grid.417886.4,Amgen (United States),United States,"Amgen, Inc.",WO-2017106578-A1,2016,PACAP ANTIBODIES AND USES THEREOF
166,grid.417924.d,Sanofi (France),France,,US-9750788-B2,2014,Non-acylated exendin-4 peptide analogues
167,grid.417924.d,Sanofi (France),France,,US-9775904-B2,2015,Exendin-4 derivatives as peptidic dual GLP-1/glucagon receptor agonists
168,grid.417924.d,Sanofi (France),France,,US-9982029-B2,2016,Exendin-4 derivatives as selective peptidic dual GLP-1/glucagon receptor agonists
169,grid.417924.d,Sanofi (France),France,,US-9789165-B2,2014,Exendin-4 peptide analogues as dual GLP-1/GIP receptor agonists
170,grid.65499.37,Dana-Farber Cancer Institute,United States,,EP-2929352-A4,2013,METABOLOMIC PROFILING DEFINES ONCOGENES DRIVING PROSTATE TUMORS
171,grid.8241.f,University of Dundee,United Kingdom,,WO-2017178838-A1,2017,BINDING MODULATION
172,grid.417924.d,Sanofi (France),France,,US-9694053-B2,2014,Dual GLP-1/glucagon receptor agonists
173,grid.457466.2,Bayer (Norway),Norway,,WO-2016096843-A1,2015,RADIO-PHARMACEUTICAL COMPLEXES
174,grid.417924.d,Sanofi (France),France,,US-9670261-B2,2013,Functionalized exendin-4 derivatives
175,grid.419815.0,Microsoft (United States),United States,,WO-2016164193-A1,2016,FORCE-SENSITIVE TOUCH SENSOR COMPENSATION
176,grid.5949.1,University of Münster,Germany,WWU,WO-2016067238-A1,2015,QUINOLINE-3-CARBOXAMIDE COMPOUNDS AND THEIR USE IN DIAGNOSIS
177,grid.418158.1,Roche (United States),United States,Roche,WO-2017084989-A1,2016,ALEGLITAZAR FOR THE TREATMENT OF DIABETIC KIDNEY DISEASE
178,grid.417570.0,Roche (Switzerland),Switzerland,,WO-2017084989-A1,2016,ALEGLITAZAR FOR THE TREATMENT OF DIABETIC KIDNEY DISEASE
179,grid.419815.0,Microsoft (United States),United States,,US-9612685-B2,2015,Force-sensitive touch sensor compensation
180,grid.418726.e,Purdue Pharma (United States),United States,,US-9993482-B2,2015,Pharmaceutical combination comprising a class III receptor tyrosine kinase inhibitor and the alkylating histone-deacetylase inhibitor fusion molecule EDO-S101 together with its use in the treatment of cancer
181,grid.418030.e,Industrial Technology Research Institute,Taiwan,ITRI,US-10021596-B2,2016,"Communication system, communication device, base station and method thereof for D2D communications"
182,grid.497669.3,Anterogen ( South Korea),South Korea,,EP-3290028-A4,2017,MESENCHYMAL STEM CELL-HYDROGEL-BIODEGRADABLE OR MESENCHYMAL STEM CELL-HYDROGEL-NONDEGRADABLE SUPPORT COMPOSITION FOR ALLEVIATING OR REMEDYING EPIDERMOLYSIS BULLOSA
183,grid.497734.a,Bukwang Pharmaceutical (South Korea),South Korea,,EP-3290028-A4,2017,MESENCHYMAL STEM CELL-HYDROGEL-BIODEGRADABLE OR MESENCHYMAL STEM CELL-HYDROGEL-NONDEGRADABLE SUPPORT COMPOSITION FOR ALLEVIATING OR REMEDYING EPIDERMOLYSIS BULLOSA
184,grid.417284.c,Philips (Netherlands),Netherlands,,WO-2016180786-A1,2016,MAGNETIC RESONANCE EXAMINATION SYSTEM WITH FIELD PROBES
185,grid.7429.8,French Institute of Health and Medical Research,France,INSERM,WO-2016193829-A1,2016,PHARMACEUTICAL AND FOOD COMPOSITIONS FOR INDUCING SATIATION AND PROLONGING SATIETY IN SUBJECTS IN NEED THEREOF.
186,grid.41724.34,Centre Hospitalier Universitaire De Rouen,France,,WO-2016193829-A1,2016,PHARMACEUTICAL AND FOOD COMPOSITIONS FOR INDUCING SATIATION AND PROLONGING SATIETY IN SUBJECTS IN NEED THEREOF.
187,grid.10400.35,University of Rouen,France,,WO-2016193829-A1,2016,PHARMACEUTICAL AND FOOD COMPOSITIONS FOR INDUCING SATIATION AND PROLONGING SATIETY IN SUBJECTS IN NEED THEREOF.
188,grid.476545.1,NeuroVive Pharmaceutical (Sweden),Sweden,,WO-2017060400-A1,2016,PROTECTED CARBOXYLIC ACID-BASED METABOLITES FOR THE TREATMENT OF DISESASES RELATED TO MITOCHONDRIAL DYSFUNCTIONS
189,grid.429438.0,Metabolon (United States),United States,,EP-3215633-A4,2015,"SYSTEM, METHOD AND APPARATUS FOR DETERMINING THE EFFECT OF GENETIC VARIANTS"
190,grid.14105.31,Medical Research Council,United Kingdom,MRC,WO-2017167972-A1,2017,FERRIC MALTOL COMPOSITIONS FOR USE IN THE TREATMENT OR PREVENTION OF CANCER AND TUMOURS
191,grid.476545.1,NeuroVive Pharmaceutical (Sweden),Sweden,,WO-2017060422-A1,2016,PROTECTED CARBOXYLIC ACID-BASED METABOLITES FOR THE TREATMENT OF MITOCHONDRIAL DISORDERS
192,grid.418195.0,Babraham Institute,United Kingdom,,WO-2017208001-A1,2017,BIOMARKERS FOR PLATELET DISORDERS
193,grid.10400.35,University of Rouen,France,,WO-2016059455-A1,2015,PHARMACEUTICAL AND FOOD COMPOSITIONS FOR INDUCING SATIATION AND PROLONGING SATIETY IN SUBJECTS IN NEED THEREOF
194,grid.41724.34,Centre Hospitalier Universitaire De Rouen,France,,WO-2016059455-A1,2015,PHARMACEUTICAL AND FOOD COMPOSITIONS FOR INDUCING SATIATION AND PROLONGING SATIETY IN SUBJECTS IN NEED THEREOF
195,grid.7429.8,French Institute of Health and Medical Research,France,INSERM,WO-2016059455-A1,2015,PHARMACEUTICAL AND FOOD COMPOSITIONS FOR INDUCING SATIATION AND PROLONGING SATIETY IN SUBJECTS IN NEED THEREOF
196,grid.476545.1,NeuroVive Pharmaceutical (Sweden),Sweden,,WO-2017060418-A1,2016,PROTECTED CARBOXYLIC ACID-BASED METABOLITES FOR THE TREATMENT OF MITOCHONDRIA-RELATED DISEASES
197,grid.14105.31,Medical Research Council,United Kingdom,MRC,WO-2016001686-A1,2015,SUCCINATE DEHYDROGENASE INHIBITORS (SDHi's)
198,grid.8756.c,University of Glasgow,United Kingdom,,WO-2016001686-A1,2015,SUCCINATE DEHYDROGENASE INHIBITORS (SDHi's)
199,grid.116068.8,Massachusetts Institute of Technology,United States,MIT,WO-2016049163-A2,2015,USE AND PRODUCTION OF CHD8+/- TRANSGENIC ANIMALS WITH BEHAVIORAL PHENOTYPES CHARACTERISTIC OF AUTISM SPECTRUM DISORDER
200,grid.66859.34,Broad Institute,United States,,WO-2016049163-A2,2015,USE AND PRODUCTION OF CHD8+/- TRANSGENIC ANIMALS WITH BEHAVIORAL PHENOTYPES CHARACTERISTIC OF AUTISM SPECTRUM DISORDER
201,grid.13097.3c,King's College London,United Kingdom,KCL,WO-2015087087-A1,2014,BIOMARKERS AND METHODS RELATING TO ALZHEIMER'S DISEASE
202,grid.423364.4,Biolog (United States),United States,,US-9328167-B2,2015,Methods of treating chronic pain
203,grid.452488.7,Ajinomoto (Japan),Japan,,WO-2018008763-A1,2017,METHOD FOR EVALUATING FUTURE ONSET RISK OF ALZHEIMER'S TYPE DEMENTIA
204,grid.423364.4,Biolog (United States),United States,,US-20150361173-A1,2015,ANTAGONIST ANTIBODIES DIRECTED AGAINST CALCITONIN GENE-RELATED PEPTIDE AND METHODS USING SAME
205,grid.497530.c,Janssen (United States),United States,,WO-2018031258-A1,2017,ENGINEERED ANTIBODIES AND OTHER FC-DOMAIN CONTAINING MOLECULES WITH ENHANCED AGONISM AND EFFECTOR FUNCTIONS
206,grid.423364.4,Biolog (United States),United States,,US-9328168-B2,2015,Methods of using anti-CGRP antagonist antibodies
207,grid.66859.34,Broad Institute,United States,,WO-2016085876-A1,2015,CLONAL HAEMATOPOIESIS
208,grid.38142.3c,Harvard University,United States,,WO-2016085876-A1,2015,CLONAL HAEMATOPOIESIS
209,grid.489545.1,Société Canadienne de Nutrition,Canada,CNS,US-9669020-B2,2015,Sublingual apomorphine
210,grid.419756.8,Sunovion (United States),United States,,US-9669020-B2,2015,Sublingual apomorphine
211,grid.489545.1,Société Canadienne de Nutrition,Canada,CNS,US-9669021-B2,2015,Sublingual apomorphine
212,grid.419756.8,Sunovion (United States),United States,,US-9669021-B2,2015,Sublingual apomorphine
213,grid.423364.4,Biolog (United States),United States,,US-9266951-B2,2015,Antagonist antibodies directed against calcitonin gene-related peptide and methods using same
214,grid.423364.4,Biolog (United States),United States,,US-9340614-B2,2015,Antagonist antibodies directed against calcitonin gene-related peptide and methods using same
215,grid.417993.1,MSD (United States),United States,MSD,US-9278093-B2,2013,Aldosterone synthase inhibitors
216,grid.11749.3a,Saarland University,Germany,,US-9278093-B2,2013,Aldosterone synthase inhibitors
217,grid.412220.7,Hôpitaux Universitaires de Strasbourg,France,HUS,WO-2017162678-A1,2017,HUMANIZED ANTI-CLAUDIN-1 ANTIBODIES AND USES THEREOF
218,grid.7429.8,French Institute of Health and Medical Research,France,INSERM,WO-2017162678-A1,2017,HUMANIZED ANTI-CLAUDIN-1 ANTIBODIES AND USES THEREOF
219,grid.11843.3f,University of Strasbourg,France,,WO-2017162678-A1,2017,HUMANIZED ANTI-CLAUDIN-1 ANTIBODIES AND USES THEREOF
220,grid.489545.1,Société Canadienne de Nutrition,Canada,CNS,US-9669019-B2,2015,Sublingual apomorphine
221,grid.419756.8,Sunovion (United States),United States,,US-9669019-B2,2015,Sublingual apomorphine
222,grid.214572.7,University of Iowa,United States,UI,US-9855332-B2,2012,Use of anti-CGRP antibodies and antibody fragments to treat diarrhea in subjects with diseases or treatments that result in elevated CGRP levels
223,grid.423364.4,Biolog (United States),United States,,US-9365648-B1,2016,Methods of using anti-CGRP antagonist antibodies
224,grid.55460.32,The University of Texas System,United States,UT System,US-9914775-B2,2014,Methods for treating inflammatory disorders or cancer metastasis by administering antibodies to connexin 43 (Cx43) hemichannels
225,grid.423364.4,Biolog (United States),United States,,US-9346881-B2,2015,Antagonist antibodies directed against calcitonin gene-related peptide and methods using same
226,grid.489545.1,Société Canadienne de Nutrition,Canada,CNS,US-9669018-B2,2015,Sublingual apomorphine
227,grid.419756.8,Sunovion (United States),United States,,US-9669018-B2,2015,Sublingual apomorphine
228,grid.239552.a,Children's Hospital of Philadelphia,United States,CHOP,WO-2018048868-A1,2017,NONSELECTIVE METABOTROPIC GLUTAMATE RECEPTOR ACTIVATORS FOR TREATMENT OF ANOREXIA NERVOSA AND BINGE EATING DISORDER
229,grid.417540.3,Eli Lilly (United States),United States,Eli Lilly & Company,WO-2017180461-A1,2017,COMBINATION THERAPY OF RAMUCIRUMAB AND ABEMACICLIB FOR USE IN TREATMENT OF MANTLE CELL LYMPHOMA
230,grid.423364.4,Biolog (United States),United States,,US-9328167-B2,2015,Methods of treating chronic pain
231,grid.471336.4,Yeda Research and Development (Israel),Israel,,WO-2015166492-A2,2015,MICROBIOME RESPONSE TO AGENTS
232,grid.423364.4,Biolog (United States),United States,,US-20150361173-A1,2015,ANTAGONIST ANTIBODIES DIRECTED AGAINST CALCITONIN GENE-RELATED PEPTIDE AND METHODS USING SAME
233,grid.423364.4,Biolog (United States),United States,,US-9328168-B2,2015,Methods of using anti-CGRP antagonist antibodies
234,grid.488081.d,Spectral MD (United States),United States,,US-9962090-B2,2017,Reflective mode multi-spectral time-resolved optical imaging methods and apparatuses for tissue classification
235,grid.423364.4,Biolog (United States),United States,,US-9266951-B2,2015,Antagonist antibodies directed against calcitonin gene-related peptide and methods using same
236,grid.423364.4,Biolog (United States),United States,,US-9340614-B2,2015,Antagonist antibodies directed against calcitonin gene-related peptide and methods using same
237,grid.25879.31,University of Pennsylvania,United States,,US-10058576-B2,2016,Compositions and methods comprising a defined microbiome and methods of use thereof
238,grid.29857.31,Pennsylvania State University,United States,PSU,US-10058576-B2,2016,Compositions and methods comprising a defined microbiome and methods of use thereof
239,grid.5335.0,University of Cambridge,United Kingdom,,WO-2018046999-A1,2017,METHOD OF IDENTIFYING AN ACNE ASSOCIATION SIGNAL BY MONITORING ELEVATED EPITHELIAL ATTACHMENT THROUGH INCREASED LAMC2 EXPRESSION (AS A RISK FACTOR FOR MODERATE TO SEVERE ACNE) AND ASSOCIATED TREATMENT
240,grid.13097.3c,King's College London,United Kingdom,KCL,WO-2018046999-A1,2017,METHOD OF IDENTIFYING AN ACNE ASSOCIATION SIGNAL BY MONITORING ELEVATED EPITHELIAL ATTACHMENT THROUGH INCREASED LAMC2 EXPRESSION (AS A RISK FACTOR FOR MODERATE TO SEVERE ACNE) AND ASSOCIATED TREATMENT
241,grid.480153.b,Nestlé (France),France,,WO-2018046999-A1,2017,METHOD OF IDENTIFYING AN ACNE ASSOCIATION SIGNAL BY MONITORING ELEVATED EPITHELIAL ATTACHMENT THROUGH INCREASED LAMC2 EXPRESSION (AS A RISK FACTOR FOR MODERATE TO SEVERE ACNE) AND ASSOCIATED TREATMENT
242,grid.423364.4,Biolog (United States),United States,,US-9365648-B1,2016,Methods of using anti-CGRP antagonist antibodies
243,grid.480153.b,Nestlé (France),France,,WO-2018047001-A1,2017,METHOD OF IDENTIFYING REDUCED ACTIVITY OF HAIR FOLLICLE MEDIATED BY REDUCTION IN ABILITY OF WNT10A TO PERFORM WILD TYPE FUNCTION AS A PROTECTIVE FACTOR FOR MODERATE TO SEVERE AND RELATED TREATMENT
244,grid.423364.4,Biolog (United States),United States,,US-9346881-B2,2015,Antagonist antibodies directed against calcitonin gene-related peptide and methods using same
245,grid.13097.3c,King's College London,United Kingdom,KCL,WO-2015091768-A1,2014,OVOL1 AS A NEW MARKER FOR MODERATE TO SEVERE ACNE
246,grid.480153.b,Nestlé (France),France,,WO-2015091768-A1,2014,OVOL1 AS A NEW MARKER FOR MODERATE TO SEVERE ACNE
247,grid.480153.b,Nestlé (France),France,,EP-2886661-A1,2013,OVOL1 as a new marker for moderate to severe acne
248,grid.13097.3c,King's College London,United Kingdom,KCL,EP-2886661-A1,2013,OVOL1 as a new marker for moderate to severe acne
249,grid.488081.d,Spectral MD (United States),United States,,US-9717417-B2,2016,Reflective mode multi-spectral time-resolved optical imaging methods and apparatuses for tissue classification
250,grid.433767.2,Euroscreen (Belgium),Belgium,,WO-2016146712-A1,2016,NK-3 RECEPTOR ANTAGONISTS FOR THERAPEUTIC OR COSMETIC TREATMENT OF EXCESS BODY FAT
251,grid.471336.4,Yeda Research and Development (Israel),Israel,,WO-2016185469-A1,2016,BACTERIAL POPULATIONS FOR PROMOTING HEALTH
252,grid.457356.6,Research Centre Inria Sophia Antipolis - Méditerranée,France,,FR-3048352-A1,2016,HEART DEVICE
253,grid.5328.c,French Institute for Research in Computer Science and Automation,France,INRIA,FR-3048352-A1,2016,HEART DEVICE
254,grid.457353.3,Inria Nancy - Grand-Est research centre,France,,FR-3048352-A1,2016,HEART DEVICE
255,grid.5328.c,French Institute for Research in Computer Science and Automation,France,INRIA,WO-2017149250-A1,2017,CARDIAC DEVICE
256,grid.5406.7,Siemens (Germany),Germany,,EP-3117771-A3,2016,DIRECT COMPUTATION OF IMAGE-DERIVED BIOMARKERS
257,grid.14925.3b,Institut Gustave Roussy,France,,EP-3012270-A1,2014,Products for modulating microbiota composition for improving the efficacy of a cancer treatment with an immune checkpoint blocker
258,grid.10306.34,Wellcome Sanger Institute,United Kingdom,WTSI,WO-2017182796-A1,2017,BACTERIOTHERAPY
259,grid.471336.4,Yeda Research and Development (Israel),Israel,,WO-2018100574-A1,2017,METHODS OF TREATING LIVER TOXICITY AND DISORDERS
260,grid.417284.c,Philips (Netherlands),Netherlands,,WO-2016180786-A1,2016,MAGNETIC RESONANCE EXAMINATION SYSTEM WITH FIELD PROBES
261,grid.5342.0,Ghent University,Belgium,,WO-2017134301-A1,2017,CLEC9A BINDING AGENTS
262,grid.50550.35,Assistance Publique -Hopitaux De Paris,France,AP-HP,WO-2017060510-A1,2016,METHODS AND PHARMACEUTICAL COMPOSITIONS FOR THE TREATMENT OF ALZHEIMER'S DISEASE
263,grid.462844.8,Sorbonne University,France,,WO-2017060510-A1,2016,METHODS AND PHARMACEUTICAL COMPOSITIONS FOR THE TREATMENT OF ALZHEIMER'S DISEASE
264,grid.7429.8,French Institute of Health and Medical Research,France,INSERM,WO-2017060510-A1,2016,METHODS AND PHARMACEUTICAL COMPOSITIONS FOR THE TREATMENT OF ALZHEIMER'S DISEASE
265,grid.5583.b,Atomic Energy and Alternative Energies Commission,France,CEA,WO-2017060510-A1,2016,METHODS AND PHARMACEUTICAL COMPOSITIONS FOR THE TREATMENT OF ALZHEIMER'S DISEASE
266,grid.5842.b,University of Paris-Sud,France,,WO-2017060510-A1,2016,METHODS AND PHARMACEUTICAL COMPOSITIONS FOR THE TREATMENT OF ALZHEIMER'S DISEASE
267,grid.424982.1,Genos (Croatia),Croatia,,WO-2014203010-A1,2014,METHOD FOR THE ANALYSIS OF N-GLYCANS ATTACHED TO IMMUNOGLOBULIN G FROM HUMAN BLOOD PLASMA AND ITS USE
268,grid.424982.1,Genos (Croatia),Croatia,,US-9910046-B2,2014,Method for the analysis of N-glycans attached to immunoglobulin G from human blood plasma and its use
269,grid.47100.32,Yale University,United States,,WO-2017005700-A1,2016,DEVICE AND METHOD FOR OBTAINING IMMUNO-STIMULATORY ANTIGEN-PRESENTING CELLS
270,grid.429438.0,Metabolon (United States),United States,,EP-3215633-A4,2015,"SYSTEM, METHOD AND APPARATUS FOR DETERMINING THE EFFECT OF GENETIC VARIANTS"
271,grid.467287.8,Chiesi Farmaceutici (Italy),Italy,,US-9554992-B2,2015,"Inhalation particles comprising a combination of an anticholinergic, a corticosteroid and a beta-adrenergic"
272,grid.7452.4,Paris Diderot University,France,,WO-2016180945-A1,2016,METHODS AND PHARMACEUTICAL COMPOSITIONS FOR THE TREATMENT OF BACTERIAL INFECTIONS IN PATIENTS SUFFERING FROM CIRRHOSIS
273,grid.7429.8,French Institute of Health and Medical Research,France,INSERM,WO-2016180945-A1,2016,METHODS AND PHARMACEUTICAL COMPOSITIONS FOR THE TREATMENT OF BACTERIAL INFECTIONS IN PATIENTS SUFFERING FROM CIRRHOSIS
274,grid.4444.0,French National Centre for Scientific Research,France,CNRS,WO-2016180945-A1,2016,METHODS AND PHARMACEUTICAL COMPOSITIONS FOR THE TREATMENT OF BACTERIAL INFECTIONS IN PATIENTS SUFFERING FROM CIRRHOSIS
275,grid.467287.8,Chiesi Farmaceutici (Italy),Italy,,WO-2015189168-A1,2015,"INHALATION PARTICLES COMPRISING A COMBINATION OF AN ANTICHOLINERGIC, A CORTICOSTEROID AND A BETA-ADRENERGIC"
276,grid.410844.d,Daiichi-Sankyo (Japan),Japan,DSI,US-9920068-B2,2016,Pyridine compounds
277,grid.479509.6,Sanford Burnham Prebys Medical Discovery Institute,United States,SBP,US-9920068-B2,2016,Pyridine compounds
278,grid.479509.6,Sanford Burnham Prebys Medical Discovery Institute,United States,SBP,US-9879032-B2,2017,Pyridine compounds
279,grid.475169.8,Discovery Institute,United States,DI,US-9879032-B2,2017,Pyridine compounds
280,grid.410844.d,Daiichi-Sankyo (Japan),Japan,DSI,US-9879032-B2,2017,Pyridine compounds
281,grid.461956.9,Cipla (India),India,,WO-2015193631-A1,2015,PHARMACEUTICAL COMPOSITION COMPRISING A BETA-2-AGONIST AND ANTICHOLINERGIC AGENT
282,grid.28665.3f,Academia Sinica,Taiwan,,US-9982041-B2,2015,Compositions and methods for treatment and detection of cancers
283,grid.5386.8,Cornell University,United States,CU,WO-2017055522-A1,2016,STABILIZED ENV PROTEINS OF HIV
284,grid.214007.0,Scripps Research Institute,United States,TSRI,WO-2017055522-A1,2016,STABILIZED ENV PROTEINS OF HIV
285,grid.426520.7,Zora Biosciences (Finland),Finland,,US-9459264-B2,2015,Lipidomic biomarkers for atherosclerosis and cardiovascular disease
286,grid.28665.3f,Academia Sinica,Taiwan,,US-10087236-B2,2010,Methods for modifying human antibodies by glycan engineering
287,grid.28665.3f,Academia Sinica,Taiwan,,US-9879042-B2,2015,Human iNKT cell activation using glycolipids
288,grid.39936.36,Catholic University of America,United States,CUA,US-9580477-B2,2015,Approach to produce HIV-1 GP140 envelope protein trimers
289,grid.39936.36,Catholic University of America,United States,CUA,US-10005819-B2,2017,Method of purifying authentic trimeric HIV-1 GP140 envelope glycoproteins comprising a long linker and tag
290,grid.239395.7,Beth Israel Deaconess Medical Center,United States,BIDMC,US-9932370-B2,2014,Stabilized mosaic human immunodeficiency virus type 1 (HIV-1) GP140 envelope (ENV) trimers
291,grid.214007.0,Scripps Research Institute,United States,TSRI,EP-2975053-A1,2015,BROADLY NEUTRALIZING ANTIBODY AND USES THEREOF
292,grid.420368.b,International AIDS Vaccine Initiative,United States,IAVI,EP-2975053-A1,2015,BROADLY NEUTRALIZING ANTIBODY AND USES THEREOF
293,grid.5386.8,Cornell University,United States,CU,EP-2975053-A1,2015,BROADLY NEUTRALIZING ANTIBODY AND USES THEREOF
294,grid.426520.7,Zora Biosciences (Finland),Finland,,EP-2385374-B2,2010,Lipidomic biomarkers for atherosclerosis and cardiovascular disease
295,grid.426520.7,Zora Biosciences (Finland),Finland,,US-9841431-B2,2015,Lipidomic biomarkers for identification of high-risk coronary artery disease patients
296,grid.59025.3b,Nanyang Technological University,Singapore,NTU,US-9711760-B2,2016,"Light-emitting device, method of forming and operating the same"
297,grid.28665.3f,Academia Sinica,Taiwan,,US-10005847-B2,2015,Anti-HER2 glycoantibodies and uses thereof
298,grid.39936.36,Catholic University of America,United States,CUA,US-9850288-B2,2015,Method of purifying authentic trimeric HIV-1 envelope glycoproteins comprising a long linker and tag
299,grid.464630.3,LG Corporation (South Korea),South Korea,,WO-2017095196-A1,2016,"ORGANIC/INORGANIC HYBRID PEROVSKITE, METHOD FOR PREPARING SAME, AND SOLAR CELL COMPRISING SAME"
300,grid.15276.37,University of Florida,United States,UF,US-9301965-B2,2015,Method of treating ovarian cancer using a PKC inhibitor
301,grid.170693.a,University of South Florida,United States,USF,US-9301965-B2,2015,Method of treating ovarian cancer using a PKC inhibitor
302,grid.28665.3f,Academia Sinica,Taiwan,,US-10086054-B2,2014,RM2 antigens and use thereof
303,grid.39936.36,Catholic University of America,United States,CUA,US-9944679-B2,2015,Authentic trimeric HIV-1 envelope glycoproteins comprising a long linker and tag
304,grid.39936.36,Catholic University of America,United States,CUA,US-9975924-B2,2015,Approach to produce HIV-1 GP140 envelope protein trimers
305,grid.7700.0,Heidelberg University,Germany,,WO-2016034600-A1,2015,MEANS AND METHODS FOR DIAGNOSING HEART FAILURE IN A SUBJECT
306,grid.426520.7,Zora Biosciences (Finland),Finland,,US-9857386-B2,2016,Lipidomic biomarkers for atherosclerosis and cardiovascular disease
307,grid.13097.3c,King's College London,United Kingdom,KCL,WO-2014184530-A1,2014,PLASMONIC HYDROGEN DETECTION
308,grid.492072.a,Klinikum Würzburg Mitte,Germany,KWM,EP-1450635-B1,2002,KNEE PAD
309,grid.21107.35,Johns Hopkins University,United States,JHU,EP-3076869-A4,2014,PERSONALIZED COMPUTATIONAL MODELING OF ATRIAL FIBROSIS TO GUIDE CATHETER ABLATION OF ATRIAL FIBRILLATION
310,grid.28665.3f,Academia Sinica,Taiwan,,US-10023892-B2,2015,Compositions and methods relating to universal glycoforms for enhanced antibody efficacy
311,grid.39936.36,Catholic University of America,United States,CUA,US-9834583-B2,2015,Authentic trimeric HIV-1 GP140 envelope glycoproteins comprising a long linker and tag
312,grid.2515.3,Boston Children's Hospital,United States,,WO-2016172691-A1,2016,MRI CHARACTERIZATION OF PLACENTAL OXYGEN TRANSPORT
313,grid.472790.f,Biosense Webster (Israel),Israel,,EP-3176754-A1,2016,MAPPING 3D TO 2D IMAGES
314,grid.21107.35,Johns Hopkins University,United States,JHU,WO-2015084876-A1,2014,PERSONALIZED COMPUTATIONAL MODELING OF ATRIAL FIBROSIS TO GUIDE CATHETER ABLATION OF ATRIAL FIBRILLATION
315,grid.28665.3f,Academia Sinica,Taiwan,,US-9975965-B2,2016,Compositions and methods for treatment and detection of cancers
316,grid.426520.7,Zora Biosciences (Finland),Finland,,US-9046538-B2,2011,Lipidomic biomarkers for atherosclerosis and cardiovascular disease
317,grid.421932.f,UCB Pharma (Belgium),Belgium,,WO-2017211928-A1,2017,ANTI-IgE ANTIBODIES
318,grid.214007.0,Scripps Research Institute,United States,TSRI,US-20160033532-A1,2015,MAMMALIAN PROTEIN CO-RECOGNITION BY BROADLY NEUTRALIZING ANTIBODIES AS MODIFIED IMMUNOGENS FOR RE-ELICITATION
319,grid.420368.b,International AIDS Vaccine Initiative,United States,IAVI,US-20160033532-A1,2015,MAMMALIAN PROTEIN CO-RECOGNITION BY BROADLY NEUTRALIZING ANTIBODIES AS MODIFIED IMMUNOGENS FOR RE-ELICITATION
320,grid.214007.0,Scripps Research Institute,United States,TSRI,WO-2015103549-A1,2015,NEUTRALIZING ANTIBODIES TO HIV-1 ENV AND THEIR USE
321,grid.426520.7,Zora Biosciences (Finland),Finland,,US-9201080-B2,2011,Lipidomic biomarkers for identification of high-risk coronary artery disease patients
322,grid.28665.3f,Academia Sinica,Taiwan,,US-9981030-B2,2014,Glycan conjugates and use thereof
323,grid.480384.3,St. Jude Medical (Sweden),Sweden,,WO-2016030491-A1,2015,SYSTEM AND METHOD FOR EVALUATING A CARDIAC SYSTEM BY DETERMINING MINIMUM RATIO PD/PA (DISTAL PRESSURE / ARTERIAL PRESSURE)
324,grid.457553.5,Bionor Pharma (Norway),Norway,,WO-2016005508-A1,2015,METHOD FOR REDUCING AND/OR DELAYING PATHOLOGICAL EFFECTS OF HUMAN IMMUNODEFICIENCY VIRUS I (HIV) OR FOR REDUCING THE RISK OF DEVELOPING ACQUIRED IMMUNODEFICIENCY SYNDROME (AIDS)
325,grid.457553.5,Bionor Pharma (Norway),Norway,,WO-2015110665-A1,2015,DOSAGE REGIMEN FOR HIV VACCINE
326,grid.457553.5,Bionor Pharma (Norway),Norway,,WO-2016177833-A1,2016,DOSAGE REGIMEN FOR HIV VACCINE
327,grid.457553.5,Bionor Pharma (Norway),Norway,,WO-2015086738-A3,2014,HIV VACCINE
328,grid.421932.f,UCB Pharma (Belgium),Belgium,,WO-2017211928-A1,2017,ANTI-IgE ANTIBODIES
329,grid.1441.0,Alcatel-Lucent (France),France,,EP-3016458-A1,2014,"Apparatus, Mobile Device, Base Station Transceiver, Adaptation Server, Method and Computer Program for providing information related to a predicted channel state"
330,grid.457553.5,Bionor Pharma (Norway),Norway,,US-20170043009-A1,2015,DOSAGE REGIMEN FOR HIV VACCINE
331,grid.476112.7,Bionor Pharma (Denmark),Denmark,,US-20170043009-A1,2015,DOSAGE REGIMEN FOR HIV VACCINE
332,grid.7400.3,University of Zurich,Switzerland,UZH,US-9587014-B2,2012,TDP-43 specific binding molecules
333,grid.482381.4,Biogen (Switzerland),Switzerland,,US-9587014-B2,2012,TDP-43 specific binding molecules
334,grid.168010.e,Stanford University,United States,SU,US-10034645-B1,2017,Systems and methods for detecting complex networks in MRI image data
335,grid.431072.3,AbbVie (United States),United States,"Abbvie Biotherapeutics, Inc",US-9963459-B1,2017,"Processes for the preparation of (3S,4R)-3-ethyl-4-(3H-imidazo[1,2-alpla]pyrrolo[2,3-e]-pyrazin-8-YL)-N-(2,2,2-Trifluoroethyl)pyrrol and solid state forms thereof"
336,grid.431072.3,AbbVie (United States),United States,"Abbvie Biotherapeutics, Inc",US-10017517-B2,2018,"Processes for the preparation of (3S,4R)-3-ethyl-4-(3H-imidazo[1,2-α]pyrrolo[2,3-e]-pyrazin-8-yl)-N-(2,2,2-trifluorethyl)pyrrolidine-1-carboxamide and solid state forms thereof"
337,grid.431072.3,AbbVie (United States),United States,"Abbvie Biotherapeutics, Inc",US-9879018-B2,2017,"Processes for the preparation of (3S,4R)-3-ethyl-4-(3H-imidazo[1,2-α]pyrrolo[2,3-e]-pyrazin-8-yl)-N-(2,2,2-trifluoroethyl and solid state forms thereof"
338,grid.26009.3d,Duke University,United States,,US-10076567-B2,2014,MPER-liposome conjugates and uses thereof
339,grid.471055.2,Los Alamos National Security (United States),United States,LANS,US-10076567-B2,2014,MPER-liposome conjugates and uses thereof
340,grid.476376.7,Galapagos (Belgium),Belgium,,WO-2016165953-A1,2016,METHODS FOR THE TREATMENT OF INFLAMMATORY DISORDERS
341,grid.431072.3,AbbVie (United States),United States,"Abbvie Biotherapeutics, Inc",US-9879019-B2,2017,"Processes for the preparation of (3S,4R)-3-ethyl-4-(3H-imidazo[1,2-α]pyrrolo[2,3-e]-pyrazin-8-yl)-N-(2,2,2-trifluoroethyl)pyrrolidine-1-carboxamide and solid state forms thereof"
342,grid.421932.f,UCB Pharma (Belgium),Belgium,,WO-2017211928-A1,2017,ANTI-IgE ANTIBODIES
343,grid.431072.3,AbbVie (United States),United States,"Abbvie Biotherapeutics, Inc",US-9951080-B2,2017,"Processes for the preparation of (3S,4R)-3-ethyl-4-(3H-imidazo[1,2-alpha]pyrrolo[2,3-e]-pyrazin-8-yl)-N-(2,2,2-trifluoroethyl)pyrrolidine-1-carboxamide and solid state forms thereof"
344,grid.417882.0,Allergan (United States),United States,,WO-2011142783-A2,2010,MODIFIED CLOSTRIDIAL TOXINS COMPRISING AN INTEGRATED PROTEASE CLEAVAGE SITE-BINDING DOMAIN
345,grid.32224.35,Massachusetts General Hospital,United States,MGH,WO-2015089375-A1,2014,SOLUBLE HIGH MOLECULAR WEIGHT (HMW) TAU SPECIES AND APPLICATIONS THEREOF
346,grid.418587.7,Roche (Japan),Japan,,WO-2016159213-A1,2016,METHOD FOR PRODUCING POLYPEPTIDE HETERO-OLIGOMER
347,grid.62560.37,Brigham and Women's Hospital,United States,BWH,US-9970935-B2,2015,Uses of GLI1 in detecting tissue fibrosis
348,grid.5406.7,Siemens (Germany),Germany,,WO-2015153832-A1,2015,SYSTEM AND METHOD FOR CHARACTERIZATION OF ELECTRICAL PROPERTIES OF THE HEART FROM MEDICAL IMAGES AND BODY SURFACE POTENTIALS
349,grid.419233.e,Siemens (United States),United States,,WO-2015153832-A1,2015,SYSTEM AND METHOD FOR CHARACTERIZATION OF ELECTRICAL PROPERTIES OF THE HEART FROM MEDICAL IMAGES AND BODY SURFACE POTENTIALS
350,grid.428999.7,Pasteur Institute,France,,WO-2017198816-A1,2017,OLFACTORY MEANS FOR THE DIAGNOSIS OF NEUROLOGICAL COMPLICATIONS OF NERVOUS SYSTEM INFECTION
351,grid.50550.35,Assistance Publique -Hopitaux De Paris,France,AP-HP,WO-2017198816-A1,2017,OLFACTORY MEANS FOR THE DIAGNOSIS OF NEUROLOGICAL COMPLICATIONS OF NERVOUS SYSTEM INFECTION
352,grid.4444.0,French National Centre for Scientific Research,France,CNRS,WO-2017198816-A1,2017,OLFACTORY MEANS FOR THE DIAGNOSIS OF NEUROLOGICAL COMPLICATIONS OF NERVOUS SYSTEM INFECTION
353,grid.417882.0,Allergan (United States),United States,,EP-1982997-A1,2005,Degradable clostridial toxins
354,grid.417882.0,Allergan (United States),United States,,WO-2012112432-A1,2012,METHODS OF INHIBITING ABERRANT BLOOD VESSEL FORMATION USING OPIOID RETARGETED ENDOPEPTIDASES
355,grid.418587.7,Roche (Japan),Japan,,US-10011858-B2,2006,Methods for producing polypeptides by regulating polypeptide association
356,grid.418587.7,Roche (Japan),Japan,,US-9670269-B2,2007,Methods of modifying antibodies for purification of bispecific antibodies
357,grid.417882.0,Allergan (United States),United States,,EP-2505592-A1,2007,Modified clostridial toxins with enhanced translocation capability and enhanced targeting activity
358,grid.417882.0,Allergan (United States),United States,,WO-2012112420-A1,2012,TREATMENTS USING PSMA LIGAND ENDOPEPTIDASES
359,grid.417882.0,Allergan (United States),United States,,WO-2012112422-A1,2012,INHIBITING ABERRANT BLOOD VESSEL FORMATION USING GROWTH FACTOR RETARGETED ENDOPEPTIDASES
360,grid.418587.7,Roche (Japan),Japan,,US-9828429-B2,2015,Method of modifying isoelectric point of antibody via amino acid substitution in CDR
361,grid.418587.7,Roche (Japan),Japan,,US-10066018-B2,2015,Antibody constant region variant
362,grid.417882.0,Allergan (United States),United States,,WO-2012112426-A1,2012,ARGININE VASOPRESSIN RETARGETED CLOSTRIDIAL ENDOPEPTIDASES FOR USE IN TREATING BENIGN PROSTATIC HYPERPLASIA
363,grid.417882.0,Allergan (United States),United States,,EP-3067049-A1,2009,CLOSTRIDIAL TOXIN PHARMACEUTICAL COMPOSITIONS
364,grid.417540.3,Eli Lilly (United States),United States,Eli Lilly & Company,WO-2015167890-A1,2015,"(THIENO[2,3-b][1,5]BENZOXAZEPIN-4-YL)PIPERAZIN-1-YL COMPOUNDS AS SELECTIVE 5-HT2A INVERSE AGONISTS"
365,grid.440568.b,Khalifa University of Science and Technology,United Arab Emirates,KUSTAR,US-9596119-B2,2015,Signal detection in a communication system
366,grid.418587.7,Roche (Japan),Japan,,US-9975966-B2,2017,Cytotoxicity-inducing theraputic agent
367,grid.30389.31,University of California System,United States,,WO-2017091630-A1,2016,TRACKING AND MANIPULATING CELLULAR RNA VIA NUCLEAR DELIVERY OF CRISPR/CAS9
368,grid.417284.c,Philips (Netherlands),Netherlands,,WO-2018099884-A1,2017,RISK SCORES BASED ON HUMAN PHOSPHODIESTERASE 4D VARIANT 7 EXPRESSION
369,grid.5596.f,KU Leuven,Belgium,KUL,WO-2017194589-A1,2017,INHIBITION OF TAU-MEDIATED EARLY SYNAPTIC DYSFUNCTION
370,grid.4567.0,Helmholtz Zentrum München,Germany,,WO-2018050286-A1,2017,TRAF 6 INHIBITORS
371,grid.417882.0,Allergan (United States),United States,,WO-2010135538-A1,2010,BOTULINUM TOXIN SCREENING ASSAYS
372,grid.440568.b,Khalifa University of Science and Technology,United Arab Emirates,KUSTAR,US-9912497-B2,2016,Signal detection in a communication system
373,grid.417284.c,Philips (Netherlands),Netherlands,,WO-2016193110-A1,2016,METHODS OF PROSTATE CANCER PROGNOSIS
374,grid.418587.7,Roche (Japan),Japan,,US-9688762-B2,2008,Modified antibody constant region
375,grid.476284.b,Genmab (Denmark),Denmark,,EP-2164873-B1,2008,STABLE IGG4 ANTIBODIES
376,grid.418961.3,Regeneron (United States),United States,,WO-2016196185-A1,2016,NON-HUMAN ANIMALS HAVING A DISRUPTION IN A C9ORF72 LOCUS
377,grid.21107.35,Johns Hopkins University,United States,JHU,US-20110104146-A1,2008,ANTITHROMBOTIC AGENTS AND METHODS OF USE THEREOF
378,grid.50550.35,Assistance Publique -Hopitaux De Paris,France,AP-HP,WO-2015189186-A1,2015,METHODS AND PHARMACEUTICAL COMPOSITIONS FOR THE TREATMENT OF MYELODYSPLASTIC SYNDROMES
379,grid.7429.8,French Institute of Health and Medical Research,France,INSERM,WO-2015189186-A1,2015,METHODS AND PHARMACEUTICAL COMPOSITIONS FOR THE TREATMENT OF MYELODYSPLASTIC SYNDROMES
380,grid.10992.33,Paris Descartes University,France,,WO-2015189186-A1,2015,METHODS AND PHARMACEUTICAL COMPOSITIONS FOR THE TREATMENT OF MYELODYSPLASTIC SYNDROMES
381,grid.4444.0,French National Centre for Scientific Research,France,CNRS,WO-2015189186-A1,2015,METHODS AND PHARMACEUTICAL COMPOSITIONS FOR THE TREATMENT OF MYELODYSPLASTIC SYNDROMES
382,grid.32224.35,Massachusetts General Hospital,United States,MGH,US-9988343-B2,2014,Inhibitors of histone deacetylase
383,grid.65499.37,Dana-Farber Cancer Institute,United States,,US-9988343-B2,2014,Inhibitors of histone deacetylase
384,grid.21107.35,Johns Hopkins University,United States,JHU,US-9585899-B2,2008,Method of inhibiting platelet aggregation and clot formation
385,grid.7429.8,French Institute of Health and Medical Research,France,INSERM,US-9675590-B2,2015,Methods and pharmaceutical compositions for the treatment of myelodysplastic syndromes
386,grid.50550.35,Assistance Publique -Hopitaux De Paris,France,AP-HP,US-9675590-B2,2015,Methods and pharmaceutical compositions for the treatment of myelodysplastic syndromes
387,grid.10992.33,Paris Descartes University,France,,US-9675590-B2,2015,Methods and pharmaceutical compositions for the treatment of myelodysplastic syndromes
388,grid.4444.0,French National Centre for Scientific Research,France,CNRS,US-9675590-B2,2015,Methods and pharmaceutical compositions for the treatment of myelodysplastic syndromes
389,grid.460028.8,TeraRecon (United States),United States,,US-9839490-B2,2016,Touchless advanced image processing and visualization
390,grid.83440.3b,University College London,United Kingdom,UCL,WO-2017137427-A1,2017,DETECTION OF CANCER OF THE ESOPHAGUS
391,grid.413454.3,Polish Academy of Sciences,Poland,PAN,WO-2017186719-A1,2017,MICRORNA BIOMARKERS IN BLOOD FOR DIAGNOSIS OF ALZHEIMER'S DISEASE
392,grid.421605.4,Earlham Institute,United Kingdom,TGAC,GB-2559540-A,2016,Plant prolamins and glutenins
393,grid.65499.37,Dana-Farber Cancer Institute,United States,,WO-2017143076-A1,2017,CHIMERIC ANTIGEN RECEPTORS AND METHODS OF USE THEREOF
394,grid.4567.0,Helmholtz Zentrum München,Germany,,WO-2015144861-A1,2015,FLATTOP (FLTP) IS A NOVEL BIOMARKER FOR BETA CELL MATURATION
395,grid.455973.9,Halliburton (United States),United States,,WO-2016182542-A1,2015,CARBON DIOXIDE-VISCOSIFIABLE COMPOSITIONS FOR SUBTERRANEAN TREATMENT
396,grid.417284.c,Philips (Netherlands),Netherlands,,WO-2015022660-A3,2014,SIMULTANEOUS PET/MR IMAGING WITH MAGNETIC FIELD MONITORING AND/OR IMPROVED SHIELDING
397,grid.4991.5,University of Oxford,United Kingdom,,WO-2018037229-A1,2017,APOLIPOPROTEIN F AS BIOMARKER FOR NON-ALCOHOLIC FATTY LIVER DISEASE
398,grid.25879.31,University of Pennsylvania,United States,,GB-2556751-A,2016,"Systems and methods for immobilizing extracelluar matrix material on organ on chip, multilayer microfluids microdevices, and three-dimensional cell culture"
399,grid.29857.31,Pennsylvania State University,United States,PSU,GB-2556751-A,2016,"Systems and methods for immobilizing extracelluar matrix material on organ on chip, multilayer microfluids microdevices, and three-dimensional cell culture"
400,grid.421940.a,Adaptive Biotechnologies (United States),United States,,US-9499865-B2,2012,Detection and measurement of tissue-infiltrating lymphocytes
401,grid.47894.36,Colorado State University,United States,CSU,US-9482620-B2,2015,Portable particle spectrometer
402,grid.424670.3,Esaote (Italy),Italy,,US-10043272-B2,2015,Method and apparatus for acquiring and fusing ultrasound images with pre-acquired images
403,grid.424670.3,Esaote (Italy),Italy,,US-20160078623-A1,2015,Method and apparatus for acquiring and fusing ultrasound images with pre-acquired images
404,grid.13097.3c,King's College London,United Kingdom,KCL,WO-2014184584-A1,2014,DELIVERY PEPTIDES
405,grid.4280.e,National University of Singapore,Singapore,NUS,US-10035852-B2,2016,Treatment of fibrosis
406,grid.453420.4,SingHealth,Singapore,,US-10035852-B2,2016,Treatment of fibrosis
407,grid.214572.7,University of Iowa,United States,UI,WO-2017214397-A1,2017,COMPOSITIONS AND METHODS FOR DETECTING PREDISPOSITION TO CARDIOVASCULAR DISEASE
408,grid.424670.3,Esaote (Italy),Italy,,EP-2998932-A1,2015,METHOD AND DEVICE FOR THE ACQUISITION OF ULTRASOUND IMAGES AND FOR THE FUSION OF SUCH IMAGES WITH PRE-ACQUIRED IMAGES
409,grid.418356.d,United States Department of Veterans Affairs,United States,VA ,US-9994830-B2,2015,Methods for modulating cyclic nucleotide-mediated signaling in cardiac myocytes and compositions
410,grid.266539.d,University of Kentucky,United States,,US-9066928-B1,2013,"Method, composition, and kit useful for treatment of alzheimer's disease"
411,grid.421940.a,Adaptive Biotechnologies (United States),United States,,US-9506119-B2,2013,Method of sequence determination using sequence tags
412,grid.16753.36,Northwestern University,United States,NU,US-9980976-B2,2016,Use of REDD1 inhibitors to dissociate therapeutic and adverse atrophogenic effects of glucocorticoid receptor agonists
413,grid.59734.3c,Icahn School of Medicine at Mount Sinai,United States,MSSM,US-9980976-B2,2016,Use of REDD1 inhibitors to dissociate therapeutic and adverse atrophogenic effects of glucocorticoid receptor agonists
414,grid.476833.d,Verona Pharma ( United Kingdom),United Kingdom,,WO-2016128742-A1,2016,"SALT OF A PYRIMIDO[6,1-A]ISOQUINOLIN-4-ONE COMPOUND"
415,grid.10419.3d,Leiden University Medical Center,Netherlands,LUMC,WO-2014077693-A1,2013,MEANS AND METHODS FOR REDUCING AN EFFECT OF AGING IN A MAMMALIAN CELL
416,grid.35030.35,City University of Hong Kong,China,,US-9897593-B2,2015,Systems and methods for automated handling of live organisms
417,grid.476833.d,Verona Pharma ( United Kingdom),United Kingdom,,US-9956171-B2,2015,Liquid inhalation formulation comprising RPL554
418,grid.476833.d,Verona Pharma ( United Kingdom),United Kingdom,,US-9062047-B2,2011,"Crystalline form of pyrimido[6,1-A] isoquinolin-4-one compound"
419,grid.25879.31,University of Pennsylvania,United States,,WO-2017040930-A3,2016,BIOMARKERS PREDICTIVE OF CYTOKINE RELEASE SYNDROME
420,grid.29857.31,Pennsylvania State University,United States,PSU,WO-2017040930-A3,2016,BIOMARKERS PREDICTIVE OF CYTOKINE RELEASE SYNDROME
421,grid.8756.c,University of Glasgow,United Kingdom,,WO-2015082896-A1,2014,MATERIALS AND METHODS FOR TREATMENT OF PULMONARY ARTERIAL HYPERTENSION
422,grid.5253.1,University Hospital Heidelberg,Germany,,WO-2018041959-A1,2017,GENE PANEL SPECIFIC FOR PULMONARY HYPERTENSION AND ITS USES
423,grid.7700.0,Heidelberg University,Germany,,WO-2018041959-A1,2017,GENE PANEL SPECIFIC FOR PULMONARY HYPERTENSION AND ITS USES
424,grid.419905.0,Nestlé (Switzerland),Switzerland,,WO-2017102715-A1,2016,COMPOSITIONS AND THEIR USE
425,grid.421940.a,Adaptive Biotechnologies (United States),United States,,US-9824179-B2,2012,Diagnosis of lymphoid malignancies and minimal residual disease detection
426,grid.270240.3,Fred Hutchinson Cancer Research Center,United States,FHCRC,US-9824179-B2,2012,Diagnosis of lymphoid malignancies and minimal residual disease detection
427,grid.421940.a,Adaptive Biotechnologies (United States),United States,,US-9499865-B2,2012,Detection and measurement of tissue-infiltrating lymphocytes
428,grid.421940.a,Adaptive Biotechnologies (United States),United States,,US-9347099-B2,2013,Single cell analysis by polymerase cycling assembly
429,grid.121334.6,University of Montpellier,France,UM,WO-2016046766-A1,2015,METHOD AND DEVICE FOR STIMULATING MYELINATED AND UNMYELINATED SMALL DIAMETER VAGAL NEURONS
430,grid.414548.8,French National Institute for Agricultural Research,France,INRA ,WO-2016046766-A1,2015,METHOD AND DEVICE FOR STIMULATING MYELINATED AND UNMYELINATED SMALL DIAMETER VAGAL NEURONS
431,grid.5328.c,French Institute for Research in Computer Science and Automation,France,INRIA,WO-2016046766-A1,2015,METHOD AND DEVICE FOR STIMULATING MYELINATED AND UNMYELINATED SMALL DIAMETER VAGAL NEURONS
432,grid.421940.a,Adaptive Biotechnologies (United States),United States,,US-10066265-B2,2014,Determining antigen-specific t-cells
433,grid.421940.a,Adaptive Biotechnologies (United States),United States,,US-9708657-B2,2014,Method for generating clonotype profiles using sequence tags
434,grid.421940.a,Adaptive Biotechnologies (United States),United States,,US-9523129-B2,2014,Sequence analysis of complex amplicons
435,grid.419481.1,Novartis (Switzerland),Switzerland,,WO-2017221128-A1,2017,METHODS OF TREATING DRY EYE DISEASE USING TNF ALPHA ANTAGONISTS
436,grid.30389.31,University of California System,United States,,US-9801911-B2,2013,Expansion of alloantigen-reactive regulatory T cells
437,grid.59409.31,Miltenyi Biotec (Germany),Germany,,WO-2015162211-A1,2015,METHOD FOR AUTOMATED GENERATION OF GENETICALLY MODIFIED T CELLS
438,grid.12082.39,University of Sussex,United Kingdom,,WO-2017037477-A1,2016,SEPSIS BIOLOGICAL MARKER
439,grid.421940.a,Adaptive Biotechnologies (United States),United States,,US-9528160-B2,2013,Rare clonotypes and uses thereof
440,grid.421940.a,Adaptive Biotechnologies (United States),United States,,US-10077473-B2,2017,Method for genotyping clonotype profiles using sequence tags
441,grid.417284.c,Philips (Netherlands),Netherlands,,WO-2015086368-A1,2014,MODEL-BASED SEGMENTATION OF AN ANATOMICAL STRUCTURE
442,grid.421940.a,Adaptive Biotechnologies (United States),United States,,US-9365901-B2,2013,Monitoring immunoglobulin heavy chain evolution in B-cell acute lymphoblastic leukemia
443,grid.137628.9,New York University,United States,NYU,US-10053690-B2,2014,Anti-miR-27b and anti-miR-148a oligonucleotides as therapeutic tools for treating dyslipidemias and cardiovascular diseases
444,grid.421940.a,Adaptive Biotechnologies (United States),United States,,US-10077478-B2,2013,Determining paired immune receptor chains from frequency matched subunits
445,grid.421940.a,Adaptive Biotechnologies (United States),United States,,US-9371558-B2,2015,Compositions and method for measuring and calibrating amplification bias in multiplexed PCR reactions
446,grid.471336.4,Yeda Research and Development (Israel),Israel,,WO-2016030899-A1,2015,METHODS OF TREATING AMYOTROPHIC LATERAL SCLEROSES
447,grid.270240.3,Fred Hutchinson Cancer Research Center,United States,FHCRC,US-9809813-B2,2016,Method of measuring adaptive immunity
448,grid.433548.d,Cepheid (United States),United States,,EP-2756118-A4,2012,METHODS OF DETECTING SEPSIS
449,grid.421940.a,Adaptive Biotechnologies (United States),United States,,US-9512487-B2,2014,Monitoring health and disease status using clonotype profiles
450,grid.121334.6,University of Montpellier,France,UM,WO-2016046587-A1,2014,METHOD AND DEVICE FOR STIMULATING MYELINATED AND UNMYELINATED SMALL DIAMETER VAGAL NEURONS
451,grid.414548.8,French National Institute for Agricultural Research,France,INRA ,WO-2016046587-A1,2014,METHOD AND DEVICE FOR STIMULATING MYELINATED AND UNMYELINATED SMALL DIAMETER VAGAL NEURONS
452,grid.5328.c,French Institute for Research in Computer Science and Automation,France,INRIA,WO-2016046587-A1,2014,METHOD AND DEVICE FOR STIMULATING MYELINATED AND UNMYELINATED SMALL DIAMETER VAGAL NEURONS
453,grid.419905.0,Nestlé (Switzerland),Switzerland,,WO-2017167418-A1,2016,NUTRITIONAL COMPOSITIONS AND THEIR USE
454,grid.421940.a,Adaptive Biotechnologies (United States),United States,,US-9416420-B2,2013,Monitoring health and disease status using clonotype profiles
455,grid.421940.a,Adaptive Biotechnologies (United States),United States,,US-9506119-B2,2013,Method of sequence determination using sequence tags
456,grid.418143.b,General Electric (United States),United States,GE,WO-2018031340-A1,2017,SYSTEM AND METHOD OF DATA ANALYSIS FOR DETECTING GROSS HEAD MOTION FROM PET IMAGES
457,grid.32224.35,Massachusetts General Hospital,United States,MGH,WO-2015089375-A1,2014,SOLUBLE HIGH MOLECULAR WEIGHT (HMW) TAU SPECIES AND APPLICATIONS THEREOF
458,grid.421222.5,Cisco Systems (United States),United States,,US-9774534-B2,2014,Distributed arbitration of time contention in TSCH networks
459,grid.13097.3c,King's College London,United Kingdom,KCL,WO-2015040378-A1,2014,BIOMARKERS CORRELATED TO PARP INHIBITOR TREATMENT SUCCESS IN AML PATIENTS
460,grid.419233.e,Siemens (United States),United States,,WO-2016178115-A1,2016,DATA-DRIVEN SURROGATE RESPIRATORY SIGNAL GENERATION FOR MEDICAL IMAGING
461,grid.421222.5,Cisco Systems (United States),United States,,WO-2016010757-A1,2015,DISTRIBUTED ARBITRATION OF TIME CONTENTION IN TSCH NETWORKS
462,grid.50550.35,Assistance Publique -Hopitaux De Paris,France,AP-HP,WO-2017182609-A1,2017,METHODS AND PHARMACEUTICAL COMPOSITION FOR THE TREATMENT OF INFLAMMATORY SKIN DISEASES ASSOCIATED WITH DESMOGLEIN-1 DEFICIENCY
463,grid.10992.33,Paris Descartes University,France,,WO-2017182609-A1,2017,METHODS AND PHARMACEUTICAL COMPOSITION FOR THE TREATMENT OF INFLAMMATORY SKIN DISEASES ASSOCIATED WITH DESMOGLEIN-1 DEFICIENCY
464,grid.7429.8,French Institute of Health and Medical Research,France,INSERM,WO-2017182609-A1,2017,METHODS AND PHARMACEUTICAL COMPOSITION FOR THE TREATMENT OF INFLAMMATORY SKIN DISEASES ASSOCIATED WITH DESMOGLEIN-1 DEFICIENCY
465,grid.450278.c,Complete Genomics (United States),United States,,US-10023910-B2,2016,Multiple tagging of individual long DNA fragments
466,grid.418143.b,General Electric (United States),United States,GE,WO-2018031340-A1,2017,SYSTEM AND METHOD OF DATA ANALYSIS FOR DETECTING GROSS HEAD MOTION FROM PET IMAGES
467,grid.30389.31,University of California System,United States,,EP-3052659-A4,2014,"IDENTIFICATION OF CXCR8, A NOVEL CHEMOKINE RECEPTOR"
468,grid.5012.6,Maastricht University,Netherlands,UM,US-9611480-B2,2014,"Means and methods for counteracting, delaying and/or preventing adverse energy metabolism switches in heart disease"
469,grid.412966.e,Maastricht University Medical Centre,Netherlands,MUMC,US-9611480-B2,2014,"Means and methods for counteracting, delaying and/or preventing adverse energy metabolism switches in heart disease"
470,grid.1957.a,RWTH Aachen University,Germany,RWTH,WO-2016202365-A1,2015,SPECIFIC PHOTOIMMUNO-THERANOSTICS FOR DETECTION AND ELIMINATION OF SKIN CANCER CELLS
471,grid.4561.6,Fraunhofer Society,Germany,FHG,WO-2016202365-A1,2015,SPECIFIC PHOTOIMMUNO-THERANOSTICS FOR DETECTION AND ELIMINATION OF SKIN CANCER CELLS
472,grid.419481.1,Novartis (Switzerland),Switzerland,,WO-2014118705-A1,2014,METHODS OF TREATING CHRONIC KIDNEY DISEASE-MINERAL AND BONE DISORDER USING SCLEROSTIN ANTAGONISTS
473,grid.5012.6,Maastricht University,Netherlands,UM,US-8815822-B2,2009,"Means and methods for counteracting, delaying and/or preventing adverse energy metabolism switches in heart disease"
474,grid.412966.e,Maastricht University Medical Centre,Netherlands,MUMC,US-8815822-B2,2009,"Means and methods for counteracting, delaying and/or preventing adverse energy metabolism switches in heart disease"
475,grid.83440.3b,University College London,United Kingdom,UCL,WO-2016174405-A1,2016,NUCLEIC ACID CONSTRUCT FOR EXPRESSING MORE THAN ONE CHIMERIC ANTIGEN RECEPTOR
476,grid.419971.3,Bristol-Myers Squibb (United States),United States,BMS,US-9822112-B2,2017,"Heteroarylene-bridged benzodiazepine dimers, conjugates thereof, and methods of making and using"
477,grid.428999.7,Pasteur Institute,France,,WO-2016046635-A1,2015,METHODS FOR CHARACTERIZING HUMAN PAPILLOMAVIRUS ASSOCIATED CERVICAL LESIONS
478,grid.10306.34,Wellcome Sanger Institute,United Kingdom,WTSI,WO-2017191074-A1,2017,METHOD OF CHARACTERISING A DNA SAMPLE
479,grid.417815.e,AstraZeneca (United Kingdom),United Kingdom,,WO-2016038383-A1,2015,PYRROLOBENZODIAZEPINES AND CONJUGATES THEREOF
480,grid.38142.3c,Harvard University,United States,,US-9999671-B2,2014,Delivery of negatively charged proteins using cationic lipids
481,grid.419971.3,Bristol-Myers Squibb (United States),United States,BMS,US-9676775-B2,2016,"Heteroarylene-bridged benzodiazepine dimers, conjugates thereof, and methods of making and using"
482,grid.116068.8,Massachusetts Institute of Technology,United States,MIT,US-9834791-B2,2014,CRISPR-related methods and compositions with governing gRNAS
483,grid.214572.7,University of Iowa,United States,UI,US-9834791-B2,2014,CRISPR-related methods and compositions with governing gRNAS
484,grid.66859.34,Broad Institute,United States,,US-9834791-B2,2014,CRISPR-related methods and compositions with governing gRNAS
485,grid.7700.0,Heidelberg University,Germany,,EP-3070101-A1,2015,AGENTS FOR USE IN THE THERAPEUTIC OR PROPHYLACTIC TREATMENT OF MYOPIA OR HYPEROPIA
486,grid.10306.34,Wellcome Sanger Institute,United Kingdom,WTSI,WO-2017191068-A1,2017,METHOD OF DETECTING A MUTATIONAL SIGNATURE IN A SAMPLE
487,grid.417695.8,Celldex Therapeutics (United States),United States,,US-9334332-B2,2013,Anti-kit antibodies
488,grid.419971.3,Bristol-Myers Squibb (United States),United States,BMS,US-9688694-B2,2016,"Macrocyclic benzodiazepine dimers, conjugates thereof, preparation and uses"
489,grid.38142.3c,Harvard University,United States,,US-9340800-B2,2014,Extended DNA-sensing GRNAS
490,grid.417570.0,Roche (Switzerland),Switzerland,,AU-2014244245-C1,2014,Pyrrolobenzodiazepines and conjugates thereof
491,grid.418158.1,Roche (United States),United States,Roche,AU-2014244245-C1,2014,Pyrrolobenzodiazepines and conjugates thereof
492,grid.417815.e,AstraZeneca (United Kingdom),United Kingdom,,AU-2014244245-C1,2014,Pyrrolobenzodiazepines and conjugates thereof
493,grid.38142.3c,Harvard University,United States,,US-9737604-B2,2014,Use of cationic lipids to deliver CAS9
494,grid.479336.c,Kymab (United Kingdom),United Kingdom,,WO-2018029474-A2,2017,ANTI-ICOS ANTIBODIES
495,grid.38142.3c,Harvard University,United States,,US-9388430-B2,2014,Cas9-recombinase fusion proteins and uses thereof
496,grid.38142.3c,Harvard University,United States,,US-9840699-B2,2014,Methods for nucleic acid editing
497,grid.417695.8,Celldex Therapeutics (United States),United States,,US-9605081-B2,2016,Polynucleotides encoding anti-kit antibodies
498,grid.417815.e,AstraZeneca (United Kingdom),United Kingdom,,WO-2017186894-A1,2017,PYRROLOBENZODIAZEPINE CONJUGATES AND THEIR USE FOR THE TREATMENT OF CANCER
499,grid.418158.1,Roche (United States),United States,Roche,US-9821074-B2,2014,Pyrrolobenzodiazepines and conjugates thereof
500,grid.417815.e,AstraZeneca (United Kingdom),United Kingdom,,US-9821074-B2,2014,Pyrrolobenzodiazepines and conjugates thereof
501,grid.418158.1,Roche (United States),United States,Roche,US-9464141-B2,2013,Anti-ETBR antibodies and immunoconjugates
502,grid.7700.0,Heidelberg University,Germany,,WO-2016146254-A1,2016,AGENTS FOR USE IN THE THERAPEUTIC OR PROPHYLACTIC TREATMENT OF MYOPIA OR HYPEROPIA
503,grid.430814.a,Antoni van Leeuwenhoek Hospital,Netherlands,NKI-AVL,WO-2015187018-A2,2015,MEANS AND METHODS FOR DETERMINING T CELL RECOGNITION
504,grid.4561.6,Fraunhofer Society,Germany,FHG,US-9745552-B2,2011,Anti CD4 antibodies to prevent in particular graft-versus-host-disease (GvHD)
505,grid.420032.7,Myriad (United States),United States,,WO-2017106365-A1,2016,METHODS FOR MEASURING MUTATION LOAD
506,grid.417570.0,Roche (Switzerland),Switzerland,,WO-2017181134-A2,2017,DETECTING CANCER DRIVER GENES AND PATHWAYS
507,grid.424277.0,Roche (Germany),Germany,,WO-2017181134-A2,2017,DETECTING CANCER DRIVER GENES AND PATHWAYS
508,grid.417815.e,AstraZeneca (United Kingdom),United Kingdom,,US-9649390-B2,2014,Pyrrolobenzodiazepines and conjugates thereof
509,grid.419481.1,Novartis (Switzerland),Switzerland,,WO-2018092064-A1,2017,COMBINATIONS OF MDM2 INHIBITORS AND BCL-XL INHIBITORS
510,grid.417815.e,AstraZeneca (United Kingdom),United Kingdom,,WO-2018091646-A1,2017,PYRROLOBENZODIAZEPINE CONJUGATES
511,grid.38142.3c,Harvard University,United States,,US-9526784-B2,2014,Delivery system for functional nucleases
512,grid.417570.0,Roche (Switzerland),Switzerland,,AU-2014244245-B2,2014,Pyrrolobenzodiazepines and conjugates thereof
513,grid.417815.e,AstraZeneca (United Kingdom),United Kingdom,,AU-2014244245-B2,2014,Pyrrolobenzodiazepines and conjugates thereof
514,grid.418158.1,Roche (United States),United States,Roche,AU-2014244245-B2,2014,Pyrrolobenzodiazepines and conjugates thereof
515,grid.38142.3c,Harvard University,United States,,US-20150165054-A1,2014,METHODS FOR CORRECTING CASPASE-9 POINT MUTATIONS
516,grid.419971.3,Bristol-Myers Squibb (United States),United States,BMS,US-9822144-B2,2017,"Benzodiazepine dimers, conjugates thereof, and methods of making and using"
517,grid.419971.3,Bristol-Myers Squibb (United States),United States,BMS,US-9676794-B2,2016,"Benzodiazepine dimers, conjugates thereof, and methods of making and using"
518,grid.7497.d,German Cancer Research Center,Germany,DKFZ,WO-2015049063-A1,2014,"HUMAN TERT PROMOTER VARIANTS, AS WELL AS KITS, METHODS AND USES THEREOF"
519,grid.431072.3,AbbVie (United States),United States,"Abbvie Biotherapeutics, Inc",WO-2017201204-A1,2017,ANTI-cMet ANTIBODY DRUG CONJUGATES AND METHODS FOR THEIR USE
520,grid.38142.3c,Harvard University,United States,,US-10077453-B2,2015,CAS9 proteins including ligand-dependent inteins
521,grid.10306.34,Wellcome Sanger Institute,United Kingdom,WTSI,WO-2017191073-A1,2017,MUTATIONAL SIGNATURES IN CANCER
522,grid.419971.3,Bristol-Myers Squibb (United States),United States,BMS,US-9902740-B2,2017,"Macrocyclic benzodiazepine dimers, conjugates thereof, preparation and uses"
523,grid.419971.3,Bristol-Myers Squibb (United States),United States,BMS,US-9527871-B2,2016,"Benzodiazepine dimers, conjugates thereof, and methods of making and using"
524,grid.479336.c,Kymab (United Kingdom),United Kingdom,,US-9957323-B2,2017,Anti-ICOS antibodies
525,grid.38142.3c,Harvard University,United States,,US-9340799-B2,2014,MRNA-sensing switchable gRNAs
526,grid.419971.3,Bristol-Myers Squibb (United States),United States,BMS,US-9526801-B2,2016,"Heteroarylene-bridged benzodiazepine dimers, conjugates thereof, and methods of making and using"
527,grid.479336.c,Kymab (United Kingdom),United Kingdom,,US-9938358-B2,2016,Animal models and therapeutic molecules
528,grid.479336.c,Kymab (United Kingdom),United Kingdom,,US-9924705-B2,2016,Animal models and therapeutic molecules
529,grid.479336.c,Kymab (United Kingdom),United Kingdom,,US-9896516-B2,2016,Animal models and therapeutic molecules
530,grid.29773.38,Institut Mines-Télécom,France,IMT,FR-3017752-A1,2014,The energy conversion device of the radiofrequency in direct current and the corresponding sensor
531,grid.4868.2,Queen Mary University of London,United Kingdom,QMUL,US-9844602-B2,2008,Antibody and use in diagnosis and therapy of arthropathies
532,grid.479336.c,Kymab (United Kingdom),United Kingdom,,US-9434782-B2,2013,Animal models and therapeutic molecules
533,grid.5117.2,Aalborg University,Denmark,AAU,WO-2016202343-A1,2016,"A TRIPLE CO-CULTURE MODEL OF THE BLOOD-BRAIN BARRIER USING PRIMARY PORCINE BRAIN ENDOTHELIAL CELLS, PORCINE PERICYTES AND PORCINE ASTROCYTES"
534,grid.5596.f,KU Leuven,Belgium,KUL,WO-2017194589-A1,2017,INHIBITION OF TAU-MEDIATED EARLY SYNAPTIC DYSFUNCTION
535,grid.479336.c,Kymab (United Kingdom),United Kingdom,,US-9505827-B2,2013,Animal models and therapeutic molecules
536,grid.50550.35,Assistance Publique -Hopitaux De Paris,France,AP-HP,WO-2015155199-A1,2015,A NEW BIOMARKER OF ANTIBODY-MEDIATED REJECTION
537,grid.7429.8,French Institute of Health and Medical Research,France,INSERM,WO-2015155199-A1,2015,A NEW BIOMARKER OF ANTIBODY-MEDIATED REJECTION
538,grid.462844.8,Sorbonne University,France,,WO-2015155199-A1,2015,A NEW BIOMARKER OF ANTIBODY-MEDIATED REJECTION
539,grid.231844.8,University Health Network,Canada,UHN,US-9993504-B2,2014,Methods and compositions for generating chondrocyte lineage cells and/or cartilage like tissue
540,grid.479336.c,Kymab (United Kingdom),United Kingdom,,US-9938357-B2,2016,Animal models and therapeutic molecules
541,grid.47100.32,Yale University,United States,,US-9828639-B2,2013,Identification of gene associated with reading disability and uses therefor
542,grid.479336.c,Kymab (United Kingdom),United Kingdom,,US-9504236-B2,2015,Animal models and therapeutic molecules
543,grid.5012.6,Maastricht University,Netherlands,UM,WO-2017162806-A1,2017,COMPOUNDS FOR THE TREATMENT OF NIEMANN-PICK DISEASE TYPE C1
544,grid.5596.f,KU Leuven,Belgium,KUL,WO-2014184666-A3,2014,CELL THERAPY FOR MYELODYSPLASTIC SYNDROMES
545,grid.7489.2,Ben-Gurion University of the Negev,Israel,BGU,US-20110076347-A1,2009,Molecules Interfering with Binding of Calbindin to Inositol Monophosphatase for the Treatment of Mood Disorders
546,grid.436252.4,Mirada Medical (United Kingdom),United Kingdom,,GB-2515485-B,2013,Method and apparatus for generating image alignment data
547,grid.420167.6,Qiagen (Germany),Germany,,EP-2930246-A1,2014,Novel single nucleotide polymorphisms associated with various diseases and disorders
548,grid.436252.4,Mirada Medical (United Kingdom),United Kingdom,,WO-2014206722-A1,2014,METHOD AND APPARATUS FOR GENERATING IMAGE ALIGNMENT DATA
549,grid.5491.9,University of Southampton,United Kingdom,,US-9745577-B2,2015,Reducing intron retention
550,grid.5491.9,University of Southampton,United Kingdom,,US-9714422-B2,2016,Reducing intron retention
551,grid.486745.c,Sanofi (Czechia),Czechia,,WO-2015144101-A1,2015,CRYSTALLINE AND AMORPHOUS FORM OF ACLIDINIUM CHLORIDE AND METHOD FOR THEIR PREPARATION
552,grid.419481.1,Novartis (Switzerland),Switzerland,,WO-2018087720-A1,2017,"COMPOSITIONS, METHODS, AND THERAPEUTIC USES RELATED TO FUSOGENIC PROTEIN MINION"
553,grid.30389.31,University of California System,United States,,WO-2016126875-A1,2016,METHOD FOR FULLY AUTOMATED SYNTHESIS OF 16β-18F-FLUORO-5α-DIHYDROTESTOSTERONE (18F-FDHT)
554,grid.225279.9,Cold Spring Harbor Laboratory,United States,CSHL,US-9976143-B2,2015,Targeted augmentation of nuclear gene output
555,grid.428055.e,BioBlast Pharma (Israel),Israel,,US-20160101122-A1,2015,COMPOSITIONS AND METHODS FOR TREATING SPINOCEREBELLAR ATAXIA
556,grid.4868.2,Queen Mary University of London,United Kingdom,QMUL,WO-2017168183-A1,2017,CRYSTAL STRUCTURES COMPRISING ELASTIN-LIKE PEPTIDES
557,grid.7489.2,Ben-Gurion University of the Negev,Israel,BGU,US-9056079-B2,2009,Molecules interfering with binding of calbindin to inositol monophosphatase for the treatment of mood disorders
558,grid.30389.31,University of California System,United States,,US-10065985-B2,2016,Method for fully automated synthesis of 16β-18F-fluoro-5α-dihydrotestosterone (18F-FDHT)
559,grid.65499.37,Dana-Farber Cancer Institute,United States,,US-9458510-B2,2012,Signatures and determinants associated with prostate cancer progression and methods of use thereof
560,grid.83440.3b,University College London,United Kingdom,UCL,WO-2013164593-A1,2013,PYRROLOBENZODIAZEPINES
561,grid.421831.d,Sangamo BioSciences (United States),United States,,US-9771403-B2,2014,Methods and compositions for treating hemophilia
562,grid.25879.31,University of Pennsylvania,United States,,WO-2017180857-A1,2017,GENE THERAPY FOR TREATING HEMOPHILIA A
563,grid.29857.31,Pennsylvania State University,United States,PSU,WO-2017180857-A1,2017,GENE THERAPY FOR TREATING HEMOPHILIA A
564,grid.500300.6,High Force Research (United Kingdom),United Kingdom,HFR,WO-2017174999-A1,2017,SYNTHETIC RETINOIDS FOR USE IN RAR MEDIATED CONDITIONS
565,grid.8250.f,Durham University,United Kingdom,,WO-2017174999-A1,2017,SYNTHETIC RETINOIDS FOR USE IN RAR MEDIATED CONDITIONS
566,grid.7107.1,University of Aberdeen,United Kingdom,,WO-2017174999-A1,2017,SYNTHETIC RETINOIDS FOR USE IN RAR MEDIATED CONDITIONS
567,grid.418916.3,Compugen (Israel),Israel,,US-9617336-B2,2013,"C10RF32 antibodies, and uses thereof for treatment of cancer"
568,grid.83440.3b,University College London,United Kingdom,UCL,WO-2013164592-A1,2013,PYRROLOBENZODIAZEPINES
569,grid.280713.f,Angion Biomedica Corporation,United States,,US-9988374-B2,2015,Cytochrome P450 inhibitors and uses thereof
570,grid.421831.d,Sangamo BioSciences (United States),United States,,US-10081661-B2,2014,Methods and compositions for genome engineering
571,grid.418916.3,Compugen (Israel),Israel,,US-9555087-B2,2014,"Polypeptides and polynucleotides, and uses thereof as a drug target for producing drugs and biologics"
572,grid.83440.3b,University College London,United Kingdom,UCL,US-9504762-B2,2014,Adeno-associated virus factor VIII vectors
573,grid.422932.c,BioMarin (United States),United States,,US-9504762-B2,2014,Adeno-associated virus factor VIII vectors
574,grid.468150.e,AgeneBio (United States),United States,,US-9801879-B2,2015,"Pyridazine derivatives, compositions and methods for treating cognitive impairment"
575,grid.83440.3b,University College London,United Kingdom,UCL,US-9764045-B2,2015,Optimised coding sequence and promoter
576,grid.240871.8,St. Jude Children's Research Hospital,United States,,US-9764045-B2,2015,Optimised coding sequence and promoter
577,grid.464692.b,Thrombosis Research Institute,United Kingdom,TRI,US-9764045-B2,2015,Optimised coding sequence and promoter
578,grid.422932.c,BioMarin (United States),United States,,WO-2015038625-A1,2014,ADENO-ASSOCIATED VIRUS FACTOR VIII VECTORS
579,grid.422932.c,BioMarin (United States),United States,,WO-2017053677-A1,2016,"ADENO-ASSOCIATED VIRUS FACTOR VIII VECTORS, ASSOCIATED VIRAL PARTICLES AND THERAPEUTIC FORMULATIONS COMPRISING THE SAME"
580,grid.83440.3b,University College London,United Kingdom,UCL,WO-2017103624-A1,2016,WILSON'S DISEASE GENE THERAPY
581,grid.257413.6,Indiana University – Purdue University Indianapolis,United States,IUPUI,US-9382204-B2,2014,Inhibitors targeting the DNA-binding domain of human STAT3 for treatment of metastatic cancers
582,grid.189967.8,Emory University,United States,,US-10058624-B2,2016,Recombinant promoters and vectors for protein expression in liver and use thereof
583,grid.428158.2,Children's Healthcare of Atlanta,United States,,US-10058624-B2,2016,Recombinant promoters and vectors for protein expression in liver and use thereof
584,grid.83440.3b,University College London,United Kingdom,UCL,WO-2016075473-A3,2015,FACTOR IX GENE THERAPY
585,grid.410425.6,City Of Hope National Medical Center,United States,,US-9636386-B2,2014,Attenuated Salmonella bacteria and methods of using
586,grid.1010.0,University of Adelaide,Australia,,EP-3047277-A1,2014,AUTOANTIBODY BIOMARKERS OF OVARIAN CANCER
587,grid.83440.3b,University College London,United Kingdom,UCL,US-9447168-B2,2013,Nucleic acid molecules encoding modified factor VIII proteins
588,grid.240871.8,St. Jude Children's Research Hospital,United States,,US-9447168-B2,2013,Nucleic acid molecules encoding modified factor VIII proteins
589,grid.189967.8,Emory University,United States,,WO-2016168728-A2,2016,RECOMBINANT PROMOTERS AND VECTORS FOR PROTEIN EXPRESSION IN LIVER AND USE THEREOF
590,grid.428158.2,Children's Healthcare of Atlanta,United States,,WO-2016168728-A2,2016,RECOMBINANT PROMOTERS AND VECTORS FOR PROTEIN EXPRESSION IN LIVER AND USE THEREOF
591,grid.1010.0,University of Adelaide,Australia,,EP-3047277-A4,2014,AUTOANTIBODY BIOMARKERS OF OVARIAN CANCER
592,grid.1003.2,University of Queensland,Australia,UQ,WO-2015085368-A1,2014,"KITS AND METHODS FOR THE DIAGNOSIS, TREATMENT, PREVENTION AND MONITORING OF DIABETES"
593,grid.425721.7,Saniona (Denmark),Denmark,,US-9931329-B2,2015,Phenyl triazole derivative and its use for modulating the GABAA receptor complex
594,grid.83440.3b,University College London,United Kingdom,UCL,US-20150273082-A1,2015,OPTIMISED CODING SEQUENCE AND PROMOTER
595,grid.240871.8,St. Jude Children's Research Hospital,United States,,US-20150273082-A1,2015,OPTIMISED CODING SEQUENCE AND PROMOTER
596,grid.464692.b,Thrombosis Research Institute,United Kingdom,TRI,US-20150273082-A1,2015,OPTIMISED CODING SEQUENCE AND PROMOTER
597,grid.417574.4,Abbott (United States),United States,,US-9783799-B2,2015,Enrichment of small nucleic acids
598,grid.168010.e,Stanford University,United States,SU,US-10034645-B1,2017,Systems and methods for detecting complex networks in MRI image data
599,grid.4868.2,Queen Mary University of London,United Kingdom,QMUL,US-9845506-B2,2013,Method for determining prognosis of prostate cancer in a subject
600,grid.488228.c,Addex Therapeutics (Switzerland),Switzerland,,US-8722894-B2,2008,"1,3-disubstituted-4-phenyl-1H-pyridin-2-ones"
601,grid.479975.1,NDSU Research Foundation,United States,,US-9457041-B2,2015,Controlled release nanoparticles and methods of use
602,grid.5406.7,Siemens (Germany),Germany,,US-20150324962-A1,2015,Method and System for Non-Invasive Computation of Hemodynamic Indices for Coronary Artery Stenosis
603,grid.488228.c,Addex Therapeutics (Switzerland),Switzerland,,US-8691813-B2,2009,Indole and benzoxazine derivatives as modulators of metabotropic glutamate receptors
604,grid.5406.7,Siemens (Germany),Germany,,US-9595089-B2,2015,Method and system for non-invasive computation of hemodynamic indices for coronary artery stenosis
605,grid.488228.c,Addex Therapeutics (Switzerland),Switzerland,,US-8697689-B2,2009,Indole and benzomorpholine derivatives as modulators of metabotropic glutamate receptors
606,grid.417285.d,Philips (United States),United States,,US-20160007866-A1,2015,"DEVICES, SYSTEMS, AND METHODS FOR ASSESSMENT OF VESSELS"
607,grid.30389.31,University of California System,United States,,EP-3139833-A4,2015,CARDIAC PHASE-RESOLVED NON-BREATH-HOLD 3-DIMENSIONAL MAGNETIC RESONANCE ANGIOGRAPHY
608,grid.4834.b,Foundation for Research and Technology Hellas,Greece,FORTH,WO-2014023672-A1,2013,TRANSGENIC ANIMAL
609,grid.13097.3c,King's College London,United Kingdom,KCL,WO-2016092328-A2,2015,AUTHENTICATING AN ARTICLE
610,grid.488228.c,Addex Therapeutics (Switzerland),Switzerland,,US-9067891-B2,2012,"1,4-disubstituted 3-cyano-pyridone derivatives and their use as positive allosteric modulators of mGluR2-receptors"
611,grid.418621.8,Philips (Germany),Germany,,WO-2014188368-A1,2014,A METHOD FOR GREY ZONE IMAGING USING RELATIVE R1 CHANGES
612,grid.13097.3c,King's College London,United Kingdom,KCL,WO-2014188368-A1,2014,A METHOD FOR GREY ZONE IMAGING USING RELATIVE R1 CHANGES
613,grid.417284.c,Philips (Netherlands),Netherlands,,WO-2014188368-A1,2014,A METHOD FOR GREY ZONE IMAGING USING RELATIVE R1 CHANGES
614,grid.453773.1,Wisconsin Alumni Research Foundation,United States,WARF,US-10024870-B2,2015,Therapeutic and diagnostic methods and compositions for neurodegenerative diseases
615,grid.7497.d,German Cancer Research Center,Germany,DKFZ,WO-2015049063-A1,2014,"HUMAN TERT PROMOTER VARIANTS, AS WELL AS KITS, METHODS AND USES THEREOF"
616,grid.1055.1,Peter MacCallum Cancer Centre,Australia,,WO-2016172764-A1,2016,BREAST CANCER RISK ASSESSMENT
617,grid.459464.e,Dong-A ST (South Korea),South Korea,,US-9834550-B2,2015,Pyridopyrimidinone compounds for modulating the catalytic activity of histone lysine demethylases (KDMs)
618,grid.476241.2,Croma Pharma (Austria),Austria,,WO-2018083326-A1,2017,HYDROGEN SULFIDE RELEASING POLYMER COMPOUNDS
619,grid.462844.8,Sorbonne University,France,,EP-2796545-A1,2013,"Methods for obtaining retinal progenitors, retinal pigmented epithelial cells and neural retinal cells"
620,grid.32224.35,Massachusetts General Hospital,United States,MGH,WO-2015089375-A1,2014,SOLUBLE HIGH MOLECULAR WEIGHT (HMW) TAU SPECIES AND APPLICATIONS THEREOF
621,grid.21925.3d,University of Pittsburgh,United States,,WO-2015084939-A1,2014,METHODS AND COMPOSITIONS FOR DIAGNOSIS AND PROGNOSIS OF RENAL INJURY AND RENAL FAILURE
622,grid.478287.6,Astute Medical (United States),United States,,WO-2015084939-A1,2014,METHODS AND COMPOSITIONS FOR DIAGNOSIS AND PROGNOSIS OF RENAL INJURY AND RENAL FAILURE
623,grid.59062.38,University of Vermont,United States,UVM,US-9925230-B2,2015,Augmenting the immune response by promoting cell death of immune cells
624,grid.426577.5,Maastro Clinic,Netherlands,,US-9811904-B2,2014,Method and system for determining a phenotype of a neoplasm in a human or animal body
625,grid.32224.35,Massachusetts General Hospital,United States,MGH,US-10059945-B2,2017,Methods of controlling cell fate and consequences for disease
626,grid.66859.34,Broad Institute,United States,,WO-2016085876-A1,2015,CLONAL HAEMATOPOIESIS
627,grid.38142.3c,Harvard University,United States,,WO-2016085876-A1,2015,CLONAL HAEMATOPOIESIS
628,grid.420545.2,Guy's and St Thomas' NHS Foundation Trust,United Kingdom,,WO-2013171441-A3,2013,VIRTUAL FIDUCIAL MARKERS
629,grid.13097.3c,King's College London,United Kingdom,KCL,WO-2013171441-A3,2013,VIRTUAL FIDUCIAL MARKERS
630,grid.59734.3c,Icahn School of Medicine at Mount Sinai,United States,MSSM,WO-2014099999-A1,2013,METHODS FOR IMPROVING CARDIAC CONTRACTILITY
631,grid.479509.6,Sanford Burnham Prebys Medical Discovery Institute,United States,SBP,WO-2014099999-A1,2013,METHODS FOR IMPROVING CARDIAC CONTRACTILITY
632,grid.434484.b,BioNTech (Germany),Germany,,WO-2017194610-A1,2017,METHODS FOR PREDICTING THE USEFULNESS OF PROTEINS OR PROTEIN FRAGMENTS FOR IMMUNOTHERAPY
633,grid.410607.4,University Medical Center of the Johannes Gutenberg University Mainz,Germany,,WO-2017194610-A1,2017,METHODS FOR PREDICTING THE USEFULNESS OF PROTEINS OR PROTEIN FRAGMENTS FOR IMMUNOTHERAPY
634,grid.5406.7,Siemens (Germany),Germany,,US-9585627-B2,2014,Histological differentiation grade prediction of hepatocellular carcinoma in computed tomography images
635,grid.478287.6,Astute Medical (United States),United States,,EP-3112871-A1,2010,METHODS AND COMPOSITIONS FOR DIAGNOSIS AND PROGNOSIS OF RENAL INJURY AND RENAL FAILURE
636,grid.424277.0,Roche (Germany),Germany,,EP-2924438-A1,2014,IGFBP7 for diagnosing diastolic dysfunction
637,grid.417570.0,Roche (Switzerland),Switzerland,,EP-2924438-A1,2014,IGFBP7 for diagnosing diastolic dysfunction
638,grid.462844.8,Sorbonne University,France,,WO-2014174492-A1,2014,"METHODS FOR OBTAINING RETINAL PROGENITORS, RETINAL PIGMENTED EPITHELIAL CELLS AND NEURAL RETINAL CELLS"
639,grid.7429.8,French Institute of Health and Medical Research,France,INSERM,WO-2015150491-A1,2015,AN ISOLATED DONOR MHC-DERIVED PEPTIDE AND USES THEREOF
640,grid.4817.a,University of Nantes,France,,WO-2015150491-A1,2015,AN ISOLATED DONOR MHC-DERIVED PEPTIDE AND USES THEREOF
641,grid.4709.a,European Molecular Biology Laboratory,Germany,EMBL,WO-2015075699-A1,2014,DOTAM DERIVATIVES FOR THERAPEUTIC USE
642,grid.417924.d,Sanofi (France),France,,WO-2015075699-A1,2014,DOTAM DERIVATIVES FOR THERAPEUTIC USE
643,grid.419971.3,Bristol-Myers Squibb (United States),United States,BMS,WO-2014011972-A1,2013,TAU IMMUNOASSAY
644,grid.26999.3d,University of Tokyo,Japan,UT,WO-2015108180-A1,2015,"MOLECULE ASSOCIATED WITH ONSET OF GOUT, AND METHOD AND KIT FOR EVALUATING DIATHESIS OF URIC ACID-RELATED DISEASES AND INFLAMMATION-RELATED DISEASES, AND INSPECTION OBJECT AND DRUG"
645,grid.468190.2,Oligomerix (United States),United States,,US-9650436-B2,2013,Antibody based reagents that specifically recognize toxic oligomeric forms of tau
646,grid.215654.1,Arizona State University,United States,ASU,US-9650436-B2,2013,Antibody based reagents that specifically recognize toxic oligomeric forms of tau
647,grid.418587.7,Roche (Japan),Japan,,US-9993462-B2,2014,Hydantoin derivative-containing pharmaceutical composition
648,grid.424277.0,Roche (Germany),Germany,,WO-2017060525-A1,2016,IGFBP7 FOR PREDICTION OF RISK OF AKI WHEN MEASURED PRIOR TO SURGERY
649,grid.417570.0,Roche (Switzerland),Switzerland,,WO-2017060525-A1,2016,IGFBP7 FOR PREDICTION OF RISK OF AKI WHEN MEASURED PRIOR TO SURGERY
650,grid.418158.1,Roche (United States),United States,Roche,WO-2017060525-A1,2016,IGFBP7 FOR PREDICTION OF RISK OF AKI WHEN MEASURED PRIOR TO SURGERY
651,grid.66859.34,Broad Institute,United States,,WO-2016138488-A2,2016,"T CELL BALANCE GENE EXPRESSION, COMPOSITIONS OF MATTERS AND METHODS OF USE THEREOF"
652,grid.62560.37,Brigham and Women's Hospital,United States,BWH,WO-2016138488-A2,2016,"T CELL BALANCE GENE EXPRESSION, COMPOSITIONS OF MATTERS AND METHODS OF USE THEREOF"
653,grid.38142.3c,Harvard University,United States,,WO-2016138488-A2,2016,"T CELL BALANCE GENE EXPRESSION, COMPOSITIONS OF MATTERS AND METHODS OF USE THEREOF"
654,grid.30389.31,University of California System,United States,,WO-2016138488-A2,2016,"T CELL BALANCE GENE EXPRESSION, COMPOSITIONS OF MATTERS AND METHODS OF USE THEREOF"
655,grid.116068.8,Massachusetts Institute of Technology,United States,MIT,WO-2016138488-A2,2016,"T CELL BALANCE GENE EXPRESSION, COMPOSITIONS OF MATTERS AND METHODS OF USE THEREOF"
656,grid.215654.1,Arizona State University,United States,ASU,US-9915668-B2,2017,Antibody based reagents that specifically recognize toxic oligomeric forms of tau
657,grid.441367.3,University of the West,United States,,US-9932288-B2,2016,Chemical compound for inhibition of SHP2 function and for use as an anti-cancer agent
658,grid.268154.c,West Virginia University,United States,WVU,US-9932288-B2,2016,Chemical compound for inhibition of SHP2 function and for use as an anti-cancer agent
659,grid.223827.e,University of Utah,United States,UU,US-20100233695-A1,2008,MOLECULAR DIAGNOSIS AND TYPING OF LUNG CANCER VARIANTS
660,grid.410711.2,University of North Carolina System,United States,,US-20100233695-A1,2008,MOLECULAR DIAGNOSIS AND TYPING OF LUNG CANCER VARIANTS
661,grid.10698.36,University of North Carolina at Chapel Hill,United States,UNC,US-20100233695-A1,2008,MOLECULAR DIAGNOSIS AND TYPING OF LUNG CANCER VARIANTS
662,grid.4372.2,Max Planck Society,Germany,MPG,WO-2013083851-A1,2012,SCREENING ASSAYS FOR COMPOUNDS FOR USE IN THE TREATMENT OF STRESS-RELATED DISORDERS
663,grid.426577.5,Maastro Clinic,Netherlands,,US-9811904-B2,2014,Method and system for determining a phenotype of a neoplasm in a human or animal body
664,grid.410363.3,Thales Group (France),France,,WO-2018019452-A1,2017,METHOD AND DEVICE FOR IDENTIFYING RADAR TRANSMISSION MODES
665,grid.417284.c,Philips (Netherlands),Netherlands,,WO-2013182967-A1,2013,CHANNEL BY CHANNEL ARTIFACT REDUCTION IN PARALLEL MRI
666,grid.417284.c,Philips (Netherlands),Netherlands,,WO-2015055485-A1,2014,ESTIMATING POSITION OF AN ORGAN WITH A BIOMECHANICAL MODEL
667,grid.83440.3b,University College London,United Kingdom,UCL,WO-2017153779-A1,2017,LIPIDS AND COMPLEXES FOR THE DELIVERY OF BIOLOGICALLY-ACTIVE MATERIAL TO CELLS
668,grid.10992.33,Paris Descartes University,France,,WO-2017046335-A1,2016,T CELL RECEPTORS (TCR) AND USES THEREOF FOR THE DIAGNOSIS AND TREATMENT OF DIABETES
669,grid.4444.0,French National Centre for Scientific Research,France,CNRS,WO-2017046335-A1,2016,T CELL RECEPTORS (TCR) AND USES THEREOF FOR THE DIAGNOSIS AND TREATMENT OF DIABETES
670,grid.7429.8,French Institute of Health and Medical Research,France,INSERM,WO-2017046335-A1,2016,T CELL RECEPTORS (TCR) AND USES THEREOF FOR THE DIAGNOSIS AND TREATMENT OF DIABETES
671,grid.4305.2,University of Edinburgh,United Kingdom,,US-10035827-B2,2014,Proteins with diagnostic and therapeutic uses
672,grid.497067.b,Jiangsu Hengrui Medicine (China),China,,WO-2010142182-A1,2010,PHARMACEUTICAL COMPOSITION FOR TREATMENT OF TYPE 2 DIABETES IN MAMMALS INCLUDING HUMAN BEINGS
673,grid.214572.7,University of Iowa,United States,UI,WO-2017214397-A1,2017,COMPOSITIONS AND METHODS FOR DETECTING PREDISPOSITION TO CARDIOVASCULAR DISEASE
674,grid.15876.3d,Koç University,Turkey,,WO-2014146677-A1,2013,PEG HYDROGELS FUNCTIONALIZED WITH GLUCAGON AND RGDS-TETRAPEPTIDE AND CONTAINING STEM CELLS FOR ISLET COATING
675,grid.497067.b,Jiangsu Hengrui Medicine (China),China,,WO-2011009360-A1,2010,PHARMACEUTICAL COMPOSITION FOR TREATMENT OF TYPE 2 DIABETES IN MAMMALS INCLUDING HUMAN BEINGS
676,grid.223827.e,University of Utah,United States,UU,US-8822153-B2,2008,Molecular diagnosis and typing of lung cancer variants
677,grid.10698.36,University of North Carolina at Chapel Hill,United States,UNC,US-8822153-B2,2008,Molecular diagnosis and typing of lung cancer variants
678,grid.410711.2,University of North Carolina System,United States,,US-8822153-B2,2008,Molecular diagnosis and typing of lung cancer variants
679,grid.424982.1,Genos (Croatia),Croatia,,WO-2014203010-A1,2014,METHOD FOR THE ANALYSIS OF N-GLYCANS ATTACHED TO IMMUNOGLOBULIN G FROM HUMAN BLOOD PLASMA AND ITS USE
680,grid.417284.c,Philips (Netherlands),Netherlands,,US-9993663-B2,2014,Estimating position of an organ with a biomechanical model
681,grid.5801.c,Swiss Federal Institute of Technology in Zurich,Switzerland,,WO-2017122128-A2,2017,SYSTEM AND METHOD FOR SYNTHESIS OF DNA PARTICLES AND USE THEREOF
682,grid.6441.7,Vilnius University,Lithuania,,WO-2017122128-A2,2017,SYSTEM AND METHOD FOR SYNTHESIS OF DNA PARTICLES AND USE THEREOF
683,grid.62560.37,Brigham and Women's Hospital,United States,BWH,US-9902681-B2,2014,N-3 immunoresolvents: structures and actions
684,grid.426577.5,Maastro Clinic,Netherlands,,US-9811904-B2,2014,Method and system for determining a phenotype of a neoplasm in a human or animal body
685,grid.425090.a,GlaxoSmithKline (Belgium),Belgium,GSK,WO-2017102703-A1,2016,VACCINE
686,grid.10025.36,University of Liverpool,United Kingdom,,WO-2017068347-A1,2016,DETECTION OF BACTERIAL INFECTION
687,grid.448356.8,Research Foundation for the State University of New York,United States,RF SUNY ,US-9829491-B2,2014,pH-insensitive glucose indicator protein
688,grid.21107.35,Johns Hopkins University,United States,JHU,EP-3076869-A4,2014,PERSONALIZED COMPUTATIONAL MODELING OF ATRIAL FIBROSIS TO GUIDE CATHETER ABLATION OF ATRIAL FIBRILLATION
689,grid.21107.35,Johns Hopkins University,United States,JHU,WO-2015084876-A1,2014,PERSONALIZED COMPUTATIONAL MODELING OF ATRIAL FIBROSIS TO GUIDE CATHETER ABLATION OF ATRIAL FIBRILLATION
690,grid.21107.35,Johns Hopkins University,United States,JHU,US-9970058-B2,2014,Digital amplification
691,grid.455973.9,Halliburton (United States),United States,,WO-2016182542-A1,2015,CARBON DIOXIDE-VISCOSIFIABLE COMPOSITIONS FOR SUBTERRANEAN TREATMENT
692,grid.429705.d,King's College Hospital NHS Foundation Trust,United Kingdom,KCH,WO-2015071669-A3,2014,MATERIALS AND METHODS FOR DIAGNOSIS AND PROGNOSIS OF LIVER CANCER
693,grid.419905.0,Nestlé (Switzerland),Switzerland,,US-9540691-B2,2013,Assays and methods for selecting a treatment regimen for a subject with depression
694,grid.32224.35,Massachusetts General Hospital,United States,MGH,US-9540691-B2,2013,Assays and methods for selecting a treatment regimen for a subject with depression
695,grid.7429.8,French Institute of Health and Medical Research,France,INSERM,US-9655959-B2,2015,Adenylate cyclase deficient bordetella strains
696,grid.428999.7,Pasteur Institute,France,,US-9655959-B2,2015,Adenylate cyclase deficient bordetella strains
697,grid.8970.6,Pasteur Institute of Lille,France,,US-9655959-B2,2015,Adenylate cyclase deficient bordetella strains
698,grid.4280.e,National University of Singapore,Singapore,NUS,US-9655959-B2,2015,Adenylate cyclase deficient bordetella strains
699,grid.426577.5,Maastro Clinic,Netherlands,,WO-2016060557-A1,2014,IMAGE ANALYSIS METHOD SUPPORTING ILLNESS DEVELOPMENT PREDICTION FOR A NEOPLASM IN A HUMAN OR ANIMAL BODY
700,grid.4567.0,Helmholtz Zentrum München,Germany,,US-9546994-B2,2013,Biomarkers for type 2 diabetes
701,grid.10392.39,University of Tübingen,Germany,,US-9546994-B2,2013,Biomarkers for type 2 diabetes
702,grid.429051.b,German Diabetes Center - Leibniz Institute for Diabetes Research at Heinrich Heine University Düsseldorf,Germany,DDZ,US-9546994-B2,2013,Biomarkers for type 2 diabetes
703,grid.411544.1,Universitätsklinikum Tübingen,Germany,UKT,US-9546994-B2,2013,Biomarkers for type 2 diabetes
704,grid.7429.8,French Institute of Health and Medical Research,France,INSERM,US-9415077-B2,2012,Effect of an attenuated Bordetella strain against allergic disease
705,grid.8970.6,Pasteur Institute of Lille,France,,US-9415077-B2,2012,Effect of an attenuated Bordetella strain against allergic disease
706,grid.4280.e,National University of Singapore,Singapore,NUS,US-9415077-B2,2012,Effect of an attenuated Bordetella strain against allergic disease
707,grid.428999.7,Pasteur Institute,France,,US-9415077-B2,2012,Effect of an attenuated Bordetella strain against allergic disease
708,grid.8970.6,Pasteur Institute of Lille,France,,US-9119804-B2,2007,Live attenuated bordetella strains as a single dose vaccine against whooping cough
709,grid.428999.7,Pasteur Institute,France,,US-9119804-B2,2007,Live attenuated bordetella strains as a single dose vaccine against whooping cough
710,grid.7429.8,French Institute of Health and Medical Research,France,INSERM,US-9119804-B2,2007,Live attenuated bordetella strains as a single dose vaccine against whooping cough
711,grid.8391.3,University of Exeter,United Kingdom,,WO-2013182848-A1,2013,ASSESSING SUSCEPTIBILITY TO EPILEPSY AND EPILEPTIC SEIZURES
712,grid.13097.3c,King's College London,United Kingdom,KCL,WO-2013182848-A1,2013,ASSESSING SUSCEPTIBILITY TO EPILEPSY AND EPILEPTIC SEIZURES
713,grid.419905.0,Nestlé (Switzerland),Switzerland,,US-9546401-B2,2013,Assays and methods for selecting a treatment regimen for a subject with depression
714,grid.32224.35,Massachusetts General Hospital,United States,MGH,US-9546401-B2,2013,Assays and methods for selecting a treatment regimen for a subject with depression
715,grid.428999.7,Pasteur Institute,France,,US-9526778-B2,2009,"Influenza vaccine, composition, and methods of use"
716,grid.4280.e,National University of Singapore,Singapore,NUS,US-9526778-B2,2009,"Influenza vaccine, composition, and methods of use"
717,grid.8970.6,Pasteur Institute of Lille,France,,US-9526778-B2,2009,"Influenza vaccine, composition, and methods of use"
718,grid.7429.8,French Institute of Health and Medical Research,France,INSERM,US-9526778-B2,2009,"Influenza vaccine, composition, and methods of use"
719,grid.5406.7,Siemens (Germany),Germany,,US-9585627-B2,2014,Histological differentiation grade prediction of hepatocellular carcinoma in computed tomography images
720,grid.418195.0,Babraham Institute,United Kingdom,,WO-2017208001-A1,2017,BIOMARKERS FOR PLATELET DISORDERS
721,grid.7737.4,University of Helsinki,Finland,UH,US-9896488-B2,2014,Protamine in treatment of neuronal injuries
722,grid.8970.6,Pasteur Institute of Lille,France,,US-9528086-B2,2015,Recombinant bordetella strains
723,grid.7429.8,French Institute of Health and Medical Research,France,INSERM,US-9528086-B2,2015,Recombinant bordetella strains
724,grid.428999.7,Pasteur Institute,France,,US-9528086-B2,2015,Recombinant bordetella strains
725,grid.503422.2,University of Lille,France,UDL,US-9528086-B2,2015,Recombinant bordetella strains
726,grid.424580.f,Lundbeck (Denmark),Denmark,,US-9820984-B1,2017,Dosing regimens for fast onset of antidepressant effect
727,grid.424580.f,Lundbeck (Denmark),Denmark,,US-9913839-B2,2017,Dosing regimens for fast onset of antidepressant effect
728,grid.420215.0,Stallergenes Greer (France),France,,WO-2015000988-A1,2014,C1Q AS A THERAPEUTIC AGENT OF ALLERGY AND/OR ASTHMA
729,grid.467496.e,OncoMed (United States),United States,,US-9499613-B2,2014,Notch1 receptor binding agents and methods of use thereof
730,grid.116068.8,Massachusetts Institute of Technology,United States,MIT,US-9681798-B2,2015,"Methods, systems, and apparatus for imaging spectroscopy"
731,grid.17063.33,University of Toronto,Canada,,US-9726659-B2,2013,CMPF as a biomarker for diabetes and associated methods
732,grid.20861.3d,California Institute of Technology,United States,CIT,US-9512000-B2,2015,Fabrication and self-aligned local functionalization of nanocups and various plasmonic nanostructures on flexible substrates for implantable and sensing applications
733,grid.423305.3,California Institute for Biomedical Research,United States,Calibr,US-9512000-B2,2015,Fabrication and self-aligned local functionalization of nanocups and various plasmonic nanostructures on flexible substrates for implantable and sensing applications
734,grid.425090.a,GlaxoSmithKline (Belgium),Belgium,GSK,EP-3263695-A1,2016,IMMUNOGENIC COMPOSITIONS
735,grid.412835.9,Stavanger University Hospital,Norway,,WO-2016034508-A1,2015,TUBE FIXATION DEVICE
736,grid.7429.8,French Institute of Health and Medical Research,France,INSERM,WO-2015197824-A1,2015,FREE NUCLEIC ACIDS AND MIRNA AS NON-INVASIVE METHOD FOR DETERMINING EMBRYO QUALITY
737,grid.157868.5,University Hospital of Montpellier,France,CHRU MTP,WO-2015197824-A1,2015,FREE NUCLEIC ACIDS AND MIRNA AS NON-INVASIVE METHOD FOR DETERMINING EMBRYO QUALITY
738,grid.121334.6,University of Montpellier,France,UM,WO-2015197824-A1,2015,FREE NUCLEIC ACIDS AND MIRNA AS NON-INVASIVE METHOD FOR DETERMINING EMBRYO QUALITY
739,grid.467496.e,OncoMed (United States),United States,,US-20150232570-A1,2013,Methods of Treating Hematological Malignancies with Notch1 Antibodies
740,grid.467496.e,OncoMed (United States),United States,,US-9676865-B2,2014,Antibodies to a non-ligand binding region of at least two NOTCH receptors
741,grid.25879.31,University of Pennsylvania,United States,,US-9851425-B2,2013,Background-suppressed myelin water imaging
742,grid.29857.31,Pennsylvania State University,United States,PSU,US-9851425-B2,2013,Background-suppressed myelin water imaging
743,grid.440820.a,University of Vic,Spain,UVic-UCC,WO-2018060452-A1,2017,THERAPEUTIC APPROACHES TO CANCER
744,grid.460394.c,Montana State University System,United States,,US-9931390-B2,2016,Recombinant Lactococcus lactis expressing Escherichia coli colonization factor antigen I (CFA/I) fimbriae and their methods of use
745,grid.41891.35,Montana State University,United States,MSU,US-9931390-B2,2016,Recombinant Lactococcus lactis expressing Escherichia coli colonization factor antigen I (CFA/I) fimbriae and their methods of use
746,grid.414548.8,French National Institute for Agricultural Research,France,INRA ,EP-3167892-A1,2015,METHODS AND PHARMACEUTICAL COMPOSITIONS FOR PREVENTING OR TREATING IMFLAMMATORY BOWEL DISEASES
747,grid.7429.8,French Institute of Health and Medical Research,France,INSERM,EP-3167892-A1,2015,METHODS AND PHARMACEUTICAL COMPOSITIONS FOR PREVENTING OR TREATING IMFLAMMATORY BOWEL DISEASES
748,grid.4444.0,French National Centre for Scientific Research,France,CNRS,EP-3167892-A1,2015,METHODS AND PHARMACEUTICAL COMPOSITIONS FOR PREVENTING OR TREATING IMFLAMMATORY BOWEL DISEASES
749,grid.462844.8,Sorbonne University,France,,EP-3167892-A1,2015,METHODS AND PHARMACEUTICAL COMPOSITIONS FOR PREVENTING OR TREATING IMFLAMMATORY BOWEL DISEASES
750,grid.425090.a,GlaxoSmithKline (Belgium),Belgium,GSK,WO-2018002270-A1,2017,IMMUNOGENIC COMPOSITIONS
751,grid.20861.3d,California Institute of Technology,United States,CIT,US-9993185-B2,2015,Plasmonics nanostructures for multiplexing implantable sensors
752,grid.418195.0,Babraham Institute,United Kingdom,,WO-2017208001-A1,2017,BIOMARKERS FOR PLATELET DISORDERS
753,grid.419619.2,Janssen (Belgium),Belgium,,US-10071988-B2,2017,"Substituted 1,2,3-triazoles as NR2B-selective NMDA modulators"
754,grid.4305.2,University of Edinburgh,United Kingdom,,WO-2015124921-A1,2015,METHODS AND USES FOR DETERMINING THE PRESENCE OF INFLAMMATORY BOWEL DISEASE
755,grid.41891.35,Montana State University,United States,MSU,US-9452205-B2,2013,Recombinant Lactococcus lactis expressing Escherichia coli colonization factor antigen I (CFA/I) fimbriae and their methods of use
756,grid.460394.c,Montana State University System,United States,,US-9452205-B2,2013,Recombinant Lactococcus lactis expressing Escherichia coli colonization factor antigen I (CFA/I) fimbriae and their methods of use
757,grid.20861.3d,California Institute of Technology,United States,CIT,US-9846125-B2,2015,"Surface enhanced Raman spectroscopy detection of gases, particles and liquids through nanopillar structures"
758,grid.30389.31,University of California System,United States,,US-9913603-B2,2015,Reflowed gold nanostructures for surface enhanced raman spectroscopy
759,grid.42505.36,University of Southern California,United States,USC,US-9913603-B2,2015,Reflowed gold nanostructures for surface enhanced raman spectroscopy
760,grid.20861.3d,California Institute of Technology,United States,CIT,US-9913603-B2,2015,Reflowed gold nanostructures for surface enhanced raman spectroscopy
761,grid.62560.37,Brigham and Women's Hospital,United States,BWH,WO-2014134351-A2,2014,"T CELL BALANCE GENE EXPRESSION, COMPOSITIONS OF MATTERS AND METHODS OF USE THEREOF"
762,grid.66859.34,Broad Institute,United States,,WO-2014134351-A2,2014,"T CELL BALANCE GENE EXPRESSION, COMPOSITIONS OF MATTERS AND METHODS OF USE THEREOF"
763,grid.38142.3c,Harvard University,United States,,WO-2014134351-A2,2014,"T CELL BALANCE GENE EXPRESSION, COMPOSITIONS OF MATTERS AND METHODS OF USE THEREOF"
764,grid.10306.34,Wellcome Sanger Institute,United Kingdom,WTSI,WO-2017182796-A1,2017,BACTERIOTHERAPY
765,grid.20861.3d,California Institute of Technology,United States,CIT,US-9987609-B2,2015,Multiplexed surface enhanced Raman sensors for early disease detection and in-situ bacterial monitoring
766,grid.467496.e,OncoMed (United States),United States,,US-9617340-B2,2014,Compositions and methods for diagnosing and treating cancer
767,grid.460394.c,Montana State University System,United States,,WO-2014047625-A1,2013,RECOMBINANT LACTOCOCCUS LACTIS EXPRESSING ESCHERICHIA COLI COLONIZATION FACTOR ANTIGEN I (CFA/I) FIMBRIAE AND THEIR METHODS OF USE
768,grid.420215.0,Stallergenes Greer (France),France,,EP-2821076-A1,2013,C1q as a therapeutic agent of allergy and/or asthma
769,grid.425090.a,GlaxoSmithKline (Belgium),Belgium,GSK,WO-2016202872-A1,2016,IMMUNOGENIC COMPOSITIONS
770,grid.116068.8,Massachusetts Institute of Technology,United States,MIT,WO-2017087811-A1,2016,ENGINEERED BACTEROIDES OUTER MEMBRANE VESICLES
771,grid.418621.8,Philips (Germany),Germany,,WO-2014188368-A1,2014,A METHOD FOR GREY ZONE IMAGING USING RELATIVE R1 CHANGES
772,grid.13097.3c,King's College London,United Kingdom,KCL,WO-2014188368-A1,2014,A METHOD FOR GREY ZONE IMAGING USING RELATIVE R1 CHANGES
773,grid.417284.c,Philips (Netherlands),Netherlands,,WO-2014188368-A1,2014,A METHOD FOR GREY ZONE IMAGING USING RELATIVE R1 CHANGES
774,grid.417284.c,Philips (Netherlands),Netherlands,,WO-2013111051-A1,2013,AUTOMATED DETECTION OF AREA AT RISK USING QUANTITATIVE T1 MAPPING
775,grid.418621.8,Philips (Germany),Germany,,WO-2013111051-A1,2013,AUTOMATED DETECTION OF AREA AT RISK USING QUANTITATIVE T1 MAPPING
776,grid.66859.34,Broad Institute,United States,,WO-2016138488-A2,2016,"T CELL BALANCE GENE EXPRESSION, COMPOSITIONS OF MATTERS AND METHODS OF USE THEREOF"
777,grid.62560.37,Brigham and Women's Hospital,United States,BWH,WO-2016138488-A2,2016,"T CELL BALANCE GENE EXPRESSION, COMPOSITIONS OF MATTERS AND METHODS OF USE THEREOF"
778,grid.38142.3c,Harvard University,United States,,WO-2016138488-A2,2016,"T CELL BALANCE GENE EXPRESSION, COMPOSITIONS OF MATTERS AND METHODS OF USE THEREOF"
779,grid.30389.31,University of California System,United States,,WO-2016138488-A2,2016,"T CELL BALANCE GENE EXPRESSION, COMPOSITIONS OF MATTERS AND METHODS OF USE THEREOF"
780,grid.116068.8,Massachusetts Institute of Technology,United States,MIT,WO-2016138488-A2,2016,"T CELL BALANCE GENE EXPRESSION, COMPOSITIONS OF MATTERS AND METHODS OF USE THEREOF"
781,grid.419619.2,Janssen (Belgium),Belgium,,US-9963447-B2,2016,Substituted 4-azaindoles and their use as GluN2B receptor modulators
782,grid.467496.e,OncoMed (United States),United States,,US-9505832-B2,2015,Method of treating cancer by administering a monoclonal antibody that binds human NOTCH2 and NOTCH3
783,grid.488287.9,Roivant Sciences (Bermuda),Bermuda,,US-9512122-B2,2015,Spirocyclic compounds as tryptophan hydroxylase inhibitors
784,grid.476083.e,Roivant Sciences (United States),United States,,US-9512122-B2,2015,Spirocyclic compounds as tryptophan hydroxylase inhibitors
785,grid.168010.e,Stanford University,United States,SU,US-9918994-B2,2017,Compositions and methods for muscle regeneration using prostaglandin E2
786,grid.488287.9,Roivant Sciences (Bermuda),Bermuda,,US-9750740-B2,2016,Spirocyclic compounds as tryptophan hydroxylase inhibitors
787,grid.476083.e,Roivant Sciences (United States),United States,,US-9750740-B2,2016,Spirocyclic compounds as tryptophan hydroxylase inhibitors
788,grid.488287.9,Roivant Sciences (Bermuda),Bermuda,,US-10045988-B2,2017,Spirocyclic compounds as tryptophan hydroxylase inhibitors
789,grid.476083.e,Roivant Sciences (United States),United States,,US-10045988-B2,2017,Spirocyclic compounds as tryptophan hydroxylase inhibitors
790,grid.412019.f,Kaohsiung Medical University,Taiwan,KMU,US-9045793-B2,2011,Method of regulating the expression level of survival of motor neuron 1
791,grid.476083.e,Roivant Sciences (United States),United States,,US-9199994-B2,2014,Spirocyclic compounds as tryptophan hydroxylase inhibitors
792,grid.488287.9,Roivant Sciences (Bermuda),Bermuda,,US-9199994-B2,2014,Spirocyclic compounds as tryptophan hydroxylase inhibitors
793,grid.464692.b,Thrombosis Research Institute,United Kingdom,TRI,GB-2539743-A,2016,Multi-eptopic construct
794,grid.24434.35,University of Nebraska–Lincoln,United States,UNL ,US-9457030-B2,2013,Compositions and methods for the treatment of juvenile neuronal ceroid lipofuscinosis and related disorders
795,grid.410442.7,University of Nebraska System,United States,,US-9457030-B2,2013,Compositions and methods for the treatment of juvenile neuronal ceroid lipofuscinosis and related disorders
796,grid.417650.1,Actelion (Switzerland),Switzerland,,WO-2014195847-A2,2014,NOVEL USE OF STABLE ISOTOPE LABELED L-TRYPTOPHAN
797,grid.418019.5,GlaxoSmithKline (United States),United States,GSK,WO-2014014706-A1,2013,NICOTINAMIDE DERIVATE IN THE TREATMENT OF ACUTE CORONARY SYNDROME
798,grid.417650.1,Actelion (Switzerland),Switzerland,,US-9765092-B2,2014,Tricyclic piperidine compounds
799,grid.476083.e,Roivant Sciences (United States),United States,,US-9611201-B2,2016,"Processes for preparing (R)-1-(5-chloro-[1,1′-biphenyl]-2-yl)-2,2,2-trifluoroethanol and 1-(5-chloro-[1,1′-biphenyl]-2-yl)-2,2,2-trifluoroethanone"
800,grid.488287.9,Roivant Sciences (Bermuda),Bermuda,,US-9611201-B2,2016,"Processes for preparing (R)-1-(5-chloro-[1,1′-biphenyl]-2-yl)-2,2,2-trifluoroethanol and 1-(5-chloro-[1,1′-biphenyl]-2-yl)-2,2,2-trifluoroethanone"
801,grid.429831.5,Noxxon Pharma (Germany),Germany,,WO-2013104540-A1,2013,NEW C5A BINDING NUCLEIC ACIDS
802,grid.419233.e,Siemens (United States),United States,,US-9990741-B2,2016,Motion correction in a projection domain in time of flight positron emission tomography
803,grid.420214.1,Sanofi (Germany),Germany,,WO-2017108941-A1,2016,GROWTH DIFFERENTIATION FACTOR 15 AS BIOMARKER FOR METFORMIN
804,grid.25073.33,McMaster University,Canada,,WO-2017108941-A1,2016,GROWTH DIFFERENTIATION FACTOR 15 AS BIOMARKER FOR METFORMIN
805,grid.497906.5,Autolus (United Kingdom),United Kingdom,,WO-2016102965-A1,2015,CELL
806,grid.83440.3b,University College London,United Kingdom,UCL,WO-2016102965-A1,2015,CELL
807,grid.55460.32,The University of Texas System,United States,UT System,WO-2015164594-A1,2015,CHIMERIC ANTIGEN RECEPTORS (CAR) FOR USE IN THERAPY AND METHODS FOR MAKING THE SAME
808,grid.13097.3c,King's College London,United Kingdom,KCL,WO-2015087087-A1,2014,BIOMARKERS AND METHODS RELATING TO ALZHEIMER'S DISEASE
809,grid.1011.1,James Cook University,Australia,JCU,US-20160229905-A1,2014,MODIFIED ANTI-INFLAMMATORY PROTEINS AND METHOD OF USE
810,grid.257413.6,Indiana University – Purdue University Indianapolis,United States,IUPUI,US-9624468-B2,2013,Methods for generating the inner ear and other cranial placode-derived tissues using pluripotent stem cells
811,grid.51462.34,Memorial Sloan Kettering Cancer Center,United States,MSK,EP-2903637-A4,2013,COMPOSITIONS AND METHODS FOR IMMUNOTHERAPY
812,grid.15276.37,University of Florida,United States,UF,WO-2016134145-A3,2016,ARTIFICIAL SELF-SUFFICIENT CYTOCHROME P450S
813,grid.83440.3b,University College London,United Kingdom,UCL,WO-2016174409-A1,2016,NUCLEIC ACID CONSTRUCT
814,grid.6190.e,University of Cologne,Germany,,WO-2016008973-A1,2015,CHIMERIC ANTIGEN RECEPTOR AND ITS USE
815,grid.417284.c,Philips (Netherlands),Netherlands,,US-9659370-B2,2014,Cortical bone segmentation from MR Dixon data
816,grid.257413.6,Indiana University – Purdue University Indianapolis,United States,IUPUI,WO-2013166488-A1,2013,METHODS FOR GENERATING THE INNER EAR AND OTHER CRANIAL PLACODE-DERIVED TISSUES USING PLURIPOTENT STEM CELLS
817,grid.423456.2,ProThera Biologics (United States),United States,,US-10076559-B2,2017,Preparation and composition of inter-alpha inhibitor proteins from blood
818,grid.5335.0,University of Cambridge,United Kingdom,,WO-2018046999-A1,2017,METHOD OF IDENTIFYING AN ACNE ASSOCIATION SIGNAL BY MONITORING ELEVATED EPITHELIAL ATTACHMENT THROUGH INCREASED LAMC2 EXPRESSION (AS A RISK FACTOR FOR MODERATE TO SEVERE ACNE) AND ASSOCIATED TREATMENT
819,grid.13097.3c,King's College London,United Kingdom,KCL,WO-2018046999-A1,2017,METHOD OF IDENTIFYING AN ACNE ASSOCIATION SIGNAL BY MONITORING ELEVATED EPITHELIAL ATTACHMENT THROUGH INCREASED LAMC2 EXPRESSION (AS A RISK FACTOR FOR MODERATE TO SEVERE ACNE) AND ASSOCIATED TREATMENT
820,grid.480153.b,Nestlé (France),France,,WO-2018046999-A1,2017,METHOD OF IDENTIFYING AN ACNE ASSOCIATION SIGNAL BY MONITORING ELEVATED EPITHELIAL ATTACHMENT THROUGH INCREASED LAMC2 EXPRESSION (AS A RISK FACTOR FOR MODERATE TO SEVERE ACNE) AND ASSOCIATED TREATMENT
821,grid.410356.5,Queen's University,Canada,,US-9644040-B2,2014,Hyaluronic acid derivatives
822,grid.32224.35,Massachusetts General Hospital,United States,MGH,US-10059941-B2,2013,Compositions and methods for modulating SMN gene family expression
823,grid.504365.1,Cytonics (United States),United States,,US-9498514-B2,2016,"Systems, compositions, and methods for transplantation and treating conditions"
824,grid.420214.1,Sanofi (Germany),Germany,,EP-3184106-A1,2015,GROWTH DIFFERENTIATION FACTOR 15 AS BIOMARKER FOR METFORMIN
825,grid.83440.3b,University College London,United Kingdom,UCL,WO-2016174406-A1,2016,NUCLEIC ACID CONSTRUCT FOR EXPRESSING MORE THAN ONE CHIMERIC ANTIGEN RECEPTOR
826,grid.83440.3b,University College London,United Kingdom,UCL,WO-2015075469-A1,2014,CELL
827,grid.504365.1,Cytonics (United States),United States,,US-9352021-B2,2014,"Systems, compositions, and methods for transplantation and treating conditions"
828,grid.30760.32,Medical College of Wisconsin,United States,MCW,US-9265789-B2,2014,Targeting CLPTM1L by RNA interference for treatment and prevention of cancer
829,grid.418143.b,General Electric (United States),United States,GE,US-9427206-B2,2015,Method and apparatus for gate specific MR-based attenuation correction of timed-gated pet studies
830,grid.418722.a,Celgene (United States),United States,Celgene,EP-2953475-A4,2014,MODIFIED T LYMPHOCYTES HAVING IMPROVED SPECIFICITY
831,grid.32224.35,Massachusetts General Hospital,United States,MGH,WO-2015013508-A3,2014,METHODS FOR DIAGNOSING AND TREATING IMMUNE DISEASE
832,grid.418143.b,General Electric (United States),United States,GE,WO-2015099837-A1,2014,METHOD AND APPARATUS FOR GATE SPECIFIC MR-BASED ATTENUATION CORRECTION OF TIMED-GATED PET STUDIES
833,grid.241223.4,Women & Infants Hospital of Rhode Island,United States,,US-9572872-B2,2013,Treatment of disease using inter-alpha inhibitor proteins
834,grid.423456.2,ProThera Biologics (United States),United States,,US-9572872-B2,2013,Treatment of disease using inter-alpha inhibitor proteins
835,grid.480153.b,Nestlé (France),France,,WO-2018047001-A1,2017,METHOD OF IDENTIFYING REDUCED ACTIVITY OF HAIR FOLLICLE MEDIATED BY REDUCTION IN ABILITY OF WNT10A TO PERFORM WILD TYPE FUNCTION AS A PROTECTIVE FACTOR FOR MODERATE TO SEVERE AND RELATED TREATMENT
836,grid.13097.3c,King's College London,United Kingdom,KCL,GB-2503883-A,2012,Variant IgE with reduced affinity to CD23
837,grid.421932.f,UCB Pharma (Belgium),Belgium,,WO-2017211928-A1,2017,ANTI-IgE ANTIBODIES
838,grid.267370.7,University of Ulsan,South Korea,UOU,US-9416196-B2,2014,Composition for prophylaxis or treatment of vascular or cardiac valvular calcification comprising dipeptidyl peptidase-4 inhibitor
839,grid.490618.2,Asan Foundation,South Korea,,US-9416196-B2,2014,Composition for prophylaxis or treatment of vascular or cardiac valvular calcification comprising dipeptidyl peptidase-4 inhibitor
840,grid.410356.5,Queen's University,Canada,,US-20140274941-A1,2014,HYALURONIC ACID DERIVATIVES
841,grid.423456.2,ProThera Biologics (United States),United States,,US-9758570-B2,2015,Preparation and composition of inter-alpha inhibitor proteins from blood
842,grid.423364.4,Biolog (United States),United States,,US-9139641-B2,2009,Preparation and composition of inter-alpha proteins from blood
843,grid.451733.7,Immunovia (Sweden),Sweden,,WO-2017211893-A1,2017,BIOMARKER SIGNATURES OF SYSTEMIC LUPUS ERYTHEMATOSUS AND USES THEREOF
844,grid.480234.9,Kyorin Holdings (Japan),Japan,,US-9216163-B2,2014,Method of inhibiting angiogenesis
845,grid.21107.35,Johns Hopkins University,United States,JHU,US-9549781-B2,2014,Multi-force sensing surgical instrument and method of use for robotic surgical systems
846,grid.417650.1,Actelion (Switzerland),Switzerland,,WO-2016207785-A1,2016,NADPH OXIDASE 4 INHIBITORS
847,grid.24515.37,Hong Kong University of Science and Technology,China,HKUST,US-9629830-B2,2014,EphA4 inhibitors as neuroprotective agents
848,grid.194645.b,University of Hong Kong,China,HKU,US-9629830-B2,2014,EphA4 inhibitors as neuroprotective agents
849,grid.437349.e,University of Minnesota System,United States,,US-9968638-B2,2012,Compositions and methods for transplantation of colon microbiota
850,grid.16753.36,Northwestern University,United States,NU,US-10059708-B2,2017,Therapeutic targeting of the interleukin 1 receptor-associated kinase 4 (IRAK4) in leukemias characterized by rearrangements in the mixed lineage leukemia gene (MLL-r)
851,grid.7429.8,French Institute of Health and Medical Research,France,INSERM,WO-2016135273-A1,2016,"PROCESSES FOR THE DIAGNOSIS, PROGNOSIS AND MONITORING OF THE PROGRESSION OF CHRONIC LYMPHOID LEUKAEMIA (CLL) AND/OR OF SYSTEMIC LUPUS ERYTHEMATOSUS (SLE) USING MEMBRANE STIM 1"
852,grid.6289.5,University of Western Brittany,France,UBO,WO-2016135273-A1,2016,"PROCESSES FOR THE DIAGNOSIS, PROGNOSIS AND MONITORING OF THE PROGRESSION OF CHRONIC LYMPHOID LEUKAEMIA (CLL) AND/OR OF SYSTEMIC LUPUS ERYTHEMATOSUS (SLE) USING MEMBRANE STIM 1"
853,grid.411766.3,Centre Hospitalier Régional Universitaire de Brest,France,,WO-2016135273-A1,2016,"PROCESSES FOR THE DIAGNOSIS, PROGNOSIS AND MONITORING OF THE PROGRESSION OF CHRONIC LYMPHOID LEUKAEMIA (CLL) AND/OR OF SYSTEMIC LUPUS ERYTHEMATOSUS (SLE) USING MEMBRANE STIM 1"
854,grid.64212.33,Institute for Systems Biology,United States,ISB,WO-2015048336-A3,2014,MARKERS FOR AMYOTROPHIC LATERAL SCLEROSIS (ALS) AND PRESYMPTOMATIC ALZHIMER'S DISEASE (PSAD)
855,grid.437349.e,University of Minnesota System,United States,,US-10028980-B2,2016,Compositions and methods for transplantation of colon microbiota
856,grid.7429.8,French Institute of Health and Medical Research,France,INSERM,EP-3062105-A1,2015,"Processes for the diagnosis, prognosis and monitoring of the progression of Chronic Lymphoid Leukaemia (CLL) and/or of Systemic Lupus Erythematosus (SLE) using membrane STIM 1"
857,grid.6289.5,University of Western Brittany,France,UBO,EP-3062105-A1,2015,"Processes for the diagnosis, prognosis and monitoring of the progression of Chronic Lymphoid Leukaemia (CLL) and/or of Systemic Lupus Erythematosus (SLE) using membrane STIM 1"
858,grid.411766.3,Centre Hospitalier Régional Universitaire de Brest,France,,EP-3062105-A1,2015,"Processes for the diagnosis, prognosis and monitoring of the progression of Chronic Lymphoid Leukaemia (CLL) and/or of Systemic Lupus Erythematosus (SLE) using membrane STIM 1"
859,grid.65499.37,Dana-Farber Cancer Institute,United States,,EP-3008214-A4,2014,NON-INVASIVE BLOOD BASED MONITORING OF GENOMIC ALTERATIONS IN CANCER
860,grid.5399.6,Aix-Marseille University,France,AMU,WO-2015136053-A1,2015,DIAGNOSIS METHOD FOR LUPUS
861,grid.7429.8,French Institute of Health and Medical Research,France,INSERM,WO-2015136053-A1,2015,DIAGNOSIS METHOD FOR LUPUS
862,grid.13097.3c,King's College London,United Kingdom,KCL,WO-2018065757-A1,2017,PROXIMITY SENSOR AND CORRESPONDING DISTANCE MEASURING METHOD
863,grid.4868.2,Queen Mary University of London,United Kingdom,QMUL,WO-2018065757-A1,2017,PROXIMITY SENSOR AND CORRESPONDING DISTANCE MEASURING METHOD
864,grid.27476.30,Nagoya University,Japan,,WO-2015072438-A1,2014,"COMPLEMENTARY PCR PRIMER SET FOR ALS-RELATED GENE SEQUENCE ANALYSIS, METHOD FOR ANALYZING ALS-RELATED GENE SEQUENCE, AND METHOD FOR TESTING ALS"
865,grid.410844.d,Daiichi-Sankyo (Japan),Japan,DSI,US-9796752-B2,2014,Terpenoid derivatives
866,grid.5335.0,University of Cambridge,United Kingdom,,WO-2018069516-A1,2017,CUCURBITURIL-BASED HYDROGELS
867,grid.418758.7,Procter & Gamble (United States),United States,,WO-2015175609-A1,2015,METHOD AND DEVICE FOR MEASURING DENTIN PERMEABILITY
868,grid.421173.2,Alere (United States),United States,,WO-2014055849-A1,2013,METHODS FOR DIAGNOSING AND PROGNOSING PLACENTAL DYSFUNCTION AND PRE-ECLAMPSIA
869,grid.13097.3c,King's College London,United Kingdom,KCL,GB-2524692-A,2013,Determination of microrna expression levels for the diagnosis of a platelet-related disorder
870,grid.424055.2,Agilent Technologies (Denmark),Denmark,,US-20120258126-A1,2009,Molecular Vaccines for Infectious Disease
871,grid.5718.b,University of Duisburg-Essen,Germany,,WO-2015020523-A1,2014,BIOMARKERS FOR EARLY DIAGNOSIS OF ALZHEIMER'S DISEASE
872,grid.16872.3a,VU University Medical Center,Netherlands,VUMC,WO-2015020523-A1,2014,BIOMARKERS FOR EARLY DIAGNOSIS OF ALZHEIMER'S DISEASE
873,grid.5570.7,Ruhr University Bochum,Germany,RUB,WO-2015020523-A1,2014,BIOMARKERS FOR EARLY DIAGNOSIS OF ALZHEIMER'S DISEASE
874,grid.5335.0,University of Cambridge,United Kingdom,,US-9439868-B2,2012,Supramolecular capsules
875,grid.13097.3c,King's College London,United Kingdom,KCL,WO-2014096872-A1,2013,DETERMINATION OF MICRORNA EXPRESSION LEVELS FOR THE DIAGNOSIS OF A PLATELET-RELATED DISORDER
876,grid.8391.3,University of Exeter,United Kingdom,,WO-2017029505-A1,2016,COMPUTER-IMPLEMENTED APPARATUS AND METHOD FOR PREDICTING PERFORMANCE OF SURGICAL STRATEGIES
877,grid.421932.f,UCB Pharma (Belgium),Belgium,,WO-2017211928-A1,2017,ANTI-IgE ANTIBODIES
878,grid.424055.2,Agilent Technologies (Denmark),Denmark,,US-10030065-B2,2009,"MHC multimers, methods for their generation, labeling and use"
879,grid.7497.d,German Cancer Research Center,Germany,DKFZ,EP-2868751-A1,2013,HCBI sequences as an early marker for the future development of cancer and diseases of the CNS and as a target for cancer treatment and prevention
880,grid.428999.7,Pasteur Institute,France,,WO-2016046635-A1,2015,METHODS FOR CHARACTERIZING HUMAN PAPILLOMAVIRUS ASSOCIATED CERVICAL LESIONS
881,grid.418151.8,AstraZeneca (Sweden),Sweden,,WO-2017046394-A1,2016,NOVEL BIOMARKERS AND METHODS OF TREATING CANCER
882,grid.7722.0,Institute for Research in Biomedicine,Spain,,US-9702878-B2,2013,Method for the prognosis and treatment of cancer metastasis
883,grid.425902.8,Catalan Institution for Research and Advanced Studies,Spain,ICREA,US-9702878-B2,2013,Method for the prognosis and treatment of cancer metastasis
884,grid.464630.3,LG Corporation (South Korea),South Korea,,US-20130296193-A1,2012,METHOD FOR DISCOVERING A BIOMARKER
885,grid.1052.6,Ludwig Cancer Research,United States,LICR,US-9078877-B2,2013,Targeting VEGF-B regulation of fatty acid transporters to modulate human diseases
886,grid.482351.9,Ludwig Institute for Cancer Research,Switzerland,,US-9078877-B2,2013,Targeting VEGF-B regulation of fatty acid transporters to modulate human diseases
887,grid.410862.9,Fujifilm (Japan),Japan,,EP-3202409-A4,2015,"COMPOSITION, CELL CONSTRUCT, ISLET TRANSPLANT KIT, ISLET CELL TRANSPLANT THERAPEUTIC AGENT AND BLOOD SUGAR REDUCING AGENT, COMPOSITION INCLUDING ISLETS, KIT INCLUDING ISLETS, AND ISLET TRANSPLANT THERAPEUTIC AGENT AND BLOOD SUGAR REDUCING AGENT"
888,grid.83440.3b,University College London,United Kingdom,UCL,WO-2017103612-A1,2016,TREATMENT AND/OR PREVENTION OF LYSOSOMAL STORAGE DISEASES
889,grid.27235.31,United States Department of Health and Human Services,United States,DHHS,US-9730941-B2,2013,Methods and compositions for the inhibition of Pin1
890,grid.239395.7,Beth Israel Deaconess Medical Center,United States,BIDMC,US-9730941-B2,2013,Methods and compositions for the inhibition of Pin1
891,grid.10306.34,Wellcome Sanger Institute,United Kingdom,WTSI,WO-2017191068-A1,2017,METHOD OF DETECTING A MUTATIONAL SIGNATURE IN A SAMPLE
892,grid.431072.3,AbbVie (United States),United States,"Abbvie Biotherapeutics, Inc",US-9381205-B2,2014,Anti-EFNA4 antibody-drug conjugates
893,grid.410513.2,Pfizer (United States),United States,Pfizer,US-9381205-B2,2014,Anti-EFNA4 antibody-drug conjugates
894,grid.422288.6,Alexion Pharmaceuticals (United States),United States,,WO-2015023972-A1,2014,TREATMENT OF GRAFT REJECTION BY ADMINISTERING A COMPLEMENT INHIBITOR TO AN ORGAN PRIOR TO TRANSPLANT
895,grid.24434.35,University of Nebraska–Lincoln,United States,UNL ,US-9457030-B2,2013,Compositions and methods for the treatment of juvenile neuronal ceroid lipofuscinosis and related disorders
896,grid.410442.7,University of Nebraska System,United States,,US-9457030-B2,2013,Compositions and methods for the treatment of juvenile neuronal ceroid lipofuscinosis and related disorders
897,grid.31501.36,Seoul National University,South Korea,SNU,US-9059823-B2,2013,Apparatus and method for performing inter-cell interference coordination using limited channel state information in heterogeneous network
898,grid.410513.2,Pfizer (United States),United States,Pfizer,US-9872922-B2,2016,Anti-EFNA4 antibody-drug conjugates
899,grid.410862.9,Fujifilm (Japan),Japan,,WO-2016052504-A1,2015,"COMPOSITION, CELL CONSTRUCT, ISLET TRANSPLANT KIT, ISLET CELL TRANSPLANT THERAPEUTIC AGENT AND BLOOD SUGAR REDUCING AGENT, COMPOSITION INCLUDING ISLETS, KIT INCLUDING ISLETS, AND ISLET TRANSPLANT THERAPEUTIC AGENT AND BLOOD SUGAR REDUCING AGENT"
900,grid.425902.8,Catalan Institution for Research and Advanced Studies,Spain,ICREA,US-10047398-B2,2011,"Method for the diagnosis, prognosis and treatment of breast cancer metastasis"
901,grid.7722.0,Institute for Research in Biomedicine,Spain,,US-10047398-B2,2011,"Method for the diagnosis, prognosis and treatment of breast cancer metastasis"
902,grid.418195.0,Babraham Institute,United Kingdom,,WO-2017208001-A1,2017,BIOMARKERS FOR PLATELET DISORDERS
903,grid.256304.6,Georgia State University,United States,GSU,US-9951335-B2,2013,Compositions and methods for treating otitis media and other conditions with inhibitors of CYLD
904,grid.5808.5,University of Porto,Portugal,,WO-2018042378-A1,2017,"CYANOBACTERIUM EXTRACELLULAR POLYMER, COMPOSITIONS AND USES THEREOF"
905,grid.6533.3,Nokia (Finland),Finland,,US-9026167-B2,2013,Picocell range expansion configuration on authorized shared access
906,grid.7497.d,German Cancer Research Center,Germany,DKFZ,EP-2966176-A1,2014,"HCBI, MSBI, MSSI and CMI sequences as an early marker for the future development of cancer and diseases of the CNS and as a target for the treatment and prevention of these diseases"
907,grid.415310.2,King Faisal Specialist Hospital & Research Centre,Saudi Arabia,KFSHRC,EP-3202913-A1,2016,A SET OF GENES FOR USE IN A METHOD OF PREDICTING THE LIKELIHOOD OF A BREAST CANCER PATIENT S SURVIVAL
908,grid.4567.0,Helmholtz Zentrum München,Germany,,WO-2018050286-A1,2017,TRAF 6 INHIBITORS
909,grid.6533.3,Nokia (Finland),Finland,,EP-2790430-A1,2014,Picocell range expansion configuration on Authorized Shared Access (ASA)
910,grid.17089.37,University of Alberta,Canada,,US-8980564-B2,2010,Predictive markers for taxane responsiveness and methods of use thereof
911,grid.413574.0,Alberta Health Services,Canada,AHS,US-8980564-B2,2010,Predictive markers for taxane responsiveness and methods of use thereof
912,grid.83440.3b,University College London,United Kingdom,UCL,WO-2017103613-A1,2016,TREATMENT
913,grid.30389.31,University of California System,United States,,WO-2017103613-A1,2016,TREATMENT
914,grid.7497.d,German Cancer Research Center,Germany,DKFZ,WO-2013117697-A1,2013,BIOMARKER SET FOR IDENTIFYING A SEVERE FORM OF CANCER
915,grid.10306.34,Wellcome Sanger Institute,United Kingdom,WTSI,WO-2017191073-A1,2017,MUTATIONAL SIGNATURES IN CANCER
916,grid.10919.30,The Arctic University of Norway,Norway,UiT,WO-2014081313-A1,2013,GENE EXPRESSION PROFILE IN DIAGNOSTICS
917,grid.417695.8,Celldex Therapeutics (United States),United States,,US-9649356-B2,2011,Method of improving transplant function using soluble complement receptor type I (sCR1)
918,grid.417728.f,Humanitas Research Hospital,Italy,,EP-3192805-A1,2016,INHIBITORS OF T CELL ACTIVATION  OR STIMULATION AND USES THEREOF
919,grid.428999.7,Pasteur Institute,France,,WO-2016046635-A1,2015,METHODS FOR CHARACTERIZING HUMAN PAPILLOMAVIRUS ASSOCIATED CERVICAL LESIONS
920,grid.415062.4,Fresenius Medical Care (Germany),Germany,,DE-102016001407-A1,2016,Blood treatment with inactivation of free nucleic acids
921,grid.418158.1,Roche (United States),United States,Roche,WO-2016126972-A1,2016,MUTANT SMOOTHENED AND METHODS OF USING THE SAME
922,grid.7452.4,Paris Diderot University,France,,WO-2016126972-A1,2016,MUTANT SMOOTHENED AND METHODS OF USING THE SAME
923,grid.50550.35,Assistance Publique -Hopitaux De Paris,France,AP-HP,WO-2016126972-A1,2016,MUTANT SMOOTHENED AND METHODS OF USING THE SAME
924,grid.421631.3,Curis (United States),United States,,WO-2016126972-A1,2016,MUTANT SMOOTHENED AND METHODS OF USING THE SAME
925,grid.428999.7,Pasteur Institute,France,,EP-2915878-A1,2014,Method and device for conserving viable and functional human polymorphonuclear neutrophils
926,grid.10306.34,Wellcome Sanger Institute,United Kingdom,WTSI,WO-2017191074-A1,2017,METHOD OF CHARACTERISING A DNA SAMPLE
927,grid.417993.1,MSD (United States),United States,MSD,US-9193729-B2,2013,Inhibiting transient receptor potential ion channel TRPA1
928,grid.1008.9,University of Melbourne,Australia,,US-9364570-B2,2012,Functionalisation of cage amine ligands for metallo-radiopharmaceuticals
929,grid.7429.8,French Institute of Health and Medical Research,France,INSERM,WO-2015132774-A1,2015,METHOD AND DEVICE FOR CONSERVING VIABLE AND FUNCTIONAL HUMAN POLYMORPHONUCLEAR NEUTROPHILS
930,grid.428999.7,Pasteur Institute,France,,WO-2015132774-A1,2015,METHOD AND DEVICE FOR CONSERVING VIABLE AND FUNCTIONAL HUMAN POLYMORPHONUCLEAR NEUTROPHILS
931,grid.4305.2,University of Edinburgh,United Kingdom,,WO-2018051136-A1,2017,MACROPHAGE-BASED THERAPY FOR USE IN THE TREATMENT OF LIVER INJURY
932,grid.116068.8,Massachusetts Institute of Technology,United States,MIT,US-10081684-B2,2012,Using sortases to install click chemistry handles for protein ligation
933,grid.10306.34,Wellcome Sanger Institute,United Kingdom,WTSI,WO-2017191068-A1,2017,METHOD OF DETECTING A MUTATIONAL SIGNATURE IN A SAMPLE
934,grid.418621.8,Philips (Germany),Germany,,WO-2014203192-A2,2014,CORTICAL BONE SEGMENTATION FROM MR DIXON DATA
935,grid.417284.c,Philips (Netherlands),Netherlands,,WO-2014203192-A2,2014,CORTICAL BONE SEGMENTATION FROM MR DIXON DATA
936,grid.492588.a,Q-State Biosciences (United States),United States,,US-9594075-B2,2015,Diagnostic methods for neural disorders
937,grid.417284.c,Philips (Netherlands),Netherlands,,WO-2015086476-A1,2014,ZERO ECHO TIME MR IMAGING WITH WATER/FAT SEPARATION
938,grid.417284.c,Philips (Netherlands),Netherlands,,US-9659370-B2,2014,Cortical bone segmentation from MR Dixon data
939,grid.418158.1,Roche (United States),United States,Roche,WO-2015120075-A2,2015,MUTANT SMOOTHENED AND METHODS OF USING THE SAME
940,grid.421631.3,Curis (United States),United States,,WO-2015120075-A2,2015,MUTANT SMOOTHENED AND METHODS OF USING THE SAME
941,grid.481749.7,Siemens Healthcare (Germany),Germany,,EP-2733219-A1,2012,Diagnostic miRNA markers for Alzheimer
942,grid.5406.7,Siemens (Germany),Germany,,EP-2733219-A1,2012,Diagnostic miRNA markers for Alzheimer
943,grid.421932.f,UCB Pharma (Belgium),Belgium,,US-10048253-B2,2013,Method for identifying compounds of therapeutic interest
944,grid.417411.6,Aduro BioTech (United States),United States,,US-9724408-B2,2014,Compositions and methods for activating stimulator of interferon gene-dependent signalling
945,grid.30389.31,University of California System,United States,,US-9724408-B2,2014,Compositions and methods for activating stimulator of interferon gene-dependent signalling
946,grid.417284.c,Philips (Netherlands),Netherlands,,US-9504851-B2,2012,Magnetic resonance imaging of bone tissue
947,grid.421631.3,Curis (United States),United States,,WO-2017136558-A1,2017,MUTANT SMOOTHENED AND METHODS OF USING THE SAME
948,grid.418158.1,Roche (United States),United States,Roche,WO-2017136558-A1,2017,MUTANT SMOOTHENED AND METHODS OF USING THE SAME
949,grid.258803.4,Kyungpook National University,South Korea,KNU,US-9079867-B2,2011,"Polyazamacrocyclic compound, and a production method and a biomedical use therefor"
950,grid.30389.31,University of California System,United States,,WO-2015048665-A3,2014,METHOD TO ESTIMATE THE AGE OF TISSUES AND CELL TYPES BASED ON EPIGENETIC MARKERS
951,grid.492588.a,Q-State Biosciences (United States),United States,,US-10048275-B2,2016,Cardiotoxicity screening methods
952,grid.419812.7,Sysmex (Japan),Japan,,EP-2816121-A3,2014,Method for obtaining information on hepatocellular carcinoma and marker and kit for obtaining information on hepatocellular carcinoma
953,grid.26999.3d,University of Tokyo,Japan,UT,EP-2816121-A3,2014,Method for obtaining information on hepatocellular carcinoma and marker and kit for obtaining information on hepatocellular carcinoma
954,grid.417728.f,Humanitas Research Hospital,Italy,,WO-2017121502-A1,2016,THERAPEUTIC USE OF INHIBITORS OF T CELL ACTIVATION OR STIMULATION
955,grid.418195.0,Babraham Institute,United Kingdom,,WO-2017208001-A1,2017,BIOMARKERS FOR PLATELET DISORDERS
956,grid.415062.4,Fresenius Medical Care (Germany),Germany,,WO-2017137495-A1,2017,BLOOD TREATMENT WITH INACTIVATION OF CIRCULATING NUCLEIC ACIDS
957,grid.30389.31,University of California System,United States,,EP-2917371-A4,2013,METHODS FOR PREDICTING AGE AND IDENTIFYING AGENTS THAT INDUCE OR INHIBIT PREMATURE AGING
958,grid.430406.5,Sage Bionetworks,United States,,EP-2917371-A4,2013,METHODS FOR PREDICTING AGE AND IDENTIFYING AGENTS THAT INDUCE OR INHIBIT PREMATURE AGING
959,grid.7839.5,Goethe University Frankfurt,Germany,,EP-3017813-A1,2014,BLT2 agonists for the treatment of pain
960,grid.4561.6,Fraunhofer Society,Germany,FHG,EP-3017813-A1,2014,BLT2 agonists for the treatment of pain
961,grid.421932.f,UCB Pharma (Belgium),Belgium,,WO-2014001557-A1,2013,A METHOD FOR IDENTIFYING COMPOUNDS OF THERAPEUTIC INTEREST
962,grid.116068.8,Massachusetts Institute of Technology,United States,MIT,WO-2015073746-A3,2014,18F LABELING OF PROTEINS USING SORTASES
963,grid.4372.2,Max Planck Society,Germany,MPG,WO-2014012933-A1,2013,METHOD FOR THE GENERATION OF NON-TRANSFORMED MACROPHAGE CELL LINES
964,grid.417284.c,Philips (Netherlands),Netherlands,,WO-2016188974-A1,2016,MRI USING SENSE WITH ACQUISITION OF UNDERSAMPLED REFERENCE DATA VIA AN ULTRASHORT ECHO TIME SEQUENCE
965,grid.417284.c,Philips (Netherlands),Netherlands,,WO-2013001399-A3,2012,BONE MRI USING AN ULTRASHORT ECHO TIME PULSE SEQUENCE WITH FID AND MULTIPLE GRADIENT ECHO ACQUISITION AND WATER - FAT SEPARATION PROCESSING
966,grid.418621.8,Philips (Germany),Germany,,WO-2013001399-A3,2012,BONE MRI USING AN ULTRASHORT ECHO TIME PULSE SEQUENCE WITH FID AND MULTIPLE GRADIENT ECHO ACQUISITION AND WATER - FAT SEPARATION PROCESSING
967,grid.1008.9,University of Melbourne,Australia,,EP-2788354-A4,2012,FUNCTIONALISATION OF CAGE AMINE LIGANDS FOR METALLO-RADIOPHARMACEUTICALS
968,grid.417284.c,Philips (Netherlands),Netherlands,,WO-2015040120-A1,2014,MR-BASED ATTENUATION CORRECTION IN PET/MR IMAGING WITH DIXON PULSE SEQUENCE
969,grid.430387.b,"Rutgers, The State University of New Jersey",United States,RU,US-9840533-B2,2014,Compositions and methods for altering second messenger signaling
970,grid.10388.32,University of Bonn,Germany,,US-9840533-B2,2014,Compositions and methods for altering second messenger signaling
971,grid.51462.34,Memorial Sloan Kettering Cancer Center,United States,MSK,US-9840533-B2,2014,Compositions and methods for altering second messenger signaling
972,grid.134907.8,Rockefeller University,United States,,US-9840533-B2,2014,Compositions and methods for altering second messenger signaling
973,grid.421932.f,UCB Pharma (Belgium),Belgium,,WO-2017211928-A1,2017,ANTI-IgE ANTIBODIES
974,grid.5406.7,Siemens (Germany),Germany,,US-10011873-B2,2013,Diagnostic miRNA markers for Parkinson disease
975,grid.11749.3a,Saarland University,Germany,,US-10011873-B2,2013,Diagnostic miRNA markers for Parkinson disease
976,grid.249880.f,Jackson Laboratory,United States,,WO-2017165209-A1,2017,TANDEM DUPLICATOR PHENOTYPE (TDP) AS A DISTINCT GENOMIC CONFIGURATION IN CANCER AND USE THEREOF
977,grid.10306.34,Wellcome Sanger Institute,United Kingdom,WTSI,WO-2017191073-A1,2017,MUTATIONAL SIGNATURES IN CANCER
978,grid.413449.f,Tel Aviv Sourasky Medical Center,Israel,,EP-2727944-A1,2012,Depletion of CCR2-positive monocytes for the treatment of inflammatory conditions in the gastrointestinal system
979,grid.411941.8,University Hospital Regensburg,Germany,UKR,EP-2727944-A1,2012,Depletion of CCR2-positive monocytes for the treatment of inflammatory conditions in the gastrointestinal system
980,grid.471336.4,Yeda Research and Development (Israel),Israel,,EP-2727944-A1,2012,Depletion of CCR2-positive monocytes for the treatment of inflammatory conditions in the gastrointestinal system
981,grid.419971.3,Bristol-Myers Squibb (United States),United States,BMS,WO-2014074660-A1,2013,"ALKYL-AMIDE-SUBSTITUTED PYRIDYL COMPOUNDS USEFUL AS MODULATORS OF IL-12, IL-23 AND/OR IFNα RESPONSES"
982,grid.34477.33,University of Washington,United States,UW,US-9971414-B2,2014,"Devices, systems, and methods for detecting gestures using wireless communication signals"
983,grid.438364.e,ReNeuron (United Kingdom),United Kingdom,,WO-2014125277-A1,2014,METHOD OF PRODUCING MICROPARTICLES
984,grid.410438.a,SRC,United States,,US-9696421-B2,2014,Through wall sensing system using WiFi/cellular radar
985,grid.418905.1,Boston Scientific (United States),United States,BSC,US-9750942-B2,2014,Systems and methods for determining parameters for each of a plurality of vectors
986,grid.419815.0,Microsoft (United States),United States,,WO-2014160267-A3,2014,CENTER OF MASS STATE VECTOR FOR ANALYZING USER MOTION IN 3D IMAGES
987,grid.430388.4,Qualcomm (United States),United States,,WO-2017052875-A1,2016,WI-FI INDOOR RADAR
988,grid.438364.e,ReNeuron (United Kingdom),United Kingdom,,WO-2014013258-A1,2013,STEM CELL MICROPARTICLES
989,grid.419971.3,Bristol-Myers Squibb (United States),United States,BMS,WO-2015069310-A1,2014,"ALKYL-AMIDE-SUBSTITUTED PYRIDYL COMPOUNDS USEFUL AS MODULATORS OF IL-12, IL-23 AND/OR IFNALPHA RESPONSES"
990,grid.28390.30,German Telecom,Germany,DT,EP-2757848-A1,2013,Method and system for improvement of handover quality in mobile radio systems
991,grid.419971.3,Bristol-Myers Squibb (United States),United States,BMS,WO-2015089143-A1,2014,"IMIDAZOPYRIDAZINE COMPOUNDS USEFUL AS MODULATORS OF IL-12, IL-23 AND/OR IFN ALPHA RESPONSES"
992,grid.420032.7,Myriad (United States),United States,,WO-2015175692-A1,2015,GENE SIGNATURES FOR CANCER PROGNOSIS
993,grid.471348.d,ZTE (China),China,,EP-3048455-A4,2014,"METHOD, APPARATUS AND TERMINAL FOR LIFE DETECTION PROCESSING"
994,grid.419971.3,Bristol-Myers Squibb (United States),United States,BMS,WO-2018081488-A1,2017,"HETEROBICYCLIC COMPOUNDS USEFUL AS MODULATORS OF IL-12, IL-23 AND/OR IFN ALPHA RESPONSES"
995,grid.419971.3,Bristol-Myers Squibb (United States),United States,BMS,WO-2017087590-A1,2016,"IMIDAZOPYRIDAZINE COMPOUNDS USEFUL AS MODULATORS OF IL-12, IL-23 AND/OR IFN ALPHA RESPONSES"
996,grid.438364.e,ReNeuron (United Kingdom),United Kingdom,,WO-2015052526-A1,2014,STEM CELL MICROPARTICLES AND MIRNA
997,grid.418905.1,Boston Scientific (United States),United States,BSC,US-9457191-B2,2014,System and method for assessing and selecting stimulation vectors in an implantable cardiac resynchronization therapy device
998,grid.438364.e,ReNeuron (United Kingdom),United Kingdom,,WO-2013150303-A1,2013,STEM CELL MICROPARTICLES
999,grid.438364.e,ReNeuron (United Kingdom),United Kingdom,,WO-2015052527-A1,2014,"MICROPARTICLES, MIRNA AND WOUND THERAPY"
1000,grid.30389.31,University of California System,United States,,WO-2014004733-A1,2013,COMPOSITION FOR LUPUS NEPHRITIS AND METHODS OF MAKING AND USING THE SAME
1001,grid.266684.8,University of Massachusetts System,United States,,US-9896683-B2,2015,Isolating circulating microRNA (miRNA)
1002,grid.438364.e,ReNeuron (United Kingdom),United Kingdom,,WO-2014125276-A1,2014,STEM CELL MICROPARTICLES AND MIRNA
1003,grid.419971.3,Bristol-Myers Squibb (United States),United States,BMS,WO-2018067432-A1,2017,"IMIDAZOPYRIDAZINE COMPOUNDS USEFUL AS MODULATORS OF IL-12, IL-23 AND/OR IFN ALPHA RESPONSES"
1004,grid.420032.7,Myriad (United States),United States,,US-9976188-B2,2017,Cancer biomarkers
1005,grid.55460.32,The University of Texas System,United States,UT System,WO-2016073629-A1,2015,CHIMERIC ANTIGEN RECEPTORS (CAR) TO SELECTIVELY TARGET PROTEIN COMPLEXES
1006,grid.420032.7,Myriad (United States),United States,,WO-2014078700-A1,2013,GENE SIGNATURES FOR CANCER PROGNOSIS
1007,grid.420032.7,Myriad (United States),United States,,EP-2382331-A4,2010,CANCER BIOMARKERS
1008,grid.419971.3,Bristol-Myers Squibb (United States),United States,BMS,WO-2018093968-A1,2017,"IMIDAZOPYRIDAZINE MODULATORS OF IL-12, IL-23 AND/OR IFN-ALPHA"
1009,grid.420032.7,Myriad (United States),United States,,US-9605319-B2,2011,Gene signatures for cancer diagnosis and prognosis
1010,grid.65499.37,Dana-Farber Cancer Institute,United States,,US-9458510-B2,2012,Signatures and determinants associated with prostate cancer progression and methods of use thereof
1011,grid.420032.7,Myriad (United States),United States,,EP-2382331-A1,2010,CANCER BIOMARKERS
1012,grid.452651.1,National Institute of Genomic Medicine,Mexico,INMEGEN,EP-3251516-A1,2016,NUTRITIONAL COMPOSITION
1013,grid.504238.8,BioVentures (United States),United States,,US-9981990-B2,2015,Melampomagnolide B dimers
1014,grid.266185.e,University of Colorado System,United States,CU,US-9981990-B2,2015,Melampomagnolide B dimers
1015,grid.266190.a,University of Colorado Boulder,United States,UCB,US-9981990-B2,2015,Melampomagnolide B dimers
1016,grid.432162.0,Isomerase Therapeutics (United Kingdom),United Kingdom,,US-9976165-B2,2014,Methods for increasing molecular diversity of polyketides and non-ribosomal proteins
1017,grid.487057.9,SyncThink (United States),United States,,US-9380976-B2,2013,Optical neuroinformatics
1018,grid.432162.0,Isomerase Therapeutics (United Kingdom),United Kingdom,,US-9505773-B2,2014,Rapamycin analogues and their pharmaceutical use
1019,grid.5330.5,University of Erlangen-Nuremberg,Germany,FAU,DE-102013205576-A1,2013,"A method for generating a motion correction for pet data, method for producing pet images as well as correspondingly configured mr-conditioning and pet-conditioning"
1020,grid.5406.7,Siemens (Germany),Germany,,DE-102013205576-A1,2013,"A method for generating a motion correction for pet data, method for producing pet images as well as correspondingly configured mr-conditioning and pet-conditioning"
1021,grid.11843.3f,University of Strasbourg,France,,EP-3225257-A1,2016,AMPHIPHILIC MONOMERS BASED NANOVECTORS AND THEIR USE FOR SIRNA DELIVERY
1022,grid.4444.0,French National Centre for Scientific Research,France,CNRS,EP-3225257-A1,2016,AMPHIPHILIC MONOMERS BASED NANOVECTORS AND THEIR USE FOR SIRNA DELIVERY
1023,grid.50956.3f,Cedars-Sinai Medical Center,United States,,US-9828603-B2,2013,Exosomes and micro-ribonucleic acids for tissue regeneration
1024,grid.13097.3c,King's College London,United Kingdom,KCL,WO-2014184584-A1,2014,DELIVERY PEPTIDES
1025,grid.13097.3c,King's College London,United Kingdom,KCL,US-8906383-B2,2008,T cell receptor having binding affinity for a peptide-MHC complex and uses thereof
1026,grid.5600.3,Cardiff University,United Kingdom,,WO-2013030588-A1,2012,METHOD FOR DIAGNOSING A NEURODEGENERATIVE DISEASE
1027,grid.419475.a,National Institute on Aging,United States,NIA,WO-2013030588-A1,2012,METHOD FOR DIAGNOSING A NEURODEGENERATIVE DISEASE
1028,grid.16872.3a,VU University Medical Center,Netherlands,VUMC,WO-2013030588-A1,2012,METHOD FOR DIAGNOSING A NEURODEGENERATIVE DISEASE
1029,grid.5379.8,University of Manchester,United Kingdom,,WO-2013030588-A1,2012,METHOD FOR DIAGNOSING A NEURODEGENERATIVE DISEASE
1030,grid.83440.3b,University College London,United Kingdom,UCL,WO-2013030588-A1,2012,METHOD FOR DIAGNOSING A NEURODEGENERATIVE DISEASE
1031,grid.194632.b,University of Arkansas System,United States,,WO-2014172607-A1,2014,AMPHIBIAN OOCYTE OR EMBRYO BIOASSAY
1032,grid.24433.32,National Research Council Canada,Canada,NRC,EP-3071229-A1,2014,USE OF FLUORINATED CYCLIC DINUCLEOTIDES AS ORAL VACCINE ADJUVANTS
1033,grid.411793.9,Brock University,Canada,,EP-3071229-A1,2014,USE OF FLUORINATED CYCLIC DINUCLEOTIDES AS ORAL VACCINE ADJUVANTS
1034,grid.5406.7,Siemens (Germany),Germany,,DE-102013201724-A1,2013,"Method for creation of layer or volume images of joint i.e. mandibular joint, of person in different movement phases, involves measuring cyclic movement of joint in time interval, where time interval covers movement cycles"
1035,grid.429766.8,Opsona Therapeutics (Ireland),Ireland,,US-20120164159-A1,2010,Humanised Antibodies to Toll-Like Receptor 2 and Uses Thereof
1036,grid.14105.31,Medical Research Council,United Kingdom,MRC,WO-2014114922-A1,2014,METHODS FOR ESTIMATING THE SIZE OF DISEASE-ASSOCIATED POLYNUCLEOTIDE REPEAT EXPANSIONS IN GENES
1037,grid.4444.0,French National Centre for Scientific Research,France,CNRS,WO-2017167929-A1,2017,AMPHIPHILIC MONOMERS BASED NANOVECTORS AND THEIR USE FOR SIRNA DELIVERY
1038,grid.11843.3f,University of Strasbourg,France,,WO-2017167929-A1,2017,AMPHIPHILIC MONOMERS BASED NANOVECTORS AND THEIR USE FOR SIRNA DELIVERY
1039,grid.50956.3f,Cedars-Sinai Medical Center,United States,,US-9845457-B2,2015,Maintenance of genomic stability in cultured stem cells
1040,grid.16872.3a,VU University Medical Center,Netherlands,VUMC,US-9896729-B2,2012,Method for diagnosing a neurodegenerative disease
1041,grid.5379.8,University of Manchester,United Kingdom,,US-9896729-B2,2012,Method for diagnosing a neurodegenerative disease
1042,grid.83440.3b,University College London,United Kingdom,UCL,US-9896729-B2,2012,Method for diagnosing a neurodegenerative disease
1043,grid.27235.31,United States Department of Health and Human Services,United States,DHHS,US-9896729-B2,2012,Method for diagnosing a neurodegenerative disease
1044,grid.424664.6,Hospital District of Helsinki and Uusimaa,Finland,HUS,US-9896729-B2,2012,Method for diagnosing a neurodegenerative disease
1045,grid.15276.37,University of Florida,United States,UF,US-9896729-B2,2012,Method for diagnosing a neurodegenerative disease
1046,grid.419475.a,National Institute on Aging,United States,NIA,US-9896729-B2,2012,Method for diagnosing a neurodegenerative disease
1047,grid.5600.3,Cardiff University,United Kingdom,,US-9896729-B2,2012,Method for diagnosing a neurodegenerative disease
1048,grid.432162.0,Isomerase Therapeutics (United Kingdom),United Kingdom,,WO-2015004458-A3,2014,METHODS FOR INCREASING MOLECULAR DIVERSITY OF POLYKETIDES AND NON-RIBOSOMAL PROTEINS
1049,grid.266190.a,University of Colorado Boulder,United States,UCB,US-9920063-B2,2016,Melampomagnolide B derivatives
1050,grid.266185.e,University of Colorado System,United States,CU,US-9920063-B2,2016,Melampomagnolide B derivatives
1051,grid.504238.8,BioVentures (United States),United States,,US-9920063-B2,2016,Melampomagnolide B derivatives
1052,grid.194632.b,University of Arkansas System,United States,,US-9920063-B2,2016,Melampomagnolide B derivatives
1053,grid.5406.7,Siemens (Germany),Germany,,DE-102014212944-A1,2014,Elasticity measurement with mr - imaging
1054,grid.5330.5,University of Erlangen-Nuremberg,Germany,FAU,DE-102013206315-A1,2013,A method and computing unit to support a radiotherapeutic treatment
1055,grid.5406.7,Siemens (Germany),Germany,,DE-102013206315-A1,2013,A method and computing unit to support a radiotherapeutic treatment
1056,grid.417993.1,MSD (United States),United States,MSD,WO-2014198862-A1,2014,PHARMACEUTICAL COMPOSITIONS COMPRISING A GPG OLIGODEOXYNUCLEOTIDE AND CYCLIC DI-GMP
1057,grid.420097.8,MSD (Netherlands),Netherlands,MSD,WO-2014198862-A1,2014,PHARMACEUTICAL COMPOSITIONS COMPRISING A GPG OLIGODEOXYNUCLEOTIDE AND CYCLIC DI-GMP
1058,grid.13097.3c,King's College London,United Kingdom,KCL,WO-2014188206-A1,2014,AIDING ASSESSMENT OF PROGNOSIS IN INFLAMMATORY DISEASE
1059,grid.485009.0,Capricor Therapeutics (United States),United States,,US-9884076-B2,2013,Optimized methods for generation of cardiac stem cells from cardiac tissue and their use in cardiac therapy
1060,grid.30389.31,University of California System,United States,,EP-2992000-A4,2014,CYCLIC DI-NUCLEOTIDE INDUCTION OF TYPE I INTERFERON
1061,grid.50956.3f,Cedars-Sinai Medical Center,United States,,US-9249392-B2,2011,Methods and compositions for maintaining genomic stability in cultured stem cells
1062,grid.452651.1,National Institute of Genomic Medicine,Mexico,INMEGEN,EP-3251517-A1,2016,NUTRITIONAL COMPOSITION
1063,grid.430387.b,"Rutgers, The State University of New Jersey",United States,RU,US-9840533-B2,2014,Compositions and methods for altering second messenger signaling
1064,grid.10388.32,University of Bonn,Germany,,US-9840533-B2,2014,Compositions and methods for altering second messenger signaling
1065,grid.51462.34,Memorial Sloan Kettering Cancer Center,United States,MSK,US-9840533-B2,2014,Compositions and methods for altering second messenger signaling
1066,grid.134907.8,Rockefeller University,United States,,US-9840533-B2,2014,Compositions and methods for altering second messenger signaling
1067,grid.429766.8,Opsona Therapeutics (Ireland),Ireland,,US-8734794-B2,2010,Humanised antibodies to toll-like receptor 2 and uses thereof
1068,grid.7841.a,Sapienza University of Rome,Italy,,US-8772030-B2,2011,Cardiac stem cells and methods for isolation of same
1069,grid.7841.a,Sapienza University of Rome,Italy,,US-8846396-B2,2011,Methods for the isolation of cardiac stem cells
1070,grid.410484.d,IBM (United States),United States,,US-9830253-B2,2013,Eliminating redundant interactions when testing computer software applications
1071,grid.429766.8,Opsona Therapeutics (Ireland),Ireland,,US-9234046-B2,2012,Treatment of renal disease
1072,grid.411030.7,University of Illinois System,United States,,US-10023625-B2,2014,Engineered high-affinity human T cell receptors
1073,grid.452292.a,AFFiRiS (Austria),Austria,,EP-3192806-A1,2016,ALPHA CHAIN OF THE HIGH-AFFINITY IGE RECEPTOR (FCERIA)
1074,grid.170693.a,University of South Florida,United States,USF,US-9089589-B2,2013,Micro-RNAs modulating immunity and inflammation
1075,grid.504238.8,BioVentures (United States),United States,,US-9908892-B2,2016,Melampomagnolide B derivatives
1076,grid.16416.34,University of Rochester,United States,UR,US-9908892-B2,2016,Melampomagnolide B derivatives
1077,grid.24433.32,National Research Council Canada,Canada,NRC,EP-3071229-A4,2014,USE OF FLUORINATED CYCLIC DINUCLEOTIDES AS ORAL VACCINE ADJUVANTS
1078,grid.411793.9,Brock University,Canada,,EP-3071229-A4,2014,USE OF FLUORINATED CYCLIC DINUCLEOTIDES AS ORAL VACCINE ADJUVANTS
1079,grid.452292.a,AFFiRiS (Austria),Austria,,WO-2017121842-A1,2017,ALPHA CHAIN OF THE HIGH-AFFINITY IGE RECEPTOR (FCERIA)
1080,grid.487057.9,SyncThink (United States),United States,,US-9265458-B2,2012,Application of smooth pursuit cognitive testing paradigms to clinical drug development
1081,grid.419905.0,Nestlé (Switzerland),Switzerland,,US-9540691-B2,2013,Assays and methods for selecting a treatment regimen for a subject with depression
1082,grid.32224.35,Massachusetts General Hospital,United States,MGH,US-9540691-B2,2013,Assays and methods for selecting a treatment regimen for a subject with depression
1083,grid.450255.3,Hamamatsu Photonics (Japan),Japan,,US-10055638-B2,2012,"Image processing device, imaging device, microscope device, image processing method, and image processing program"
1084,grid.13097.3c,King's College London,United Kingdom,KCL,WO-2015087087-A1,2014,BIOMARKERS AND METHODS RELATING TO ALZHEIMER'S DISEASE
1085,grid.436559.8,Nordic Bioscience (Denmark),Denmark,,WO-2013007643-A1,2012,IN VITRO ASSESSMENT OF CARDIOVASCULAR EVENTS BY ASSAY FOR NEO-EPITOPES OF TITIN PROTEIN
1086,grid.418398.f,Hans Knöll Institute,Germany,HKI,US-9969796-B2,2014,Peptides and binding partners therefor
1087,grid.13097.3c,King's College London,United Kingdom,KCL,US-9969796-B2,2014,Peptides and binding partners therefor
1088,grid.6451.6,Technion – Israel Institute of Technology,Israel,,US-9616112-B2,2015,Compositions capable of specifically binding particular human antigen presenting molecule/pathogen-derived antigen complexes and uses thereof
1089,grid.420918.6,Imperial Innovations (United Kingdom),United Kingdom,,WO-2015033147-A1,2014,METHOD AND APPARATUS
1090,grid.20861.3d,California Institute of Technology,United States,CIT,US-9957303-B2,2017,Selective recovery
1091,grid.473847.b,Lonza (Germany),Germany,,EP-2777703-A1,2013,Compositions and methods for enhancing the therapeutic potential of stem cells
1092,grid.419905.0,Nestlé (Switzerland),Switzerland,,US-9546401-B2,2013,Assays and methods for selecting a treatment regimen for a subject with depression
1093,grid.32224.35,Massachusetts General Hospital,United States,MGH,US-9546401-B2,2013,Assays and methods for selecting a treatment regimen for a subject with depression
1094,grid.20515.33,University of Tsukuba,Japan,,EP-3015865-A4,2013,BIOMARKERS FOR COGNITIVE DYSFUNCTION DISEASES AND METHOD FOR DETECTING COGNITIVE DYSFUNCTION DISEASE USING BIOMARKERS
1095,grid.5335.0,University of Cambridge,United Kingdom,,WO-2014184534-A1,2014,MARKER FOR RESPONSE TO ANTIDEPRESSANT THERAPY
1096,grid.418722.a,Celgene (United States),United States,Celgene,EP-2504703-A4,2010,IMMUNOMODULATORY COMPOUNDS FOR THE RESTORATION OF VITAMIN D SENSITIVITY IN VITAMIN D RESISTANT TUMOR CELLS
1097,grid.20861.3d,California Institute of Technology,United States,CIT,WO-2015041755-A1,2014,METHODS FOR PHENOTYPING OF INTACT WHOLE TISSUES
1098,grid.440820.a,University of Vic,Spain,UVic-UCC,WO-2018060452-A1,2017,THERAPEUTIC APPROACHES TO CANCER
1099,grid.5403.2,STMicroelectronics (Italy),Italy,ST,US-9913030-B2,2016,Beamforming method based on arrays of microphones and corresponding apparatus
1100,grid.4643.5,Polytechnic University of Milan,Italy,,US-9913030-B2,2016,Beamforming method based on arrays of microphones and corresponding apparatus
1101,grid.423839.7,Air Liquide (France),France,,EP-2851077-A1,2010,Use of nitrogen protoxide for the treatment of chronic dysfunctional pain
1102,grid.420918.6,Imperial Innovations (United Kingdom),United Kingdom,,US-9934569-B2,2014,Image processing method and apparatus for tracking a site in a series of images
1103,grid.20861.3d,California Institute of Technology,United States,CIT,US-9585971-B2,2014,Recombinant AAV capsid protein
1104,grid.418722.a,Celgene (United States),United States,Celgene,EP-2504703-A1,2010,IMMUNOMODULATORY COMPOUNDS FOR THE RESTORATION OF VITAMIN D SENSITIVITY IN VITAMIN D RESISTANT TUMOR CELLS
1105,grid.15781.3a,Paul Sabatier University,France,UPS,WO-2013153139-A1,2013,METHODS FOR THE TREATMENT AND DIAGNOSIS OF ACUTE LEUKEMIA
1106,grid.7429.8,French Institute of Health and Medical Research,France,INSERM,WO-2013153139-A1,2013,METHODS FOR THE TREATMENT AND DIAGNOSIS OF ACUTE LEUKEMIA
1107,grid.251993.5,Albert Einstein College of Medicine,United States,AECOM,EP-3223849-A4,2015,BTNL9 AND ERMAP AS NOVEL INHIBITORS OF THE IMMUNE SYSTEM FOR IMMUNOTHERAPIES
1108,grid.152326.1,Vanderbilt University,United States,,US-20150216863-A1,2015,SUBSTITUTED BICYCLIC ALKOXY PYRAZOLE ANALOGS AS ALLOSTERIC MODULATORS OF MGLUR5 RECEPTORS
1109,grid.419481.1,Novartis (Switzerland),Switzerland,,WO-2018069843-A1,2017,AN OXAZINE DERIVATIVE FOR USE IN THE TREATMENT OR PREVENTION OF CEREBRAL AMYLOID ANGIOPATHY
1110,grid.471327.4,Yamaha (Japan),Japan,,US-9171532-B2,2014,"Sound signal analysis apparatus, sound signal analysis method and sound signal analysis program"
1111,grid.6533.3,Nokia (Finland),Finland,,US-9418643-B2,2012,Audio signal analysis
1112,grid.471327.4,Yamaha (Japan),Japan,,US-9087501-B2,2014,"Sound signal analysis apparatus, sound signal analysis method and sound signal analysis program"
1113,grid.98913.3a,SRI International,United States,SRI,US-20160257986-A1,2016,Bacterial Diagnosis
1114,grid.5406.7,Siemens (Germany),Germany,,WO-2015153832-A1,2015,SYSTEM AND METHOD FOR CHARACTERIZATION OF ELECTRICAL PROPERTIES OF THE HEART FROM MEDICAL IMAGES AND BODY SURFACE POTENTIALS
1115,grid.419233.e,Siemens (United States),United States,,WO-2015153832-A1,2015,SYSTEM AND METHOD FOR CHARACTERIZATION OF ELECTRICAL PROPERTIES OF THE HEART FROM MEDICAL IMAGES AND BODY SURFACE POTENTIALS
1116,grid.419233.e,Siemens (United States),United States,,WO-2014113746-A1,2014,METHOD AND SYSTEM FOR INTERACTIVE COMPUTATION OF CARDIAC ELECTROMECHANICS
1117,grid.417284.c,Philips (Netherlands),Netherlands,,WO-2017089509-A1,2016,SYSTEM FOR TRACKING AN ULTRASONIC PROBE IN A BODY PART
1118,grid.418621.8,Philips (Germany),Germany,,WO-2013128415-A1,2013,APPARATUS AND METHOD FOR VISUALIZING A CONDUCTION TRACT OF HEART
1119,grid.417284.c,Philips (Netherlands),Netherlands,,WO-2013128415-A1,2013,APPARATUS AND METHOD FOR VISUALIZING A CONDUCTION TRACT OF HEART
1120,grid.189504.1,Boston University,United States,BU,US-9626566-B2,2015,Methods and apparatus for autonomous robotic control
1121,grid.5330.5,University of Erlangen-Nuremberg,Germany,FAU,DE-102014216751-A1,2014,A method for determining a the manner of a reconstruction of image data of a magnetic resonance measurement of an object to be examined by means of a magnetic resonance apparatus
1122,grid.5406.7,Siemens (Germany),Germany,,DE-102014216751-A1,2014,A method for determining a the manner of a reconstruction of image data of a magnetic resonance measurement of an object to be examined by means of a magnetic resonance apparatus
1123,grid.417284.c,Philips (Netherlands),Netherlands,,US-20150294454-A1,2013,ENHANCING ULTRASOUND IMAGES
1124,grid.418250.a,Institute of Myology,France,,WO-2016184911-A1,2016,METHODS AND PHARMACEUTICAL COMPOSITIONS FOR THE TREATMENT OF THE NEUROPATHOLOGY OF PATIENTS SUFFERING FROM MYOTONIC DYSTROPHY TYPE 1 (DM1)
1125,grid.10992.33,Paris Descartes University,France,,WO-2016184911-A1,2016,METHODS AND PHARMACEUTICAL COMPOSITIONS FOR THE TREATMENT OF THE NEUROPATHOLOGY OF PATIENTS SUFFERING FROM MYOTONIC DYSTROPHY TYPE 1 (DM1)
1126,grid.50550.35,Assistance Publique -Hopitaux De Paris,France,AP-HP,WO-2016184911-A1,2016,METHODS AND PHARMACEUTICAL COMPOSITIONS FOR THE TREATMENT OF THE NEUROPATHOLOGY OF PATIENTS SUFFERING FROM MYOTONIC DYSTROPHY TYPE 1 (DM1)
1127,grid.4989.c,Université Libre de Bruxelles,Belgium,ULB,WO-2016184911-A1,2016,METHODS AND PHARMACEUTICAL COMPOSITIONS FOR THE TREATMENT OF THE NEUROPATHOLOGY OF PATIENTS SUFFERING FROM MYOTONIC DYSTROPHY TYPE 1 (DM1)
1128,grid.7429.8,French Institute of Health and Medical Research,France,INSERM,WO-2016184911-A1,2016,METHODS AND PHARMACEUTICAL COMPOSITIONS FOR THE TREATMENT OF THE NEUROPATHOLOGY OF PATIENTS SUFFERING FROM MYOTONIC DYSTROPHY TYPE 1 (DM1)
1129,grid.5406.7,Siemens (Germany),Germany,,DE-102012215001-A1,2012,A method for 2 - 3d - registration of a model with an x-ray image
1130,grid.480040.8,BSH Hausgeräte (Germany),Germany,,WO-2018086863-A1,2017,HOUSEHOLD APPLIANCE HAVING A SELF-CLEANING CATALYTICALLY ACTIVE SURFACE AND A METHOD FOR OPERATING THE SAME
1131,grid.471327.4,Yamaha (Japan),Japan,,EP-2779155-A1,2014,"Sound signal analysis apparatus, sound signal analysis method and sound signal analysis program"
1132,grid.6533.3,Nokia (Finland),Finland,,US-9653056-B2,2012,"Evaluation of beats, chords and downbeats from a musical audio signal"
1133,grid.137628.9,New York University,United States,NYU,US-9714450-B2,2013,Methods for diagnosing and treating schizophrenia
1134,grid.418251.b,Fujitsu (Japan),Japan,,EP-3125141-A1,2016,SYSTEM AND METHOD FOR BIOMEDICAL SIMULATION
1135,grid.417284.c,Philips (Netherlands),Netherlands,,WO-2015074869-A1,2014,MEDICAL VIEWING SYSTEM WITH A VIEWING ANGLE OPTIMIZATION FUNCTION
1136,grid.417284.c,Philips (Netherlands),Netherlands,,US-9684972-B2,2013,Imaging apparatus for imaging an object
1137,grid.419233.e,Siemens (United States),United States,,WO-2015031576-A1,2014,SYSTEMS AND METHODS FOR ESTIMATING PHYSIOLOGICAL HEART MEASUREMENTS FROM MEDICAL IMAGES AND CLINICAL DATA
1138,grid.5406.7,Siemens (Germany),Germany,,WO-2015031576-A1,2014,SYSTEMS AND METHODS FOR ESTIMATING PHYSIOLOGICAL HEART MEASUREMENTS FROM MEDICAL IMAGES AND CLINICAL DATA
1139,grid.418158.1,Roche (United States),United States,Roche,WO-2013116287-A1,2013,ANTI-IG-E M1' ANTIBODIES AND METHODS USING SAME
1140,grid.417570.0,Roche (Switzerland),Switzerland,,WO-2013116287-A1,2013,ANTI-IG-E M1' ANTIBODIES AND METHODS USING SAME
1141,grid.7700.0,Heidelberg University,Germany,,US-20150140067-A1,2013,THERAPEUTIC MICRO RNA TARGETS IN CHRONIC PULMONARY DISEASES
1142,grid.465226.1,Health Research,United States,HRI,WO-2016164889-A1,2016,USE OF ATPENIN TO ACTIVATE INNATE IMMUNITY
1143,grid.168010.e,Stanford University,United States,SU,US-9290811-B2,2015,Measurement and comparison of immune diversity by high-throughput sequencing
1144,grid.7429.8,French Institute of Health and Medical Research,France,INSERM,WO-2014198717-A1,2014,METHOD FOR OBTAINING A POPULATION OF INTERLEUKIN 10-SECRETING B CELLS
1145,grid.168010.e,Stanford University,United States,SU,WO-2014121272-A3,2014,MEASUREMENT AND COMPARISON OF IMMUNE DIVERSITY BY HIGH-THROUGHPUT SEQUENCING
1146,grid.282569.2,Ionis Pharmaceuticals (United States),United States,,EP-2906258-A4,2013,COMPOSITIONS FOR MODULATING C9ORF72 EXPRESSION
1147,grid.21729.3f,Columbia University,United States,CU,US-9050276-B2,2011,Autism-associated biomarkers and uses thereof
1148,grid.418158.1,Roche (United States),United States,Roche,US-20130302786-A1,2013,Positive Control Concept
1149,grid.168010.e,Stanford University,United States,SU,US-9909180-B2,2014,Measurement and comparison of immune diversity by high-throughput sequencing
1150,grid.30389.31,University of California System,United States,,US-9963699-B2,2013,Methods for modulating C9ORF72 expression
1151,grid.1052.6,Ludwig Cancer Research,United States,LICR,US-9963699-B2,2013,Methods for modulating C9ORF72 expression
1152,grid.282569.2,Ionis Pharmaceuticals (United States),United States,,US-9963699-B2,2013,Methods for modulating C9ORF72 expression
1153,grid.482351.9,Ludwig Institute for Cancer Research,Switzerland,,US-9963699-B2,2013,Methods for modulating C9ORF72 expression
1154,grid.282569.2,Ionis Pharmaceuticals (United States),United States,,US-9605263-B2,2016,Compositions for modulating C9ORF72 expression
1155,grid.424247.3,German Center for Neurodegenerative Diseases,Germany,DZNE,WO-2014114660-A1,2014,DIPEPTIDE-REPEAT PROTEINS AS THERAPEUTIC TARGET IN NEURODEGENERATIVE DISEASES WITH HEXANUCLEOTIDE REPEAT EXPANSION
1156,grid.32224.35,Massachusetts General Hospital,United States,MGH,US-9486447-B2,2012,Compositions and methods for controlling neuronal excitation
1157,grid.418195.0,Babraham Institute,United Kingdom,,WO-2017208001-A1,2017,BIOMARKERS FOR PLATELET DISORDERS
1158,grid.168010.e,Stanford University,United States,SU,US-9234240-B2,2011,Measurement and comparison of immune diversity by high-throughput sequencing
1159,grid.465226.1,Health Research,United States,HRI,WO-2016164886-A1,2016,APOBEC3A CYTIDINE DEAMINASE INDUCED RNA EDITING
1160,grid.424247.3,German Center for Neurodegenerative Diseases,Germany,DZNE,WO-2014114303-A1,2013,DIPEPTIDE-REPEAT PROTEINS AS THERAPEUTIC TARGET IN NEURODEGENERATIVE DISEASES WITH HEXANUCLEOTIDE REPEAT EXPANSION
1161,grid.419905.0,Nestlé (Switzerland),Switzerland,,US-9540691-B2,2013,Assays and methods for selecting a treatment regimen for a subject with depression
1162,grid.32224.35,Massachusetts General Hospital,United States,MGH,US-9540691-B2,2013,Assays and methods for selecting a treatment regimen for a subject with depression
1163,grid.8241.f,University of Dundee,United Kingdom,,WO-2012046006-A3,2011,CUTANEOUS SQUAMOUS CELL CARCINOMA TARGET SEQUENCES
1164,grid.27235.31,United States Department of Health and Human Services,United States,DHHS,US-9475862-B2,2012,Neutralizing GP41 antibodies and their use
1165,grid.27235.31,United States Department of Health and Human Services,United States,DHHS,US-10047148-B2,2017,Neutralizing GP41 antibodies and their use
1166,grid.418398.f,Hans Knöll Institute,Germany,HKI,US-9969796-B2,2014,Peptides and binding partners therefor
1167,grid.13097.3c,King's College London,United Kingdom,KCL,US-9969796-B2,2014,Peptides and binding partners therefor
1168,grid.419905.0,Nestlé (Switzerland),Switzerland,,US-9546401-B2,2013,Assays and methods for selecting a treatment regimen for a subject with depression
1169,grid.32224.35,Massachusetts General Hospital,United States,MGH,US-9546401-B2,2013,Assays and methods for selecting a treatment regimen for a subject with depression
1170,grid.27235.31,United States Department of Health and Human Services,United States,DHHS,US-10047147-B2,2014,Neutralizing GP41 antibodies and their use
1171,grid.21613.37,University of Manitoba,Canada,,US-8866087-B2,2012,Systems and methods for improving the quality of images in a PET scan
1172,grid.17788.31,Hadassah Medical Center,Israel,,US-9474763-B2,2014,Compositions and methods for amelioration and prevention of drug-induced toxicity
1173,grid.21613.37,University of Manitoba,Canada,,US-9435901-B2,2014,Systems and methods for improving the quality of images in a PET scan
1174,grid.471055.2,Los Alamos National Security (United States),United States,LANS,US-10004800-B2,2013,Antibody evolution immunogens
1175,grid.94365.3d,National Institutes of Health,United States,NIH,US-10004800-B2,2013,Antibody evolution immunogens
1176,grid.189504.1,Boston University,United States,BU,US-10004800-B2,2013,Antibody evolution immunogens
1177,grid.27235.31,United States Department of Health and Human Services,United States,DHHS,US-10004800-B2,2013,Antibody evolution immunogens
1178,grid.26009.3d,Duke University,United States,,US-10004800-B2,2013,Antibody evolution immunogens
1179,grid.25879.31,University of Pennsylvania,United States,,US-10004800-B2,2013,Antibody evolution immunogens
1180,grid.29857.31,Pennsylvania State University,United States,PSU,US-10004800-B2,2013,Antibody evolution immunogens
1181,grid.168010.e,Stanford University,United States,SU,US-10004800-B2,2013,Antibody evolution immunogens
1182,grid.42327.30,Hospital for Sick Children,Canada,,EP-3137110-A4,2015,ERBB2 SIGNALING AND NERVE REGENERATION
1183,grid.420176.6,United States Army,United States,USA,US-10040826-B2,2012,Human immunodeficiency virus type 1 (HIV-1) N-terminal deleted GP120 immunogens
1184,grid.414196.f,Children's Medical Center,United States,,US-10040826-B2,2012,Human immunodeficiency virus type 1 (HIV-1) N-terminal deleted GP120 immunogens
1185,grid.414197.e,Dayton Children's Hospital,United States,,US-10040826-B2,2012,Human immunodeficiency virus type 1 (HIV-1) N-terminal deleted GP120 immunogens
1186,grid.2515.3,Boston Children's Hospital,United States,,US-10040826-B2,2012,Human immunodeficiency virus type 1 (HIV-1) N-terminal deleted GP120 immunogens
1187,grid.26009.3d,Duke University,United States,,US-10040826-B2,2012,Human immunodeficiency virus type 1 (HIV-1) N-terminal deleted GP120 immunogens
1188,grid.420210.5,United States Army Medical Research and Materiel Command,United States,USAMRMC,US-10040826-B2,2012,Human immunodeficiency virus type 1 (HIV-1) N-terminal deleted GP120 immunogens
1189,grid.427904.c,United States Department of the Army,United States,DA,US-10040826-B2,2012,Human immunodeficiency virus type 1 (HIV-1) N-terminal deleted GP120 immunogens
1190,grid.26009.3d,Duke University,United States,,WO-2015048512-A1,2014,HIV-1 MOTHER-TO-CHILD TRANSMISSION CORRELATES OF PROTECTION AND VACCINE
1191,grid.7870.8,Pontifical Catholic University of Chile,Chile,PUC,WO-2012135970-A1,2012,"INHIBITORS OF PHOSPHATIDIC ACID PHOSPHOHYDROLASE (PAP), INCLUDING D-PROPRANOLOL AND ANALOGS THEREOF, ALONE OR IN COMBINATION WITH DESIPRAMINE, FOR THE TREATMENT OF CANCERS THAT DEPEND ON THE EPIDERMAL GROWTH FACTOR RECEPTOR (EGFR), ONCOGENIC VARIANTS THEREOF AND OTHER MEMBERS OF THE ERBB/HER FAMILY"
1192,grid.417284.c,Philips (Netherlands),Netherlands,,WO-2013175352-A1,2013,FAST SCATTER ESTIMATION IN PET RECONSTRUCTION.
1193,grid.417284.c,Philips (Netherlands),Netherlands,,US-9659389-B2,2013,Fast scatter estimation in pet reconstruction
1194,grid.27235.31,United States Department of Health and Human Services,United States,DHHS,US-9783595-B2,2016,Neutralizing GP41 antibodies and their use
1195,grid.8515.9,University Hospital of Lausanne,Switzerland,CHUV,WO-2017093985-A1,2016,HIV BINDING AGENTS
1196,grid.29078.34,University of Italian Switzerland,Switzerland,USI,WO-2017093985-A1,2016,HIV BINDING AGENTS
1197,grid.418251.b,Fujitsu (Japan),Japan,,US-8479171-B2,2010,Generating test sets using intelligent variable selection and test set compaction
1198,grid.28287.37,Ericsson (Sweden),Sweden,,WO-2014057329-A3,2013,BEAMFORMING FOR INCREASING CELL EDGE CAPACITY IN A HETEROGENEOUS NETWORK
1199,grid.418158.1,Roche (United States),United States,Roche,WO-2013174794-A1,2013,COMPOSITIONS AND METHODS OF OBTAINING AND USING ENDODERM AND HEPATOCYTE CELLS
1200,grid.417570.0,Roche (Switzerland),Switzerland,,WO-2013174794-A1,2013,COMPOSITIONS AND METHODS OF OBTAINING AND USING ENDODERM AND HEPATOCYTE CELLS
1201,grid.13097.3c,King's College London,United Kingdom,KCL,WO-2017144897-A1,2017,BIOMARKERS FOR RESPONSE TO BIP (RASOLVIR™)
1202,grid.13097.3c,King's College London,United Kingdom,KCL,WO-2013050725-A1,2011,IGE ANTI -HMW-MAA ANTIBODY
1203,grid.13097.3c,King's College London,United Kingdom,KCL,WO-2015087087-A1,2014,BIOMARKERS AND METHODS RELATING TO ALZHEIMER'S DISEASE
1204,grid.419946.7,Genethon (France),France,,US-9926574-B2,2008,Widespread gene delivery to motor neurons using peripheral injection of AAV vectors
1205,grid.4444.0,French National Centre for Scientific Research,France,CNRS,US-9926574-B2,2008,Widespread gene delivery to motor neurons using peripheral injection of AAV vectors
1206,grid.488228.c,Addex Therapeutics (Switzerland),Switzerland,,US-8906939-B2,2008,3-cyano-4-(4-tetrahydropyran-phenyl)-pyridin-2-one derivatives
1207,grid.419619.2,Janssen (Belgium),Belgium,,US-8906939-B2,2008,3-cyano-4-(4-tetrahydropyran-phenyl)-pyridin-2-one derivatives
1208,grid.488228.c,Addex Therapeutics (Switzerland),Switzerland,,US-8722894-B2,2008,"1,3-disubstituted-4-phenyl-1H-pyridin-2-ones"
1209,grid.419619.2,Janssen (Belgium),Belgium,,US-9708315-B2,2014,"1,2,4-triazolo[4,3-a]pyridine compounds and their use as positive allosteric modulators of MGLUR2 receptors"
1210,grid.20861.3d,California Institute of Technology,United States,CIT,US-9499903-B2,2015,Carbon nanotube foams with controllable mechanical properties
1211,grid.488228.c,Addex Therapeutics (Switzerland),Switzerland,,US-8937060-B2,2010,"1,2,4-triazolo [4,3-A] pyridine derivatives and their use for the treatment of prevention of neurological and psychiatric disorders"
1212,grid.437955.9,Stemina Biomarker Discovery (United States),United States,,US-10060932-B2,2014,Biomarkers of autism spectrum disorder
1213,grid.488228.c,Addex Therapeutics (Switzerland),Switzerland,,US-9132122-B2,2013,"1′,3′-disubstituted-4-phenyl-3,4,5,6-tetrahydro-2H,1′H-[1,4′]bipyridinyl-2′-ones"
1214,grid.488228.c,Addex Therapeutics (Switzerland),Switzerland,,US-8691813-B2,2009,Indole and benzoxazine derivatives as modulators of metabotropic glutamate receptors
1215,grid.21729.3f,Columbia University,United States,CU,EP-3072555-A1,2012,MK2/3 INHIBITORS TO TREAT METABOLIC DISTURBANCES OF OBESITY
1216,grid.488228.c,Addex Therapeutics (Switzerland),Switzerland,,US-8748621-B2,2012,"1,3-disubstituted 4-(aryl-X-phenyl)-1H-pyridin-2-ones"
1217,grid.28287.37,Ericsson (Sweden),Sweden,,US-8792896-B2,2012,Beamforming for increasing cell edge capacity in a heterogeneous network
1218,grid.488228.c,Addex Therapeutics (Switzerland),Switzerland,,US-8946205-B2,2010,"1,2,4-triazolo[4,3-a]pyridine derivatives and their use as positive allosteric modulators of mGluR2 receptors"
1219,grid.168010.e,Stanford University,United States,SU,US-9587032-B2,2013,IgE antibodies for the inhibition of tumor metastasis
1220,grid.5406.7,Siemens (Germany),Germany,,US-20150242589-A1,2015,Method and System for Image-Based Estimation of Multi-Physics Parameters and Their Uncertainty for Patient-Specific Simulation of Organ Function
1221,grid.488228.c,Addex Therapeutics (Switzerland),Switzerland,,US-9085577-B2,2014,"7-aryl-1,2,4-triazolo[4,3-A]pyridine derivatives and their use as positive allosteric modulators of mGluR2 receptors"
1222,grid.488228.c,Addex Therapeutics (Switzerland),Switzerland,,US-9114138-B2,2008,"1′,3′-disubstituted-4-phenyl-3,4,5,6-tetrahydro-2H,1′H-[1,4′] bipyridinyl-2′-ones"
1223,grid.488228.c,Addex Therapeutics (Switzerland),Switzerland,,US-9266834-B2,2014,"1, 4-disubstituted 3-cyano-pyridone derivatives and their use as positive allosteric modulators of MGLUR2-receptors"
1224,grid.5406.7,Siemens (Germany),Germany,,DE-102012206547-A1,2012,"Acquisition of a measuring data set of a breathing examination subject, by means of a magnet resonance art"
1225,grid.417882.0,Allergan (United States),United States,,WO-2017087677-A1,2016,BOTULINUM TOXIN ADMINISTRATION FOR TREATMENT OF NEUROGENIC DETRUSOR OVERACTIVITY ASSOCIATED URINARY INCONTINENCE
1226,grid.488228.c,Addex Therapeutics (Switzerland),Switzerland,,US-8716480-B2,2010,"7-aryl-1,2,4-triazolo[4,3-a]pyridine derivatives and their use as positive allosteric modulators of mGluR2 receptors"
1227,grid.20861.3d,California Institute of Technology,United States,CIT,US-9616635-B2,2013,Multilayer foam structures of nominally-aligned carbon nanotubes (CNTS)
1228,grid.488228.c,Addex Therapeutics (Switzerland),Switzerland,,US-9226930-B2,2014,"1,2,4-triazolo [4,3-a] pyridine derivatives and their use for the treatment of prevention of neurological and psychiatric disorders"
1229,grid.488228.c,Addex Therapeutics (Switzerland),Switzerland,,US-8785486-B2,2008,"Imidazo[1,2-A]pyridine derivatives and their use as positive allosteric modulators of mGluR2 receptors"
1230,grid.419619.2,Janssen (Belgium),Belgium,,US-8785486-B2,2008,"Imidazo[1,2-A]pyridine derivatives and their use as positive allosteric modulators of mGluR2 receptors"
1231,grid.89957.3a,Nanjing Medical University,China,NMU,US-9481636-B2,2012,N-benzylaniline derivative and uses thereof
1232,grid.5406.7,Siemens (Germany),Germany,,DE-102012221930-A1,2012,Method and pet-conditioning for localization of an object
1233,grid.488228.c,Addex Therapeutics (Switzerland),Switzerland,,US-10071095-B2,2017,"1,2,4-triazolo [4,3-A] pyridine derivatives and their use for the treatment of neurological and psychiatric disorders"
1234,grid.488228.c,Addex Therapeutics (Switzerland),Switzerland,,US-8691849-B2,2009,3-azabicyclo[3.1.0]hexyl derivatives as modulators of metabotropic glutamate receptors
1235,grid.8241.f,University of Dundee,United Kingdom,,WO-2017178838-A1,2017,BINDING MODULATION
1236,grid.21729.3f,Columbia University,United States,CU,US-9771430-B2,2014,Method of treating a metabolic disorder induced by obesity in a subject in need thereof by administering MK2/3 inhibitors
1237,grid.20861.3d,California Institute of Technology,United States,CIT,US-9505615-B2,2013,Method for controlling microstructural arrangement of nominally-aligned arrays of carbon nanotubes
1238,grid.20861.3d,California Institute of Technology,United States,CIT,US-9045343-B2,2012,Carbon nanotube foams with controllable mechanical properties
1239,grid.419946.7,Genethon (France),France,,EP-2185712-B1,2008,CNS GENE DELIVERY USING PERIPHERAL ADMINISTRATION OF AAV VECTORS
1240,grid.4444.0,French National Centre for Scientific Research,France,CNRS,EP-2185712-B1,2008,CNS GENE DELIVERY USING PERIPHERAL ADMINISTRATION OF AAV VECTORS
1241,grid.5406.7,Siemens (Germany),Germany,,DE-102012206550-A1,2012,"A process for the acquisition of a measuring data set of a breathing examination subject, by means of a magnet resonance art, magnetic resonance system, computer program, as well as an electronically readable data carrier"
1242,grid.488228.c,Addex Therapeutics (Switzerland),Switzerland,,US-9737533-B2,2015,"1,2,4-triazolo [4,3-A] pyridine derivatives and their use for the treatment of prevention of neurological and psychiatric disorders"
1243,grid.21072.36,Yerevan State University,Armenia,YSU,US-8841323-B2,2007,"1, 4-disubstituted 3-cyano-pyridone derivatives and their use as positive allosteric modulators of MGLUR2-receptors"
1244,grid.488228.c,Addex Therapeutics (Switzerland),Switzerland,,US-8841323-B2,2007,"1, 4-disubstituted 3-cyano-pyridone derivatives and their use as positive allosteric modulators of MGLUR2-receptors"
1245,grid.4305.2,University of Edinburgh,United Kingdom,,US-9989658-B2,2017,"Method of, and apparatus for, processing positron emission tomography data"
1246,grid.504690.e,Io Therapeutics (United States),United States,,US-10004709-B2,2018,Receptor subtype and function selective retinoid and rexinoid compounds in combination with immune modulators for cancer immunotherapy
1247,grid.410783.9,Kansai Medical University,Japan,KMU,WO-2015012175-A1,2014,DIAGNOSTIC DRUG AND THERAPEUTIC DRUG FOR SMALL CELL LUNG CANCER
1248,grid.429438.0,Metabolon (United States),United States,,EP-3215633-A4,2015,"SYSTEM, METHOD AND APPARATUS FOR DETERMINING THE EFFECT OF GENETIC VARIANTS"
1249,grid.59025.3b,Nanyang Technological University,Singapore,NTU,US-9974886-B2,2013,"Methods of manufacturing hydrogel microparticles having living cells, and compositions for manufacturing a scaffold for tissue engineering"
1250,grid.420061.1,Boehringer Ingelheim (Germany),Germany,,WO-2013026797-A1,2012,NOVEL PIPERIDINO-DIHYDROTHIENOPYRIMIDINE SULFOXIDES AND THEIR USE FOR TREATING COPD AND ASTHMA
1251,grid.419474.b,Lockheed Martin (United States),United States,,US-8281141-B2,2010,Method and apparatus for monitoring and analyzing degree of trust and information assurance attributes information in a data providence architecture workflow
1252,grid.185006.a,La Jolla Institute For Allergy & Immunology,United States,LIAI,WO-2011127288-A2,2011,"METHODS AND USES OF NUR77 AND NUR77 AGONISTS TO MODULATE MACROPHAGES AND MONOCYTES, AND TREAT INFLAMMATION, INFLAMMATORY DISEASE AND CARDIOVASCULAR DISEASE"
1253,grid.504690.e,Io Therapeutics (United States),United States,,US-9907768-B2,2017,Receptor subtype and function selective retinoid and rexinoid compounds in combination with immune modulators for cancer immunotherapy
1254,grid.419474.b,Lockheed Martin (United States),United States,,US-20100251374-A1,2010,METHOD AND APPARATUS FOR MONITORING AND ANALYZING DEGREE OF TRUST AND INFORMATION ASSURANCE ATTRIBUTES INFORMATION IN A DATA PROVIDENCE ARCHITECTURE WORKFLOW
1255,grid.411016.3,Auburn University System,United States,,US-9587221-B2,2014,Encapsulation and cardiac differentiation of hiPSCs in 3D PEG-fibrinogen hydrogels
1256,grid.7429.8,French Institute of Health and Medical Research,France,INSERM,WO-2015150491-A1,2015,AN ISOLATED DONOR MHC-DERIVED PEPTIDE AND USES THEREOF
1257,grid.4817.a,University of Nantes,France,,WO-2015150491-A1,2015,AN ISOLATED DONOR MHC-DERIVED PEPTIDE AND USES THEREOF
1258,grid.504690.e,Io Therapeutics (United States),United States,,US-10004708-B2,2018,Receptor subtype and function selective retinoid and rexinoid compounds in combination with immune modulators for cancer immunotherapy
1259,grid.463419.d,Agricultural Research Service,United States,ARS,US-9066965-B1,2013,Purified limonin glucoside for prevention and treatment of chronic diseases
1260,grid.429438.0,Metabolon (United States),United States,,EP-2726636-A4,2012,IDENTITY ELUCIDATION OF UNKNOWN METABOLITES
1261,grid.4567.0,Helmholtz Zentrum München,Germany,,EP-2726636-A4,2012,IDENTITY ELUCIDATION OF UNKNOWN METABOLITES
1262,grid.4567.0,Helmholtz Zentrum München,Germany,,EP-2726636-A2,2012,IDENTITY ELUCIDATION OF UNKNOWN METABOLITES
1263,grid.429438.0,Metabolon (United States),United States,,EP-2726636-A2,2012,IDENTITY ELUCIDATION OF UNKNOWN METABOLITES
1264,grid.429438.0,Metabolon (United States),United States,,WO-2015157407-A1,2015,SMALL MOLECULE BIOCHEMICAL PROFILING OF INDIVIDUAL SUBJECTS FOR DISEASE DIAGNOSIS AND HEALTH ASSESSMENT
1265,grid.59025.3b,Nanyang Technological University,Singapore,NTU,WO-2014025312-A1,2013,"METHODS OF MANUFACTURING HYDROGEL MICROPARTICLES HAVING LIVING CELLS, AND COMPOSITIONS FOR MANUFACTURING A SCAFFOLD FOR TISSUE ENGINEERING"
1266,grid.481938.f,Laboratoires Expanscience,France,,US-9952201-B2,2014,Method for evaluating the harmful effects of UV on children's skin
1267,grid.1013.3,University of Sydney,Australia,USYD,WO-2013086583-A1,2012,ASSAY AND METHOD FOR IDENTIFYING COMPOUNDS THAT INHIBIT EXCITOTOXIC SIGNALS
1268,grid.168010.e,Stanford University,United States,SU,US-10034645-B1,2017,Systems and methods for detecting complex networks in MRI image data
1269,grid.59409.31,Miltenyi Biotec (Germany),Germany,,EP-3211420-A1,2017,ASSAY FOR DETECTION OF CHIMERIC ANTIGEN RECEPTOR T CELLS
1270,grid.39382.33,Baylor College of Medicine,United States,BCM,EP-2694640-A1,2012,REVERSING THE EFFECTS OF THE TUMOR MICROENVIRONMENT USING CHIMERIC CYTOKINE RECEPTORS
1271,grid.7429.8,French Institute of Health and Medical Research,France,INSERM,WO-2014140243-A1,2014,METHOD AND PHARMACEUTICAL COMPOSITION FOR USE IN THE TREATMENT AND PREDICTION OF MYOCARDIAL INFARCTION
1272,grid.50550.35,Assistance Publique -Hopitaux De Paris,France,AP-HP,WO-2014140243-A1,2014,METHOD AND PHARMACEUTICAL COMPOSITION FOR USE IN THE TREATMENT AND PREDICTION OF MYOCARDIAL INFARCTION
1273,grid.10992.33,Paris Descartes University,France,,WO-2014140243-A1,2014,METHOD AND PHARMACEUTICAL COMPOSITION FOR USE IN THE TREATMENT AND PREDICTION OF MYOCARDIAL INFARCTION
1274,grid.462844.8,Sorbonne University,France,,WO-2014140243-A1,2014,METHOD AND PHARMACEUTICAL COMPOSITION FOR USE IN THE TREATMENT AND PREDICTION OF MYOCARDIAL INFARCTION
1275,grid.488228.c,Addex Therapeutics (Switzerland),Switzerland,,US-8906939-B2,2008,3-cyano-4-(4-tetrahydropyran-phenyl)-pyridin-2-one derivatives
1276,grid.419619.2,Janssen (Belgium),Belgium,,US-8906939-B2,2008,3-cyano-4-(4-tetrahydropyran-phenyl)-pyridin-2-one derivatives
1277,grid.488228.c,Addex Therapeutics (Switzerland),Switzerland,,US-8722894-B2,2008,"1,3-disubstituted-4-phenyl-1H-pyridin-2-ones"
1278,grid.419619.2,Janssen (Belgium),Belgium,,US-9708315-B2,2014,"1,2,4-triazolo[4,3-a]pyridine compounds and their use as positive allosteric modulators of MGLUR2 receptors"
1279,grid.488228.c,Addex Therapeutics (Switzerland),Switzerland,,US-8937060-B2,2010,"1,2,4-triazolo [4,3-A] pyridine derivatives and their use for the treatment of prevention of neurological and psychiatric disorders"
1280,grid.411347.4,Hospital Universitario Ramón y Cajal,Spain,,EP-2792752-A4,2012,METHOD FOR THE DIAGNOSIS AND/OR PROGNOSIS OF ACUTE RENAL DAMAGE
1281,grid.481938.f,Laboratoires Expanscience,France,,FR-3011008-A1,2013,Evaluation of the effects of uv deleterious on the skin of children
1282,grid.488228.c,Addex Therapeutics (Switzerland),Switzerland,,US-9132122-B2,2013,"1′,3′-disubstituted-4-phenyl-3,4,5,6-tetrahydro-2H,1′H-[1,4′]bipyridinyl-2′-ones"
1283,grid.488228.c,Addex Therapeutics (Switzerland),Switzerland,,US-8691813-B2,2009,Indole and benzoxazine derivatives as modulators of metabotropic glutamate receptors
1284,grid.488377.7,Regulus Therapeutics (United States),United States,,US-9970007-B2,2016,Targeting microRNAs for the treatment of fibrosis
1285,grid.488377.7,Regulus Therapeutics (United States),United States,,US-8815826-B2,2011,Targeting microRNAs for the treatment of fibrosis
1286,grid.465098.6,Wockhardt (India),India,,WO-2015063669-A1,2014,PHARMACEUTICAL COMPOSITIONS COMPRISING COMBINATION OF ROFLUMILAST AND ACEBROPHYLLINE OR PHARMACEUTICALLY ACCEPTABLE SALTS THEREOF
1287,grid.488228.c,Addex Therapeutics (Switzerland),Switzerland,,US-8748621-B2,2012,"1,3-disubstituted 4-(aryl-X-phenyl)-1H-pyridin-2-ones"
1288,grid.488228.c,Addex Therapeutics (Switzerland),Switzerland,,US-8946205-B2,2010,"1,2,4-triazolo[4,3-a]pyridine derivatives and their use as positive allosteric modulators of mGluR2 receptors"
1289,grid.488228.c,Addex Therapeutics (Switzerland),Switzerland,,US-9085577-B2,2014,"7-aryl-1,2,4-triazolo[4,3-A]pyridine derivatives and their use as positive allosteric modulators of mGluR2 receptors"
1290,grid.420545.2,Guy's and St Thomas' NHS Foundation Trust,United Kingdom,,WO-2013045920-A1,2012,PATIENT MONITORING METHOD AND MONITORING DEVICE
1291,grid.13097.3c,King's College London,United Kingdom,KCL,WO-2013045920-A1,2012,PATIENT MONITORING METHOD AND MONITORING DEVICE
1292,grid.428999.7,Pasteur Institute,France,,WO-2015010744-A1,2013,SERONEGATIVE SPONDYLOARTHROPATHY DIAGNOSIS AND TREATMENT
1293,grid.488228.c,Addex Therapeutics (Switzerland),Switzerland,,US-8697689-B2,2009,Indole and benzomorpholine derivatives as modulators of metabotropic glutamate receptors
1294,grid.488228.c,Addex Therapeutics (Switzerland),Switzerland,,US-9114138-B2,2008,"1′,3′-disubstituted-4-phenyl-3,4,5,6-tetrahydro-2H,1′H-[1,4′] bipyridinyl-2′-ones"
1295,grid.488228.c,Addex Therapeutics (Switzerland),Switzerland,,US-9266834-B2,2014,"1, 4-disubstituted 3-cyano-pyridone derivatives and their use as positive allosteric modulators of MGLUR2-receptors"
1296,grid.488377.7,Regulus Therapeutics (United States),United States,,US-9556435-B2,2015,Targeting microRNAs for the treatment of fibrosis
1297,grid.488228.c,Addex Therapeutics (Switzerland),Switzerland,,US-8716480-B2,2010,"7-aryl-1,2,4-triazolo[4,3-a]pyridine derivatives and their use as positive allosteric modulators of mGluR2 receptors"
1298,grid.42327.30,Hospital for Sick Children,Canada,,US-9393025-B2,2011,Use of remote ischemic conditioning for traumatic injury
1299,grid.471046.0,Canon (Japan),Japan,,US-20170039717-A1,2016,"IMAGE PROCESSING APPARATUS, IMAGE PROCESSING METHOD, AND STORAGE MEDIUM"
1300,grid.488228.c,Addex Therapeutics (Switzerland),Switzerland,,US-9226930-B2,2014,"1,2,4-triazolo [4,3-a] pyridine derivatives and their use for the treatment of prevention of neurological and psychiatric disorders"
1301,grid.419905.0,Nestlé (Switzerland),Switzerland,,WO-2018002240-A1,2017,NUTRITIONAL COMPOSITION COMPRISING A PROBIOTIC FOR THE PREVENTION AND/OR TREATMENT OF ANXIETY DISORDERS AND RELATED CONDITIONS IN A MAMMAL
1302,grid.419905.0,Nestlé (Switzerland),Switzerland,,WO-2018002238-A1,2017,NUTRITIONAL COMPOSITION COMPRISING A PROBIOTIC FOR THE PREVENTION AND/OR TREATMENT OF ANXIETY DISORDERS AND RELATED CONDITIONS IN A MAMMAL
1303,grid.488228.c,Addex Therapeutics (Switzerland),Switzerland,,US-8785486-B2,2008,"Imidazo[1,2-A]pyridine derivatives and their use as positive allosteric modulators of mGluR2 receptors"
1304,grid.419619.2,Janssen (Belgium),Belgium,,US-8785486-B2,2008,"Imidazo[1,2-A]pyridine derivatives and their use as positive allosteric modulators of mGluR2 receptors"
1305,grid.10306.34,Wellcome Sanger Institute,United Kingdom,WTSI,WO-2017182796-A1,2017,BACTERIOTHERAPY
1306,grid.488228.c,Addex Therapeutics (Switzerland),Switzerland,,US-9067891-B2,2012,"1,4-disubstituted 3-cyano-pyridone derivatives and their use as positive allosteric modulators of mGluR2-receptors"
1307,grid.488377.7,Regulus Therapeutics (United States),United States,,US-9181548-B2,2014,Targeting micrornas for the treatment of fibrosis
1308,grid.21729.3f,Columbia University,United States,CU,WO-2013122918-A1,2013,METHODS AND COMPOSITIONS FOR INHIBITING A MULTI-CANCER MESENCHYMAL TRANSITION MECHANISM
1309,grid.7429.8,French Institute of Health and Medical Research,France,INSERM,WO-2014064192-A1,2013,METHOD AND PHARMACEUTICAL COMPOSITION FOR USE IN THE TREATMENT AND PREDICTION OF MYOCARDIAL INFRACTION
1310,grid.7452.4,Paris Diderot University,France,,WO-2014064192-A1,2013,METHOD AND PHARMACEUTICAL COMPOSITION FOR USE IN THE TREATMENT AND PREDICTION OF MYOCARDIAL INFRACTION
1311,grid.10992.33,Paris Descartes University,France,,WO-2014064192-A1,2013,METHOD AND PHARMACEUTICAL COMPOSITION FOR USE IN THE TREATMENT AND PREDICTION OF MYOCARDIAL INFRACTION
1312,grid.488228.c,Addex Therapeutics (Switzerland),Switzerland,,US-10071095-B2,2017,"1,2,4-triazolo [4,3-A] pyridine derivatives and their use for the treatment of neurological and psychiatric disorders"
1313,grid.417886.4,Amgen (United States),United States,"Amgen, Inc.",WO-2017217985-A1,2016,"METHODS AND COMPOSITIONS FOR THE TREATMENT OF CELIAC DISEASE, NON-CELIAC GLUTEN SENSITIVITY, AND REFRACTORY CELIAC DISEASE"
1314,grid.476226.3,Celimmune (United States),United States,,WO-2017217985-A1,2016,"METHODS AND COMPOSITIONS FOR THE TREATMENT OF CELIAC DISEASE, NON-CELIAC GLUTEN SENSITIVITY, AND REFRACTORY CELIAC DISEASE"
1315,grid.39382.33,Baylor College of Medicine,United States,BCM,EP-2694640-A4,2012,REVERSING THE EFFECTS OF THE TUMOR MICROENVIRONMENT USING CHIMERIC CYTOKINE RECEPTORS
1316,grid.488228.c,Addex Therapeutics (Switzerland),Switzerland,,US-8691849-B2,2009,3-azabicyclo[3.1.0]hexyl derivatives as modulators of metabotropic glutamate receptors
1317,grid.418621.8,Philips (Germany),Germany,,WO-2014188368-A1,2014,A METHOD FOR GREY ZONE IMAGING USING RELATIVE R1 CHANGES
1318,grid.13097.3c,King's College London,United Kingdom,KCL,WO-2014188368-A1,2014,A METHOD FOR GREY ZONE IMAGING USING RELATIVE R1 CHANGES
1319,grid.417284.c,Philips (Netherlands),Netherlands,,WO-2014188368-A1,2014,A METHOD FOR GREY ZONE IMAGING USING RELATIVE R1 CHANGES
1320,grid.13097.3c,King's College London,United Kingdom,KCL,US-9471976-B2,2015,System and method for data driven gating of multiple bed positions
1321,grid.418143.b,General Electric (United States),United States,GE,US-9471976-B2,2015,System and method for data driven gating of multiple bed positions
1322,grid.136593.b,Osaka University,Japan,,WO-2013180238-A1,2013,THERAPEUTIC AGENT OR PROPHYLACTIC AGENT FOR DEMENTIA
1323,grid.488228.c,Addex Therapeutics (Switzerland),Switzerland,,US-9737533-B2,2015,"1,2,4-triazolo [4,3-A] pyridine derivatives and their use for the treatment of prevention of neurological and psychiatric disorders"
1324,grid.503422.2,University of Lille,France,UDL,WO-2015068075-A2,2014,DETECTION OF TAU
1325,grid.5583.b,Atomic Energy and Alternative Energies Commission,France,CEA,WO-2015068075-A2,2014,DETECTION OF TAU
1326,grid.4444.0,French National Centre for Scientific Research,France,CNRS,WO-2015068075-A2,2014,DETECTION OF TAU
1327,grid.410463.4,Centre Hospitalier Regional et Universitaire de Lille,France,,WO-2015068075-A2,2014,DETECTION OF TAU
1328,grid.7429.8,French Institute of Health and Medical Research,France,INSERM,WO-2015068075-A2,2014,DETECTION OF TAU
1329,grid.21072.36,Yerevan State University,Armenia,YSU,US-8841323-B2,2007,"1, 4-disubstituted 3-cyano-pyridone derivatives and their use as positive allosteric modulators of MGLUR2-receptors"
1330,grid.488228.c,Addex Therapeutics (Switzerland),Switzerland,,US-8841323-B2,2007,"1, 4-disubstituted 3-cyano-pyridone derivatives and their use as positive allosteric modulators of MGLUR2-receptors"
1331,grid.39382.33,Baylor College of Medicine,United States,BCM,EP-3305890-A1,2012,REVERSING THE EFFECTS OF THE TUMOR MICROENVIRONMENT USING CHIMERIC CYTOKINE RECEPTORS
1332,grid.4444.0,French National Centre for Scientific Research,France,CNRS,EP-3029151-A1,2014,Use of a novel combination of blood biomarkers for malignant erythroderma
1333,grid.50550.35,Assistance Publique -Hopitaux De Paris,France,AP-HP,EP-3029151-A1,2014,Use of a novel combination of blood biomarkers for malignant erythroderma
1334,grid.7429.8,French Institute of Health and Medical Research,France,INSERM,EP-3029151-A1,2014,Use of a novel combination of blood biomarkers for malignant erythroderma
1335,grid.7452.4,Paris Diderot University,France,,EP-3029151-A1,2014,Use of a novel combination of blood biomarkers for malignant erythroderma
1336,grid.6936.a,Technical University Munich,Germany,TUM,US-9757862-B2,2015,Tactile sensor
1337,grid.4444.0,French National Centre for Scientific Research,France,CNRS,WO-2015033267-A1,2014,USE OF ARPIN A NEW INHIBITOR OF THE ARP2/3 COMPLEX FOR THE DIAGNOSIS AND TREATMENT OF DISEASES
1338,grid.30389.31,University of California System,United States,,EP-2714932-A4,2012,GENES DYSREGULATED IN AUTISM AS BIOMARKERS AND TARGETS FOR THERAPEUTIC PATHWAYS
1339,grid.28287.37,Ericsson (Sweden),Sweden,,WO-2015110141-A1,2014,INTERFERENCE MITIGATION
1340,grid.426520.7,Zora Biosciences (Finland),Finland,,US-9459264-B2,2015,Lipidomic biomarkers for atherosclerosis and cardiovascular disease
1341,grid.471336.4,Yeda Research and Development (Israel),Israel,,WO-2014083567-A2,2013,"METHODS OF PREVENTING TUMOR METASTASIS, TREATING AND PROGNOSING CANCER AND IDENTIFYING AGENTS WHICH ARE PUTATIVE METASTASIS INHIBITORS"
1342,grid.28287.37,Ericsson (Sweden),Sweden,,US-10004085-B2,2014,Scheduling for heterogeneous networks
1343,grid.65456.34,Florida International University,United States,FIU,US-9986440-B2,2017,Interference and mobility management in UAV-assisted wireless networks
1344,grid.497526.b,Janssen (Ireland),Ireland,,US-10071961-B2,2017,Carboxamide derivatives and the use thereof as medicaments for the treatment of hepatitis B
1345,grid.5583.b,Atomic Energy and Alternative Energies Commission,France,CEA,WO-2017097720-A1,2016,"SYSTEM FOR DETECTING STRESSES OR STRAINS, IN PARTICULAR FOR A TOUCH SKIN"
1346,grid.425132.3,IntegraGen (France),France,,WO-2013132074-A3,2013,A GENOTYPING TEST FOR ASSESSING RISK OF AUTISM
1347,grid.426313.1,Telefónica (Spain),Spain,,US-9549409-B2,2013,Method for cancelling downlink interference in a LTE-advanced network
1348,grid.497526.b,Janssen (Ireland),Ireland,,US-9895349-B2,2014,N-phenyl-carboxamide derivatives and the use thereof as medicaments for the treatment of hepatitis B
1349,grid.419619.2,Janssen (Belgium),Belgium,,US-9895349-B2,2014,N-phenyl-carboxamide derivatives and the use thereof as medicaments for the treatment of hepatitis B
1350,grid.147455.6,Carnegie Mellon University,United States,CMU,US-9753023-B2,2016,Nanofiber grid and related methods
1351,grid.426520.7,Zora Biosciences (Finland),Finland,,EP-2385374-B2,2010,Lipidomic biomarkers for atherosclerosis and cardiovascular disease
1352,grid.423649.e,Continental (Germany),Germany,,WO-2017102634-A1,2016,METHOD AND APPARATUS FOR CAMERA-BASED ROAD SIGN RECOGNITION IN A MOTOR VEHICLE
1353,grid.419819.c,Nippon Telegraph and Telephone (Japan),Japan,NTT,US-9288022-B2,2013,"Method for controlling operation within a cell of a wireless cellular network, base station and wireless cellular network"
1354,grid.426520.7,Zora Biosciences (Finland),Finland,,US-9841431-B2,2015,Lipidomic biomarkers for identification of high-risk coronary artery disease patients
1355,grid.4563.4,University of Nottingham,United Kingdom,,WO-2016207638-A1,2016,CONTROLLED CELL DELIVERY VEHICLE AND TREATMENT OF TUMOURS
1356,grid.419318.6,Intel (United States),United States,,US-9775149-B2,2015,Interference management for dynamic uplink and downlink configuration
1357,grid.30389.31,University of California System,United States,,US-10002230-B2,2015,"Screening, diagnosis and prognosis of autism and other developmental disorders"
1358,grid.258799.8,Kyoto University,Japan,,EP-3008174-A4,2014,METHOD OF EFFICIENTLY ESTABLISHING INDUCED PLURIPOTENT STEM CELLS
1359,grid.21107.35,Johns Hopkins University,United States,JHU,US-9539259-B2,2013,Compounds and methods of use thereof for treating neurodegenerative disorders
1360,grid.28287.37,Ericsson (Sweden),Sweden,,US-8879492-B2,2011,Methods and arrangements for handling a downlink transmission in a cellular network
1361,grid.426313.1,Telefónica (Spain),Spain,,WO-2013189728-A1,2013,A METHOD FOR CANCELLING DOWNLINK INTERFERENCE IN A LTE-ADVANCED NETWORK
1362,grid.28287.37,Ericsson (Sweden),Sweden,,WO-2013007279-A1,2011,METHODS AND ARRANGEMENTS FOR HANDLING A DOWNLINK TRANSMISSION IN A CELLULAR NETWORK
1363,grid.1051.5,Baker IDI Heart and Diabetes Institute,Australia,,US-9255935-B2,2015,Lipid biomarkers for stable and unstable heart disease
1364,grid.411024.2,"University of Maryland, Baltimore",United States,UMAB,US-9868217-B2,2016,All-elastomer 3-axis contact resistive tactile sensor arrays and micromilled manufacturing methods thereof
1365,grid.164295.d,"University of Maryland, College Park",United States,UMCP,US-9868217-B2,2016,All-elastomer 3-axis contact resistive tactile sensor arrays and micromilled manufacturing methods thereof
1366,grid.410443.6,University System of Maryland,United States,USM,US-9868217-B2,2016,All-elastomer 3-axis contact resistive tactile sensor arrays and micromilled manufacturing methods thereof
1367,grid.421222.5,Cisco Systems (United States),United States,,US-9398586-B2,2014,Almost blank subframe based orthogonal resource allocation in a wireless network environment
1368,grid.6936.a,Technical University Munich,Germany,TUM,DE-102016108966-A1,2016,Visual-haptic sensor for 6D force / torque
1369,grid.425132.3,IntegraGen (France),France,,WO-2013132074-A2,2013,A GENOTYPING TEST FOR ASSESSING RISK OF AUTISM
1370,grid.497392.2,NEC (China),China,,WO-2013181806-A1,2012,METHOD AND APPARATUS FOR DECODING FEEDBACK SENSING FOR COGNITIVE RADIO NETWORKS
1371,grid.426520.7,Zora Biosciences (Finland),Finland,,US-9857386-B2,2016,Lipidomic biomarkers for atherosclerosis and cardiovascular disease
1372,grid.266684.8,University of Massachusetts System,United States,,US-9506033-B2,2013,Compositions and methods for inducing myoblast differentiation and myotube formation
1373,grid.418307.9,Greenwood Genetic Center,United States,GGC,US-9164106-B2,2013,Determination of decreased metabolism of tryptophan in diagnosis of autism spectrum disorders
1374,grid.421222.5,Cisco Systems (United States),United States,,US-10039095-B2,2016,Almost blank subframe based orthogonal resource allocation in a wireless network environment
1375,grid.419318.6,Intel (United States),United States,,EP-2807889-A4,2013,INTERFERENCE MANAGEMENT FOR DYNAMIC UPLINK AND DOWNLINK CONFIGURATION
1376,grid.21107.35,Johns Hopkins University,United States,JHU,EP-3076869-A4,2014,PERSONALIZED COMPUTATIONAL MODELING OF ATRIAL FIBROSIS TO GUIDE CATHETER ABLATION OF ATRIAL FIBRILLATION
1377,grid.65456.34,Florida International University,United States,FIU,US-9622133-B1,2015,Interference and mobility management in UAV-assisted wireless networks
1378,grid.418190.5,Thermo Fisher Scientific (United States),United States,Life Technologies,EP-2475791-A2,2010,ANALYSIS OF Y-CHROMOSOME STR MARKERS
1379,grid.420451.6,Google,United States,,US-9344248-B2,2011,Positioning reference signal assistance data signaling for enhanced interference coordination in a wireless communication network
1380,grid.21107.35,Johns Hopkins University,United States,JHU,WO-2015084876-A1,2014,PERSONALIZED COMPUTATIONAL MODELING OF ATRIAL FIBROSIS TO GUIDE CATHETER ABLATION OF ATRIAL FIBRILLATION
1381,grid.417893.0,Istituto Nazionale dei Tumori,Italy,INT,EP-3231811-A1,2016,"RETRO-INVERSO PEPTIDE INHIBITORS OF CELL MIGRATION, EXTRACELLULAR MATRIX AND ENDOTHELIAL INVASION BY TUMOR CELLS"
1382,grid.420451.6,Google,United States,,US-9485749-B2,2011,Idle state interference mitigation in wireless communication network
1383,grid.28287.37,Ericsson (Sweden),Sweden,,US-10014993-B2,2016,Downlink interference coordination in a radio communication network
1384,grid.497526.b,Janssen (Ireland),Ireland,,US-9884818-B2,2014,Sulphamoylpyrrolamide derivatives and the use thereof as medicaments for the treatment of hepatitis B
1385,grid.419619.2,Janssen (Belgium),Belgium,,US-9884818-B2,2014,Sulphamoylpyrrolamide derivatives and the use thereof as medicaments for the treatment of hepatitis B
1386,grid.10784.3a,Chinese University of Hong Kong,China,CUHK,US-9478854-B2,2014,Devices and methods for reducing interference between closely collocated antennas
1387,grid.419318.6,Intel (United States),United States,,EP-2807889-A1,2013,INTERFERENCE MANAGEMENT FOR DYNAMIC UPLINK AND DOWNLINK CONFIGURATION
1388,grid.418251.b,Fujitsu (Japan),Japan,,US-9396309-B2,2013,Display apparatus and display method displaying simulation results of a three dimensional model of an organ
1389,grid.26999.3d,University of Tokyo,Japan,UT,US-9396309-B2,2013,Display apparatus and display method displaying simulation results of a three dimensional model of an organ
1390,grid.38142.3c,Harvard University,United States,,US-9625333-B2,2014,Tactile sensor
1391,grid.467466.1,Motorola (United States),United States,,WO-2012064589-A1,2011,INTERFERENCE MEASUREMENTS IN ENHANCED INTER-CELL INTERFERENCE COORDINATION CAPABLE WIRELESS TERMINALS
1392,grid.426520.7,Zora Biosciences (Finland),Finland,,US-9046538-B2,2011,Lipidomic biomarkers for atherosclerosis and cardiovascular disease
1393,grid.5326.2,National Research Council,Italy,CNR,WO-2017122159-A1,2017,ENCAPSULATED TRANSDUCER FOR HAPTIC INTERFACES
1394,grid.263145.7,Sant'Anna School of Advanced Studies,Italy,,WO-2017122159-A1,2017,ENCAPSULATED TRANSDUCER FOR HAPTIC INTERFACES
1395,grid.471241.5,Renesas Electronics (Japan),Japan,,WO-2013008190-A3,2012,WIRELESS COMMUNICATIONS
1396,grid.6533.3,Nokia (Finland),Finland,,WO-2013037422-A1,2011,COMMUNICATIONS IN RADIO SERVICE AREAS
1397,grid.28287.37,Ericsson (Sweden),Sweden,,US-9356709-B2,2012,Downlink interference coordination in a radio communication network
1398,grid.420451.6,Google,United States,,US-8837301-B2,2011,Interference measurements in enhanced inter-cell interference coordination capable wireless terminals
1399,grid.467466.1,Motorola (United States),United States,,US-8837301-B2,2011,Interference measurements in enhanced inter-cell interference coordination capable wireless terminals
1400,grid.419318.6,Intel (United States),United States,,US-9635676-B2,2015,Apparatus for an enhanced node B for inter-cell interference coordination in wireless networks
1401,grid.430388.4,Qualcomm (United States),United States,,US-9497639-B2,2013,Methods and apparatus for adapting femtocell properties based on changes detected in network topology
1402,grid.6533.3,Nokia (Finland),Finland,,US-8989112-B2,2012,eICIC carrier aggregation using extension carriers
1403,grid.4444.0,French National Centre for Scientific Research,France,CNRS,EP-2842566-A1,2013,USE OF ARPIN A NEW INHIBITOR OF THE ARP2/3 COMPLEX FOR THE DIAGNOSIS AND TREATMENT OF DISEASES
1404,grid.4563.4,University of Nottingham,United Kingdom,,WO-2016207637-A1,2016,CELL MODIFICATION AND APPLICATION IN THERAPY
1405,grid.429056.c,Baruch S. Blumberg Institute,United States,,EP-3085368-A1,2012,SULFAMOYLBENZAMIDE DERIVATIVES AS ANTIVIRAL AGENTS AGAINST HBV INFECTION
1406,grid.166341.7,Drexel University,United States,,EP-3085368-A1,2012,SULFAMOYLBENZAMIDE DERIVATIVES AS ANTIVIRAL AGENTS AGAINST HBV INFECTION
1407,grid.420451.6,Google,United States,,US-9621308-B2,2014,Interference measurements in enhanced inter-cell interference coordination capable wireless terminals
1408,grid.467466.1,Motorola (United States),United States,,US-9621308-B2,2014,Interference measurements in enhanced inter-cell interference coordination capable wireless terminals
1409,grid.30389.31,University of California System,United States,,US-9239346-B2,2013,Systems for providing electro-mechanical sensors
1410,grid.418251.b,Fujitsu (Japan),Japan,,US-20130332134-A1,2013,"COMPUTER PRODUCT, DISPLAY METHOD, AND DISPLAY APPARATUS"
1411,grid.26999.3d,University of Tokyo,Japan,UT,US-20130332134-A1,2013,"COMPUTER PRODUCT, DISPLAY METHOD, AND DISPLAY APPARATUS"
1412,grid.30389.31,University of California System,United States,,EP-2877605-A4,2013,"SCREENING, DIAGNOSIS AND PROGNOSIS OF AUTISM AND OTHER DEVELOPMENTAL DISORDERS"
1413,grid.426520.7,Zora Biosciences (Finland),Finland,,US-9201080-B2,2011,Lipidomic biomarkers for identification of high-risk coronary artery disease patients
1414,grid.166341.7,Drexel University,United States,,US-9758477-B2,2015,Sulfamoylbenzamide derivatives as antiviral agents against HBV infection
1415,grid.429056.c,Baruch S. Blumberg Institute,United States,,US-9758477-B2,2015,Sulfamoylbenzamide derivatives as antiviral agents against HBV infection
1416,grid.421222.5,Cisco Systems (United States),United States,,US-9288804-B2,2014,Almost blank subframe based orthogonal resource allocation in a wireless network environment
1417,grid.4444.0,French National Centre for Scientific Research,France,CNRS,EP-3138851-A1,2016,"QUATERNARY ASSEMBLIES OF WATER-SOLUBLE NON-PEPTIDE HELICAL FOLDAMERS, THEIR USE AND PRODUCTION THEREOF"
1418,grid.471210.1,Kuraray (Japan),Japan,,WO-2014087658-A1,2013,METHOD OF CELL FUSION AND FUSION CELLS
1419,grid.418722.a,Celgene (United States),United States,Celgene,US-9857359-B2,2013,Methods for determining drug efficacy using cereblon-associated proteins
1420,grid.4868.2,Queen Mary University of London,United Kingdom,QMUL,US-9845506-B2,2013,Method for determining prognosis of prostate cancer in a subject
1421,grid.136593.b,Osaka University,Japan,,EP-2703487-A1,2012,PEPTIDE FOR INDUCING REGENERATION OF TISSUE AND USE THEREOF
1422,grid.421932.f,UCB Pharma (Belgium),Belgium,,US-20150219635-A1,2013,Method for Identifying Compounds of Therapeutic Interest
1423,grid.50550.35,Assistance Publique -Hopitaux De Paris,France,AP-HP,EP-3178487-A1,2015,A METHOD FOR OBTAINING HEMATOPOETIC CELL POPULATION CONTAINING REGULATORY T CELLS (TREGS) SPECIFIC FOR AN IRRELEVANT ANTIGEN
1424,grid.7429.8,French Institute of Health and Medical Research,France,INSERM,EP-3178487-A1,2015,A METHOD FOR OBTAINING HEMATOPOETIC CELL POPULATION CONTAINING REGULATORY T CELLS (TREGS) SPECIFIC FOR AN IRRELEVANT ANTIGEN
1425,grid.462844.8,Sorbonne University,France,,EP-3178487-A1,2015,A METHOD FOR OBTAINING HEMATOPOETIC CELL POPULATION CONTAINING REGULATORY T CELLS (TREGS) SPECIFIC FOR AN IRRELEVANT ANTIGEN
1426,grid.410511.0,Paris 12 Val de Marne University,France,UPEC,EP-3178487-A1,2015,A METHOD FOR OBTAINING HEMATOPOETIC CELL POPULATION CONTAINING REGULATORY T CELLS (TREGS) SPECIFIC FOR AN IRRELEVANT ANTIGEN
1427,grid.9918.9,University of Leicester,United Kingdom,,US-8951522-B2,2012,Methods for treating conditions associated with MASP-2 dependent complement activation
1428,grid.496779.2,UK Research and Innovation,United Kingdom,UKRI,US-8551790-B2,2012,"MASP 2, a complement-fixing enzyme, and uses for it"
1429,grid.9918.9,University of Leicester,United Kingdom,,US-8840893-B2,2011,Methods for treating conditions associated with MASP-2 dependent complement activation
1430,grid.168010.e,Stanford University,United States,SU,US-9901082-B2,2013,Genetically modified non-human animals and methods of use thereof
1431,grid.47100.32,Yale University,United States,,US-9901082-B2,2013,Genetically modified non-human animals and methods of use thereof
1432,grid.418961.3,Regeneron (United States),United States,,US-9901082-B2,2013,Genetically modified non-human animals and methods of use thereof
1433,grid.29078.34,University of Italian Switzerland,Switzerland,USI,US-9901082-B2,2013,Genetically modified non-human animals and methods of use thereof
1434,grid.410356.5,Queen's University,Canada,,US-9988685-B2,2014,"Methods and kits for diagnosing, prognosticating risk/outcome, and/or treating breast cancer"
1435,grid.418722.a,Celgene (United States),United States,Celgene,US-9587281-B2,2015,Cereblon isoforms and their use as biomarkers for therapeutic treatment
1436,grid.5603.0,University of Greifswald,Germany,,EP-2896964-A1,2014,MD-2 as biomarker in heart failure
1437,grid.427999.8,Catabasis Pharmaceuticals (United States),United States,,US-20140093513-A1,2013,METHODS OF LOWERING PROPROTEIN CONVERSATE SUBTILISIN/KEXIN TYPE 9 (PCSK9)
1438,grid.427999.8,Catabasis Pharmaceuticals (United States),United States,,US-9238077-B2,2014,Fatty acid niacin conjugates and their uses
1439,grid.13097.3c,King's College London,United Kingdom,KCL,WO-2012175996-A3,2012,DRUG DELIVERY FORMULATIONS
1440,grid.32224.35,Massachusetts General Hospital,United States,MGH,US-9242009-B2,2013,Compositions and methods to treat neurodegenerative diseases
1441,grid.47100.32,Yale University,United States,,US-9986724-B2,2016,Genetically modified non-human animals and methods of use thereof
1442,grid.418961.3,Regeneron (United States),United States,,US-9986724-B2,2016,Genetically modified non-human animals and methods of use thereof
1443,grid.29078.34,University of Italian Switzerland,Switzerland,USI,US-9986724-B2,2016,Genetically modified non-human animals and methods of use thereof
1444,grid.38142.3c,Harvard University,United States,,US-9816080-B2,2015,Delivery of CAS9 via ARRDC1-mediated microvesicles (ARMMs)
1445,grid.168010.e,Stanford University,United States,SU,US-9816080-B2,2015,Delivery of CAS9 via ARRDC1-mediated microvesicles (ARMMs)
1446,grid.136593.b,Osaka University,Japan,,EP-2703487-A4,2012,PEPTIDE FOR INDUCING REGENERATION OF TISSUE AND USE THEREOF
1447,grid.421932.f,UCB Pharma (Belgium),Belgium,,US-10048253-B2,2013,Method for identifying compounds of therapeutic interest
1448,grid.4444.0,French National Centre for Scientific Research,France,CNRS,WO-2017037150-A1,2016,"QUATERNARY ASSEMBLIES OF WATER-SOLUBLE NON-PEPTIDE HELICAL FOLDAMERS, THEIR USE AND PRODUCTION THEREOF"
1449,grid.420044.6,Bayer (Germany),Germany,,WO-2013178565-A1,2013,GENOTYPE- OR PHENOTYPE-BASED DRUG FORMULATION
1450,grid.425956.9,Novo Nordisk (Denmark),Denmark,,WO-2012164021-A1,2012,IL-21 EPITOPE AND IL-21 LIGANDS
1451,grid.410511.0,Paris 12 Val de Marne University,France,UPEC,WO-2017098014-A1,2016,A METHOD FOR OBTAINING HEMATOPOETIC CELL POPULATION CONTAINING REGULATORY T CELLS (TREGS) SPECIFIC FOR AN IRRELEVANT ANTIGEN
1452,grid.7429.8,French Institute of Health and Medical Research,France,INSERM,WO-2017098014-A1,2016,A METHOD FOR OBTAINING HEMATOPOETIC CELL POPULATION CONTAINING REGULATORY T CELLS (TREGS) SPECIFIC FOR AN IRRELEVANT ANTIGEN
1453,grid.462844.8,Sorbonne University,France,,WO-2017098014-A1,2016,A METHOD FOR OBTAINING HEMATOPOETIC CELL POPULATION CONTAINING REGULATORY T CELLS (TREGS) SPECIFIC FOR AN IRRELEVANT ANTIGEN
1454,grid.50550.35,Assistance Publique -Hopitaux De Paris,France,AP-HP,WO-2017098014-A1,2016,A METHOD FOR OBTAINING HEMATOPOETIC CELL POPULATION CONTAINING REGULATORY T CELLS (TREGS) SPECIFIC FOR AN IRRELEVANT ANTIGEN
1455,grid.30389.31,University of California System,United States,,US-9963699-B2,2013,Methods for modulating C9ORF72 expression
1456,grid.1052.6,Ludwig Cancer Research,United States,LICR,US-9963699-B2,2013,Methods for modulating C9ORF72 expression
1457,grid.282569.2,Ionis Pharmaceuticals (United States),United States,,US-9963699-B2,2013,Methods for modulating C9ORF72 expression
1458,grid.482351.9,Ludwig Institute for Cancer Research,Switzerland,,US-9963699-B2,2013,Methods for modulating C9ORF72 expression
1459,grid.24434.35,University of Nebraska–Lincoln,United States,UNL ,US-9457030-B2,2013,Compositions and methods for the treatment of juvenile neuronal ceroid lipofuscinosis and related disorders
1460,grid.410442.7,University of Nebraska System,United States,,US-9457030-B2,2013,Compositions and methods for the treatment of juvenile neuronal ceroid lipofuscinosis and related disorders
1461,grid.282569.2,Ionis Pharmaceuticals (United States),United States,,US-9605263-B2,2016,Compositions for modulating C9ORF72 expression
1462,grid.5842.b,University of Paris-Sud,France,,WO-2014067965-A1,2013,METHODS OF PREDICTING OR DIAGNOSING A PULMONARY ARTERIAL HYPERTENSION
1463,grid.7429.8,French Institute of Health and Medical Research,France,INSERM,WO-2014067965-A1,2013,METHODS OF PREDICTING OR DIAGNOSING A PULMONARY ARTERIAL HYPERTENSION
1464,grid.50550.35,Assistance Publique -Hopitaux De Paris,France,AP-HP,WO-2014067965-A1,2013,METHODS OF PREDICTING OR DIAGNOSING A PULMONARY ARTERIAL HYPERTENSION
1465,grid.418621.8,Philips (Germany),Germany,,WO-2014147518-A3,2014,DYNAMIC MRI WITH IMAGE RECONSTRUCTION USING COMPRESSED SENSING
1466,grid.417284.c,Philips (Netherlands),Netherlands,,WO-2014147518-A3,2014,DYNAMIC MRI WITH IMAGE RECONSTRUCTION USING COMPRESSED SENSING
1467,grid.420044.6,Bayer (Germany),Germany,,EP-2668945-A1,2012,Genotype and phenotype-based medicinal formulations
1468,grid.427999.8,Catabasis Pharmaceuticals (United States),United States,,US-9486534-B2,2015,Niacin conjugated fatty acid mixtures and their uses
1469,grid.418961.3,Regeneron (United States),United States,,US-9655352-B2,2014,Humanized M-CSF mice
1470,grid.29078.34,University of Italian Switzerland,Switzerland,USI,US-9655352-B2,2014,Humanized M-CSF mice
1471,grid.47100.32,Yale University,United States,,US-9655352-B2,2014,Humanized M-CSF mice
1472,grid.32224.35,Massachusetts General Hospital,United States,MGH,US-9937231-B2,2014,Methods and agents for treating Alzheimer's disease
1473,grid.410425.6,City Of Hope National Medical Center,United States,,US-9289500-B2,2014,Saccharide-peptide hydrogels
1474,grid.30389.31,University of California System,United States,,US-9289500-B2,2014,Saccharide-peptide hydrogels
1475,grid.9918.9,University of Leicester,United Kingdom,,US-8652477-B2,2010,Methods for treating disseminated intravascular coagulation by inhibiting MASP-2 dependent complement activation
1476,grid.21107.35,Johns Hopkins University,United States,JHU,EP-2906697-A4,2013,METHODS FOR MONITORING C9ORF72 EXPRESSION
1477,grid.282569.2,Ionis Pharmaceuticals (United States),United States,,EP-2906697-A4,2013,METHODS FOR MONITORING C9ORF72 EXPRESSION
1478,grid.421932.f,UCB Pharma (Belgium),Belgium,,WO-2014001557-A1,2013,A METHOD FOR IDENTIFYING COMPOUNDS OF THERAPEUTIC INTEREST
1479,grid.189504.1,Boston University,United States,BU,WO-2014183023-A1,2014,USING PLEXIN-A4 AS A BIOMARKER AND THERAPEUTIC TARGET FOR ALZHEIMER'S DISEASE
1480,grid.451116.6,Sosei Group Corporation (United Kingdom),United Kingdom,,WO-2017129998-A1,2017,G PROTEINS
1481,grid.168010.e,Stanford University,United States,SU,WO-2013119602-A1,2013,ARRDC1-MEDIATED MICROVESICLES (ARMMS) AND USES THEREOF
1482,grid.38142.3c,Harvard University,United States,,WO-2013119602-A1,2013,ARRDC1-MEDIATED MICROVESICLES (ARMMS) AND USES THEREOF
1483,grid.421812.c,deCODE Genetics (Iceland),Iceland,,WO-2014074942-A1,2013,RISK VARIANTS OF ALZHEIMER'S DISEASE
1484,grid.185669.5,Illumina (United States),United States,,WO-2014074942-A1,2013,RISK VARIANTS OF ALZHEIMER'S DISEASE
1485,grid.30389.31,University of California System,United States,,US-9745421-B2,2014,Dendronized polymers for nucleic acid delivery
1486,grid.30389.31,University of California System,United States,,US-9867845-B2,2015,Vectors for delivery of agents across biological membranes
1487,grid.29078.34,University of Italian Switzerland,Switzerland,USI,US-9820476-B2,2013,Genetically modified non-human animals and methods of use thereof
1488,grid.418961.3,Regeneron (United States),United States,,US-9820476-B2,2013,Genetically modified non-human animals and methods of use thereof
1489,grid.47100.32,Yale University,United States,,US-9820476-B2,2013,Genetically modified non-human animals and methods of use thereof
1490,grid.9918.9,University of Leicester,United Kingdom,,US-10059776-B2,2017,Methods for treating conditions associated with MASP-2 dependent complement activation
1491,grid.136593.b,Osaka University,Japan,,US-9919010-B2,2009,Method for collecting functional cells in vivo with high efficiency
1492,grid.427999.8,Catabasis Pharmaceuticals (United States),United States,,US-RE46608-E1,2015,Fatty acid niacin conjugates and their uses
1493,grid.136593.b,Osaka University,Japan,,US-9688733-B2,2013,Method for treating spinal cord injury using HMGB1 fragment
1494,grid.136593.b,Osaka University,Japan,,US-9623078-B2,2013,Method for treating cardiac infarction using HMGB1 fragment
1495,grid.5406.7,Siemens (Germany),Germany,,WO-2015078602-A1,2014,PHASE CHANGE MATERIAL AND USE THEREOF
1496,grid.481722.a,Novo Nordisk (Switzerland),Switzerland,,WO-2014060401-A1,2013,COAGULATION FACTOR VII POLYPEPTIDES
1497,grid.418722.a,Celgene (United States),United States,Celgene,US-9611465-B2,2015,Pharmaceutical composition containing core factor involved in proliferation and differentiation of central nervous cell
1498,grid.421932.f,UCB Pharma (Belgium),Belgium,,WO-2017211928-A1,2017,ANTI-IgE ANTIBODIES
1499,grid.9918.9,University of Leicester,United Kingdom,,US-9644035-B2,2013,Methods for treating conditions associated with MASP-2 dependent complement activation
1500,grid.496779.2,UK Research and Innovation,United Kingdom,UKRI,US-9441262-B2,2013,"MASP-2, a complement fixing enzyme, and uses for it"
1501,grid.21925.3d,University of Pittsburgh,United States,,US-9260754-B2,2011,Connexin mutation detection for lymphatic variation and disease
1502,grid.427999.8,Catabasis Pharmaceuticals (United States),United States,,US-RE46605-E1,2015,Fatty acid niacin conjugates and their uses
1503,grid.5963.9,University of Freiburg,Germany,,EP-2792355-A1,2013,Compounds for use as bromodomain inhibitors
1504,grid.4367.6,Washington University in St. Louis,United States,WUSTL,US-9267153-B2,2012,Porcine knob xenotype chimeric adenoviral vector for dendritic cell infection
1505,grid.34477.33,University of Washington,United States,UW,US-9267153-B2,2012,Porcine knob xenotype chimeric adenoviral vector for dendritic cell infection
1506,grid.254880.3,Dartmouth College,United States,,AU-2011230537-B2,2011,"Vista regulatory T cell mediator protein, vista binding agents and use thereof"
1507,grid.476366.6,Horizon Pharma (United States),United States,,US-9095559-B2,2013,Methods of therapeutic monitoring of nitrogen scavenging drugs
1508,grid.277151.7,Centre Hospitalier Universitaire de Nantes,France,CHU,EP-2606905-A1,2011,Peptides targeting Receptor activator of nuclear factor-kappa B (RANK) and their applications
1509,grid.4817.a,University of Nantes,France,,EP-2606905-A1,2011,Peptides targeting Receptor activator of nuclear factor-kappa B (RANK) and their applications
1510,grid.254880.3,Dartmouth College,United States,,AU-2011230537-C1,2011,"Vista regulatory T cell mediator protein, vista binding agents and use thereof"
1511,grid.254880.3,Dartmouth College,United States,,US-8231872-B2,2010,Regulatory T cell mediator proteins and uses thereof
1512,grid.13097.3c,King's College London,United Kingdom,KCL,US-9890215-B2,2014,Vista modulators for diagnosis and treatment of cancer
1513,grid.254880.3,Dartmouth College,United States,,US-9890215-B2,2014,Vista modulators for diagnosis and treatment of cancer
1514,grid.476366.6,Horizon Pharma (United States),United States,,US-9326966-B2,2015,Methods of therapeutic monitoring of nitrogen scavenging drugs
1515,grid.254880.3,Dartmouth College,United States,,US-8465740-B2,2011,Regulatory T cell mediator proteins and uses thereof
1516,grid.417944.b,Pierre Fabre (France),France,,EP-3003390-A4,2014,ANTI-C10ORF54 ANTIBODIES AND USES THEREOF
1517,grid.498026.1,Activ8rlives (United Kingdom),United Kingdom,,GB-2494953-B,2012,Biomarkers for respiratory infection
1518,grid.498026.1,Activ8rlives (United Kingdom),United Kingdom,,GB-2494953-A,2012,Determining levels of Pseudomonas aeruginosa in patient by measuring sputum levels of a siderophore and a secreted bacterial protein over time
1519,grid.213917.f,Georgia Institute of Technology,United States,GT,WO-2012177880-A1,2012,ADHESIVE SIGNATURE-BASED METHODS FOR THE ISOLATION OF STEM CELLS AND CELLS DERIVED THEREFROM
1520,grid.476366.6,Horizon Pharma (United States),United States,,US-10045958-B1,2018,Methods of therapeutic monitoring of nitrogen scavenging drugs
1521,grid.411370.0,Amrita Vishwa Vidyapeetham University,India,,WO-2014141288-A1,2013,"THE ART, METHOD, MANNER, PROCESS AND SYSTEM OF A NANO-BIOMINERAL FOR MULTI-MODAL CONTRAST IMAGING AND DRUG DELIVERY"
1522,grid.254880.3,Dartmouth College,United States,,US-8236304-B2,2006,Use of PD-L3 proteins and PD-L3 specific antibodies or antibody fragments to regulate CD4+ and CD8+ T cell immunity
1523,grid.21729.3f,Columbia University,United States,CU,WO-2014028907-A1,2013,DIAGNOSTIC MARKERS OF INDOLENT PROSTATE CANCER
1524,grid.13097.3c,King's College London,United Kingdom,KCL,EP-3094346-A4,2015,VISTA ANTAGONIST AND METHODS OF USE
1525,grid.254880.3,Dartmouth College,United States,,EP-3094346-A4,2015,VISTA ANTAGONIST AND METHODS OF USE
1526,grid.452429.c,Generic Assays (Germany),Germany,GA,EP-2913675-A3,2015,GP2 isoforms and their use in autoantibody capture
1527,grid.498026.1,Activ8rlives (United Kingdom),United Kingdom,,US-8980566-B2,2012,Biomarkers for respiratory infection
1528,grid.266515.3,University of Kansas,United States,KU,US-9416103-B2,2013,"Use of the aminoalkylindole JWH-073-M4 and related compounds as neutral CB1 receptor antagonists for the treatment of alcoholism, drug abuse, obesity, and obesity-related diseases"
1529,grid.194632.b,University of Arkansas System,United States,,US-9416103-B2,2013,"Use of the aminoalkylindole JWH-073-M4 and related compounds as neutral CB1 receptor antagonists for the treatment of alcoholism, drug abuse, obesity, and obesity-related diseases"
1530,grid.258799.8,Kyoto University,Japan,,EP-3008174-A4,2014,METHOD OF EFFICIENTLY ESTABLISHING INDUCED PLURIPOTENT STEM CELLS
1531,grid.38142.3c,Harvard University,United States,,US-9683048-B2,2015,Antibody molecules to PD-1 and uses thereof
1532,grid.419481.1,Novartis (Switzerland),Switzerland,,US-9683048-B2,2015,Antibody molecules to PD-1 and uses thereof
1533,grid.65499.37,Dana-Farber Cancer Institute,United States,,US-9683048-B2,2015,Antibody molecules to PD-1 and uses thereof
1534,grid.254880.3,Dartmouth College,United States,,US-8501915-B2,2012,Regulatory T cell mediator proteins and uses thereof
1535,grid.476366.6,Horizon Pharma (United States),United States,,US-9962358-B2,2017,Methods of therapeutic monitoring of nitrogen scavenging drugs
1536,grid.476366.6,Horizon Pharma (United States),United States,,US-9254278-B2,2015,Methods of therapeutic monitoring of nitrogen scavenging drugs
1537,grid.13097.3c,King's College London,United Kingdom,KCL,US-9381244-B2,2013,VISTA modulators for diagnosis and treatment of cancer
1538,grid.254880.3,Dartmouth College,United States,,US-9381244-B2,2013,VISTA modulators for diagnosis and treatment of cancer
1539,grid.419619.2,Janssen (Belgium),Belgium,,WO-2015097536-A2,2014,ANTI-VISTA ANTIBODIES AND FRAGMENTS
1540,grid.254880.3,Dartmouth College,United States,,WO-2014039983-A1,2013,VISTA MODULATORS FOR DIAGNOSIS AND TREATMENT OF CANCER
1541,grid.476366.6,Horizon Pharma (United States),United States,,EP-3019074-A4,2014,"DIAGNOSING, GRADING, MONITORING, AND TREATING HEPATIC ENCEPHALOPATHY"
1542,grid.25879.31,University of Pennsylvania,United States,,US-9851425-B2,2013,Background-suppressed myelin water imaging
1543,grid.29857.31,Pennsylvania State University,United States,PSU,US-9851425-B2,2013,Background-suppressed myelin water imaging
1544,grid.15781.3a,Paul Sabatier University,France,UPS,WO-2014013051-A1,2013,METHOD OF PREDICTING OR DIAGNOSING AN HEPATIC ENCEPHALOPATHY IN PATIENTS WITH CIRRHOSIS TREATED WITH TRANSJUGULAR INTRA-HEPATIC PORTO-SYSTEMIC SHUNT (TIPS)
1545,grid.7429.8,French Institute of Health and Medical Research,France,INSERM,WO-2014013051-A1,2013,METHOD OF PREDICTING OR DIAGNOSING AN HEPATIC ENCEPHALOPATHY IN PATIENTS WITH CIRRHOSIS TREATED WITH TRANSJUGULAR INTRA-HEPATIC PORTO-SYSTEMIC SHUNT (TIPS)
1546,grid.476366.6,Horizon Pharma (United States),United States,,US-9999608-B2,2017,Methods of therapeutic monitoring of nitrogen scavenging drugs
1547,grid.4817.a,University of Nantes,France,,WO-2013093039-A1,2012,PEPTIDES TARGETING RECEPTOR ACTIVATOR OF NUCLEAR FACTOR -KAPPA B (RANK) AND THEIR APPLICATIONS
1548,grid.277151.7,Centre Hospitalier Universitaire de Nantes,France,CHU,WO-2013093039-A1,2012,PEPTIDES TARGETING RECEPTOR ACTIVATOR OF NUCLEAR FACTOR -KAPPA B (RANK) AND THEIR APPLICATIONS
1549,grid.476366.6,Horizon Pharma (United States),United States,,US-9962359-B2,2017,Methods of therapeutic monitoring of nitrogen scavenging drugs
1550,grid.24434.35,University of Nebraska–Lincoln,United States,UNL ,US-9457030-B2,2013,Compositions and methods for the treatment of juvenile neuronal ceroid lipofuscinosis and related disorders
1551,grid.410442.7,University of Nebraska System,United States,,US-9457030-B2,2013,Compositions and methods for the treatment of juvenile neuronal ceroid lipofuscinosis and related disorders
1552,grid.7497.d,German Cancer Research Center,Germany,DKFZ,WO-2018087285-A1,2017,OR10H1 ANTIGEN BINDING PROTEINS AND USES THEREOF
1553,grid.254880.3,Dartmouth College,United States,,US-10035857-B2,2015,Regulatory T cell mediator proteins and uses thereof
1554,grid.256069.e,Franklin & Marshall College,United States,F&M,US-8673260-B2,2013,Development of earth-abundant mixed-metal sulfide nanoparticles for use in solar energy conversion
1555,grid.417924.d,Sanofi (France),France,,WO-2013092574-A1,2012,ISOTHIAZOLOPYRIDINE-2-CARBOXAMIDES AND THEIR USE AS PHARMACEUTICALS
1556,grid.13097.3c,King's College London,United Kingdom,KCL,EP-2864352-A4,2013,"NOVEL VISTA-IG CONSTRUCTS AND THE USE OF VISTA-IG FOR TREATMENT OF AUTOIMMUNE, ALLERGIC AND INFLAMMATORY DISORDERS"
1557,grid.254880.3,Dartmouth College,United States,,EP-2864352-A4,2013,"NOVEL VISTA-IG CONSTRUCTS AND THE USE OF VISTA-IG FOR TREATMENT OF AUTOIMMUNE, ALLERGIC AND INFLAMMATORY DISORDERS"
1558,grid.418195.0,Babraham Institute,United Kingdom,,WO-2017208001-A1,2017,BIOMARKERS FOR PLATELET DISORDERS
1559,grid.254880.3,Dartmouth College,United States,,AU-2016202172-B2,2016,"Vista regulatory T cell mediator protein, vista binding agents and use thereof"
1560,grid.417574.4,Abbott (United States),United States,,US-8183349-B2,2010,Markers of XMRV infection and uses thereof
1561,grid.29857.31,Pennsylvania State University,United States,PSU,US-8969005-B2,2011,Gene targets associated with amyotrophic lateral sclerosis and methods of use thereof
1562,grid.25879.31,University of Pennsylvania,United States,,US-8969005-B2,2011,Gene targets associated with amyotrophic lateral sclerosis and methods of use thereof
1563,grid.7429.8,French Institute of Health and Medical Research,France,INSERM,WO-2014041087-A1,2013,MUSCLE SECRETOME AND USES THEREOF
1564,grid.418158.1,Roche (United States),United States,Roche,US-10005848-B2,2015,Method of reducing blood glucose by administering RON agonists
1565,grid.476366.6,Horizon Pharma (United States),United States,,US-9561197-B2,2012,Methods of therapeutic monitoring of phenylacetic acid prodrugs
1566,grid.214572.7,University of Iowa,United States,UI,US-9855332-B2,2012,Use of anti-CGRP antibodies and antibody fragments to treat diarrhea in subjects with diseases or treatments that result in elevated CGRP levels
1567,grid.214572.7,University of Iowa,United States,UI,US-9708393-B2,2012,"Use of anti-CGRP antibodies and antibody fragments to prevent or inhibit photophobia or light aversion in subjects in need thereof, especially migraine sufferers"
1568,grid.254880.3,Dartmouth College,United States,,US-9217035-B2,2013,Regulatory T cell mediator proteins and uses thereof
1569,grid.255986.5,Florida State University,United States,FSU,US-9623023-B2,2013,Class of non-stimulant treatment and ADHD and related disorders
1570,grid.32224.35,Massachusetts General Hospital,United States,MGH,US-9623023-B2,2013,Class of non-stimulant treatment and ADHD and related disorders
1571,grid.189967.8,Emory University,United States,,WO-2014110475-A1,2014,"BIOMARKERS IN CANCER, METHODS, AND SYSTEMS RELATED THERETO"
1572,grid.452429.c,Generic Assays (Germany),Germany,GA,EP-3299818-A1,2016,METHOD FOR THE DIAGNOSIS OF ACUTE PANCREATITIS (AP) BY DETECTION OF GLYCOPROTEIN 2 ISOFORM ALPHA (GP2A)
1573,grid.476366.6,Horizon Pharma (United States),United States,,US-10045959-B1,2018,Methods of therapeutic monitoring of nitrogen scavenging drugs
1574,grid.47100.32,Yale University,United States,,US-10048276-B2,2015,Methods and kits for detecting misfolded proteins
1575,grid.476366.6,Horizon Pharma (United States),United States,,US-9289406-B2,2013,Methods of administering and evaluating nitrogen scavenging drugs for the treatment of hepatic encephalopathy
1576,grid.420032.7,Myriad (United States),United States,,US-9976188-B2,2017,Cancer biomarkers
1577,grid.8241.f,University of Dundee,United Kingdom,,WO-2012076868-A1,2011,ANTIBODIES TO MYCOBACTERIA
1578,grid.264200.2,"St George's, University of London",United Kingdom,SGUL,WO-2012076868-A1,2011,ANTIBODIES TO MYCOBACTERIA
1579,grid.13097.3c,King's College London,United Kingdom,KCL,WO-2012076868-A1,2011,ANTIBODIES TO MYCOBACTERIA
1580,grid.13097.3c,King's College London,United Kingdom,KCL,WO-2013192504-A1,2013,"NOVEL VISTA-IG CONSTRUCTS AND THE USE OF VISTA-IG FOR TREATMENT OF AUTOIMMUNE, ALLERGIC AND INFLAMMATORY DISORDERS"
1581,grid.254880.3,Dartmouth College,United States,,WO-2013192504-A1,2013,"NOVEL VISTA-IG CONSTRUCTS AND THE USE OF VISTA-IG FOR TREATMENT OF AUTOIMMUNE, ALLERGIC AND INFLAMMATORY DISORDERS"
1582,grid.452429.c,Generic Assays (Germany),Germany,GA,WO-2018055209-A2,2017,METHOD FOR THE DIAGNOSIS OF ACUTE PANCREATITIS (AP) BY DETECTION OF GLYCOPROTEIN 2 ISOFORM ALPHA (GP2A)
1583,grid.254880.3,Dartmouth College,United States,,US-9631018-B2,2011,"Vista regulatory T cell mediator protein, vista binding agents and use thereof"
1584,grid.476366.6,Horizon Pharma (United States),United States,,US-9914692-B2,2016,Procedure for the preparation of 4-phenyl butyrate and uses thereof
1585,grid.38142.3c,Harvard University,United States,,US-9815898-B2,2017,Antibody molecules to PD-1 and uses thereof
1586,grid.65499.37,Dana-Farber Cancer Institute,United States,,US-9815898-B2,2017,Antibody molecules to PD-1 and uses thereof
1587,grid.419481.1,Novartis (Switzerland),Switzerland,,US-9815898-B2,2017,Antibody molecules to PD-1 and uses thereof
1588,grid.13097.3c,King's College London,United Kingdom,KCL,AU-2013312211-B2,2013,VISTA modulators for diagnosis and treatment of cancer
1589,grid.254880.3,Dartmouth College,United States,,AU-2013312211-B2,2013,VISTA modulators for diagnosis and treatment of cancer
1590,grid.420032.7,Myriad (United States),United States,,US-9605319-B2,2011,Gene signatures for cancer diagnosis and prognosis
1591,grid.225279.9,Cold Spring Harbor Laboratory,United States,CSHL,US-9441223-B2,2013,"Transposable elements, TDP-43, and neurodegenerative disorders"
1592,grid.467415.5,Genomic Health (United States),United States,,US-20140303002-A1,2014,Gene Expression Profile Algorithm and Test for Determining Prognosis of Prostate Cancer
1593,grid.65499.37,Dana-Farber Cancer Institute,United States,,US-9458510-B2,2012,Signatures and determinants associated with prostate cancer progression and methods of use thereof
1594,grid.490011.d,Twist Bioscience (United States),United States,,US-9839894-B2,2016,De novo synthesized gene libraries
1595,grid.17063.33,University of Toronto,Canada,,US-9726659-B2,2013,CMPF as a biomarker for diabetes and associated methods
1596,grid.94225.38,National Institute of Standards and Technology,United States,NIST,US-9046731-B2,2013,Plasmonic enhancement of material properties
1597,grid.164295.d,"University of Maryland, College Park",United States,UMCP,US-9046731-B2,2013,Plasmonic enhancement of material properties
1598,grid.7429.8,French Institute of Health and Medical Research,France,INSERM,WO-2017064119-A1,2016,METHODS AND PHARMACEUTICAL COMPOSITIONS FOR THE TREATMENT OF RETINAL CAPILLARY NON-PERFUSION
1599,grid.462844.8,Sorbonne University,France,,WO-2017064119-A1,2016,METHODS AND PHARMACEUTICAL COMPOSITIONS FOR THE TREATMENT OF RETINAL CAPILLARY NON-PERFUSION
1600,grid.10992.33,Paris Descartes University,France,,WO-2017064119-A1,2016,METHODS AND PHARMACEUTICAL COMPOSITIONS FOR THE TREATMENT OF RETINAL CAPILLARY NON-PERFUSION
1601,grid.7452.4,Paris Diderot University,France,,WO-2017064119-A1,2016,METHODS AND PHARMACEUTICAL COMPOSITIONS FOR THE TREATMENT OF RETINAL CAPILLARY NON-PERFUSION
1602,grid.417284.c,Philips (Netherlands),Netherlands,,US-9706961-B2,2013,Electro-cardiograph sensor mat
1603,grid.411327.2,Heinrich Heine University Düsseldorf,Germany,HHU,US-20160108031-A1,2014,INHIBITORS OF NHR2 AND/OR RUNX1/ETO-TETRAMERIZATION
1604,grid.13097.3c,King's College London,United Kingdom,KCL,WO-2012107725-A1,2012,MATERIALS AND METHODS RELATING TO CARDIOVASCULAR IMAGING
1605,grid.255464.4,Ehime University,Japan,,US-9517217-B2,2013,Immune cell activation inhibitor and use thereof
1606,grid.490011.d,Twist Bioscience (United States),United States,,US-9981239-B2,2016,Devices and methods for oligonucleic acid library synthesis
1607,grid.490011.d,Twist Bioscience (United States),United States,,US-9895673-B2,2016,Functionalized surfaces and preparation thereof
1608,grid.30389.31,University of California System,United States,,US-9212189-B2,2012,Fluorescent probes for reactive sulfur species
1609,grid.490011.d,Twist Bioscience (United States),United States,,US-9889423-B2,2016,De novo synthesized gene libraries
1610,grid.418389.f,Merck Serono (Switzerland),Switzerland,,WO-2014023703-A1,2013,GENETIC MARKERS FOR PREDICTING RESPONSIVENESS TO FGF-18 COMPOUND
1611,grid.490011.d,Twist Bioscience (United States),United States,,US-9555388-B2,2016,De novo synthesized gene libraries
1612,grid.4868.2,Queen Mary University of London,United Kingdom,QMUL,WO-2012013931-A1,2011,METHODS FOR DIAGNOSING CANCER
1613,grid.418158.1,Roche (United States),United States,Roche,WO-2012071436-A1,2011,METHOD OF TREATING AUTOIMMUNE INFLAMMATORY DISORDERS USING IL-23R LOSS-OF-FUNCTION MUTANTS
1614,grid.255464.4,Ehime University,Japan,,WO-2014021455-A1,2013,IMMUNE CELL ACTIVATION INHIBITOR AND USE THEREOF
1615,grid.27755.32,University of Virginia,United States,UVA,US-9224210-B2,2014,Systems and methods for accelerated dynamic magnetic resonance imaging
1616,grid.62560.37,Brigham and Women's Hospital,United States,BWH,US-20140199284-A1,2012,STRUCTURAL MUTATIONS IN TITIN CAUSE DILATED CARDIOMYOPATHY
1617,grid.38142.3c,Harvard University,United States,,US-20140199284-A1,2012,STRUCTURAL MUTATIONS IN TITIN CAUSE DILATED CARDIOMYOPATHY
1618,grid.471236.5,Olympus (Japan),Japan,OSIS,EP-2498116-A1,2012,Microscope apparatus
1619,grid.4305.2,University of Edinburgh,United Kingdom,,WO-2016185160-A1,2016,COMPOUNDS
1620,grid.62560.37,Brigham and Women's Hospital,United States,BWH,US-9539281-B2,2012,"Lipid-containing PSA compositions, methods of isolation and methods of use thereof"
1621,grid.417882.0,Allergan (United States),United States,,US-20140274873-A1,2014,COMPOSITION OF A SUSTAINED-RELEASE DELIVERY AND METHOD OF STABILIZING PROTEINS DURING FABRICATION PROCESS
1622,grid.490011.d,Twist Bioscience (United States),United States,,US-10053688-B2,2017,De novo synthesized nucleic acid libraries
1623,grid.260770.4,National Yang Ming University,Taiwan,NYMU,US-9465032-B2,2012,Method of using antibody-liposome complexes for selecting a pool of molecules
1624,grid.476619.b,Oncopeptides (Sweden),Sweden,,US-20170049894-A1,2016,LYOPHILIZED PREPARATION OF CYTOTOXIC DIPEPTIDES
1625,grid.490011.d,Twist Bioscience (United States),United States,,US-9677067-B2,2016,Compositions and methods for synthetic gene assembly
1626,grid.490011.d,Twist Bioscience (United States),United States,,US-9833761-B2,2015,De novo synthesized gene libraries
1627,grid.4280.e,National University of Singapore,Singapore,NUS,US-8865684-B2,2013,Morpholin-4-ium 4 methoxyphenyl (morpholino) phosphinodithioate (GYY4137) as a novel vasodilator agent
1628,grid.38142.3c,Harvard University,United States,,US-9476097-B2,2012,Structural mutations in titin cause dilated cardiomyopathy
1629,grid.62560.37,Brigham and Women's Hospital,United States,BWH,US-9476097-B2,2012,Structural mutations in titin cause dilated cardiomyopathy
1630,grid.13097.3c,King's College London,United Kingdom,KCL,WO-2015087087-A1,2014,BIOMARKERS AND METHODS RELATING TO ALZHEIMER'S DISEASE
1631,grid.488228.c,Addex Therapeutics (Switzerland),Switzerland,,US-8906939-B2,2008,3-cyano-4-(4-tetrahydropyran-phenyl)-pyridin-2-one derivatives
1632,grid.419619.2,Janssen (Belgium),Belgium,,US-8906939-B2,2008,3-cyano-4-(4-tetrahydropyran-phenyl)-pyridin-2-one derivatives
1633,grid.488228.c,Addex Therapeutics (Switzerland),Switzerland,,US-8722894-B2,2008,"1,3-disubstituted-4-phenyl-1H-pyridin-2-ones"
1634,grid.419619.2,Janssen (Belgium),Belgium,,US-9708315-B2,2014,"1,2,4-triazolo[4,3-a]pyridine compounds and their use as positive allosteric modulators of MGLUR2 receptors"
1635,grid.20861.3d,California Institute of Technology,United States,CIT,US-9499903-B2,2015,Carbon nanotube foams with controllable mechanical properties
1636,grid.488228.c,Addex Therapeutics (Switzerland),Switzerland,,US-8937060-B2,2010,"1,2,4-triazolo [4,3-A] pyridine derivatives and their use for the treatment of prevention of neurological and psychiatric disorders"
1637,grid.452488.7,Ajinomoto (Japan),Japan,,US-9284584-B2,2014,Method for producing an L-amino acid using a bacterium of the family Enterobacteriaceae having enhanced expression of the flagella formation and motility cascade genes
1638,grid.488228.c,Addex Therapeutics (Switzerland),Switzerland,,US-9132122-B2,2013,"1′,3′-disubstituted-4-phenyl-3,4,5,6-tetrahydro-2H,1′H-[1,4′]bipyridinyl-2′-ones"
1639,grid.488228.c,Addex Therapeutics (Switzerland),Switzerland,,US-8691813-B2,2009,Indole and benzoxazine derivatives as modulators of metabotropic glutamate receptors
1640,grid.488228.c,Addex Therapeutics (Switzerland),Switzerland,,US-8748621-B2,2012,"1,3-disubstituted 4-(aryl-X-phenyl)-1H-pyridin-2-ones"
1641,grid.164295.d,"University of Maryland, College Park",United States,UMCP,US-20100306746-A1,2010,BINARY REWRITING WITHOUT RELOCATION INFORMATION
1642,grid.411024.2,"University of Maryland, Baltimore",United States,UMAB,US-20100306746-A1,2010,BINARY REWRITING WITHOUT RELOCATION INFORMATION
1643,grid.418621.8,Philips (Germany),Germany,,WO-2012117314-A1,2012,DETERMINATION OF A MAGNETIC RESONANCE IMAGING PULSE SEQUENCE PROTOCOL CLASSIFICATION
1644,grid.417284.c,Philips (Netherlands),Netherlands,,WO-2012117314-A1,2012,DETERMINATION OF A MAGNETIC RESONANCE IMAGING PULSE SEQUENCE PROTOCOL CLASSIFICATION
1645,grid.488228.c,Addex Therapeutics (Switzerland),Switzerland,,US-8946205-B2,2010,"1,2,4-triazolo[4,3-a]pyridine derivatives and their use as positive allosteric modulators of mGluR2 receptors"
1646,grid.480117.b,CJ CheilJedang (South Korea),South Korea,,EP-3159401-A4,2015,ESCHERICHIA SP. MICROORGANISM HAVING L-TRYPTOPHAN PRODUCTION CAPACITY AND METHOD FOR PRODUCING L-TRYPTOPHAN USING SAME
1647,grid.488228.c,Addex Therapeutics (Switzerland),Switzerland,,US-9085577-B2,2014,"7-aryl-1,2,4-triazolo[4,3-A]pyridine derivatives and their use as positive allosteric modulators of mGluR2 receptors"
1648,grid.16753.36,Northwestern University,United States,NU,US-9615758-B2,2014,Contribution of oxidative stress to AF electrograms
1649,grid.488228.c,Addex Therapeutics (Switzerland),Switzerland,,US-8697689-B2,2009,Indole and benzomorpholine derivatives as modulators of metabotropic glutamate receptors
1650,grid.488228.c,Addex Therapeutics (Switzerland),Switzerland,,US-9114138-B2,2008,"1′,3′-disubstituted-4-phenyl-3,4,5,6-tetrahydro-2H,1′H-[1,4′] bipyridinyl-2′-ones"
1651,grid.488228.c,Addex Therapeutics (Switzerland),Switzerland,,US-9266834-B2,2014,"1, 4-disubstituted 3-cyano-pyridone derivatives and their use as positive allosteric modulators of MGLUR2-receptors"
1652,grid.419905.0,Nestlé (Switzerland),Switzerland,,EP-2609814-A1,2011,Lactobacillus reuteri DSM 17938 for the development of cognitive function
1653,grid.419905.0,Nestlé (Switzerland),Switzerland,,WO-2015086789-A1,2014,USE OF A MODIFIED SWEET WHEY AND A MODIFIED SWEET WHEY CONTAINING INFANT FORMULA FOR PROMOTING THE POSTNATAL DEVELOPMENT OF THE INFANT CENTRAL NERVOUS SYSTEM AND RELATED COGNITIVE FUNCTIONS
1654,grid.239578.2,Cleveland Clinic,United States,,US-9926316-B2,2017,Antitumor derivatives for differentiation therapy
1655,grid.418628.1,Cleveland Clinic Florida,United States,,US-9926316-B2,2017,Antitumor derivatives for differentiation therapy
1656,grid.16753.36,Northwestern University,United States,NU,US-9907479-B2,2017,Contribution of oxidative stress to AF electrograms
1657,grid.488228.c,Addex Therapeutics (Switzerland),Switzerland,,US-8716480-B2,2010,"7-aryl-1,2,4-triazolo[4,3-a]pyridine derivatives and their use as positive allosteric modulators of mGluR2 receptors"
1658,grid.20861.3d,California Institute of Technology,United States,CIT,US-9616635-B2,2013,Multilayer foam structures of nominally-aligned carbon nanotubes (CNTS)
1659,grid.452365.3,Walt Disney (United States),United States,,US-9179285-B1,2014,Reflection-based location detection
1660,grid.488228.c,Addex Therapeutics (Switzerland),Switzerland,,US-9226930-B2,2014,"1,2,4-triazolo [4,3-a] pyridine derivatives and their use for the treatment of prevention of neurological and psychiatric disorders"
1661,grid.488228.c,Addex Therapeutics (Switzerland),Switzerland,,US-8785486-B2,2008,"Imidazo[1,2-A]pyridine derivatives and their use as positive allosteric modulators of mGluR2 receptors"
1662,grid.419619.2,Janssen (Belgium),Belgium,,US-8785486-B2,2008,"Imidazo[1,2-A]pyridine derivatives and their use as positive allosteric modulators of mGluR2 receptors"
1663,grid.488228.c,Addex Therapeutics (Switzerland),Switzerland,,US-9067891-B2,2012,"1,4-disubstituted 3-cyano-pyridone derivatives and their use as positive allosteric modulators of mGluR2-receptors"
1664,grid.458513.e,Tianjin Institute of Industrial Biotechnology,China,TIB,US-9896734-B2,2013,Asparaginic acid kinase III mutant and host cells and use thereof
1665,grid.488228.c,Addex Therapeutics (Switzerland),Switzerland,,US-10071095-B2,2017,"1,2,4-triazolo [4,3-A] pyridine derivatives and their use for the treatment of neurological and psychiatric disorders"
1666,grid.488228.c,Addex Therapeutics (Switzerland),Switzerland,,US-8691849-B2,2009,3-azabicyclo[3.1.0]hexyl derivatives as modulators of metabotropic glutamate receptors
1667,grid.20861.3d,California Institute of Technology,United States,CIT,US-9505615-B2,2013,Method for controlling microstructural arrangement of nominally-aligned arrays of carbon nanotubes
1668,grid.20861.3d,California Institute of Technology,United States,CIT,US-9045343-B2,2012,Carbon nanotube foams with controllable mechanical properties
1669,grid.480117.b,CJ CheilJedang (South Korea),South Korea,,US-10053698-B2,2014,Recombinant microorganisms of Escherichia with L-threonine productivity and method of producing L-threonine using the same
1670,grid.16753.36,Northwestern University,United States,NU,US-9932588-B2,2014,Inhibition of oxidative stress in atrial fibrillation
1671,grid.488228.c,Addex Therapeutics (Switzerland),Switzerland,,US-9737533-B2,2015,"1,2,4-triazolo [4,3-A] pyridine derivatives and their use for the treatment of prevention of neurological and psychiatric disorders"
1672,grid.21072.36,Yerevan State University,Armenia,YSU,US-8841323-B2,2007,"1, 4-disubstituted 3-cyano-pyridone derivatives and their use as positive allosteric modulators of MGLUR2-receptors"
1673,grid.488228.c,Addex Therapeutics (Switzerland),Switzerland,,US-8841323-B2,2007,"1, 4-disubstituted 3-cyano-pyridone derivatives and their use as positive allosteric modulators of MGLUR2-receptors"
1674,grid.47100.32,Yale University,United States,,US-9828639-B2,2013,Identification of gene associated with reading disability and uses therefor
1675,grid.8756.c,University of Glasgow,United Kingdom,,US-9642875-B2,2013,Compounds and their effects on appetite control and insulin sensitivity
1676,grid.420918.6,Imperial Innovations (United Kingdom),United Kingdom,,US-9642875-B2,2013,Compounds and their effects on appetite control and insulin sensitivity
1677,grid.222754.4,Korea University,South Korea,,WO-2017171482-A1,2017,INFRARED DEVICE USING INTRA-BAND ELECTRON TRANSITION OF NON-STOICHIOMETRIC COLLOIDAL QUANTUM DOTS
1678,grid.453400.6,Huawei Technologies (China),China,,EP-2898720-A4,2013,SYSTEMS AND METHODS FOR INTERFERENCE ALIGNMENT IN WI-FI
1679,grid.435078.d,Huawei Technologies (Sweden),Sweden,,WO-2015051828-A1,2013,METHOD AND CONTROL MEANS FOR ALLOCATING SUBCARRIERS OF A FREQUENCY SPECTRUM TO OPERATORS AS WELL AS CORRESPONDING BASE STATION
1680,grid.419815.0,Microsoft (United States),United States,,US-9986438-B2,2016,Hierarchical spectrum coordination
1681,grid.266832.b,University of New Mexico,United States,UNM,US-9125899-B1,2011,Modulators of GTPases and their use
1682,grid.13097.3c,King's College London,United Kingdom,KCL,US-9138495-B2,2011,Conjugates and their uses in molecular imaging
1683,grid.419815.0,Microsoft (United States),United States,,WO-2017127317-A1,2017,HIERARCHICAL SPECTRUM COORDINATION
1684,grid.222754.4,Korea University,South Korea,,WO-2018056570-A1,2017,SINGLE ELECTRON-OCCUPIED QUANTUM DOTS AND METHOD FOR CONTROLLING MAGNETISM THEREOF
1685,grid.453400.6,Huawei Technologies (China),China,,EP-3247164-A1,2013,SYSTEMS AND METHODS FOR INTERFERENCE ALIGNMENT IN WI-FI
1686,grid.6936.a,Technical University Munich,Germany,TUM,WO-2015173112-A1,2015,GLYPICAN-3-SPECIFIC T-CELL RECEPTORS AND THEIR USES FOR IMMUNOTHERAPY OF HEPATOCELLULAR CARCINOMA
1687,grid.266515.3,University of Kansas,United States,KU,US-9238030-B2,2012,"Methods for treatment of diseases and disorders related to transducin β-like protein 1 (TBL1) activity, including myeloproliferative neoplasia and chronic myeloid leukemia"
1688,grid.484017.e,BetaCat Pharmaceuticals (United States),United States,,US-9238030-B2,2012,"Methods for treatment of diseases and disorders related to transducin β-like protein 1 (TBL1) activity, including myeloproliferative neoplasia and chronic myeloid leukemia"
1689,grid.437723.6,Sick (Germany),Germany,,EP-2985626-A1,2015,METHOD FOR SIMULTANEOUS DATA TRANSMISSION AND DISTANCE MEASUREMENT
1690,grid.13097.3c,King's College London,United Kingdom,KCL,US-9990863-B2,2014,Perfusion phantom device
1691,grid.5330.5,University of Erlangen-Nuremberg,Germany,FAU,DE-102013205576-A1,2013,"A method for generating a motion correction for pet data, method for producing pet images as well as correspondingly configured mr-conditioning and pet-conditioning"
1692,grid.5406.7,Siemens (Germany),Germany,,DE-102013205576-A1,2013,"A method for generating a motion correction for pet data, method for producing pet images as well as correspondingly configured mr-conditioning and pet-conditioning"
1693,grid.45672.32,King Abdullah University of Science and Technology,Saudi Arabia,KAUST,US-10085967-B2,2017,Treatment of sickle cell disease
1694,grid.4305.2,University of Edinburgh,United Kingdom,,WO-2016170331-A1,2016,RHEUMATOID ARTHRITIS PATIENT STRATIFICATION
1695,grid.5596.f,KU Leuven,Belgium,KUL,WO-2016065435-A2,2015,METHODS FOR LOW TEMPERATURE FLUORINE-18 RADIOLABELING OF BIOMOLECULES
1696,grid.4444.0,French National Centre for Scientific Research,France,CNRS,WO-2018069232-A1,2017,METHODS FOR PREDICTING THE RISK OF HAVING CARDIAC HYPERTROPHY
1697,grid.7429.8,French Institute of Health and Medical Research,France,INSERM,WO-2018069232-A1,2017,METHODS FOR PREDICTING THE RISK OF HAVING CARDIAC HYPERTROPHY
1698,grid.10992.33,Paris Descartes University,France,,WO-2018069232-A1,2017,METHODS FOR PREDICTING THE RISK OF HAVING CARDIAC HYPERTROPHY
1699,grid.47100.32,Yale University,United States,,WO-2012119013-A1,2012,PREDICTING GASTROENTEROPANCREATIC NEUROENDOCRINE NEOPLASMS (GEP-NENs)
1700,grid.6936.a,Technical University Munich,Germany,TUM,EP-2944652-A1,2014,Glypican-3-specific T-cell receptors and their uses for immunotherapy of hepatocellular carcinoma
1701,grid.45672.32,King Abdullah University of Science and Technology,Saudi Arabia,KAUST,US-9655905-B2,2012,Treatment of sickle cell disease
1702,grid.419233.e,Siemens (United States),United States,,US-9990741-B2,2016,Motion correction in a projection domain in time of flight positron emission tomography
1703,grid.419619.2,Janssen (Belgium),Belgium,,WO-2016069976-A1,2015,THIAZOLES AS MODULATORS OF RORyt
1704,grid.13097.3c,King's College London,United Kingdom,KCL,WO-2017144897-A1,2017,BIOMARKERS FOR RESPONSE TO BIP (RASOLVIR™)
1705,grid.419619.2,Janssen (Belgium),Belgium,,WO-2017189661-A1,2017,6-AMINOPYRIDIN-3-YL THIAZOLES AS MODULATORS OF RORγT
1706,grid.4989.c,Université Libre de Bruxelles,Belgium,ULB,WO-2012097903-A1,2011,METHYLATION PATTERNS OF TYPE 2 DIABETES PATIENTS
1707,grid.479509.6,Sanford Burnham Prebys Medical Discovery Institute,United States,SBP,WO-2013123403-A1,2013,THERANOSTICS PLATFORM AND METHODS OF USE
1708,grid.419619.2,Janssen (Belgium),Belgium,,WO-2015057206-A1,2013,SECONDARY ALCOHOL QUINOLINYL MODULATORS OF RORyt
1709,grid.425132.3,IntegraGen (France),France,,WO-2013132074-A3,2013,A GENOTYPING TEST FOR ASSESSING RISK OF AUTISM
1710,grid.417429.d,Johnson & Johnson (United States),United States,J&J,US-9250172-B2,2013,Systems and methods for predicting metabolic and bariatric surgery outcomes
1711,grid.418722.a,Celgene (United States),United States,Celgene,US-9134325-B2,2013,Resistance biomarkers for HDAC inhibitors
1712,grid.419619.2,Janssen (Belgium),Belgium,,WO-2014062667-A1,2013,PHENYL LINKED QUINOLINYL MODULATORS OF ROR-GAMMA-T
1713,grid.419619.2,Janssen (Belgium),Belgium,,WO-2016069974-A1,2015,TRIFLUOROMETHYL ALCOHOLS AS MODULATORS OF RORyt
1714,grid.423340.2,Pacific Biosciences (United States),United States,,US-9238836-B2,2013,Methods and compositions for sequencing modified nucleic acids
1715,grid.425132.3,IntegraGen (France),France,,WO-2013132074-A2,2013,A GENOTYPING TEST FOR ASSESSING RISK OF AUTISM
1716,grid.418195.0,Babraham Institute,United Kingdom,,WO-2017208001-A1,2017,BIOMARKERS FOR PLATELET DISORDERS
1717,grid.277151.7,Centre Hospitalier Universitaire de Nantes,France,CHU,WO-2014203214-A1,2014,MARKERS FOR LONG-TERM KIDNEY GRAFT DYSFUNCTION
1718,grid.4817.a,University of Nantes,France,,WO-2014203214-A1,2014,MARKERS FOR LONG-TERM KIDNEY GRAFT DYSFUNCTION
1719,grid.7429.8,French Institute of Health and Medical Research,France,INSERM,WO-2014203214-A1,2014,MARKERS FOR LONG-TERM KIDNEY GRAFT DYSFUNCTION
1720,grid.418722.a,Celgene (United States),United States,Celgene,AU-2012312308-B2,2012,Romidepsin and 5-azacitidine for use in treating lymphoma
1721,grid.417886.4,Amgen (United States),United States,"Amgen, Inc.",EP-2493925-B1,2010,HUMAN IL-23 ANTIGEN BINDING PROTEINS
1722,grid.21729.3f,Columbia University,United States,CU,US-9733237-B2,2013,Methods for identifying candidates for the treatment of neurodegenerative diseases
1723,grid.417886.4,Amgen (United States),United States,"Amgen, Inc.",EP-3181586-A1,2010,HUMAN IL-23 ANTIGEN BINDING PROTEINS
1724,grid.66859.34,Broad Institute,United States,,WO-2016138488-A2,2016,"T CELL BALANCE GENE EXPRESSION, COMPOSITIONS OF MATTERS AND METHODS OF USE THEREOF"
1725,grid.62560.37,Brigham and Women's Hospital,United States,BWH,WO-2016138488-A2,2016,"T CELL BALANCE GENE EXPRESSION, COMPOSITIONS OF MATTERS AND METHODS OF USE THEREOF"
1726,grid.38142.3c,Harvard University,United States,,WO-2016138488-A2,2016,"T CELL BALANCE GENE EXPRESSION, COMPOSITIONS OF MATTERS AND METHODS OF USE THEREOF"
1727,grid.30389.31,University of California System,United States,,WO-2016138488-A2,2016,"T CELL BALANCE GENE EXPRESSION, COMPOSITIONS OF MATTERS AND METHODS OF USE THEREOF"
1728,grid.116068.8,Massachusetts Institute of Technology,United States,MIT,WO-2016138488-A2,2016,"T CELL BALANCE GENE EXPRESSION, COMPOSITIONS OF MATTERS AND METHODS OF USE THEREOF"
1729,grid.30389.31,University of California System,United States,,WO-2013142378-A1,2013,FAST DIAGNOSIS AND PERSONALIZED TREATMENTS FOR ACNE
1730,grid.50956.3f,Cedars-Sinai Medical Center,United States,,US-20120190698-A1,2012,METHODS OF PREDICTING THIOPURINE RESPONSE
1731,grid.476241.2,Croma Pharma (Austria),Austria,,WO-2018083326-A1,2017,HYDROGEN SULFIDE RELEASING POLYMER COMPOUNDS
1732,grid.411030.7,University of Illinois System,United States,,US-8664699-B2,2013,Methods and devices for fabricating and assembling printable semiconductor elements
1733,grid.38142.3c,Harvard University,United States,,US-8957075-B2,2010,O-GlcNAc transferase inhibitors and uses thereof
1734,grid.411030.7,University of Illinois System,United States,,US-9765934-B2,2012,Thermally managed LED arrays assembled by printing
1735,grid.16753.36,Northwestern University,United States,NU,US-9765934-B2,2012,Thermally managed LED arrays assembled by printing
1736,grid.450073.5,MC10 (United States),United States,,US-8886334-B2,2009,"Systems, methods, and devices using stretchable or flexible electronics for medical applications"
1737,grid.428605.d,Five Prime Therapeutics (United States),United States,,US-9200075-B2,2014,Nucleic acids encoding antibodies that bind colony stimulating factor 1 receptor (CSF1R)
1738,grid.81821.32,Hospital Universitario La Paz,Spain,,EP-2808027-A1,2013,Method for blocking tumour growth
1739,grid.411030.7,University of Illinois System,United States,,US-9691873-B2,2012,Transient devices designed to undergo programmable transformations
1740,grid.429997.8,Tufts University,United States,,US-9691873-B2,2012,Transient devices designed to undergo programmable transformations
1741,grid.428158.2,Children's Healthcare of Atlanta,United States,,US-9510752-B2,2013,Systems and methods for detecting blink inhibition as a marker of engagement and perceived stimulus salience
1742,grid.419905.0,Nestlé (Switzerland),Switzerland,,US-9540691-B2,2013,Assays and methods for selecting a treatment regimen for a subject with depression
1743,grid.32224.35,Massachusetts General Hospital,United States,MGH,US-9540691-B2,2013,Assays and methods for selecting a treatment regimen for a subject with depression
1744,grid.38142.3c,Harvard University,United States,,US-8524444-B2,2008,Methods and compositions for detections and modulating O-glycosylation
1745,grid.418158.1,Roche (United States),United States,Roche,US-9822400-B2,2014,"Methods for treating, diagnosing, and monitoring rheumatoid arthritis"
1746,grid.30389.31,University of California System,United States,,US-9403010-B2,2011,Specific deep brain stimulation for enhancement of memory
1747,grid.496432.e,Medipost (South Korea),South Korea,,US-8614191-B2,2012,Use of ICAM-1 for prevention or treatment of neurological diseases
1748,grid.450073.5,MC10 (United States),United States,,US-9159635-B2,2012,Flexible electronic structure
1749,grid.417570.0,Roche (Switzerland),Switzerland,,US-8728730-B2,2010,"Methods for treating, diagnosing, and monitoring rheumatoid arthritis"
1750,grid.418158.1,Roche (United States),United States,Roche,US-8728730-B2,2010,"Methods for treating, diagnosing, and monitoring rheumatoid arthritis"
1751,grid.467405.4,General Mills (United States),United States,,EP-2773357-A4,2012,METHODS AND COMPOSITIONS FOR MODULATING GASTROINTESTINAL BACTERIA TO PROMOTE HEALTH
1752,grid.418398.f,Hans Knöll Institute,Germany,HKI,US-9969796-B2,2014,Peptides and binding partners therefor
1753,grid.13097.3c,King's College London,United Kingdom,KCL,US-9969796-B2,2014,Peptides and binding partners therefor
1754,grid.411030.7,University of Illinois System,United States,,US-9761444-B2,2016,Methods and devices for fabricating and assembling printable semiconductor elements
1755,grid.411030.7,University of Illinois System,United States,,US-8440546-B2,2011,Methods and devices for fabricating and assembling printable semiconductor elements
1756,grid.450073.5,MC10 (United States),United States,,US-8372726-B2,2010,Methods and applications of non-planar imaging arrays
1757,grid.168010.e,Stanford University,United States,SU,US-9901082-B2,2013,Genetically modified non-human animals and methods of use thereof
1758,grid.47100.32,Yale University,United States,,US-9901082-B2,2013,Genetically modified non-human animals and methods of use thereof
1759,grid.418961.3,Regeneron (United States),United States,,US-9901082-B2,2013,Genetically modified non-human animals and methods of use thereof
1760,grid.29078.34,University of Italian Switzerland,Switzerland,USI,US-9901082-B2,2013,Genetically modified non-human animals and methods of use thereof
1761,grid.116068.8,Massachusetts Institute of Technology,United States,MIT,US-9861810-B2,2013,Methods and apparatus for stimulating and recording neural activity
1762,grid.438526.e,Virginia Tech,United States,,US-9916416-B2,2013,System and method for genotyping using informed error profiles
1763,grid.496432.e,Medipost (South Korea),South Korea,,US-9439931-B2,2013,Administering umbilical cord blood-derived mesenchymal stem cells to treat nerve injury
1764,grid.10761.31,Unilever (Netherlands),Netherlands,,EP-3192496-A1,2017,ORAL CARE COMPOSITIONS
1765,grid.418707.d,Unilever (United Kingdom),United Kingdom,,EP-3192496-A1,2017,ORAL CARE COMPOSITIONS
1766,grid.29857.31,Pennsylvania State University,United States,PSU,US-9986924-B2,2013,Implantable biomedical devices on bioresorbable substrates
1767,grid.411030.7,University of Illinois System,United States,,US-9986924-B2,2013,Implantable biomedical devices on bioresorbable substrates
1768,grid.25879.31,University of Pennsylvania,United States,,US-9986924-B2,2013,Implantable biomedical devices on bioresorbable substrates
1769,grid.16753.36,Northwestern University,United States,NU,US-9986924-B2,2013,Implantable biomedical devices on bioresorbable substrates
1770,grid.429997.8,Tufts University,United States,,US-9986924-B2,2013,Implantable biomedical devices on bioresorbable substrates
1771,grid.419905.0,Nestlé (Switzerland),Switzerland,,US-9546401-B2,2013,Assays and methods for selecting a treatment regimen for a subject with depression
1772,grid.32224.35,Massachusetts General Hospital,United States,MGH,US-9546401-B2,2013,Assays and methods for selecting a treatment regimen for a subject with depression
1773,grid.411030.7,University of Illinois System,United States,,US-9554484-B2,2013,Appendage mountable electronic devices conformable to surfaces
1774,grid.47100.32,Yale University,United States,,US-9986724-B2,2016,Genetically modified non-human animals and methods of use thereof
1775,grid.418961.3,Regeneron (United States),United States,,US-9986724-B2,2016,Genetically modified non-human animals and methods of use thereof
1776,grid.29078.34,University of Italian Switzerland,Switzerland,USI,US-9986724-B2,2016,Genetically modified non-human animals and methods of use thereof
1777,grid.428605.d,Five Prime Therapeutics (United States),United States,,US-10040858-B2,2015,Anti-CSF1R antibodies for treating PVNS
1778,grid.450073.5,MC10 (United States),United States,,US-9723122-B2,2010,Protective cases with integrated electronics
1779,grid.5284.b,University of Antwerp,Belgium,,WO-2013041577-A1,2012,METHODS FOR THE DIAGNOSIS OF AMYOTROPHIC LATERAL SCLEROSIS AND FRONTOTEMPORAL LOBAR DEGENERATION
1780,grid.185669.5,Illumina (United States),United States,,US-20130338012-A1,2011,GENETIC RISK FACTORS OF SICK SINUS SYNDROME
1781,grid.421812.c,deCODE Genetics (Iceland),Iceland,,US-20130338012-A1,2011,GENETIC RISK FACTORS OF SICK SINUS SYNDROME
1782,grid.38142.3c,Harvard University,United States,,US-8993718-B2,2013,Methods and compositions for detecting and modulating O-glycosylation
1783,grid.418961.3,Regeneron (United States),United States,,US-9655352-B2,2014,Humanized M-CSF mice
1784,grid.29078.34,University of Italian Switzerland,Switzerland,USI,US-9655352-B2,2014,Humanized M-CSF mice
1785,grid.47100.32,Yale University,United States,,US-9655352-B2,2014,Humanized M-CSF mice
1786,grid.450073.5,MC10 (United States),United States,,US-9289132-B2,2009,Catheter balloon having stretchable integrated circuitry and sensor array
1787,grid.450073.5,MC10 (United States),United States,,US-8389862-B2,2009,Extremely stretchable electronics
1788,grid.418312.d,Bio-Rad (United States),United States,,US-20160076099-A1,2015,ANALYSIS OF NUCLEIC ACIDS
1789,grid.429997.8,Tufts University,United States,,US-9936574-B2,2011,Waterproof stretchable optoelectronics
1790,grid.411030.7,University of Illinois System,United States,,US-9936574-B2,2011,Waterproof stretchable optoelectronics
1791,grid.10761.31,Unilever (Netherlands),Netherlands,,EP-3192495-A1,2016,ORAL CARE COMPOSITIONS
1792,grid.418707.d,Unilever (United Kingdom),United Kingdom,,EP-3192495-A1,2016,ORAL CARE COMPOSITIONS
1793,grid.418412.a,Boehringer Ingelheim (United States),United States,Boehringer Ingelheim Pharmaceuticals,WO-2015085242-A1,2014,SKIN INNATE RESPONSE LINKED TO PROTECTIVE INTRADERMAL VACCINATION AGAINST RESPIRATORY INFECTION
1794,grid.428605.d,Five Prime Therapeutics (United States),United States,,US-9957327-B2,2016,Antibodies that bind colony stimulating factor 1 receptor (CSF1R)
1795,grid.10761.31,Unilever (Netherlands),Netherlands,,EP-3192494-A1,2016,ORAL CARE COMPOSITIONS
1796,grid.418707.d,Unilever (United Kingdom),United Kingdom,,EP-3192494-A1,2016,ORAL CARE COMPOSITIONS
1797,grid.418707.d,Unilever (United Kingdom),United Kingdom,,EP-3192498-A1,2017,ORAL CARE COMPOSITIONS
1798,grid.10761.31,Unilever (Netherlands),Netherlands,,EP-3192498-A1,2017,ORAL CARE COMPOSITIONS
1799,grid.41891.35,Montana State University,United States,MSU,US-9452205-B2,2013,Recombinant Lactococcus lactis expressing Escherichia coli colonization factor antigen I (CFA/I) fimbriae and their methods of use
1800,grid.460394.c,Montana State University System,United States,,US-9452205-B2,2013,Recombinant Lactococcus lactis expressing Escherichia coli colonization factor antigen I (CFA/I) fimbriae and their methods of use
1801,grid.419971.3,Bristol-Myers Squibb (United States),United States,BMS,US-9765147-B2,2015,Anti-CSFR1 antibody and anti PD-1 antibody combination therapy for cancer
1802,grid.428605.d,Five Prime Therapeutics (United States),United States,,US-9765147-B2,2015,Anti-CSFR1 antibody and anti PD-1 antibody combination therapy for cancer
1803,grid.432000.5,Alfred Mann Foundation,United States,AMF,US-8442614-B2,2010,Stiffness enhanced filaments
1804,grid.25879.31,University of Pennsylvania,United States,,US-8666471-B2,2010,Implantable biomedical devices on bioresorbable substrates
1805,grid.411030.7,University of Illinois System,United States,,US-8666471-B2,2010,Implantable biomedical devices on bioresorbable substrates
1806,grid.429997.8,Tufts University,United States,,US-8666471-B2,2010,Implantable biomedical devices on bioresorbable substrates
1807,grid.16753.36,Northwestern University,United States,NU,US-8666471-B2,2010,Implantable biomedical devices on bioresorbable substrates
1808,grid.29857.31,Pennsylvania State University,United States,PSU,US-8666471-B2,2010,Implantable biomedical devices on bioresorbable substrates
1809,grid.29857.31,Pennsylvania State University,United States,PSU,US-8934965-B2,2012,Conformable actively multiplexed high-density surface electrode array for brain interfacing
1810,grid.25879.31,University of Pennsylvania,United States,,US-8934965-B2,2012,Conformable actively multiplexed high-density surface electrode array for brain interfacing
1811,grid.411030.7,University of Illinois System,United States,,US-8934965-B2,2012,Conformable actively multiplexed high-density surface electrode array for brain interfacing
1812,grid.428605.d,Five Prime Therapeutics (United States),United States,,US-9695243-B2,2015,Antibodies that bind colony stimulating factor 1 receptor (CSF1R)
1813,grid.411030.7,University of Illinois System,United States,,US-9450043-B2,2014,Methods and devices for fabricating and assembling printable semiconductor elements
1814,grid.410825.a,Toshiba (Japan),Japan,,US-9053541-B2,2012,Image registration
1815,grid.471046.0,Canon (Japan),Japan,,US-9053541-B2,2012,Image registration
1816,grid.29078.34,University of Italian Switzerland,Switzerland,USI,US-9820476-B2,2013,Genetically modified non-human animals and methods of use thereof
1817,grid.418961.3,Regeneron (United States),United States,,US-9820476-B2,2013,Genetically modified non-human animals and methods of use thereof
1818,grid.47100.32,Yale University,United States,,US-9820476-B2,2013,Genetically modified non-human animals and methods of use thereof
1819,grid.411030.7,University of Illinois System,United States,,US-10052066-B2,2016,Appendage mountable electronic devices conformable to surfaces
1820,grid.450073.5,MC10 (United States),United States,,US-9171794-B2,2013,Embedding thin chips in polymer
1821,grid.410425.6,City Of Hope National Medical Center,United States,,US-9636386-B2,2014,Attenuated Salmonella bacteria and methods of using
1822,grid.460394.c,Montana State University System,United States,,WO-2014047625-A1,2013,RECOMBINANT LACTOCOCCUS LACTIS EXPRESSING ESCHERICHIA COLI COLONIZATION FACTOR ANTIGEN I (CFA/I) FIMBRIAE AND THEIR METHODS OF USE
1823,grid.432167.5,Axion Biosystems (United States),United States,,US-9248273-B2,2013,3D microelectrode device for live tissue applications
1824,grid.213917.f,Georgia Institute of Technology,United States,GT,US-9248273-B2,2013,3D microelectrode device for live tissue applications
1825,grid.421812.c,deCODE Genetics (Iceland),Iceland,,WO-2013061342-A1,2012,VARIANTS CONFERRING RISK OF INTRACRANIAL ANEURYSM AND ABDOMINAL AORTIC ANEURYSM
1826,grid.185669.5,Illumina (United States),United States,,WO-2013061342-A1,2012,VARIANTS CONFERRING RISK OF INTRACRANIAL ANEURYSM AND ABDOMINAL AORTIC ANEURYSM
1827,grid.428158.2,Children's Healthcare of Atlanta,United States,,US-10016156-B2,2016,Systems and methods for detecting blink inhibition as a marker of engagement and perceived stimulus salience
1828,grid.450073.5,MC10 (United States),United States,,US-9012784-B2,2013,Extremely stretchable electronics
1829,grid.428158.2,Children's Healthcare of Atlanta,United States,,US-9861307-B2,2016,Systems and methods for detecting blink inhibition as a marker of engagement and perceived stimulus salience
1830,grid.428158.2,Children's Healthcare of Atlanta,United States,,US-10052057-B2,2013,Systems and methods for detecting blink inhibition as a marker of engagement and perceived stimulus salience
1831,grid.419946.7,Genethon (France),France,,EP-3187589-A3,2010,BACULOVIRUS-BASED PRODUCTION OF BIOPHARMACEUTICALS FREE OF CONTAMINATING BACULOVIRAL VIRIONS
1832,grid.419946.7,Genethon (France),France,,US-9862934-B2,2015,Baculovirus-based production of biopharmaceuticals free of contaminating baculoviral virions
1833,grid.413449.f,Tel Aviv Sourasky Medical Center,Israel,,EP-2727944-A1,2012,Depletion of CCR2-positive monocytes for the treatment of inflammatory conditions in the gastrointestinal system
1834,grid.411941.8,University Hospital Regensburg,Germany,UKR,EP-2727944-A1,2012,Depletion of CCR2-positive monocytes for the treatment of inflammatory conditions in the gastrointestinal system
1835,grid.471336.4,Yeda Research and Development (Israel),Israel,,EP-2727944-A1,2012,Depletion of CCR2-positive monocytes for the treatment of inflammatory conditions in the gastrointestinal system
1836,grid.411030.7,University of Illinois System,United States,,US-9768086-B2,2016,Methods and devices for fabricating and assembling printable semiconductor elements
1837,grid.428605.d,Five Prime Therapeutics (United States),United States,,US-8747845-B2,2012,Methods of treatment by administering antibodies that bind colony stimulating factor 1 receptor (CSF1R)
1838,grid.450073.5,MC10 (United States),United States,,US-8536667-B2,2011,"Systems, methods, and devices having stretchable integrated circuitry for sensing and delivering therapy"
1839,grid.39382.33,Baylor College of Medicine,United States,BCM,AU-2016253549-B2,2016,REVERSING THE EFFECTS OF THE TUMOR MICROENVIRONMENT USING CHIMERIC CYTOKINE RECEPTORS
1840,grid.282569.2,Ionis Pharmaceuticals (United States),United States,,EP-2480667-A4,2010,MODULATION OF TTC39 EXPRESSION TO INCREASE HDL
1841,grid.455360.1,Apple (United States),United States,,US-9626955-B2,2016,Intelligent text-to-speech conversion
1842,grid.239395.7,Beth Israel Deaconess Medical Center,United States,BIDMC,US-9575072-B2,2009,Diagnostic and therapeutic uses of gelsolin in renal failure
1843,grid.32224.35,Massachusetts General Hospital,United States,MGH,US-9575072-B2,2009,Diagnostic and therapeutic uses of gelsolin in renal failure
1844,grid.62560.37,Brigham and Women's Hospital,United States,BWH,US-9575072-B2,2009,Diagnostic and therapeutic uses of gelsolin in renal failure
1845,grid.455360.1,Apple (United States),United States,,US-9668024-B2,2016,Intelligent automated assistant for TV user interactions
1846,grid.455360.1,Apple (United States),United States,,US-10074360-B2,2015,Providing an indication of the suitability of speech recognition
1847,grid.455360.1,Apple (United States),United States,,US-9633660-B2,2015,User profiling for voice input processing
1848,grid.455360.1,Apple (United States),United States,,US-10049663-B2,2016,Intelligent automated assistant for media exploration
1849,grid.455360.1,Apple (United States),United States,,US-9959870-B2,2009,Speech recognition involving a mobile device
1850,grid.418765.9,Eisai (Japan),Japan,,US-9581604-B2,2011,Biomarker for alzheimer's disease or mild cognitive impairment
1851,grid.455360.1,Apple (United States),United States,,US-10083688-B2,2015,Device voice control for selecting a displayed affordance
1852,grid.39009.33,Merck (Germany),Germany,,WO-2013135359-A1,2013,TARGETING AMINOACID LIPIDS
1853,grid.418356.d,United States Department of Veterans Affairs,United States,VA ,US-9066903-B2,2007,Pharmacological treatment of Parkinson's disease
1854,grid.455360.1,Apple (United States),United States,,US-10049675-B2,2017,User profiling for voice input processing
1855,grid.25879.31,University of Pennsylvania,United States,,US-9408891-B2,2006,Methods of using gelsolin to treat or prevent bacterial sepsis
1856,grid.29857.31,Pennsylvania State University,United States,PSU,US-9408891-B2,2006,Methods of using gelsolin to treat or prevent bacterial sepsis
1857,grid.410484.d,IBM (United States),United States,,US-8914452-B2,2012,Automatically generating a personalized digest of meetings
1858,grid.13097.3c,King's College London,United Kingdom,KCL,WO-2015087087-A1,2014,BIOMARKERS AND METHODS RELATING TO ALZHEIMER'S DISEASE
1859,grid.428240.8,Evotec (Germany),Germany,,US-8859545-B2,2010,"Tetrahydronaphthyridine and tetrahydropyrido[4,3-D]pyrimidine compounds and compositions thereof useful for the treatment of inflammatory and respiratory diseases"
1860,grid.419815.0,Microsoft (United States),United States,,WO-2014197282-A1,2014,CAPTURE SERVICES THROUGH COMMUNICATION CHANNELS
1861,grid.418722.a,Celgene (United States),United States,Celgene,AU-2014214850-B2,2014,Modified T lymphocytes having improved specificity
1862,grid.25879.31,University of Pennsylvania,United States,,WO-2012174055-A1,2012,WOUND HEALING USING COMPLEMENT INHIBITORS
1863,grid.29857.31,Pennsylvania State University,United States,PSU,WO-2012174055-A1,2012,WOUND HEALING USING COMPLEMENT INHIBITORS
1864,grid.488228.c,Addex Therapeutics (Switzerland),Switzerland,,US-8906939-B2,2008,3-cyano-4-(4-tetrahydropyran-phenyl)-pyridin-2-one derivatives
1865,grid.419619.2,Janssen (Belgium),Belgium,,US-8906939-B2,2008,3-cyano-4-(4-tetrahydropyran-phenyl)-pyridin-2-one derivatives
1866,grid.488228.c,Addex Therapeutics (Switzerland),Switzerland,,US-8722894-B2,2008,"1,3-disubstituted-4-phenyl-1H-pyridin-2-ones"
1867,grid.455360.1,Apple (United States),United States,,US-9715875-B2,2014,Reducing the need for manual start/end-pointing and trigger phrases
1868,grid.62560.37,Brigham and Women's Hospital,United States,BWH,US-8440622-B2,2007,Use of gelsolin to treat multiple sclerosis and to diagnose neurologic disease (stossel)
1869,grid.280427.b,Bloodcenter of Wisconsin,United States,,US-8440622-B2,2007,Use of gelsolin to treat multiple sclerosis and to diagnose neurologic disease (stossel)
1870,grid.419619.2,Janssen (Belgium),Belgium,,US-9708315-B2,2014,"1,2,4-triazolo[4,3-a]pyridine compounds and their use as positive allosteric modulators of MGLUR2 receptors"
1871,grid.39009.33,Merck (Germany),Germany,,US-9878044-B2,2013,Targeting aminoacid lipids
1872,grid.32224.35,Massachusetts General Hospital,United States,MGH,US-9476046-B2,2015,Methods targeting miR-128 for regulating cholesterol/lipid metabolism
1873,grid.455360.1,Apple (United States),United States,,US-9535906-B2,2015,Mobile device having human language translation capability with positional feedback
1874,grid.455360.1,Apple (United States),United States,,US-9966068-B2,2014,Interpreting and acting upon commands that involve sharing information with remote devices
1875,grid.137628.9,New York University,United States,NYU,US-9376663-B2,2014,GPR15-mediated homing and uses thereof
1876,grid.455360.1,Apple (United States),United States,,US-9338493-B2,2014,Intelligent automated assistant for TV user interactions
1877,grid.455360.1,Apple (United States),United States,,US-10078631-B2,2015,Entropy-guided text prediction using combined word and character n-gram language models
1878,grid.455360.1,Apple (United States),United States,,US-9760559-B2,2015,Predictive text input
1879,grid.488228.c,Addex Therapeutics (Switzerland),Switzerland,,US-8937060-B2,2010,"1,2,4-triazolo [4,3-A] pyridine derivatives and their use for the treatment of prevention of neurological and psychiatric disorders"
1880,grid.7429.8,French Institute of Health and Medical Research,France,INSERM,EP-1392345-B2,2002,USE OF HEPCIDIN FOR PREPARING A MEDICAMENT FOR TREATING DISORDERS OF IRON HOMEOSTASIS
1881,grid.488228.c,Addex Therapeutics (Switzerland),Switzerland,,US-9132122-B2,2013,"1′,3′-disubstituted-4-phenyl-3,4,5,6-tetrahydro-2H,1′H-[1,4′]bipyridinyl-2′-ones"
1882,grid.488228.c,Addex Therapeutics (Switzerland),Switzerland,,US-8691813-B2,2009,Indole and benzoxazine derivatives as modulators of metabotropic glutamate receptors
1883,grid.455360.1,Apple (United States),United States,,US-9842101-B2,2015,Predictive conversion of language input
1884,grid.475435.4,Rigshospitalet,Denmark,,WO-2013011378-A1,2012,DIAGNOSTIC MICRORNA PROFILING IN CUTANEOUS T-CELL LYMPHOMA (CTCL)
1885,grid.5254.6,University of Copenhagen,Denmark,UCPH,WO-2013011378-A1,2012,DIAGNOSTIC MICRORNA PROFILING IN CUTANEOUS T-CELL LYMPHOMA (CTCL)
1886,grid.425023.2,Exiqon (Denmark),Denmark,,WO-2013011378-A1,2012,DIAGNOSTIC MICRORNA PROFILING IN CUTANEOUS T-CELL LYMPHOMA (CTCL)
1887,grid.411646.0,Gentofte Hospital,Denmark,,WO-2013011378-A1,2012,DIAGNOSTIC MICRORNA PROFILING IN CUTANEOUS T-CELL LYMPHOMA (CTCL)
1888,grid.420009.f,Leo pharma (Denmark),Denmark,,WO-2013011378-A1,2012,DIAGNOSTIC MICRORNA PROFILING IN CUTANEOUS T-CELL LYMPHOMA (CTCL)
1889,grid.497906.5,Autolus (United Kingdom),United Kingdom,,WO-2017029512-A1,2016,CHIMERIC CYTOKINE RECEPTOR
1890,grid.455360.1,Apple (United States),United States,,US-9842105-B2,2015,Parsimonious continuous-space phrase representations for natural language processing
1891,grid.455360.1,Apple (United States),United States,,US-9986419-B2,2017,Social reminders
1892,grid.488228.c,Addex Therapeutics (Switzerland),Switzerland,,US-8748621-B2,2012,"1,3-disubstituted 4-(aryl-X-phenyl)-1H-pyridin-2-ones"
1893,grid.455360.1,Apple (United States),United States,,US-9798393-B2,2015,Text correction processing
1894,grid.62560.37,Brigham and Women's Hospital,United States,BWH,US-9316639-B2,2012,Use of gelsolin to diagnose and treat inflammatory diseases
1895,grid.418765.9,Eisai (Japan),Japan,,WO-2012053255-A1,2011,BIOMARKER FOR ALZHEIMER'S DISEASE OR MILD COGNITIVE IMPAIRMENT
1896,grid.455360.1,Apple (United States),United States,,US-9934775-B2,2016,Unit-selection text-to-speech synthesis based on predicted concatenation parameters
1897,grid.436559.8,Nordic Bioscience (Denmark),Denmark,,WO-2015067432-A1,2014,BIOMARKERS OF ALZHEIMMER'S DISEASE PROGRESSION
1898,grid.62560.37,Brigham and Women's Hospital,United States,BWH,US-10022424-B2,2005,Use of gelsolin to treat infections
1899,grid.428043.9,Shire (United States),United States,,US-9895428-B2,2014,Methods of treating antibody-mediated rejection in organ transplant patients with C1-esterase inhibitor
1900,grid.455360.1,Apple (United States),United States,,US-9582608-B2,2014,Unified ranking with entropy-weighted information for phrase-based semantic auto-completion
1901,grid.455360.1,Apple (United States),United States,,US-9330381-B2,2012,"Portable multifunction device, method, and graphical user interface for viewing and managing electronic calendars"
1902,grid.7429.8,French Institute of Health and Medical Research,France,INSERM,US-9234903-B2,2006,Hepcidin inhibitors for regulating iron homeostasis
1903,grid.455360.1,Apple (United States),United States,,US-9865280-B2,2015,Structured dictation using intelligent automated assistants
1904,grid.455360.1,Apple (United States),United States,,US-9922642-B2,2014,Training an at least partial voice command system
1905,grid.488228.c,Addex Therapeutics (Switzerland),Switzerland,,US-8946205-B2,2010,"1,2,4-triazolo[4,3-a]pyridine derivatives and their use as positive allosteric modulators of mGluR2 receptors"
1906,grid.455360.1,Apple (United States),United States,,US-9711141-B2,2014,Disambiguating heteronyms in speech synthesis
1907,grid.455360.1,Apple (United States),United States,,US-9646614-B2,2015,"Fast, language-independent method for user authentication by voice"
1908,grid.481005.8,Nasdaq (United States),United States,,US-20160306788-A1,2016,SYSTEMS AND METHODS FOR TRANSCRIPT PROCESSING
1909,grid.455360.1,Apple (United States),United States,,US-9971774-B2,2016,Voice-based media searching
1910,grid.32224.35,Massachusetts General Hospital,United States,MGH,US-9045749-B2,2012,Methods targeting miR-128 for regulating cholesterol/lipid metabolism
1911,grid.488228.c,Addex Therapeutics (Switzerland),Switzerland,,US-9085577-B2,2014,"7-aryl-1,2,4-triazolo[4,3-A]pyridine derivatives and their use as positive allosteric modulators of mGluR2 receptors"
1912,grid.455360.1,Apple (United States),United States,,US-9966065-B2,2015,Multi-command single utterance input method
1913,grid.21729.3f,Columbia University,United States,CU,US-8666475-B2,2011,Images of language-sensitive neurocircuitry as a diagnostic for autism
1914,grid.455360.1,Apple (United States),United States,,US-9300784-B2,2014,System and method for emergency calls initiated by voice command
1915,grid.419815.0,Microsoft (United States),United States,,US-20150179168-A1,2013,"Multi-user, Multi-domain Dialog System"
1916,grid.488228.c,Addex Therapeutics (Switzerland),Switzerland,,US-8697689-B2,2009,Indole and benzomorpholine derivatives as modulators of metabotropic glutamate receptors
1917,grid.488228.c,Addex Therapeutics (Switzerland),Switzerland,,US-9114138-B2,2008,"1′,3′-disubstituted-4-phenyl-3,4,5,6-tetrahydro-2H,1′H-[1,4′] bipyridinyl-2′-ones"
1918,grid.488228.c,Addex Therapeutics (Switzerland),Switzerland,,US-9266834-B2,2014,"1, 4-disubstituted 3-cyano-pyridone derivatives and their use as positive allosteric modulators of MGLUR2-receptors"
1919,grid.418195.0,Babraham Institute,United Kingdom,,WO-2017208001-A1,2017,BIOMARKERS FOR PLATELET DISORDERS
1920,grid.270240.3,Fred Hutchinson Cancer Research Center,United States,FHCRC,WO-2017193104-A1,2017,T-CELL IMMUNOTHERAPY SPECIFIC FOR MART-1
1921,grid.455360.1,Apple (United States),United States,,US-9190062-B2,2014,User profiling for voice input processing
1922,grid.455360.1,Apple (United States),United States,,US-9865248-B2,2017,Intelligent text-to-speech conversion
1923,grid.421812.c,deCODE Genetics (Iceland),Iceland,,WO-2011161700-A1,2011,GENETIC MARKERS FOR RISK MANAGEMENT OF VASCULAR DISEASE
1924,grid.455360.1,Apple (United States),United States,,US-9785630-B2,2015,Text prediction using combined word N-gram and unigram language models
1925,grid.9619.7,Hebrew University of Jerusalem,Israel,HUJI,WO-2013008240-A2,2012,LIPOSOMES CO-ENCAPSULATING A BISPHOSPHONATE AND AN AMPHIPATHIC AGENT
1926,grid.471255.0,Ricoh (Japan),Japan,,US-20130060593-A1,2011,MEETING PLANNER
1927,grid.431072.3,AbbVie (United States),United States,"Abbvie Biotherapeutics, Inc",US-9458231-B2,2011,Modulators and methods of use
1928,grid.455360.1,Apple (United States),United States,,US-9972304-B2,2016,Privacy preserving distributed evaluation framework for embedded personalized systems
1929,grid.455360.1,Apple (United States),United States,,US-9958987-B2,2017,Automated response to and sensing of user activity in portable devices
1930,grid.455360.1,Apple (United States),United States,,US-9646609-B2,2015,Caching apparatus for serving phonetic pronunciations
1931,grid.455360.1,Apple (United States),United States,,US-9966060-B2,2017,System and method for user-specified pronunciation of words for speech synthesis and recognition
1932,grid.488228.c,Addex Therapeutics (Switzerland),Switzerland,,US-8716480-B2,2010,"7-aryl-1,2,4-triazolo[4,3-a]pyridine derivatives and their use as positive allosteric modulators of mGluR2 receptors"
1933,grid.455360.1,Apple (United States),United States,,US-10049668-B2,2016,Applying neural network language models to weighted finite state transducers for automatic speech recognition
1934,grid.488228.c,Addex Therapeutics (Switzerland),Switzerland,,US-9226930-B2,2014,"1,2,4-triazolo [4,3-a] pyridine derivatives and their use for the treatment of prevention of neurological and psychiatric disorders"
1935,grid.455360.1,Apple (United States),United States,,US-10083690-B2,2017,Better resolution when referencing to concepts
1936,grid.488228.c,Addex Therapeutics (Switzerland),Switzerland,,US-8785486-B2,2008,"Imidazo[1,2-A]pyridine derivatives and their use as positive allosteric modulators of mGluR2 receptors"
1937,grid.419619.2,Janssen (Belgium),Belgium,,US-8785486-B2,2008,"Imidazo[1,2-A]pyridine derivatives and their use as positive allosteric modulators of mGluR2 receptors"
1938,grid.418765.9,Eisai (Japan),Japan,,AU-2011319319-B2,2011,Biomarker for Alzheimer's disease or mild cognitive impairment
1939,grid.497906.5,Autolus (United Kingdom),United Kingdom,,WO-2017068360-A1,2016,RECEPTOR
1940,grid.417284.c,Philips (Netherlands),Netherlands,,US-9600885-B2,2013,Temporal anatomical target tagging in angiograms
1941,grid.455360.1,Apple (United States),United States,,US-9899019-B2,2015,Systems and methods for structured stem and suffix language models
1942,grid.455360.1,Apple (United States),United States,,US-10067938-B2,2016,Multilingual word prediction
1943,grid.455360.1,Apple (United States),United States,,US-9633004-B2,2014,Better resolution when referencing to concepts
1944,grid.5252.0,Ludwig Maximilian University of Munich,Germany,LMU,EP-3112375-A1,2015,"ANTIGENIC PEPTIDES FOR THE DIAGNOSIS, THERAPY MONITORING AND/OR TREATMENT OF PSORIASIS VULGARIS"
1945,grid.455360.1,Apple (United States),United States,,US-9818400-B2,2015,Method and apparatus for discovering trending terms in speech requests
1946,grid.32224.35,Massachusetts General Hospital,United States,MGH,US-9789132-B2,2016,Methods targeting miR-128 for regulating cholesterol/lipid metabolism
1947,grid.488228.c,Addex Therapeutics (Switzerland),Switzerland,,US-9067891-B2,2012,"1,4-disubstituted 3-cyano-pyridone derivatives and their use as positive allosteric modulators of mGluR2-receptors"
1948,grid.455360.1,Apple (United States),United States,,US-9368114-B2,2014,Context-sensitive handling of interruptions
1949,grid.467237.3,Avaya (United States),United States,,US-9432517-B2,2013,"Methods, apparatuses, and systems for generating an action item in response to a detected audio trigger during a conversation"
1950,grid.455360.1,Apple (United States),United States,,US-9697820-B2,2015,Unit-selection text-to-speech synthesis using concatenation-sensitive neural networks
1951,grid.62560.37,Brigham and Women's Hospital,United States,BWH,EP-2002258-A2,2007,USE OF GELSOLIN TO TREAT MULTIPLE SCLEROSIS AND TO DIAGNOSE NEUROLOGIC DISEASES
1952,grid.280427.b,Bloodcenter of Wisconsin,United States,,EP-2002258-A2,2007,USE OF GELSOLIN TO TREAT MULTIPLE SCLEROSIS AND TO DIAGNOSE NEUROLOGIC DISEASES
1953,grid.418158.1,Roche (United States),United States,Roche,US-20140141436-A1,2013,Methods and Compositions for Very High Resolution Genotyping of HLA
1954,grid.455360.1,Apple (United States),United States,,US-9668121-B2,2015,Social reminders
1955,grid.21107.35,Johns Hopkins University,United States,JHU,EP-2593098-A2,2011,METHODS AND COMPOSITIONS FOR CANCER IMMUNOTHERAPY
1956,grid.47100.32,Yale University,United States,,EP-2593098-A2,2011,METHODS AND COMPOSITIONS FOR CANCER IMMUNOTHERAPY
1957,grid.21107.35,Johns Hopkins University,United States,JHU,EP-2593098-A4,2011,METHODS AND COMPOSITIONS FOR CANCER IMMUNOTHERAPY
1958,grid.47100.32,Yale University,United States,,EP-2593098-A4,2011,METHODS AND COMPOSITIONS FOR CANCER IMMUNOTHERAPY
1959,grid.488228.c,Addex Therapeutics (Switzerland),Switzerland,,US-10071095-B2,2017,"1,2,4-triazolo [4,3-A] pyridine derivatives and their use for the treatment of neurological and psychiatric disorders"
1960,grid.455360.1,Apple (United States),United States,,US-10079014-B2,2017,Name recognition system
1961,grid.419815.0,Microsoft (United States),United States,,US-9910840-B2,2015,Annotating notes from passive recording with categories
1962,grid.410484.d,IBM (United States),United States,,US-10043517-B2,2015,Audio-based event interaction analytics
1963,grid.189967.8,Emory University,United States,,US-8618077-B2,2012,Compositions and methods for treating fragile X premutation RVGG repeats-mediated toxicity
1964,grid.488228.c,Addex Therapeutics (Switzerland),Switzerland,,US-8691849-B2,2009,3-azabicyclo[3.1.0]hexyl derivatives as modulators of metabotropic glutamate receptors
1965,grid.467237.3,Avaya (United States),United States,,US-20130007635-A1,2011,TELECONFERENCING ADJUNCT AND USER INTERFACE TO SUPPORT TEMPORARY TOPIC-BASED EXCLUSIONS OF SPECIFIC PARTICIPANTS
1966,grid.455360.1,Apple (United States),United States,,US-9430463-B2,2014,Exemplar-based natural language processing
1967,grid.455360.1,Apple (United States),United States,,US-9886953-B2,2015,Virtual assistant activation
1968,grid.455360.1,Apple (United States),United States,,US-9977779-B2,2014,Automatic supplementation of word correction dictionaries
1969,grid.455360.1,Apple (United States),United States,,US-9953088-B2,2016,Crowd sourcing information to fulfill user requests
1970,grid.455360.1,Apple (United States),United States,,US-9721566-B2,2015,Competing devices responding to voice triggers
1971,grid.455360.1,Apple (United States),United States,,US-9886432-B2,2015,Parsimonious handling of word inflection via categorical stem + suffix N-gram language models
1972,grid.455360.1,Apple (United States),United States,,US-9633674-B2,2014,System and method for detecting errors in interactions with a voice-based digital assistant
1973,grid.455360.1,Apple (United States),United States,,US-9619079-B2,2016,Automated response to and sensing of user activity in portable devices
1974,grid.7429.8,French Institute of Health and Medical Research,France,INSERM,US-10004784-B2,2017,Use of hepcidin as a regulator of iron homeostasis
1975,grid.455360.1,Apple (United States),United States,,US-9733821-B2,2014,Voice control to diagnose inadvertent activation of accessibility features
1976,grid.282569.2,Ionis Pharmaceuticals (United States),United States,,EP-2480667-A1,2010,MODULATION OF TTC39 EXPRESSION TO INCREASE HDL
1977,grid.455360.1,Apple (United States),United States,,US-10078487-B2,2014,Context-sensitive handling of interruptions
1978,grid.455360.1,Apple (United States),United States,,US-10043516-B2,2016,Intelligent automated assistant
1979,grid.488228.c,Addex Therapeutics (Switzerland),Switzerland,,US-9737533-B2,2015,"1,2,4-triazolo [4,3-A] pyridine derivatives and their use for the treatment of prevention of neurological and psychiatric disorders"
1980,grid.455360.1,Apple (United States),United States,,US-9697822-B1,2014,System and method for updating an adaptive speech recognition model
1981,grid.455360.1,Apple (United States),United States,,US-9620104-B2,2014,System and method for user-specified pronunciation of words for speech synthesis and recognition
1982,grid.21072.36,Yerevan State University,Armenia,YSU,US-8841323-B2,2007,"1, 4-disubstituted 3-cyano-pyridone derivatives and their use as positive allosteric modulators of MGLUR2-receptors"
1983,grid.488228.c,Addex Therapeutics (Switzerland),Switzerland,,US-8841323-B2,2007,"1, 4-disubstituted 3-cyano-pyridone derivatives and their use as positive allosteric modulators of MGLUR2-receptors"
1984,grid.5326.2,National Research Council,Italy,CNR,WO-2014136076-A2,2014,ASSEMBLY COMPRISING AN ABSORBER OF NEAR INFRARED (NIR) LIGHT COVALENTLY LINKED TO AN INHIBITOR OF CARBONIC ANHYDRASE
1985,grid.39382.33,Baylor College of Medicine,United States,BCM,EP-3305890-A1,2012,REVERSING THE EFFECTS OF THE TUMOR MICROENVIRONMENT USING CHIMERIC CYTOKINE RECEPTORS
1986,grid.62560.37,Brigham and Women's Hospital,United States,BWH,US-8198094-B2,2007,Methods of using gelsolin levels to characterize a subject's risk of developing rheumatoid arthritis
1987,grid.455360.1,Apple (United States),United States,,US-10089072-B2,2016,Intelligent device arbitration and control
1988,grid.418356.d,United States Department of Veterans Affairs,United States,VA ,US-9226904-B2,2010,Pharmacological treatment of Parkinson's disease
1989,grid.455360.1,Apple (United States),United States,,US-9620105-B2,2014,Analyzing audio input for efficient speech and music recognition
1990,grid.455360.1,Apple (United States),United States,,US-9502031-B2,2014,Method for supporting dynamic grammars in WFST-based ASR
1991,grid.39382.33,Baylor College of Medicine,United States,BCM,WO-2014172584-A1,2014,IMMUNOSUPPRESSIVE TGF-β SIGNAL CONVERTER
1992,grid.9619.7,Hebrew University of Jerusalem,Israel,HUJI,US-10085940-B2,2012,Liposomes co-encapsulating a bisphosphonate and an amphipathic agent
1993,grid.13097.3c,King's College London,United Kingdom,KCL,US-10085940-B2,2012,Liposomes co-encapsulating a bisphosphonate and an amphipathic agent
1994,grid.8515.9,University Hospital of Lausanne,Switzerland,CHUV,WO-2013030786-A1,2012,METHOD FOR DIAGNOSING OR PREDICTING HEPATOCELLULAR CARCINOMA OUTCOME
1995,grid.410711.2,University of North Carolina System,United States,,US-9255288-B2,2014,Nanofluidic devices for the rapid mapping of whole genomes and related systems and methods of analysis
1996,grid.10698.36,University of North Carolina at Chapel Hill,United States,UNC,US-9255288-B2,2014,Nanofluidic devices for the rapid mapping of whole genomes and related systems and methods of analysis
1997,grid.34477.33,University of Washington,United States,UW,US-9810693-B2,2013,Chromophoric polymer dots
1998,grid.498512.3,10X Genomics (United States),United States,,US-9695468-B2,2015,Methods for droplet-based sample preparation
1999,grid.498512.3,10X Genomics (United States),United States,,US-9701998-B2,2016,Methods and systems for processing polynucleotides
2000,grid.417574.4,Abbott (United States),United States,,US-9890425-B2,2014,Systems and methods for detection of genomic copy number changes
2001,grid.13097.3c,King's College London,United Kingdom,KCL,WO-2015087087-A1,2014,BIOMARKERS AND METHODS RELATING TO ALZHEIMER'S DISEASE
2002,grid.498512.3,10X Genomics (United States),United States,,US-10011872-B1,2017,Methods and systems for processing polynucleotides
2003,grid.498512.3,10X Genomics (United States),United States,,US-10030267-B2,2017,Methods and systems for processing polynucleotides
2004,grid.42327.30,Hospital for Sick Children,Canada,,EP-2766483-A4,2012,METHODS AND COMPOSITIONS FOR SCREENING AND TREATING DEVELOPMENTAL DISORDERS
2005,grid.16872.3a,VU University Medical Center,Netherlands,VUMC,WO-2013133708-A1,2013,"COMPOSITIONS AND METHODS FOR DIAGNOSING AND TREATING INTELLECTUAL DISABILITY SYNDROME, AUTISM AND AUTISM RELATED DISORDERS"
2006,grid.50956.3f,Cedars-Sinai Medical Center,United States,,WO-2017040594-A1,2016,NOVEL BLOOD CELL BIOMARKER FOR LATE ONSET ALZHEIMER'S DISEASE
2007,grid.427855.9,Akebia Therapeutics (United States),United States,,EP-2327696-A1,2007,Prolyl hydroxylase inhibitors and methods of use
2008,grid.55460.32,The University of Texas System,United States,UT System,US-9850542-B2,2014,Gene signature to predict homologous recombination (HR) deficient cancer
2009,grid.10420.37,University of Vienna,Austria,,WO-2014111546-A1,2014,METHOD FOR THE IDENTIFICATION OF BITTER TASTING COMPOUNDS AND BITTER TASTE MODULATING COMPOUNDS
2010,grid.47100.32,Yale University,United States,,US-9598733-B2,2012,Methods for identifying subjects with a genetic risk for developing IgA nephropathy
2011,grid.21729.3f,Columbia University,United States,CU,US-9598733-B2,2012,Methods for identifying subjects with a genetic risk for developing IgA nephropathy
2012,grid.8273.e,University of East Anglia,United Kingdom,UEA,WO-2011051733-A3,2010,DERIVATIVES OF URIDINE PHOSPHATE AND THEIR USES IN PROTEIN BINDING ASSAYS
2013,grid.13097.3c,King's College London,United Kingdom,KCL,WO-2014184584-A1,2014,DELIVERY PEPTIDES
2014,grid.10698.36,University of North Carolina at Chapel Hill,United States,UNC,US-9989515-B2,2013,"Devices with fluidic nanofunnels, associated methods, fabrication and analysis systems"
2015,grid.185448.4,"Agency for Science, Technology and Research",Singapore,A*STAR,WO-2015030685-A1,2014,"FLUORESCENT POLYMER DOTS, METHODS FOR THEIR PREPERATION, AND USES THEREOF"
2016,grid.4280.e,National University of Singapore,Singapore,NUS,WO-2015030685-A1,2014,"FLUORESCENT POLYMER DOTS, METHODS FOR THEIR PREPERATION, AND USES THEREOF"
2017,grid.34477.33,University of Washington,United States,UW,US-9382473-B2,2013,Chromophoric polymer dots
2018,grid.10698.36,University of North Carolina at Chapel Hill,United States,UNC,US-9970898-B2,2014,Nanofluidic devices for the rapid mapping of whole genomes and related systems and methods of analysis
2019,grid.424549.a,Carl Zeiss (Germany),Germany,,DE-102010041794-A1,2010,"Microscope system, microscopic methods and computer program product"
2020,grid.498512.3,10X Genomics (United States),United States,,US-10071377-B2,2017,"Fluidic devices, systems, and methods for encapsulating and partitioning reagents, and applications of same"
2021,grid.4868.2,Queen Mary University of London,United Kingdom,QMUL,WO-2012013931-A1,2011,METHODS FOR DIAGNOSING CANCER
2022,grid.26009.3d,Duke University,United States,,US-9284575-B2,2013,Synthetic regulation of gene expression
2023,grid.13097.3c,King's College London,United Kingdom,KCL,US-9018370-B2,2010,Derivatives of uridine phosphate and their uses in protein binding assays
2024,grid.498512.3,10X Genomics (United States),United States,,US-9689024-B2,2015,Methods for droplet-based sample preparation
2025,grid.498512.3,10X Genomics (United States),United States,,US-9824068-B2,2014,Methods and apparatus for sorting data
2026,grid.410513.2,Pfizer (United States),United States,Pfizer,US-20160152722-A1,2016,COMBINATIONS OF ANTI-4-1BB ANTIBODIES AND ADCC-INDUCING ANTIBODIES FOR THE TREATMENT OF CANCER
2027,grid.34477.33,University of Washington,United States,UW,US-9797840-B2,2012,Highly fluorescent polymer nanoparticle
2028,grid.417284.c,Philips (Netherlands),Netherlands,,WO-2013114257-A2,2013,IMAGING APPARATUS FOR IMAGING AN OBJECT
2029,grid.418621.8,Philips (Germany),Germany,,WO-2013114257-A2,2013,IMAGING APPARATUS FOR IMAGING AN OBJECT
2030,grid.10992.33,Paris Descartes University,France,,WO-2017046335-A1,2016,T CELL RECEPTORS (TCR) AND USES THEREOF FOR THE DIAGNOSIS AND TREATMENT OF DIABETES
2031,grid.4444.0,French National Centre for Scientific Research,France,CNRS,WO-2017046335-A1,2016,T CELL RECEPTORS (TCR) AND USES THEREOF FOR THE DIAGNOSIS AND TREATMENT OF DIABETES
2032,grid.7429.8,French Institute of Health and Medical Research,France,INSERM,WO-2017046335-A1,2016,T CELL RECEPTORS (TCR) AND USES THEREOF FOR THE DIAGNOSIS AND TREATMENT OF DIABETES
2033,grid.424549.a,Carl Zeiss (Germany),Germany,,US-8957958-B2,2011,"Microscope system, microscopy method and storage medium"
2034,grid.10420.37,University of Vienna,Austria,,EP-2767829-A1,2013,A method for identifying bitter principles and bitter-modulating principles
2035,grid.34429.38,University of Guelph,Canada,,US-9879057-B2,2014,Biomarkers for Mycobacterium avium paratuberculosis (MAP)
2036,grid.32224.35,Massachusetts General Hospital,United States,MGH,US-9671414-B2,2014,Assays and methods of treatment relating to vitamin D insufficiency
2037,grid.239395.7,Beth Israel Deaconess Medical Center,United States,BIDMC,US-9671414-B2,2014,Assays and methods of treatment relating to vitamin D insufficiency
2038,grid.34477.33,University of Washington,United States,UW,US-10067139-B2,2013,Polyelectrolyte-coated polymer dots and related methods
2039,grid.498512.3,10X Genomics (United States),United States,,US-10041116-B2,2018,Methods and systems for processing polynucleotides
2040,grid.66875.3a,Mayo Clinic,United States,,WO-2011006161-A3,2010,COMPOSITIONS AND METHODS FOR DIAGNOSING AND TREATING MACULAR DEGENERATION
2041,grid.29857.31,Pennsylvania State University,United States,PSU,WO-2011006161-A3,2010,COMPOSITIONS AND METHODS FOR DIAGNOSING AND TREATING MACULAR DEGENERATION
2042,grid.25879.31,University of Pennsylvania,United States,,WO-2011006161-A3,2010,COMPOSITIONS AND METHODS FOR DIAGNOSING AND TREATING MACULAR DEGENERATION
2043,grid.214458.e,University of Michigan,United States,UM,WO-2011006161-A3,2010,COMPOSITIONS AND METHODS FOR DIAGNOSING AND TREATING MACULAR DEGENERATION
2044,grid.424549.a,Carl Zeiss (Germany),Germany,,EP-2437097-A2,2011,"Microscope system, microscopy method and computer program product"
2045,grid.13097.3c,King's College London,United Kingdom,KCL,WO-2012025746-A1,2011,MEDICAL USE OF HEPARIN-BINDING EGF-LIKE GROWTH FACTOR (HB-EGF)
2046,grid.427855.9,Akebia Therapeutics (United States),United States,,US-9987262-B2,2017,"Solid forms of {[5-(3-chlorophenyl)-3-hydroxypyridine-2-carbonyl]amino}acetic acid, compositions, and uses thereof"
2047,grid.498512.3,10X Genomics (United States),United States,,US-9951386-B2,2017,Methods and systems for processing polynucleotides
2048,grid.497833.2,Positec (China),China,,US-10076575-B2,2014,"Peptide, complex of peptide and siRNA and use thereof"
2049,grid.504095.d,Advanced Genomic Technology (United States),United States,AGT,EP-2742155-A4,2012,"BIOMARKER FOR ALZHEIMER'S DISEASE AND/OR MILD COGNITIVELY IMPAIRMENT, AND USE THEREOF"
2050,grid.261112.7,Northeastern University,United States,NU,EP-3038600-A4,2014,NANOPARTICLE DRUG DELIVERY SYSTEM AND METHOD OF TREATING CANCER AND NEUROTRAUMA
2051,grid.412252.2,Northeastern University,China,NEU,EP-3038600-A4,2014,NANOPARTICLE DRUG DELIVERY SYSTEM AND METHOD OF TREATING CANCER AND NEUROTRAUMA
2052,grid.421513.0,Mallinckrodt (United States),United States,,WO-2014210030-A2,2014,METHODS OF REDUCING THE RISK OF MORTALITY ASSOCIATED WITH A MEDICAL TREATMENT
2053,grid.10698.36,University of North Carolina at Chapel Hill,United States,UNC,US-9618479-B2,2015,Nanofluidic devices for the rapid mapping of whole genomes and related systems and methods of analysis
2054,grid.16872.3a,VU University Medical Center,Netherlands,VUMC,WO-2013124740-A2,2013,BRCA DEFICIENCY PROTEIN AND mRNA SIGNATURES USEFUL IN IDENTIFICATION OF PATIENTS WITH BRCA-DEFICIENT TUMORS AND PREDICTING BENEFIT OF ANTI-CANCER THERAPY IN CANCER PATIENTS
2055,grid.430814.a,Antoni van Leeuwenhoek Hospital,Netherlands,NKI-AVL,WO-2013124740-A2,2013,BRCA DEFICIENCY PROTEIN AND mRNA SIGNATURES USEFUL IN IDENTIFICATION OF PATIENTS WITH BRCA-DEFICIENT TUMORS AND PREDICTING BENEFIT OF ANTI-CANCER THERAPY IN CANCER PATIENTS
2056,grid.498512.3,10X Genomics (United States),United States,,US-9856530-B2,2017,Methods and systems for processing polynucleotides
2057,grid.26009.3d,Duke University,United States,,US-9845481-B2,2016,Synthetic regulation of gene expression
2058,grid.421513.0,Mallinckrodt (United States),United States,,US-20140377377-A1,2014,METHODS OF REDUCING THE RISK OF MORTALITY ASSOCIATED WITH A MEDICAL TREATMENT
2059,grid.239395.7,Beth Israel Deaconess Medical Center,United States,BIDMC,US-9329190-B2,2012,Assays and methods of treatment relating to vitamin D insufficiency
2060,grid.32224.35,Massachusetts General Hospital,United States,MGH,US-9329190-B2,2012,Assays and methods of treatment relating to vitamin D insufficiency
2061,grid.32224.35,Massachusetts General Hospital,United States,MGH,US-9052308-B2,2013,Assays and methods of treatment relating to vitamin D insufficiency
2062,grid.239395.7,Beth Israel Deaconess Medical Center,United States,BIDMC,US-9052308-B2,2013,Assays and methods of treatment relating to vitamin D insufficiency
2063,grid.430814.a,Antoni van Leeuwenhoek Hospital,Netherlands,NKI-AVL,WO-2012090073-A2,2011,METHODS AND COMPOSITIONS FOR PREDICTING CHEMOTHERAPY SENSITIVITY
2064,grid.498512.3,10X Genomics (United States),United States,,US-10053723-B2,2017,Capsule array devices and methods of use
2065,grid.417284.c,Philips (Netherlands),Netherlands,,WO-2013114257-A3,2013,IMAGING APPARATUS FOR IMAGING AN OBJECT
2066,grid.418621.8,Philips (Germany),Germany,,WO-2013114257-A3,2013,IMAGING APPARATUS FOR IMAGING AN OBJECT
2067,grid.239395.7,Beth Israel Deaconess Medical Center,United States,BIDMC,US-9606131-B2,2015,Assays and methods of treatment relating to vitamin D insufficiency
2068,grid.32224.35,Massachusetts General Hospital,United States,MGH,US-9606131-B2,2015,Assays and methods of treatment relating to vitamin D insufficiency
2069,grid.417467.7,Mayo Clinic,United States,,US-8119348-B2,2010,Compositions and methods for diagnosing and treating macular degeneration
2070,grid.29857.31,Pennsylvania State University,United States,PSU,US-8119348-B2,2010,Compositions and methods for diagnosing and treating macular degeneration
2071,grid.214458.e,University of Michigan,United States,UM,US-8119348-B2,2010,Compositions and methods for diagnosing and treating macular degeneration
2072,grid.66875.3a,Mayo Clinic,United States,,US-8119348-B2,2010,Compositions and methods for diagnosing and treating macular degeneration
2073,grid.25879.31,University of Pennsylvania,United States,,US-8119348-B2,2010,Compositions and methods for diagnosing and treating macular degeneration
2074,grid.51462.34,Memorial Sloan Kettering Cancer Center,United States,MSK,US-9315585-B2,2011,Anti-GD2 antibodies
2075,grid.51462.34,Memorial Sloan Kettering Cancer Center,United States,MSK,WO-2012109659-A1,2012,"HLA-RESTRICTED, PEPTIDE-SPECIFIC ANTIGEN BINDING PROTEINS"
2076,grid.419405.d,MannKind Corporation (United States),United States,,US-9446133-B2,2014,Dry powder inhaler and system for drug delivery
2077,grid.419405.d,MannKind Corporation (United States),United States,,US-9675674-B2,2016,Diketopiperazine salts for drug delivery and related methods
2078,grid.431072.3,AbbVie (United States),United States,"Abbvie Biotherapeutics, Inc",US-9963459-B1,2017,"Processes for the preparation of (3S,4R)-3-ethyl-4-(3H-imidazo[1,2-alpla]pyrrolo[2,3-e]-pyrazin-8-YL)-N-(2,2,2-Trifluoroethyl)pyrrol and solid state forms thereof"
2079,grid.433329.c,Arena Pharmaceuticals (United States),United States,,US-8026212-B2,2010,Methods of preparing pharmaceutical compositions comprising GPR119 agonists having the effect of glucose-dependent insulinotropic peptide secretatgogues
2080,grid.418707.d,Unilever (United Kingdom),United Kingdom,,WO-2014095257-A1,2013,EUTECTIC MIXTURES IN PERSONAL CARE COMPOSITIONS
2081,grid.10761.31,Unilever (Netherlands),Netherlands,,WO-2014095257-A1,2013,EUTECTIC MIXTURES IN PERSONAL CARE COMPOSITIONS
2082,grid.471126.7,Unilever (United States),United States,,WO-2014095257-A1,2013,EUTECTIC MIXTURES IN PERSONAL CARE COMPOSITIONS
2083,grid.431072.3,AbbVie (United States),United States,"Abbvie Biotherapeutics, Inc",US-10017517-B2,2018,"Processes for the preparation of (3S,4R)-3-ethyl-4-(3H-imidazo[1,2-α]pyrrolo[2,3-e]-pyrazin-8-yl)-N-(2,2,2-trifluorethyl)pyrrolidine-1-carboxamide and solid state forms thereof"
2084,grid.419405.d,MannKind Corporation (United States),United States,,US-9796688-B2,2016,Catalysis of diketopiperazine synthesis
2085,grid.5406.7,Siemens (Germany),Germany,,DE-102015224162-A1,2015,Method for determining a movement information and a magnetic resonance device describing a movement in an at least partially moved examination area
2086,grid.51462.34,Memorial Sloan Kettering Cancer Center,United States,MSK,EP-3006467-A1,2012,"HLA-RESTRICTED, PEPTIDE-SPECIFIC ANTIGEN BINDING PROTEINS"
2087,grid.254880.3,Dartmouth College,United States,,US-9790278-B2,2013,"Anti-B7-H6 antibody, fusion proteins, and methods of using the same"
2088,grid.254880.3,Dartmouth College,United States,,US-9822340-B1,2016,T-cell receptor-deficient T cell compositions
2089,grid.431072.3,AbbVie (United States),United States,"Abbvie Biotherapeutics, Inc",US-9879018-B2,2017,"Processes for the preparation of (3S,4R)-3-ethyl-4-(3H-imidazo[1,2-α]pyrrolo[2,3-e]-pyrazin-8-yl)-N-(2,2,2-trifluoroethyl and solid state forms thereof"
2090,grid.417993.1,MSD (United States),United States,MSD,US-9193729-B2,2013,Inhibiting transient receptor potential ion channel TRPA1
2091,grid.471126.7,Unilever (United States),United States,,US-9744109-B2,2013,Eutectic mixtures in personal care compositions
2092,grid.419405.d,MannKind Corporation (United States),United States,,US-9364619-B2,2009,Interactive apparatus and method for real-time profiling of inhalation efforts
2093,grid.55460.32,The University of Texas System,United States,UT System,EP-2790738-A4,2012,COLLATERAL GENE INACTIVATION BIOMARKERS AND TARGETS FOR CANCER THERAPY
2094,grid.65499.37,Dana-Farber Cancer Institute,United States,,EP-2790738-A4,2012,COLLATERAL GENE INACTIVATION BIOMARKERS AND TARGETS FOR CANCER THERAPY
2095,grid.30389.31,University of California System,United States,,US-9940844-B2,2011,Enhancing cognition in the presence of distraction and/or interruption
2096,grid.7429.8,French Institute of Health and Medical Research,France,INSERM,WO-2011045349-A2,2010,METHODS FOR DIAGNOSING AND TREATING A PATHOLOGY ASSOCIATED WITH A SYNONYMOUS MUTATION OCCURING WITHIN A GENE OF INTEREST
2097,grid.254880.3,Dartmouth College,United States,,US-9821011-B1,2016,T-cell receptor-deficient T cell compositions
2098,grid.254880.3,Dartmouth College,United States,,US-9663763-B2,2016,T-cell receptor-deficient T cell compositions
2099,grid.254880.3,Dartmouth College,United States,,US-9938497-B2,2015,T cell receptor-deficient T cell compositions
2100,grid.6572.6,University of Birmingham,United Kingdom,,WO-2014140509-A1,2013,DIAGNOSIS AND TREATMENT OF ARTHRITIC CONDITIONS
2101,grid.418707.d,Unilever (United Kingdom),United Kingdom,,WO-2014095255-A1,2013,EUTECTIC MIXTURES IN PERSONAL CARE COMPOSITIONS
2102,grid.10761.31,Unilever (Netherlands),Netherlands,,WO-2014095255-A1,2013,EUTECTIC MIXTURES IN PERSONAL CARE COMPOSITIONS
2103,grid.471126.7,Unilever (United States),United States,,WO-2014095255-A1,2013,EUTECTIC MIXTURES IN PERSONAL CARE COMPOSITIONS
2104,grid.419405.d,MannKind Corporation (United States),United States,,US-9983108-B2,2014,"Apparatus, system and method for measuring resistance of an inhaler"
2105,grid.2515.3,Boston Children's Hospital,United States,,US-9884913-B2,2017,Antibody molecules to TIM-3 and uses thereof
2106,grid.414197.e,Dayton Children's Hospital,United States,,US-9884913-B2,2017,Antibody molecules to TIM-3 and uses thereof
2107,grid.414196.f,Children's Medical Center,United States,,US-9884913-B2,2017,Antibody molecules to TIM-3 and uses thereof
2108,grid.419481.1,Novartis (Switzerland),Switzerland,,US-9884913-B2,2017,Antibody molecules to TIM-3 and uses thereof
2109,grid.65499.37,Dana-Farber Cancer Institute,United States,,US-9884913-B2,2017,Antibody molecules to TIM-3 and uses thereof
2110,grid.433329.c,Arena Pharmaceuticals (United States),United States,,US-8017574-B2,2010,Methods of preparing pharmaceutical compositions comprising GPR119 agonists having the effect of glucose-dependent insulinotropic peptide secretagogues
2111,grid.419405.d,MannKind Corporation (United States),United States,,US-9700690-B2,2014,Inhalation apparatus
2112,grid.419405.d,MannKind Corporation (United States),United States,,US-9630930-B2,2014,Diketopiperazine microparticles with defined specific surface areas
2113,grid.419405.d,MannKind Corporation (United States),United States,,US-9364436-B2,2012,High capacity diketopiperazine microparticles and methods
2114,grid.419405.d,MannKind Corporation (United States),United States,,US-9241903-B2,2013,Method for improving the pharmaceutic properties of microparticles comprising diketopiperazine and an active agent
2115,grid.5406.7,Siemens (Germany),Germany,,DE-102015224162-B4,2015,Method for determining a movement information and a magnetic resonance device describing a movement in an at least partially moved examination area
2116,grid.5337.2,University of Bristol,United Kingdom,,WO-2011064577-A1,2010,CONTRAST AGENTS FOR MEDICAL MICROWAVE IMAGING
2117,grid.419405.d,MannKind Corporation (United States),United States,,US-9943571-B2,2013,Use of ultrarapid acting insulin
2118,grid.419405.d,MannKind Corporation (United States),United States,,US-9802012-B2,2013,Dry powder drug delivery system and methods
2119,grid.419405.d,MannKind Corporation (United States),United States,,US-9801925-B2,2015,Potentiation of glucose elimination
2120,grid.499713.1,Brain (Germany),Germany,,EP-3153161-A1,2012,SMALL MOLECULE INHIBITORS OF TRPA1
2121,grid.431072.3,AbbVie (United States),United States,"Abbvie Biotherapeutics, Inc",US-9879019-B2,2017,"Processes for the preparation of (3S,4R)-3-ethyl-4-(3H-imidazo[1,2-α]pyrrolo[2,3-e]-pyrazin-8-yl)-N-(2,2,2-trifluoroethyl)pyrrolidine-1-carboxamide and solid state forms thereof"
2122,grid.32224.35,Massachusetts General Hospital,United States,MGH,US-9737525-B2,2014,Small molecule activators of NRF2 pathway
2123,grid.30389.31,University of California System,United States,,US-9737525-B2,2014,Small molecule activators of NRF2 pathway
2124,grid.55460.32,The University of Texas System,United States,UT System,US-9452182-B2,2012,Collateral gene inactivation biomarkers and targets for cancer therapy
2125,grid.65499.37,Dana-Farber Cancer Institute,United States,,US-9452182-B2,2012,Collateral gene inactivation biomarkers and targets for cancer therapy
2126,grid.419405.d,MannKind Corporation (United States),United States,,US-9339615-B2,2013,Dry powder inhaler and system for drug delivery
2127,grid.419405.d,MannKind Corporation (United States),United States,,US-9220687-B2,2014,Substituted diketopiperazine analogs for use as drug delivery agents
2128,grid.27235.31,United States Department of Health and Human Services,United States,DHHS,US-10072078-B2,2013,M971 chimeric antigen receptors
2129,grid.419405.d,MannKind Corporation (United States),United States,,US-10046031-B2,2017,Use of ultrarapid acting insulin
2130,grid.419405.d,MannKind Corporation (United States),United States,,US-9511198-B2,2013,Dry powder inhaler and system for drug delivery
2131,grid.419405.d,MannKind Corporation (United States),United States,,US-9717689-B2,2016,Method of drug formulation based on increasing the affinity of crystalline microparticle surfaces for active agents
2132,grid.419405.d,MannKind Corporation (United States),United States,,US-9925144-B2,2014,Heat-stable dry powder pharmaceutical compositions and methods
2133,grid.419405.d,MannKind Corporation (United States),United States,,US-9662461-B2,2016,Dry powder drug delivery system and methods
2134,grid.32224.35,Massachusetts General Hospital,United States,MGH,US-9486447-B2,2012,Compositions and methods for controlling neuronal excitation
2135,grid.417574.4,Abbott (United States),United States,,US-8183349-B2,2010,Markers of XMRV infection and uses thereof
2136,grid.2515.3,Boston Children's Hospital,United States,,US-9605070-B2,2015,Antibody molecules to TIM-3 and uses thereof
2137,grid.419481.1,Novartis (Switzerland),Switzerland,,US-9605070-B2,2015,Antibody molecules to TIM-3 and uses thereof
2138,grid.65499.37,Dana-Farber Cancer Institute,United States,,US-9605070-B2,2015,Antibody molecules to TIM-3 and uses thereof
2139,grid.21729.3f,Columbia University,United States,CU,US-8604080-B2,2008,High dose glycine as a treatment for obsessive-compulsive disorder and obsessive compulsive spectrum disorders
2140,grid.433329.c,Arena Pharmaceuticals (United States),United States,,US-8486646-B2,2010,Methods of using a G protein-coupled receptor to identify peptide YY (PYY) secretagogues
2141,grid.1374.1,University of Turku,Finland,,WO-2018011474-A1,2017,LECTIN-BASED DIAGNOSTICS OF CANCERS
2142,grid.38142.3c,Harvard University,United States,,WO-2013028843-A1,2012,PEPTIDE NANOPARTICLES AND USES THEREOF
2143,grid.51462.34,Memorial Sloan Kettering Cancer Center,United States,MSK,US-9688772-B2,2015,Anti-GD2 antibodies
2144,grid.419481.1,Novartis (Switzerland),Switzerland,,WO-2013057687-A3,2012,BIOMARKERS PREDICTIVE OF RESPONSIVENESS TO ALPHA 7 NICOTINIC ACETYLCHOLINE RECEPTOR ACTIVATOR TREATMENT
2145,grid.419405.d,MannKind Corporation (United States),United States,,US-9446001-B2,2015,Increasing drug affinity for crystalline microparticle surfaces
2146,grid.499713.1,Brain (Germany),Germany,,WO-2012152940-A2,2012,SMALL MOLECULE INHIBITORS OF TRPA1
2147,grid.255364.3,East Carolina University,United States,ECU,US-9974831-B2,2016,Methods of reducing myocardial injury following myocardial infarction
2148,grid.27235.31,United States Department of Health and Human Services,United States,DHHS,US-9868774-B2,2012,Anti-CD22 chimeric antigen receptors
2149,grid.411327.2,Heinrich Heine University Düsseldorf,Germany,HHU,WO-2011124725-A1,2011,RAD51C AS A HUMAN CANCER SUSCEPTIBILITY GENE
2150,grid.6190.e,University of Cologne,Germany,,WO-2011124725-A1,2011,RAD51C AS A HUMAN CANCER SUSCEPTIBILITY GENE
2151,grid.476640.7,ORASIS Pharmaceuticals (Israel),Israel,,US-9867810-B1,2017,Ophthalmic pharmaceutical compositions and uses relating thereto
2152,grid.254880.3,Dartmouth College,United States,,US-9833476-B2,2012,NKP30 receptor targeted therapeutics
2153,grid.418151.8,AstraZeneca (Sweden),Sweden,,WO-2012050512-A1,2011,TRPA1 RECEPTOR ANTAGONIST
2154,grid.38142.3c,Harvard University,United States,,US-8828928-B2,2012,Amphiphilic peptides and peptide particles
2155,grid.5335.0,University of Cambridge,United Kingdom,,US-9963681-B2,2012,Cellular substrate for nuclear reprogramming
2156,grid.492560.c,Algomedix (United States),United States,,US-9951046-B2,2016,TRPA1 modulators
2157,grid.152963.a,Torrey Pines Institute For Molecular Studies,United States,TPIMS,US-9610351-B2,2015,Methods and compositions for treating pain
2158,grid.419405.d,MannKind Corporation (United States),United States,,US-9610351-B2,2015,Methods and compositions for treating pain
2159,grid.419405.d,MannKind Corporation (United States),United States,,US-9655850-B2,2015,Substituted diketopiperazine analogs for use as drug delivery agents
2160,grid.419405.d,MannKind Corporation (United States),United States,,US-9346766-B2,2014,Catalysis of diketopiperazine synthesis
2161,grid.152963.a,Torrey Pines Institute For Molecular Studies,United States,TPIMS,US-9233159-B2,2012,Methods and compositions for treating pain
2162,grid.419405.d,MannKind Corporation (United States),United States,,US-9233159-B2,2012,Methods and compositions for treating pain
2163,grid.419405.d,MannKind Corporation (United States),United States,,US-9192675-B2,2013,Dry powder inhaler and system for drug delivery
2164,grid.7839.5,Goethe University Frankfurt,Germany,,EP-3207926-A1,2016,OXIDIZED LIPIDS IN THE TREATMENT OF CHRONIC OR NEUROPATHIC PAIN
2165,grid.4561.6,Fraunhofer Society,Germany,FHG,EP-3207926-A1,2016,OXIDIZED LIPIDS IN THE TREATMENT OF CHRONIC OR NEUROPATHIC PAIN
2166,grid.437356.0,Protagen (Germany),Germany,,WO-2017216323-A2,2017,MARKER SEQUENCES FOR MANAGING THE THERAPY OF RHEUMATOID ARTHRITIS PATIENTS
2167,grid.433329.c,Arena Pharmaceuticals (United States),United States,,US-8026074-B2,2010,Methods of using GPR119 to identify compounds useful for increasing bone mass in an individual
2168,grid.499713.1,Brain (Germany),Germany,,US-9440993-B2,2012,Small molecule inhibitors of TRPA1
2169,grid.431072.3,AbbVie (United States),United States,"Abbvie Biotherapeutics, Inc",US-9951080-B2,2017,"Processes for the preparation of (3S,4R)-3-ethyl-4-(3H-imidazo[1,2-alpha]pyrrolo[2,3-e]-pyrazin-8-yl)-N-(2,2,2-trifluoroethyl)pyrrolidine-1-carboxamide and solid state forms thereof"
2170,grid.499713.1,Brain (Germany),Germany,,US-10000438-B2,2016,Small molecule inhibitors of TRPA1
2171,grid.266185.e,University of Colorado System,United States,CU,EP-3252169-A1,2014,METHODS FOR PREDICTING RISK OF INTERSTITIAL PNEUMONIA
2172,grid.266190.a,University of Colorado Boulder,United States,UCB,EP-3252169-A1,2014,METHODS FOR PREDICTING RISK OF INTERSTITIAL PNEUMONIA
2173,grid.417993.1,MSD (United States),United States,MSD,US-9394308-B2,2014,Inhibiting the transient receptor potential A1 ion channel
2174,grid.254880.3,Dartmouth College,United States,,US-9957480-B2,2015,T cell receptor-deficient T cell compositions
2175,grid.419405.d,MannKind Corporation (United States),United States,,US-9706944-B2,2015,Apparatus and method for simulating inhalation efforts
2176,grid.437356.0,Protagen (Germany),Germany,,EP-3258268-A1,2016,MARKER SEQUENCES FOR MANAGING TREATMENT OF PATIENTS SUFFERING FROM RHEUMATOID ARTHRITIS
2177,grid.11486.3a,Flanders Institute for Biotechnology,Belgium,VIB,US-8758748-B2,2010,Anti-angiogenic therapy
2178,grid.488354.6,Thrombogenics (Belgium),Belgium,,US-8758748-B2,2010,Anti-angiogenic therapy
2179,grid.428080.6,Life Sciences Research Partners,Belgium,,US-8758748-B2,2010,Anti-angiogenic therapy
2180,grid.38142.3c,Harvard University,United States,,US-9328162-B2,2011,Therapeutic compositions for the treatment of dry eye disease
2181,grid.32224.35,Massachusetts General Hospital,United States,MGH,US-9828583-B2,2013,Isolated human lung progenitor cells and uses thereof
2182,grid.170693.a,University of South Florida,United States,USF,US-9695262-B2,2012,Molecularly imprinted polymers having affinity for natriuretic peptides
2183,grid.32224.35,Massachusetts General Hospital,United States,MGH,WO-2013106677-A1,2013,ISOLATED HUMAN LUNG PROGENITOR CELLS AND USES THEREOF
2184,grid.32224.35,Massachusetts General Hospital,United States,MGH,EP-2726601-A1,2012,COMPOSITIONS AND METHODS FOR ENHANCING BIOENERGETIC STATUS IN FEMALE GERM CELLS
2185,grid.38142.3c,Harvard University,United States,,EP-2726601-A1,2012,COMPOSITIONS AND METHODS FOR ENHANCING BIOENERGETIC STATUS IN FEMALE GERM CELLS
2186,grid.480357.d,Research Corporation Technologies (United States),United States,RCT,EP-2545162-A4,2011,VIABLE GRAM NEGATIVE BACTERIA LACKING OUTER MEMBRANE AGONISTS OF TLR4/MD-2
2187,grid.164295.d,"University of Maryland, College Park",United States,UMCP,EP-2964254-A1,2014,IMMUNOTHERAPEUTIC POTENTIAL OF MODIFIED LIPOOLIGOSACCHARIDES/LIPID A
2188,grid.411024.2,"University of Maryland, Baltimore",United States,UMAB,EP-2964254-A1,2014,IMMUNOTHERAPEUTIC POTENTIAL OF MODIFIED LIPOOLIGOSACCHARIDES/LIPID A
2189,grid.34477.33,University of Washington,United States,UW,EP-2964254-A1,2014,IMMUNOTHERAPEUTIC POTENTIAL OF MODIFIED LIPOOLIGOSACCHARIDES/LIPID A
2190,grid.480357.d,Research Corporation Technologies (United States),United States,RCT,US-9068186-B2,2011,Viable gram negative bacteria lacking outer membrane agonists of TLR4/MD-2
2191,grid.418722.a,Celgene (United States),United States,Celgene,US-9056120-B2,2013,Methods of treating myelodysplastic syndromes with a combination therapy using lenalidomide and azacitidine
2192,grid.11486.3a,Flanders Institute for Biotechnology,Belgium,VIB,US-9085617-B2,2014,Anti-angiogenic therapy
2193,grid.428080.6,Life Sciences Research Partners,Belgium,,US-9085617-B2,2014,Anti-angiogenic therapy
2194,grid.488354.6,Thrombogenics (Belgium),Belgium,,US-9085617-B2,2014,Anti-angiogenic therapy
2195,grid.32224.35,Massachusetts General Hospital,United States,MGH,EP-2726601-A4,2012,COMPOSITIONS AND METHODS FOR ENHANCING BIOENERGETIC STATUS IN FEMALE GERM CELLS
2196,grid.38142.3c,Harvard University,United States,,EP-2726601-A4,2012,COMPOSITIONS AND METHODS FOR ENHANCING BIOENERGETIC STATUS IN FEMALE GERM CELLS
2197,grid.411024.2,"University of Maryland, Baltimore",United States,UMAB,EP-2964254-A4,2014,IMMUNOTHERAPEUTIC POTENTIAL OF MODIFIED LIPOOLIGOSACCHARIDES/LIPID A
2198,grid.164295.d,"University of Maryland, College Park",United States,UMCP,EP-2964254-A4,2014,IMMUNOTHERAPEUTIC POTENTIAL OF MODIFIED LIPOOLIGOSACCHARIDES/LIPID A
2199,grid.34477.33,University of Washington,United States,UW,EP-2964254-A4,2014,IMMUNOTHERAPEUTIC POTENTIAL OF MODIFIED LIPOOLIGOSACCHARIDES/LIPID A
2200,grid.497188.b,ServiceNow (United States),United States,,US-9280739-B2,2013,Computer implemented system for automating the generation of a business decision analytic model
2201,grid.418722.a,Celgene (United States),United States,Celgene,US-8404717-B2,2011,Methods of treating myelodysplastic syndromes using lenalidomide
2202,grid.433367.6,Danone (France),France,,US-9198940-B2,2011,Probiotic strains for use in improving the enteric nervous system
2203,grid.5342.0,Ghent University,Belgium,,US-7867490-B2,2006,Treatment of liver cirrhosis and its complications
2204,grid.11486.3a,Flanders Institute for Biotechnology,Belgium,VIB,US-7867490-B2,2006,Treatment of liver cirrhosis and its complications
2205,grid.428080.6,Life Sciences Research Partners,Belgium,,US-7867490-B2,2006,Treatment of liver cirrhosis and its complications
2206,grid.5333.6,Swiss Federal Institute of Technology in Lausanne,Switzerland,EPFL,EP-3272878-A1,2016,METHODS OF DIAGNOSING AND TREATMENT OF ALZHEIMER'S DISEASE
2207,grid.7722.0,Institute for Research in Biomedicine,Spain,,EP-3272878-A1,2016,METHODS OF DIAGNOSING AND TREATMENT OF ALZHEIMER'S DISEASE
2208,grid.418722.a,Celgene (United States),United States,Celgene,US-8404716-B2,2010,Methods of treating myelodysplastic syndromes with a combination therapy using lenalidomide and azacitidine
2209,grid.488354.6,Thrombogenics (Belgium),Belgium,,WO-2017153567-A1,2017,POSTERIOR OCULAR FIBROSIS INHIBITION BY ANTAGONIZING PLACENTAL GROWTH FACTOR
2210,grid.83440.3b,University College London,United Kingdom,UCL,WO-2013124659-A1,2013,BIOMARKER FOR AGE-RELATED MACULAR DEGENERATION (AMD)
2211,grid.32224.35,Massachusetts General Hospital,United States,MGH,US-9737525-B2,2014,Small molecule activators of NRF2 pathway
2212,grid.30389.31,University of California System,United States,,US-9737525-B2,2014,Small molecule activators of NRF2 pathway
2213,grid.433267.7,Takara (France),France,,WO-2018073391-A1,2017,TARGETED GENE INSERTION FOR IMPROVED IMMUNE CELLS THERAPY
2214,grid.480357.d,Research Corporation Technologies (United States),United States,RCT,EP-2545162-A1,2011,VIABLE GRAM NEGATIVE BACTERIA LACKING OUTER MEMBRANE AGONISTS OF TLR4/MD-2
2215,grid.418195.0,Babraham Institute,United Kingdom,,WO-2017208001-A1,2017,BIOMARKERS FOR PLATELET DISORDERS
2216,grid.487196.5,Nuvo Pharmaceuticals (Canada),Canada,,US-9861579-B2,2015,Foamable formulation
2217,grid.476560.6,Nuvo Pharmaceuticals (Germany),Germany,,US-9861579-B2,2015,Foamable formulation
2218,grid.16753.36,Northwestern University,United States,NU,US-9173897-B2,2011,Molecular targets for ALS and related disorders
2219,grid.62560.37,Brigham and Women's Hospital,United States,BWH,US-9539281-B2,2012,"Lipid-containing PSA compositions, methods of isolation and methods of use thereof"
2220,grid.12082.39,University of Sussex,United Kingdom,,WO-2013038200-A3,2012,NEURODEVELOPMENTAL DISORDERS
2221,grid.13097.3c,King's College London,United Kingdom,KCL,WO-2012063028-A1,2011,CONJUGATES AND THEIR USES IN MOLECULAR IMAGING
2222,grid.37172.30,Korea Advanced Institute of Science and Technology,South Korea,KAIST,WO-2015088072-A1,2013,METHOD FOR PRODUCING ENDOCRINE AGGREGATE OF INSULIN-PRODUCING BETA CELLS FROM HUMAN PLURIPOTENT STEM CELLS
2223,grid.13097.3c,King's College London,United Kingdom,KCL,AU-2011327931-B2,2011,Conjugates and their uses in molecular imaging
2224,grid.14925.3b,Institut Gustave Roussy,France,,WO-2012028679-A3,2011,PROGNOSTIC AND/OR PREDICTIVE BIOMARKERS AND BIOLOGICAL APPLICATIONS THEREOF
2225,grid.13097.3c,King's College London,United Kingdom,KCL,US-9138495-B2,2011,Conjugates and their uses in molecular imaging
2226,grid.476560.6,Nuvo Pharmaceuticals (Germany),Germany,,US-9107823-B2,2012,Foamable formulation
2227,grid.487196.5,Nuvo Pharmaceuticals (Canada),Canada,,US-9107823-B2,2012,Foamable formulation
2228,grid.480357.d,Research Corporation Technologies (United States),United States,RCT,US-9458454-B2,2012,Viable gram negative bacteria with reduced proteolytic activity lacking outer membrane agonists of TLR4/MD-2
2229,grid.418722.a,Celgene (United States),United States,Celgene,US-9925207-B2,2014,Methods of treating myelodysplastic syndromes using lenalidomide
2230,grid.5386.8,Cornell University,United States,CU,US-9572789-B2,2016,Methods of treatment using modulators of SIRT2
2231,grid.38142.3c,Harvard University,United States,,US-9011861-B2,2011,Therapeutic compositions for the treatment of dry eye disease
2232,grid.453773.1,Wisconsin Alumni Research Foundation,United States,WARF,US-9290741-B2,2014,Simplified methods for generating endothelial cells from human pluripotent stem cells under defined conditions
2233,grid.497188.b,ServiceNow (United States),United States,,US-20140156581-A1,2013,A COMPUTER IMPLEMENTED SYSTEM FOR AUTOMATING THE GENERATION OF A BUSINESS DECISION ANALYTIC MODEL
2234,grid.471336.4,Yeda Research and Development (Israel),Israel,,WO-2014020608-A1,2013,METHODS OF DIAGNOSING AND TREATING MOTOR NEURON DISEASES
2235,grid.425902.8,Catalan Institution for Research and Advanced Studies,Spain,ICREA,WO-2018015291-A1,2017,METHODS OF DIAGNOSIS ALZHEIMER'S DISEASE
2236,grid.5333.6,Swiss Federal Institute of Technology in Lausanne,Switzerland,EPFL,WO-2018015291-A1,2017,METHODS OF DIAGNOSIS ALZHEIMER'S DISEASE
2237,grid.488354.6,Thrombogenics (Belgium),Belgium,,US-9089552-B2,2013,Improving trabeculectomy outcome by administering an anti-placental growth factor antibody
2238,grid.5386.8,Cornell University,United States,CU,US-9359293-B2,2012,Methods of treatment using modulators of SIRT2
2239,grid.10939.32,University of Tartu,Estonia,UT,EP-2594649-A1,2012,A method and a kit to predict response to antidepressant treatment
2240,grid.420097.8,MSD (Netherlands),Netherlands,MSD,WO-2012152898-A1,2012,TREATMENT OF MASTITIS
2241,grid.480357.d,Research Corporation Technologies (United States),United States,RCT,EP-2753688-A4,2012,VIABLE GRAM NEGATIVE BACTERIA WITH REDUCED PROTEOLYTIC ACTIVITY LACKING OUTER MEMBRANE AGONISTS OF TLR4/MD-2
2242,grid.1013.3,University of Sydney,Australia,USYD,EP-2709975-A1,2012,PRENYLATED HYDROXYSTILBENES
2243,grid.34477.33,University of Washington,United States,UW,US-9810693-B2,2013,Chromophoric polymer dots
2244,grid.417832.b,Biogen (United States),United States,,EP-1575531-B1,2003,THERAPIES FOR CHRONIC INFLAMMATORY DEMYELINATING POLYNEUROPATHY USING INTERFERON-BETA
2245,grid.467162.0,AbbVie (Germany),Germany,,US-8865650-B2,2013,Therapy for complications of diabetes
2246,grid.428240.8,Evotec (Germany),Germany,,US-8859545-B2,2010,"Tetrahydronaphthyridine and tetrahydropyrido[4,3-D]pyrimidine compounds and compositions thereof useful for the treatment of inflammatory and respiratory diseases"
2247,grid.34477.33,University of Washington,United States,UW,WO-2011057295-A2,2010,FUNCTIONALIZED CHROMOPHORIC POLYMER DOTS AND BIOCONJUGATES THEREOF
2248,grid.26090.3d,Clemson University,United States,,WO-2011057295-A2,2010,FUNCTIONALIZED CHROMOPHORIC POLYMER DOTS AND BIOCONJUGATES THEREOF
2249,grid.418267.e,Ligand Pharmaceuticals (United States),United States,,US-9662312-B2,2015,Method for treating glomerulosclerosis
2250,grid.488376.6,Reata Pharmaceuticals (United States),United States,,WO-2015027206-A1,2014,METHODS OF TREATING AND PREVENTING ENDOTHELIAL DYSFUNCTION USING BARDOXOLOLONE METHYL OR ANALOGS THEREOF
2251,grid.5252.0,Ludwig Maximilian University of Munich,Germany,LMU,EP-2703384-A1,2012,Inhibitors of CD40-TRAF6 interaction
2252,grid.170205.1,University of Chicago,United States,UC,US-9101576-B2,2012,Treatment of inflammatory diseases
2253,grid.250903.d,Feinstein Institute for Medical Research,United States,,WO-2015048083-A1,2014,PEPTIDES INHIBITING COLD-INDUCIBLE RNA BINDING PROTEIN ACTIVITY
2254,grid.5252.0,Ludwig Maximilian University of Munich,Germany,LMU,WO-2014033122-A1,2013,INHIBITORS OF CD40-TRAF6 INTERACTION
2255,grid.5284.b,University of Antwerp,Belgium,,WO-2013041577-A1,2012,METHODS FOR THE DIAGNOSIS OF AMYOTROPHIC LATERAL SCLEROSIS AND FRONTOTEMPORAL LOBAR DEGENERATION
2256,grid.34477.33,University of Washington,United States,UW,US-9797840-B2,2012,Highly fluorescent polymer nanoparticle
2257,grid.34477.33,University of Washington,United States,UW,EP-2809510-A4,2013,POLYELECTROLYTE-COATED POLYMER DOTS AND RELATED METHODS
2258,grid.467162.0,AbbVie (Germany),Germany,,US-9592231-B2,2014,Therapy for complications of diabetes
2259,grid.34477.33,University of Washington,United States,UW,US-10067139-B2,2013,Polyelectrolyte-coated polymer dots and related methods
2260,grid.239578.2,Cleveland Clinic,United States,,US-8263085-B2,2007,Gammaretrovirus associated with cancer
2261,grid.30389.31,University of California System,United States,,US-8263085-B2,2007,Gammaretrovirus associated with cancer
2262,grid.168010.e,Stanford University,United States,SU,US-20150031996-A1,2014,SEMICONDUCTING POLYMER NANOPARTICLES AS PHOTOACOUSTIC MOLECULAR IMAGING PROBES
2263,grid.170430.1,University of Central Florida,United States,UCF,US-9259468-B2,2012,Cancer therapy via selective uptake of specialized nanoparticles in cancer cells
2264,grid.170205.1,University of Chicago,United States,UC,US-9370497-B2,2015,Treatment of inflammatory diseases
2265,grid.170205.1,University of Chicago,United States,UC,US-8258150-B2,2007,Treatment of inflammatory diseases
2266,grid.34477.33,University of Washington,United States,UW,AU-2011317142-B2,2011,Chromophoric polymer dots
2267,grid.1013.3,University of Sydney,Australia,USYD,EP-2709975-A4,2012,PRENYLATED HYDROXYSTILBENES
2268,grid.467162.0,AbbVie (Germany),Germany,,US-8623819-B2,2013,Therapy for complications of diabetes
2269,grid.471046.0,Canon (Japan),Japan,,US-20170039776-A1,2016,"IMAGE PROCESSING APPARATUS, IMAGE PROCESSING METHOD, AND NON-TRANSITORY COMPUTER-READABLE STORAGE MEDIUM"
2270,grid.21107.35,Johns Hopkins University,United States,JHU,US-9539427-B2,2011,Methods for improving heart function
2271,grid.11899.38,University of Sao Paulo,Brazil,USP,WO-2011130812-A3,2011,"SUSPENSIONS FOR PREPARING BIOSILICATE-BASED BONE GRAFTS (SCAFFOLDS), THUS OBTAINED BONE GRAFTS AND METHODS FOR PRODUCING SAME"
2272,grid.411247.5,Federal University of São Carlos,Brazil,UFSCar,WO-2011130812-A3,2011,"SUSPENSIONS FOR PREPARING BIOSILICATE-BASED BONE GRAFTS (SCAFFOLDS), THUS OBTAINED BONE GRAFTS AND METHODS FOR PRODUCING SAME"
2273,grid.417832.b,Biogen (United States),United States,,EP-1575531-A2,2003,THERAPIES FOR CHRONIC INFLAMMATORY DEMYELINATING POLYNEUROPATHY USING INTERFERON-&bgr;
2274,grid.418267.e,Ligand Pharmaceuticals (United States),United States,,US-9993461-B2,2017,Method for treating disorders associated with glomerular function
2275,grid.7597.c,RIKEN,Japan,RIKEN ,WO-2012029993-A1,2011,METHOD OF DETECTING TYPE II DIABETES
2276,grid.418158.1,Roche (United States),United States,Roche,US-10082508-B2,2016,Automated analysis of circulating tumor cells
2277,grid.7700.0,Heidelberg University,Germany,,WO-2018083284-A1,2017,WNT ANTAGONISTS AND THEIR USE IN METHODS FOR TREATING MYOCARDIAL INFARCTION
2278,grid.5330.5,University of Erlangen-Nuremberg,Germany,FAU,WO-2018100139-A1,2017,"A CD33-, CD16- AND CD123-SPECIFIC SINGLE CHAIN TRIPLEBODY"
2279,grid.472773.2,Alkermes (Ireland),Ireland,,US-9090558-B2,2014,Prodrugs of fumarates and their use in treating various diseases
2280,grid.431072.3,AbbVie (United States),United States,"Abbvie Biotherapeutics, Inc",US-9963459-B1,2017,"Processes for the preparation of (3S,4R)-3-ethyl-4-(3H-imidazo[1,2-alpla]pyrrolo[2,3-e]-pyrazin-8-YL)-N-(2,2,2-Trifluoroethyl)pyrrol and solid state forms thereof"
2281,grid.431072.3,AbbVie (United States),United States,"Abbvie Biotherapeutics, Inc",US-10017517-B2,2018,"Processes for the preparation of (3S,4R)-3-ethyl-4-(3H-imidazo[1,2-α]pyrrolo[2,3-e]-pyrazin-8-yl)-N-(2,2,2-trifluorethyl)pyrrolidine-1-carboxamide and solid state forms thereof"
2282,grid.4444.0,French National Centre for Scientific Research,France,CNRS,US-8859537-B2,2005,Pharmaceutical composition for treating and/or preventing a pathology associated with an obsessional behavior or with obesity
2283,grid.38142.3c,Harvard University,United States,,US-9782417-B2,2016,Methods of increasing satellite cell proliferation with kinase inhibitors
2284,grid.116068.8,Massachusetts Institute of Technology,United States,MIT,US-9840479-B2,2015,Polyamine-fatty acid derived lipidoids and uses thereof
2285,grid.430119.e,Reset Therapeutics,United States,,US-9775845-B2,2016,Carbazole-containing sulfonamides as cryptochrome modulators
2286,grid.431072.3,AbbVie (United States),United States,"Abbvie Biotherapeutics, Inc",US-9879018-B2,2017,"Processes for the preparation of (3S,4R)-3-ethyl-4-(3H-imidazo[1,2-α]pyrrolo[2,3-e]-pyrazin-8-yl)-N-(2,2,2-trifluoroethyl and solid state forms thereof"
2287,grid.476085.8,Arbor Pharmaceuticals (United States),United States,,US-9452972-B2,2014,Methods of using prodrugs of methyl hydrogen fumarate and pharmaceutical compositions thereof
2288,grid.476085.8,Arbor Pharmaceuticals (United States),United States,,US-9597292-B2,2013,Oral dosage forms of methyl hydrogen fumarate and prodrugs thereof
2289,grid.38142.3c,Harvard University,United States,,US-9248185-B2,2012,Methods of increasing satellite cell proliferation
2290,grid.5386.8,Cornell University,United States,CU,US-9951388-B2,2012,Spectral imaging for measurement of nuclear pathology features in cancer cells prepared for in situ analysis
2291,grid.418158.1,Roche (United States),United States,Roche,US-9951388-B2,2012,Spectral imaging for measurement of nuclear pathology features in cancer cells prepared for in situ analysis
2292,grid.476085.8,Arbor Pharmaceuticals (United States),United States,,US-8785443-B2,2011,Methods of using prodrugs of methyl hydrogen fumarate and pharmaceutical compositions thereof
2293,grid.430119.e,Reset Therapeutics,United States,,US-10005759-B2,2015,"Carbazole-containing amides, carbamates, and ureas as cryptochrome modulators"
2294,grid.116068.8,Massachusetts Institute of Technology,United States,MIT,US-9315472-B2,2014,"1,3,5-triazinane-2,4,6-trione derivatives and uses thereof"
2295,grid.189504.1,Boston University,United States,BU,US-9814761-B2,2013,"Compositions, methods and assays comprising amylin or amlyin analogs for abeta-peptide mediated disorders"
2296,grid.463905.d,Innate Pharma (France),France,,US-9844593-B2,2011,Methods for treatment of recurrent hematological malignancies
2297,grid.7429.8,French Institute of Health and Medical Research,France,INSERM,WO-2016128523-A1,2016,METHODS FOR PREDICTING THE RESPONSIVENESS OF A PATIENT AFFECTED WITH MALIGNANT HEMATOLOGICAL DISEASE TO CHEMOTHERAPY TREATMENT AND METHODS OF TREATMENT OF SUCH DISEASE
2298,grid.50550.35,Assistance Publique -Hopitaux De Paris,France,AP-HP,WO-2016128523-A1,2016,METHODS FOR PREDICTING THE RESPONSIVENESS OF A PATIENT AFFECTED WITH MALIGNANT HEMATOLOGICAL DISEASE TO CHEMOTHERAPY TREATMENT AND METHODS OF TREATMENT OF SUCH DISEASE
2299,grid.4817.a,University of Nantes,France,,WO-2016128523-A1,2016,METHODS FOR PREDICTING THE RESPONSIVENESS OF A PATIENT AFFECTED WITH MALIGNANT HEMATOLOGICAL DISEASE TO CHEMOTHERAPY TREATMENT AND METHODS OF TREATMENT OF SUCH DISEASE
2300,grid.7252.2,University of Angers,France,,WO-2016128523-A1,2016,METHODS FOR PREDICTING THE RESPONSIVENESS OF A PATIENT AFFECTED WITH MALIGNANT HEMATOLOGICAL DISEASE TO CHEMOTHERAPY TREATMENT AND METHODS OF TREATMENT OF SUCH DISEASE
2301,grid.411147.6,Centre Hospitalier Universitaire de Angers,France,CHU,WO-2016128523-A1,2016,METHODS FOR PREDICTING THE RESPONSIVENESS OF A PATIENT AFFECTED WITH MALIGNANT HEMATOLOGICAL DISEASE TO CHEMOTHERAPY TREATMENT AND METHODS OF TREATMENT OF SUCH DISEASE
2302,grid.4444.0,French National Centre for Scientific Research,France,CNRS,WO-2016128523-A1,2016,METHODS FOR PREDICTING THE RESPONSIVENESS OF A PATIENT AFFECTED WITH MALIGNANT HEMATOLOGICAL DISEASE TO CHEMOTHERAPY TREATMENT AND METHODS OF TREATMENT OF SUCH DISEASE
2303,grid.10992.33,Paris Descartes University,France,,WO-2016128523-A1,2016,METHODS FOR PREDICTING THE RESPONSIVENESS OF A PATIENT AFFECTED WITH MALIGNANT HEMATOLOGICAL DISEASE TO CHEMOTHERAPY TREATMENT AND METHODS OF TREATMENT OF SUCH DISEASE
2304,grid.476085.8,Arbor Pharmaceuticals (United States),United States,,US-8148414-B2,2009,"Prodrugs of methyl hydrogen fumarate, pharmaceutical compositions thereof, and methods of use"
2305,grid.434011.3,Eos Neuroscience (United States),United States,,GB-2492719-A,2011,Methods and compositions for decreasing chronic pain
2306,grid.412860.9,Wake Forest Baptist Medical Center,United States,,GB-2492719-A,2011,Methods and compositions for decreasing chronic pain
2307,grid.13097.3c,King's College London,United Kingdom,KCL,US-8908875-B2,2012,Electronic device with digital reverberator and method
2308,grid.4444.0,French National Centre for Scientific Research,France,CNRS,US-8436021-B2,2008,Pharmaceutical composition for treating and/or preventing a pathology associated with an obsessional behavior or with obesity
2309,grid.434011.3,Eos Neuroscience (United States),United States,,WO-2011127088-A2,2011,METHODS AND COMPOSITIONS FOR DECREASING CHRONIC PAIN
2310,grid.418726.e,Purdue Pharma (United States),United States,,US-9993482-B2,2015,Pharmaceutical combination comprising a class III receptor tyrosine kinase inhibitor and the alkylating histone-deacetylase inhibitor fusion molecule EDO-S101 together with its use in the treatment of cancer
2311,grid.8954.0,University of Ljubljana,Slovenia,UL,WO-2013178794-A1,2013,A NOVEL METHOD FOR THE DIAGNOSIS OF ENDOMETRIOSIS
2312,grid.4567.0,Helmholtz Zentrum München,Germany,,WO-2013178794-A1,2013,A NOVEL METHOD FOR THE DIAGNOSIS OF ENDOMETRIOSIS
2313,grid.476085.8,Arbor Pharmaceuticals (United States),United States,,US-9999672-B2,2015,Pharmaceutical compositions of fumaric acid esters
2314,grid.281926.6,American Red Cross,United States,ARC,US-9051390-B2,2010,"Inhibition of prion propagation by receptor associated protein (RAP), its derivatives, mimetics and synthetic peptides"
2315,grid.185448.4,"Agency for Science, Technology and Research",Singapore,A*STAR,WO-2013158046-A1,2013,"RNAI-BASED THERAPIES FOR CARDIOMYOPATHIES, MUSCULAR DYSTROPHIES AND LAMINOPATHIES"
2316,grid.431072.3,AbbVie (United States),United States,"Abbvie Biotherapeutics, Inc",US-9879019-B2,2017,"Processes for the preparation of (3S,4R)-3-ethyl-4-(3H-imidazo[1,2-α]pyrrolo[2,3-e]-pyrazin-8-yl)-N-(2,2,2-trifluoroethyl)pyrrolidine-1-carboxamide and solid state forms thereof"
2317,grid.137628.9,New York University,United States,NYU,US-9783582-B2,2011,"Staphylococcus aureus leukocidins, therapeutic compositions, and uses thereof"
2318,grid.412860.9,Wake Forest Baptist Medical Center,United States,,US-9663824-B2,2014,Compositions and methods for epigenetic regulation of long chain polyunsaturated fatty acid production
2319,grid.116068.8,Massachusetts Institute of Technology,United States,MIT,US-9556110-B2,2015,Aminoalcohol lipidoids and uses thereof
2320,grid.55460.32,The University of Texas System,United States,UT System,WO-2017075147-A1,2016,CHIMERIC ANTIGEN RECEPTOR MOLECULES AND USES THEREOF
2321,grid.472773.2,Alkermes (Ireland),Ireland,,US-9505776-B2,2014,Prodrugs of fumarates and their use in treating various diseases
2322,grid.27235.31,United States Department of Health and Human Services,United States,DHHS,US-9101600-B2,2011,Compounds as RORγt modulators and uses thereof
2323,grid.137628.9,New York University,United States,NYU,US-9101600-B2,2011,Compounds as RORγt modulators and uses thereof
2324,grid.4444.0,French National Centre for Scientific Research,France,CNRS,US-9168250-B2,2013,Pharmaceutical composition for treating and/or preventing a pathology associated with an obsessional behavior or with obesity
2325,grid.5330.5,University of Erlangen-Nuremberg,Germany,FAU,EP-3330289-A1,2016,"A CD33-, CD16- AND CD123-SPECIFIC SINGLE CHAIN TRIPLEBODY"
2326,grid.7597.c,RIKEN,Japan,RIKEN ,WO-2012063829-A1,2011,"NOVEL GENE, AND OSTEOPOROSIS TESTING METHOD BASED ON SINGLE NUCLEOTIDE POLYMORPHISM ON FONG GENE LOCUS"
2327,grid.134563.6,University of Arizona,United States,UA,US-9435812-B2,2012,Expression of ETS related gene (ERG) and phosphatase and tensin homolog (PTEN) correlates with prostate cancer capsular penetration
2328,grid.418158.1,Roche (United States),United States,Roche,US-9435812-B2,2012,Expression of ETS related gene (ERG) and phosphatase and tensin homolog (PTEN) correlates with prostate cancer capsular penetration
2329,grid.417574.4,Abbott (United States),United States,,US-8183349-B2,2010,Markers of XMRV infection and uses thereof
2330,grid.116068.8,Massachusetts Institute of Technology,United States,MIT,US-9238716-B2,2012,Conjugated lipomers and uses thereof
2331,grid.476085.8,Arbor Pharmaceuticals (United States),United States,,US-9302977-B2,2014,Method of making monomethyl fumarate
2332,grid.472773.2,Alkermes (Ireland),Ireland,,US-8669281-B1,2013,Prodrugs of fumarates and their use in treating various diseases
2333,grid.410425.6,City Of Hope National Medical Center,United States,,US-9657105-B2,2013,CD123-specific chimeric antigen receptor redirected T cells and methods of their use
2334,grid.472773.2,Alkermes (Ireland),Ireland,,US-9604922-B2,2015,Sulfonamide and sulfinamide prodrugs of fumarates and their use in treating various diseases
2335,grid.239578.2,Cleveland Clinic,United States,,US-8263085-B2,2007,Gammaretrovirus associated with cancer
2336,grid.30389.31,University of California System,United States,,US-8263085-B2,2007,Gammaretrovirus associated with cancer
2337,grid.7452.4,Paris Diderot University,France,,WO-2016139541-A1,2016,"METHODS OF CHARACTERIZING E-SYT2 INHIBITORS, E-SYT2 INHIBITORS, AND METHODS OF USE"
2338,grid.428999.7,Pasteur Institute,France,,WO-2016139541-A1,2016,"METHODS OF CHARACTERIZING E-SYT2 INHIBITORS, E-SYT2 INHIBITORS, AND METHODS OF USE"
2339,grid.476085.8,Arbor Pharmaceuticals (United States),United States,,US-9416096-B2,2014,"Crystalline forms of (N,N-Diethylcarbamoyl)methyl methyl (2E)but-2-ene-1,4-dioate, methods of synthesis and use"
2340,grid.410567.1,University Hospital of Basel,Switzerland,USB,EP-2949339-A1,2014,Agonist of CD1c-restricted T cells and uses thereof
2341,grid.18887.3e,San Raffaele Hospital,Italy,,EP-2949339-A1,2014,Agonist of CD1c-restricted T cells and uses thereof
2342,grid.418158.1,Roche (United States),United States,Roche,WO-2013033073-A1,2012,EXPRESSION OF ETS RELATED GENE (ERG) AND PHOSPHATASE AND TENSIN HOMOLOG (PTEN) CORRELATES WITH PROSTATE CANCER CAPSULAR PENETRATION
2343,grid.215654.1,Arizona State University,United States,ASU,WO-2013033073-A1,2012,EXPRESSION OF ETS RELATED GENE (ERG) AND PHOSPHATASE AND TENSIN HOMOLOG (PTEN) CORRELATES WITH PROSTATE CANCER CAPSULAR PENETRATION
2344,grid.468198.a,Moffitt Cancer Center,United States,,US-8557516-B2,2011,AKT tyrosine 176 phosphorylation cancer biomarker
2345,grid.414553.2,Clalit Health Services,Israel,,US-10058515-B2,2018,Cannabidiol for treatment of severe and refractory graft-versus-host disease
2346,grid.476085.8,Arbor Pharmaceuticals (United States),United States,,US-9421182-B2,2014,Cocrystals of dimethyl fumarate
2347,grid.4372.2,Max Planck Society,Germany,MPG,WO-2014012933-A1,2013,METHOD FOR THE GENERATION OF NON-TRANSFORMED MACROPHAGE CELL LINES
2348,grid.62560.37,Brigham and Women's Hospital,United States,BWH,US-9539281-B2,2012,"Lipid-containing PSA compositions, methods of isolation and methods of use thereof"
2349,grid.38142.3c,Harvard University,United States,,US-20140294855-A1,2012,SMALL MOLECULE SCREENING FOR MOUSE SATELLITE CELL PROLIFERATION
2350,grid.189504.1,Boston University,United States,BU,WO-2013151729-A1,2013,"COMPOSITIONS, METHODS AND ASSAYS COMPRISING AMYLIN OR AMLYIN ANALOGS FOR ABETA-PEPTIDE MEDIATED DISORDERS"
2351,grid.13097.3c,King's College London,United Kingdom,KCL,US-9994559-B2,2015,Bicycloheteroaryl-heteroaryl-benzoic acid compounds as retinoic acid receptor beta (RARβ) agonists
2352,grid.476085.8,Arbor Pharmaceuticals (United States),United States,,US-8778991-B2,2011,"Prodrugs of methyl hydrogen fumarate, pharmaceutical compositions thereof, and methods of use"
2353,grid.250942.8,Translational Genomics Research Institute,United States,TGen,US-20120245188-A1,2011,METHODS OF TREATING MEMORY LOSS AND ENHANCING MEMORY PERFORMANCE
2354,grid.215654.1,Arizona State University,United States,ASU,US-20120245188-A1,2011,METHODS OF TREATING MEMORY LOSS AND ENHANCING MEMORY PERFORMANCE
2355,grid.414553.2,Clalit Health Services,Israel,,US-9889100-B2,2016,Cannabidiol for treatment of severe and refractory graft-versus-host disease
2356,grid.13097.3c,King's College London,United Kingdom,KCL,US-8976977-B2,2010,Microphone array
2357,grid.214007.0,Scripps Research Institute,United States,TSRI,WO-2013055908-A1,2012,AN HIV-1 GP120 MINI V3 LOOP AND USES THEREOF
2358,grid.5380.e,University of Concepción,Chile,UdeC,WO-2014078971-A1,2013,"TRPV-1 RECEPTOR ANTAGONIST COMPOUND DERIVED FROM 1,3,4-THIADIAZOLE ALKYLAMIDES AND CHALCONES"
2359,grid.431072.3,AbbVie (United States),United States,"Abbvie Biotherapeutics, Inc",US-9951080-B2,2017,"Processes for the preparation of (3S,4R)-3-ethyl-4-(3H-imidazo[1,2-alpha]pyrrolo[2,3-e]-pyrazin-8-yl)-N-(2,2,2-trifluoroethyl)pyrrolidine-1-carboxamide and solid state forms thereof"
2360,grid.468198.a,Moffitt Cancer Center,United States,,US-9594084-B2,2014,Phosphorylation of histones and uses thereof
2361,grid.476085.8,Arbor Pharmaceuticals (United States),United States,,US-9682057-B2,2016,"Crystalline forms of (N,N-Diethylcarbamoyl)methyl methyl (2E)but-2-ene-1,4-dioate, methods of synthesis and use"
2362,grid.414553.2,Clalit Health Services,Israel,,US-9956182-B2,2014,Cannabidiol for the prevention and treatment of graft-versus-host disease
2363,grid.430119.e,Reset Therapeutics,United States,,US-9265772-B2,2013,Carbazole-containing sulfonamides as cryptochrome modulators
2364,grid.16872.3a,VU University Medical Center,Netherlands,VUMC,WO-2013070079-A3,2012,miRNA IN BLOOD BRAIN BARRIER OF MS PATIENTS
2365,grid.12380.38,VU University Amsterdam,Netherlands,VU,WO-2013070079-A3,2012,miRNA IN BLOOD BRAIN BARRIER OF MS PATIENTS
2366,grid.164295.d,"University of Maryland, College Park",United States,UMCP,US-8932560-B2,2008,Advanced functional biocompatible polymeric matrix used as a hemostatic agent and system for damaged tissues and cells
2367,grid.411024.2,"University of Maryland, Baltimore",United States,UMAB,US-8932560-B2,2008,Advanced functional biocompatible polymeric matrix used as a hemostatic agent and system for damaged tissues and cells
2368,grid.34477.33,University of Washington,United States,UW,US-9810693-B2,2013,Chromophoric polymer dots
2369,grid.34477.33,University of Washington,United States,UW,US-9157908-B2,2012,Chitosan-alginate scaffold cell culture system and related methods
2370,grid.6936.a,Technical University Munich,Germany,TUM,WO-2014154461-A1,2014,METHOD OF MAGNETIC RESONANCE WITH EXCITATION BY A PREWINDING PULSE
2371,grid.7708.8,University Medical Center Freiburg,Germany,,WO-2014154461-A1,2014,METHOD OF MAGNETIC RESONANCE WITH EXCITATION BY A PREWINDING PULSE
2372,grid.9663.a,Osram Opto Semiconductors,Germany,,US-10074780-B2,2016,Composite having semiconductor structures including a nanocrystalline core and shell
2373,grid.34477.33,University of Washington,United States,UW,US-9382473-B2,2013,Chromophoric polymer dots
2374,grid.164295.d,"University of Maryland, College Park",United States,UMCP,US-8668899-B2,2010,Advanced functional biocompatible foam used as a hemostatic agent for compressible and non-compressible acute wounds
2375,grid.164295.d,"University of Maryland, College Park",United States,UMCP,US-9066885-B2,2008,Advanced functional biocompatible polymeric matrix containing nano-compartments
2376,grid.34477.33,University of Washington,United States,UW,US-9797840-B2,2012,Highly fluorescent polymer nanoparticle
2377,grid.417284.c,Philips (Netherlands),Netherlands,,WO-2012143821-A1,2012,MAGNETIC RESONANCE IMAGING OF OBJECT IN MOTION
2378,grid.418621.8,Philips (Germany),Germany,,WO-2012143821-A1,2012,MAGNETIC RESONANCE IMAGING OF OBJECT IN MOTION
2379,grid.21107.35,Johns Hopkins University,United States,JHU,US-9932559-B2,2012,Platform for creating an artificial blood brain barrier
2380,grid.453773.1,Wisconsin Alumni Research Foundation,United States,WARF,US-7972779-B2,2004,Method for assessing predisposition to depression
2381,grid.7763.5,University of Cagliari,Italy,,WO-2016016790-A1,2015,ESTER OF A PHOSPHOLIPID WITH CONJUGATED LINOLEIC ACID FOR THE TREATMENT OF PSYCHIATRIC DISORDERS WITH NEUROINFLAMMATORY AND NEURODEGENERATIVE BASIS
2382,grid.34477.33,University of Washington,United States,UW,US-10067139-B2,2013,Polyelectrolyte-coated polymer dots and related methods
2383,grid.504643.0,Tricol Biomedical (United States),United States,,US-9925310-B2,2016,Biocompatible and bioabsorbable derivatized chitosan compositions
2384,grid.32224.35,Massachusetts General Hospital,United States,MGH,US-9616088-B2,2014,Advanced functional biocompatible polymer putty used as a hemostatic agent for treating damaged tissue and cells
2385,grid.164295.d,"University of Maryland, College Park",United States,UMCP,US-9616088-B2,2014,Advanced functional biocompatible polymer putty used as a hemostatic agent for treating damaged tissue and cells
2386,grid.441367.3,University of the West,United States,,US-9932288-B2,2016,Chemical compound for inhibition of SHP2 function and for use as an anti-cancer agent
2387,grid.268154.c,West Virginia University,United States,WVU,US-9932288-B2,2016,Chemical compound for inhibition of SHP2 function and for use as an anti-cancer agent
2388,grid.116068.8,Massachusetts Institute of Technology,United States,MIT,US-9902986-B2,2014,Enterobactin conjugates and uses thereof
2389,grid.116068.8,Massachusetts Institute of Technology,United States,MIT,WO-2015057958-A2,2014,ENTEROBACTIN CONJUGATES AND USES THEREOF
