,for_name,id,year,title
0,Artificial Intelligence and Image Processing,EP-2347352-A4,2009,INTERACTIVE TREE PLOT FOR FLOW CYTOMETRY DATA
1,Organic Chemistry,US-9944669-B2,2015,"Fumarate-CO-releasing molecule hybrids, their use in the treatment of inflammatory or cardiovascular diseases and their process of preparation"
2,Other Physical Sciences,US-8143254-B2,2006,Methods for modulating ion channels
3,Other Physical Sciences,WO-2018024813-A1,2017,IMAGING TECHNOLOGIES
4,Organic Chemistry,US-10023570-B2,2016,"Substituted pyrazolo[1,5-A]pyridine compounds as RET kinase inhibitors"
5,Pharmacology and Pharmaceutical Sciences,WO-2018048868-A1,2017,NONSELECTIVE METABOTROPIC GLUTAMATE RECEPTOR ACTIVATORS FOR TREATMENT OF ANOREXIA NERVOSA AND BINGE EATING DISORDER
6,Macromolecular and Materials Chemistry,US-6150168-A,1995,Nucleic acid transporter systems and methods of use
7,Macromolecular and Materials Chemistry,US-6033884-A,1993,Nucleic acid transporter systems and methods of use
8,Medical Biochemistry and Metabolomics,US-5994109-A,1995,Nucleic acid transporter system and methods of use
9,Medical Biochemistry and Metabolomics,US-6177554-B1,1995,Nucleic acid transporter systems
10,Genetics,EP-3327134-A1,2016,METHOD AND BIOMARKERS FOR IN VITRO DIAGNOSIS OF MENTAL DISORDERS
11,Genetics,WO-2018096141-A1,2017,METHOD AND BIOMARKERS FOR IN VITRO DIAGNOSIS OF MENTAL DISORDERS
12,Biomedical Engineering,US-9844641-B2,2016,"Systems, devices and methods for performing medical procedures in the intestine"
13,Biomedical Engineering,US-9757535-B2,2016,"Systems, devices and methods for performing medical procedures in the intestine"
14,Statistics,US-9340479-B2,2015,Methods of synthesizing alpha acids and substantially enantiomerically pure compositions thereof
15,Pharmacology and Pharmaceutical Sciences,WO-2018100403-A1,2017,COMBINATION OF PARSTATIN 1-26 AND EXENATIDE
16,Data Format,US-10002277-B1,2017,Reader device for reading a marking comprising a physical unclonable function
17,Data Format,US-10002362-B1,2017,Composite security marking
18,Electrical and Electronic Engineering,WO-2018065765-A1,2017,MULTI-AXIS FORCE SENSOR
19,Immunology,US-10064936-B2,2016,Mixed allergen compositions and methods for using the same
20,Immunology,US-9731003-B2,2016,Mixed allergen compositions and methods for using the same
21,Cardiorespiratory Medicine and Haematology,US-9907795-B2,2017,Method of treatment of chronic cough administering orvepitant in combination with other therapeutic agents
22,Artificial Intelligence and Image Processing,US-9495276-B1,2008,Indicating metrics associated with a model on a human machine interface (HMI)
23,Other Physical Sciences,WO-2018050777-A1,2017,A METHOD FOR CHARACTERIZING THE RADIO-FREQUENCY TRANSMIT FIELD IN NMR
24,Biomedical Engineering,WO-2018031424-A1,2017,"IN VIVO METHODS FOR SELECTING PEPTIDES THAT CROSS THE BLOOD BRAIN BARRIER, RELATED COMPOSITIONS AND METHODS OF USE"
25,Biochemistry and Cell Biology,US-9791459-B2,2010,Method of diagnosing and treating asphyxia
26,Immunology,WO-2016193714-A1,2016,DIAGNOSTIC TARGET
27,Genetics,WO-2017181134-A2,2017,DETECTING CANCER DRIVER GENES AND PATHWAYS
28,Genetics,WO-2017191076-A1,2017,METHOD OF CHARACTERISING A DNA SAMPLE
29,Immunology,US-20140370035-A1,2013,METHODS OF REDUCING IMMUNOGENICITY AGAINST FACTOR VIII IN INDIVIDUALS UNDERGOING FACTOR VIII THERAPY
30,Biomedical Engineering,WO-2018025241-A2,2017,A PLANAR POP-UP ACTUATOR DEVICE WITH EMBEDDED ELECTRO-MAGNETIC ACTUATION
31,Organic Chemistry,WO-2018022603-A1,2017,"METHODS OF MAKING 18F-LABELED PRECURSORS AND PEPTIDES, LABELED C-MET BINDING PEPTIDES, AND METHODS OF USE THEREOF"
32,Biochemistry and Cell Biology,US-9963699-B2,2013,Methods for modulating C9ORF72 expression
33,Neurosciences,US-9963699-B2,2013,Methods for modulating C9ORF72 expression
34,Neurosciences,US-9605263-B2,2016,Compositions for modulating C9ORF72 expression
35,Communications Technologies,EP-3327990-A1,2016,RADIO COMMUNICATION NETWORK WITH MULTI THRESHOLD BASED SLA MONITORING FOR RADIO RESOURCE MANAGEMENT
36,Communications Technologies,EP-3316646-A1,2016,RADIO COMMUNICATION NETWORK WITH RE-CONFIGURABLE RADIO SCHEDULER
37,Electrical and Electronic Engineering,WO-2017211849-A1,2017,"METHOD, SYSTEM AND APPARATUS"
38,Biochemistry and Cell Biology,WO-2017220855-A1,2017,METHOD AND APPARATUS FOR PERFORMING PACKET DUPLICATION IN A MULTI-CONNECTIVITY SCENARIO
39,Applied Mathematics,WO-2017209671-A1,2016,MANAGEMENT OF 5G SPLIT BEARER FLOW CONTROL
40,Immunology,US-10064936-B2,2016,Mixed allergen compositions and methods for using the same
41,Immunology,US-9731003-B2,2016,Mixed allergen compositions and methods for using the same
42,Immunology,US-9745552-B2,2011,Anti CD4 antibodies to prevent in particular graft-versus-host-disease (GvHD)
43,Pharmacology and Pharmaceutical Sciences,WO-2018019823-A1,2017,ADMINISTRATION AND DOSAGE OF DIAMINOPHENOTHIAZINES
44,Cardiorespiratory Medicine and Haematology,EP-3281632-A1,2016,ARGON FOR USE IN THE PREVENTION OF BOTH CARDIAC AND CEREBRAL INJURY INDUCED BY ISCHEMIA/REPERFUSION FOLLOWING CARDIAC ARREST
45,Immunology,US-9988450-B2,2017,Anti-PD1 antibodies and their use as therapeutics and diagnostics
46,Communications Technologies,WO-2017175027-A1,2016,QUALITY OF SERVICE (QOS) SUPPORT FOR TACTILE TRAFFIC
47,Genetics,US-9701675-B2,2016,Activation of TRPV4 ion channel by physical stimuli and critical role for TRPV4 in organ-specific inflammation and itch
48,Clinical Sciences,US-9877990-B2,2016,"Compositions and methods for the treatment of wounds, disorders, and diseases of the skin"
49,Genetics,WO-2018015551-A1,2017,METHODS FOR DISCRIMINATING A TOLERANT SUBJECT
50,Immunology,EP-3122377-A4,2015,METHODS FOR DIAGNOSING AND TREATING INFLAMMATORY BOWEL DISEASE
51,Clinical Sciences,WO-2017176336-A1,2016,"COMPOSITIONS AND METHODS FOR THE TREATMENT OF WOUNDS, DISORDERS, AND DISEASES OF THE SKIN"
52,Immunology,US-9873742-B2,2015,Methods for diagnosing and treating inflammatory bowel disease
53,Organic Chemistry,US-10035788-B2,2017,Maleate salts of (E)-N-{4[3-chloro-4-(2-pyridinylmethoxy)anilino]-3-cyano-7-ethoxy-6-quinolinyl}-4-(dimethylamino)-2-butenamide and crystalline forms thereof
54,Organic Chemistry,US-9630946-B2,2015,Maleate salts of (E)-N-{4-[3-chloro-4-(2-pyridinylmethoxy)anilino]-3-cyano-7-ethoxy-6-quinolinyl}-4-(dimethylamino)-2-butenamide and crystalline forms thereof
55,Artificial Intelligence and Image Processing,US-10034645-B1,2017,Systems and methods for detecting complex networks in MRI image data
56,Organic Chemistry,US-9949968-B2,2016,Diarylalkylamine REV-ERB antagonists and their use as medicaments
57,Clinical Sciences,EP-3305370-A1,2016,ALGAE AUTOPHAGY ACTIVATOR
58,Paediatrics and Reproductive Medicine,WO-2018096084-A1,2017,MIRNAS AS BIOMARKER IN IN-VITRO-FERTILIZATION
59,Medical Microbiology,US-9630995-B2,2011,Method of improving immune function in HIV-infected subjects on HAART by administering HIV-1 TAT
60,Immunology,US-9630995-B2,2011,Method of improving immune function in HIV-infected subjects on HAART by administering HIV-1 TAT
61,Clinical Sciences,US-9630995-B2,2011,Method of improving immune function in HIV-infected subjects on HAART by administering HIV-1 TAT
62,Immunology,WO-2018080252-A1,2017,IMMUNE RESPONSE REGULATORY SUBSTANCE AND VACCINE COMPOSITION CONTAINING SAME
63,Clinical Sciences,US-9877990-B2,2016,"Compositions and methods for the treatment of wounds, disorders, and diseases of the skin"
64,Cardiorespiratory Medicine and Haematology,US-9907795-B2,2017,Method of treatment of chronic cough administering orvepitant in combination with other therapeutic agents
65,Biochemistry and Cell Biology,WO-2018100536-A1,2017,METHODS OF TREATING CANCER
66,Cardiorespiratory Medicine and Haematology,US-9750739-B2,2016,Orvepitant for chronic cough therapy
67,Clinical Sciences,WO-2017176336-A1,2016,"COMPOSITIONS AND METHODS FOR THE TREATMENT OF WOUNDS, DISORDERS, AND DISEASES OF THE SKIN"
68,Immunology,WO-2018100534-A1,2017,COMBINATION THERAPY
69,Biochemistry and Cell Biology,WO-2018100532-A1,2017,COMBINATION THERAPY
70,Communications Technologies,EP-3258714-A1,2017,MOBILE RADIO COMMUNICATION SYSTEM FOR PROVIDING A PLURALITY OF MOBILE RADIO CELLS IN A BUILDING OR CAMPUS
71,Information Systems,WO-2018084950-A1,2017,PROVIDING A FORMAT INDICATOR COMPRISING RANK INDICATION AND CHANNEL STATE INFORMATION SPATIAL DOMAIN RESOLUTION TYPE
72,Artificial Intelligence and Image Processing,EP-0697638-A1,1995,Method of detection of complete sequences and failed sequences in a system for situation recognition
73,Immunology,US-20140079795-A1,2013,MUCOADHESIVE PARTICULATE FORMULATION FOR INDUCING ANTIGEN-SPECIFIC IMMUNE TOLERANCE
74,Immunology,US-10064936-B2,2016,Mixed allergen compositions and methods for using the same
75,Biochemistry and Cell Biology,US-10059945-B2,2017,Methods of controlling cell fate and consequences for disease
76,Clinical Sciences,US-10022355-B2,2016,Diaryl and arylheteroaryl urea derivatives as modulators of the 5-HT2A serotonin receptor useful for the prophylaxis and treatment of REM sleep behavior disorder
77,Organic Chemistry,US-10059691-B2,2017,Processes for the preparation of pyrazole derivatives useful as modulators of the 5-HT2A serotonin receptor
78,Immunology,US-9480748-B2,2013,Mucoadhesive particulate formulation for inducing antigen-specific immune tolerance
79,Immunology,US-9731003-B2,2016,Mixed allergen compositions and methods for using the same
80,Neurosciences,US-10034859-B2,2016,Diaryl and arylheteroaryl urea derivatives as modulators of the 5-HT2A serotonin receptor useful for the prophylaxis and treatment of hallucinations associated with a neurodegenerative disease
81,Macromolecular and Materials Chemistry,US-9745270-B2,2016,"Processes useful for the preparation of 1-[3-(4-bromo-2-methyl-2H-pyrazol-3-yl)-4-methoxy-phenyl]-3-(2,4-difluoro-phenyl)-urea and crystalline forms related thereto"
82,Cardiorespiratory Medicine and Haematology,US-9775829-B2,2016,Diaryl and arylheteroaryl urea derivatives as modulators of the 5-HT2A serotonin receptor useful for the prophylaxis and treatment of disorders related thereto
83,Clinical Sciences,US-9775829-B2,2016,Diaryl and arylheteroaryl urea derivatives as modulators of the 5-HT2A serotonin receptor useful for the prophylaxis and treatment of disorders related thereto
84,Interdisciplinary Engineering,WO-2017158343-A1,2017,METHOD AND SYSTEM FOR PRESSURE DROP ESTIMATION
85,Genetics,EP-3067432-A1,2015,DNA-methylation based method for classifying tumor species of the brain
86,Cardiorespiratory Medicine and Haematology,WO-2017077326-A1,2016,COMBINATION OF AN INHIBITOR OF PARP WITH AN INHIBITOR OF GSK-3 OR DOT1L
87,Biomedical Engineering,WO-2014113322-A1,2014,SYSTEM AND METHOD FOR IMPROVED CARDIAC IMAGING OF SUBJECTS WITH ADVERSE CARDIAC CONDITIONS
88,Oncology and Carcinogenesis,WO-2017167770-A1,2017,THSD7A AS A NOVEL TARGET FOR CANCER THERAPY AND DIAGNOSIS
89,Plant Biology,WO-2015011604-A1,2014,ASCORBATE TRANSPORTER
90,Biochemistry and Cell Biology,WO-2015011604-A1,2014,ASCORBATE TRANSPORTER
91,Genetics,WO-2016142533-A1,2016,DNA-METHYLATION BASED METHOD FOR CLASSIFYING TUMOR SPECIES
92,Immunology,US-10072078-B2,2013,M971 chimeric antigen receptors
93,Biochemistry and Cell Biology,US-9668991-B1,2015,SCFA colonic composition
94,Oncology and Carcinogenesis,EP-3225997-A1,2016,THSD7A AS A NOVEL TARGET FOR CANCER THERAPY AND DIAGNOSIS
95,Genetics,WO-2018041959-A1,2017,GENE PANEL SPECIFIC FOR PULMONARY HYPERTENSION AND ITS USES
96,Cardiorespiratory Medicine and Haematology,WO-2018041959-A1,2017,GENE PANEL SPECIFIC FOR PULMONARY HYPERTENSION AND ITS USES
97,Biochemistry and Cell Biology,WO-2018091729-A2,2017,AQUEOUS PHARMACEUTICAL FORMULATIONS
98,Oncology and Carcinogenesis,WO-2018099884-A1,2017,RISK SCORES BASED ON HUMAN PHOSPHODIESTERASE 4D VARIANT 7 EXPRESSION
99,Immunology,WO-2017211928-A1,2017,ANTI-IgE ANTIBODIES
100,Interdisciplinary Engineering,WO-2017163030-A3,2017,FLUID FLOW ANALYSIS
101,Other Physical Sciences,US-9980673-B2,2016,"SEM scanner sensing apparatus, system and methodology for early detection of ulcers"
102,Clinical Sciences,US-9877990-B2,2016,"Compositions and methods for the treatment of wounds, disorders, and diseases of the skin"
103,Clinical Sciences,WO-2017176336-A1,2016,"COMPOSITIONS AND METHODS FOR THE TREATMENT OF WOUNDS, DISORDERS, AND DISEASES OF THE SKIN"
104,Electrical and Electronic Engineering,US-10016600-B2,2014,Topical neurological stimulation
105,Neurosciences,US-10016600-B2,2014,Topical neurological stimulation
106,Biomedical Engineering,US-10016600-B2,2014,Topical neurological stimulation
107,Oncology and Carcinogenesis,US-9982041-B2,2015,Compositions and methods for treatment and detection of cancers
108,Immunology,US-10087236-B2,2010,Methods for modifying human antibodies by glycan engineering
109,Immunology,WO-2017023671-A1,2016,EZH2 INHIBITORS AND MODULATION OF REGULATORY T-CELL FUNCTION
110,Immunology,US-10005847-B2,2015,Anti-HER2 glycoantibodies and uses thereof
111,Organic Chemistry,US-10086054-B2,2014,RM2 antigens and use thereof
112,Biomedical Engineering,WO-2017208153-A1,2017,WAVEGUIDE COMPRISING A THICK CONDUCTIVE LAYER
113,Immunology,US-10023892-B2,2015,Compositions and methods relating to universal glycoforms for enhanced antibody efficacy
114,Oncology and Carcinogenesis,US-9975965-B2,2016,Compositions and methods for treatment and detection of cancers
115,Clinical Sciences,US-9975965-B2,2016,Compositions and methods for treatment and detection of cancers
116,Electrical and Electronic Engineering,US-10016600-B2,2014,Topical neurological stimulation
117,Neurosciences,US-10016600-B2,2014,Topical neurological stimulation
118,Biomedical Engineering,US-10016600-B2,2014,Topical neurological stimulation
119,Organic Chemistry,US-9981030-B2,2014,Glycan conjugates and use thereof
120,Biochemistry and Cell Biology,US-9402831-B2,2012,Combination therapy of HSP90 inhibitors with BRAF inhibitors
121,Nutrition and Dietetics,WO-2017194607-A1,2017,FERMENTED INFANT FORMULA
122,Neurosciences,US-9974791-B2,2015,Pyrazolo pyridine derivatives as NADPH oxidase inhibitors
123,Clinical Sciences,WO-2016174130-A1,2016,CLINICAL GENE SIGNATURE-BASED HUMAN CELL CULTURE MODEL AND USES THEREOF
124,Cardiorespiratory Medicine and Haematology,WO-2017070064-A1,2016,SYSTEM AND METHOD FOR PROVIDING BLOOD PRESSURE SAFE ZONE INDICATION DURING AUTOREGULATION MONITORING
125,Cardiorespiratory Medicine and Haematology,WO-2017192304-A1,2017,ARYLCARBOXAMIDES AND USES THEREOF
126,Clinical Sciences,WO-2017192304-A1,2017,ARYLCARBOXAMIDES AND USES THEREOF
127,Genetics,WO-2018002783-A1,2017,MATERIALS AND METHODS FOR TREATMENT OF FRIEDREICH ATAXIA AND OTHER RELATED DISORDERS
128,Neurosciences,WO-2018057514-A1,2017,COMPOSITIONS FOR RESTORING GENE EXPRESSION IN NEUROPSYCHIATRIC OR NEURODEGENERATIVE DISORDERS
129,Genetics,WO-2018051072-A1,2017,METHODS AND APPARATUS FOR IDENTIFYING ONE OR MORE GENETIC VARIANTS ASSOCIATED WITH DISEASE IN AN INDIVIDUAL OR GROUP OF RELATED INDIVIDUALS
130,Biochemistry and Cell Biology,US-10041044-B2,2017,Age-associated clonal hematopoiesis accelerates cardio-metabolic disease development
131,Biomedical Engineering,WO-2017207855-A1,2017,CIRCULATING MICRO-RNAS AS BIOMARKERS FOR PRIMARY ANTIPHOSPHOLIPID SYNDROME
132,Artificial Intelligence and Image Processing,WO-2017191248-A1,2017,MEDICAL ATLAS REGISTRATION
133,Clinical Sciences,WO-2017208001-A1,2017,BIOMARKERS FOR PLATELET DISORDERS
134,Biochemistry and Cell Biology,WO-2017208001-A1,2017,BIOMARKERS FOR PLATELET DISORDERS
135,Artificial Intelligence and Image Processing,WO-2017031088-A1,2016,THREE-DIMENSIONAL (3D) CONVOLUTION WITH 3D BATCH NORMALIZATION
136,Analytical Chemistry,WO-2017147186-A1,2017,SYSTEM AND METHOD FOR DETECTING THERAPEUTIC AGENTS TO MONITOR ADHERENCE TO A TREATMENT REGIMEN
137,Neurosciences,WO-2018015868-A1,2017,AN OXAZINE DERIVATIVE FOR USE IN THE PREVENTION OF ALZHEIMER'S DISEASE IN AT RISK PATIENTS
138,Clinical Sciences,WO-2016198859-A1,2016,PRECISION THERAPEUTICS
139,Clinical Sciences,US-9973993-B2,2017,System and method for programmable joint optimization of mobility load balancing and mobility robustness optimization
140,Communications Technologies,US-9942819-B2,2017,System and method for group based handover parameter optimization for wireless radio access network load balancing
141,Genetics,WO-2018053039-A1,2017,"METHODS OF DIAGNOSING AND TREATING CD55 DEFICIENCY, HYPERACTIVATION OF COMPLEMENT, ANGIOPATHIC THROMBOSIS AND PROTEIN LOSING ENTEROPATHY (CHAPLE), A NEWLY IDENTIFIED ORPHAN DISEASE"
142,Artificial Intelligence and Image Processing,WO-2017070571-A2,2016,"DEVICES, SYSTEMS AND METHODS FOR SAMPLE DETECTION"
143,Genetics,WO-2018015551-A1,2017,METHODS FOR DISCRIMINATING A TOLERANT SUBJECT
144,Public Health and Health Services,US-10034874-B2,2017,Nalmefene for reduction of alcohol consumption in specific target populations
145,Public Health and Health Services,US-9642849-B2,2016,Nalmefene for reduction of alcohol consumption in specific target populations
146,Immunology,WO-2017205014-A1,2017,MIXTURES OF ANTIBODIES
147,Artificial Intelligence and Image Processing,WO-2017064370-A1,2016,VIDEO CODING WITH HELPER DATA FOR SPATIAL INTRA-PREDICTION
148,Artificial Intelligence and Image Processing,EP-3086287-A1,2015,FLOW ANALYSIS IN 4D MR IMAGE DATA
149,Neurosciences,WO-2017118857-A1,2017,TACROLIMUS FOR TREATING TDP-43 PROTEINOPATHY
150,Artificial Intelligence and Image Processing,US-10034645-B1,2017,Systems and methods for detecting complex networks in MRI image data
151,Other Physical Sciences,DE-102016211743-A1,2016,Optical arrangement and method for operating in two modes
152,Genetics,WO-2018051072-A1,2017,METHODS AND APPARATUS FOR IDENTIFYING ONE OR MORE GENETIC VARIANTS ASSOCIATED WITH DISEASE IN AN INDIVIDUAL OR GROUP OF RELATED INDIVIDUALS
153,Other Physical Sciences,US-9946066-B1,2017,Optics for diffraction limited focusing inside transparent media
154,Genetics,US-9670486-B2,2011,RNAi-based method of screening and characterizing drug combinations
155,Biochemistry and Cell Biology,US-9683231-B2,2011,RNAi-based method of drug screening and characterization
156,Genetics,US-9683231-B2,2011,RNAi-based method of drug screening and characterization
157,Clinical Sciences,WO-2017042567-A1,2016,USE OF CANNABINOIDS IN THE TREATMENT OF MENTAL DISORDERS
158,Biochemistry and Cell Biology,WO-2016174434-A1,2016,RECEPTOR TYROSINE KINASE BIOMARKERS
159,Immunology,WO-2017055404-A1,2016,BISPECIFIC ANTIBODIES SPECIFIC FOR PD1 AND TIM3
160,Clinical Sciences,WO-2017143430-A1,2017,MIRNA BIOMARKERS FOR CARTILAGE DEGENERATION
161,Computer Software,US-10061916-B1,2016,Systems and methods for measuring peer influence on a child
162,Oncology and Carcinogenesis,WO-2017198870-A1,2017,METHOD FOR THE PROGNOSIS AND/OR TREATMENT OF ACUTE PROMYELOCYTIC LEUKEMIA
163,Electrical and Electronic Engineering,WO-2017174998-A1,2017,ENDOSCOPIC IMAGING APPARATUS AND METHOD
164,Clinical Sciences,WO-2017208001-A1,2017,BIOMARKERS FOR PLATELET DISORDERS
165,Biochemistry and Cell Biology,WO-2017208001-A1,2017,BIOMARKERS FOR PLATELET DISORDERS
166,Genetics,WO-2017162604-A1,2017,METHODS FOR DIAGNOSIS AND TREATMENT OF SOLAR LENTIGO
167,Biochemistry and Cell Biology,WO-2018037091-A1,2017,METHODS FOR THE IDENTIFICATION AND ISOLATION OF HEMATOPOIETIC STEM AND PROGENITOR CELLS
168,Immunology,US-9884907-B2,2017,Methods for treating headache using antagonist antibodies directed against calcitonin gene-related peptide
169,Immunology,US-9890211-B2,2017,Antagonist antibodies directed against calcitonin gene-related peptide
170,Immunology,US-9890210-B2,2017,Antagonist antibodies directed against calcitonin gene-related peptide
171,Immunology,US-9884908-B2,2017,Methods for treating headache using antagonist antibodies directed against calcitonin gene-related peptide
172,Clinical Sciences,WO-2017105565-A3,2016,"COMPOSITIONS FOR THERAPEUTICS, TARGETED PET IMAGING AND METHODS OF THEIR USE"
173,Oncology and Carcinogenesis,US-9943570-B2,2013,Manipulation of hairy and enhancer of split 3 (Hes3) and its regulators/mediators as an anti-cancer strategy
174,Clinical Sciences,US-9758561-B2,2015,Dual GLP-1/glucagon receptor agonists derived from exendin-4
175,Clinical Sciences,US-9745360-B2,2013,Dual GLP1/GIP or trigonal GLP1/GIP/glucagon agonists
176,Information Systems,WO-2016173865-A1,2016,METHOD OF AND APPARATUS FOR OPERATING A DEVICE BY MEMBERS OF A GROUP
177,Clinical Sciences,US-9771406-B2,2015,Peptidic dual GLP-1/glucagon receptor agonists derived from exendin-4
178,Immunology,WO-2017106578-A1,2016,PACAP ANTIBODIES AND USES THEREOF
179,Clinical Sciences,US-9775904-B2,2015,Exendin-4 derivatives as peptidic dual GLP-1/glucagon receptor agonists
180,Clinical Sciences,US-9982029-B2,2016,Exendin-4 derivatives as selective peptidic dual GLP-1/glucagon receptor agonists
181,Biomedical Engineering,US-10058415-B2,2015,Silicone breast implant delivery
182,Clinical Sciences,US-9789165-B2,2014,Exendin-4 peptide analogues as dual GLP-1/GIP receptor agonists
183,Oncology and Carcinogenesis,EP-2929352-A4,2013,METABOLOMIC PROFILING DEFINES ONCOGENES DRIVING PROSTATE TUMORS
184,Biochemistry and Cell Biology,WO-2017178838-A1,2017,BINDING MODULATION
185,Biochemistry and Cell Biology,WO-2016096843-A1,2015,RADIO-PHARMACEUTICAL COMPLEXES
186,Information Systems,WO-2016164193-A1,2016,FORCE-SENSITIVE TOUCH SENSOR COMPENSATION
187,Clinical Sciences,WO-2016067238-A1,2015,QUINOLINE-3-CARBOXAMIDE COMPOUNDS AND THEIR USE IN DIAGNOSIS
188,Information Systems,US-9612685-B2,2015,Force-sensitive touch sensor compensation
189,Oncology and Carcinogenesis,US-9993482-B2,2015,Pharmaceutical combination comprising a class III receptor tyrosine kinase inhibitor and the alkylating histone-deacetylase inhibitor fusion molecule EDO-S101 together with its use in the treatment of cancer
190,Communications Technologies,US-10021596-B2,2016,"Communication system, communication device, base station and method thereof for D2D communications"
191,Biomedical Engineering,WO-2016180786-A1,2016,MAGNETIC RESONANCE EXAMINATION SYSTEM WITH FIELD PROBES
192,Biochemistry and Cell Biology,WO-2016193829-A1,2016,PHARMACEUTICAL AND FOOD COMPOSITIONS FOR INDUCING SATIATION AND PROLONGING SATIETY IN SUBJECTS IN NEED THEREOF.
193,Biochemistry and Cell Biology,WO-2017060400-A1,2016,PROTECTED CARBOXYLIC ACID-BASED METABOLITES FOR THE TREATMENT OF DISESASES RELATED TO MITOCHONDRIAL DYSFUNCTIONS
194,Genetics,EP-3215633-A4,2015,"SYSTEM, METHOD AND APPARATUS FOR DETERMINING THE EFFECT OF GENETIC VARIANTS"
195,Biochemistry and Cell Biology,WO-2016156527-A1,2016,COMPOSITION FOR THE TREATMENT OF A PATHOGENIC METABOLIC STATE OF THE INTESTINAL MICROBIOTA AND OF DERIVED DISEASES
196,Oncology and Carcinogenesis,WO-2017167972-A1,2017,FERRIC MALTOL COMPOSITIONS FOR USE IN THE TREATMENT OR PREVENTION OF CANCER AND TUMOURS
197,Biochemistry and Cell Biology,WO-2017060422-A1,2016,PROTECTED CARBOXYLIC ACID-BASED METABOLITES FOR THE TREATMENT OF MITOCHONDRIAL DISORDERS
198,Clinical Sciences,WO-2017208001-A1,2017,BIOMARKERS FOR PLATELET DISORDERS
199,Biochemistry and Cell Biology,WO-2017208001-A1,2017,BIOMARKERS FOR PLATELET DISORDERS
200,Biochemistry and Cell Biology,US-10064895-B2,2016,Compositions and methods for treating a pathogenic metabolic condition of the gut microbiota and derived diseases
201,Biochemistry and Cell Biology,WO-2016059455-A1,2015,PHARMACEUTICAL AND FOOD COMPOSITIONS FOR INDUCING SATIATION AND PROLONGING SATIETY IN SUBJECTS IN NEED THEREOF
202,Biochemistry and Cell Biology,WO-2017060418-A1,2016,PROTECTED CARBOXYLIC ACID-BASED METABOLITES FOR THE TREATMENT OF MITOCHONDRIA-RELATED DISEASES
203,Biochemistry and Cell Biology,WO-2016001686-A1,2015,SUCCINATE DEHYDROGENASE INHIBITORS (SDHi's)
204,Biochemistry and Cell Biology,FR-3034317-A1,2015,Composition for the treatment of a state of the intestinal metabolic pathogenic microbiota and of diseases derived
205,Genetics,WO-2016049163-A2,2015,USE AND PRODUCTION OF CHD8+/- TRANSGENIC ANIMALS WITH BEHAVIORAL PHENOTYPES CHARACTERISTIC OF AUTISM SPECTRUM DISORDER
206,Clinical Sciences,US-9114146-B2,2014,Natural combination hormone replacement formulations and therapies
207,Other Medical and Health Sciences,WO-2017007403-A1,2016,METHODS AND COMPOUNDS FOR THE ALLEVIATION AND/OR PREVENTION OF PAIN
208,Neurosciences,WO-2015087087-A1,2014,BIOMARKERS AND METHODS RELATING TO ALZHEIMER'S DISEASE
209,Clinical Sciences,US-9328167-B2,2015,Methods of treating chronic pain
210,Neurosciences,WO-2018008763-A1,2017,METHOD FOR EVALUATING FUTURE ONSET RISK OF ALZHEIMER'S TYPE DEMENTIA
211,Immunology,US-10066009-B2,2016,Anti-CGRP compositions and use thereof
212,Cardiorespiratory Medicine and Haematology,US-9907795-B2,2017,Method of treatment of chronic cough administering orvepitant in combination with other therapeutic agents
213,Immunology,US-20150361173-A1,2015,ANTAGONIST ANTIBODIES DIRECTED AGAINST CALCITONIN GENE-RELATED PEPTIDE AND METHODS USING SAME
214,Immunology,US-9328168-B2,2015,Methods of using anti-CGRP antagonist antibodies
215,Biochemistry and Cell Biology,WO-2016085876-A1,2015,CLONAL HAEMATOPOIESIS
216,Medical Physiology,US-9669020-B2,2015,Sublingual apomorphine
217,"Film, Television and Digital Media",US-9669021-B2,2015,Sublingual apomorphine
218,Clinical Sciences,US-9289382-B2,2015,Vaginal inserted estradiol pharmaceutical compositions and methods
219,Immunology,US-9266951-B2,2015,Antagonist antibodies directed against calcitonin gene-related peptide and methods using same
220,Medical Biochemistry and Metabolomics,EP-3171174-A1,2015,LACTOFERRIN FOR USE IN THE DIAGNOSIS OR PROGNOSIS OF ALZHEIMER'S DISEASE
221,Immunology,US-9884907-B2,2017,Methods for treating headache using antagonist antibodies directed against calcitonin gene-related peptide
222,Immunology,US-9340614-B2,2015,Antagonist antibodies directed against calcitonin gene-related peptide and methods using same
223,Immunology,US-9745373-B2,2012,Anti-CGRP compositions and use thereof
224,Cardiorespiratory Medicine and Haematology,US-9750739-B2,2016,Orvepitant for chronic cough therapy
225,Immunology,US-9890211-B2,2017,Antagonist antibodies directed against calcitonin gene-related peptide
226,Clinical Sciences,US-9301920-B2,2013,Natural combination hormone replacement formulations and therapies
227,Organic Chemistry,US-9278093-B2,2013,Aldosterone synthase inhibitors
228,Medical Microbiology,WO-2017162678-A1,2017,HUMANIZED ANTI-CLAUDIN-1 ANTIBODIES AND USES THEREOF
229,Physical Chemistry (incl. Structural),US-9669019-B2,2015,Sublingual apomorphine
230,Immunology,US-9855332-B2,2012,Use of anti-CGRP antibodies and antibody fragments to treat diarrhea in subjects with diseases or treatments that result in elevated CGRP levels
231,Immunology,US-9365648-B1,2016,Methods of using anti-CGRP antagonist antibodies
232,Immunology,US-9346881-B2,2015,Antagonist antibodies directed against calcitonin gene-related peptide and methods using same
233,Immunology,US-9890210-B2,2017,Antagonist antibodies directed against calcitonin gene-related peptide
234,Immunology,US-9896502-B2,2015,Antagonist antibodies directed against calcitonin gene-related peptide and methods using same
235,Immunology,US-9884908-B2,2017,Methods for treating headache using antagonist antibodies directed against calcitonin gene-related peptide
236,"Film, Television and Digital Media",US-9669018-B2,2015,Sublingual apomorphine
237,Biomedical Engineering,US-9180091-B2,2013,Soluble estradiol capsule for vaginal insertion
238,Immunology,US-9884907-B2,2017,Methods for treating headache using antagonist antibodies directed against calcitonin gene-related peptide
239,Immunology,US-9890211-B2,2017,Antagonist antibodies directed against calcitonin gene-related peptide
240,Immunology,US-9890210-B2,2017,Antagonist antibodies directed against calcitonin gene-related peptide
241,Pharmacology and Pharmaceutical Sciences,WO-2018048868-A1,2017,NONSELECTIVE METABOTROPIC GLUTAMATE RECEPTOR ACTIVATORS FOR TREATMENT OF ANOREXIA NERVOSA AND BINGE EATING DISORDER
242,Oncology and Carcinogenesis,WO-2017180461-A1,2017,COMBINATION THERAPY OF RAMUCIRUMAB AND ABEMACICLIB FOR USE IN TREATMENT OF MANTLE CELL LYMPHOMA
243,Immunology,US-9896502-B2,2015,Antagonist antibodies directed against calcitonin gene-related peptide and methods using same
244,Immunology,US-9884908-B2,2017,Methods for treating headache using antagonist antibodies directed against calcitonin gene-related peptide
245,Clinical Sciences,US-9328167-B2,2015,Methods of treating chronic pain
246,Clinical Sciences,WO-2015166492-A2,2015,MICROBIOME RESPONSE TO AGENTS
247,Immunology,US-20150361173-A1,2015,ANTAGONIST ANTIBODIES DIRECTED AGAINST CALCITONIN GENE-RELATED PEPTIDE AND METHODS USING SAME
248,Immunology,US-9328168-B2,2015,Methods of using anti-CGRP antagonist antibodies
249,Biomedical Engineering,US-9962090-B2,2017,Reflective mode multi-spectral time-resolved optical imaging methods and apparatuses for tissue classification
250,Other Physical Sciences,US-9962090-B2,2017,Reflective mode multi-spectral time-resolved optical imaging methods and apparatuses for tissue classification
251,Immunology,US-9266951-B2,2015,Antagonist antibodies directed against calcitonin gene-related peptide and methods using same
252,Immunology,US-9884907-B2,2017,Methods for treating headache using antagonist antibodies directed against calcitonin gene-related peptide
253,Immunology,US-9340614-B2,2015,Antagonist antibodies directed against calcitonin gene-related peptide and methods using same
254,Microbiology,US-10058576-B2,2016,Compositions and methods comprising a defined microbiome and methods of use thereof
255,Clinical Sciences,WO-2018046999-A1,2017,METHOD OF IDENTIFYING AN ACNE ASSOCIATION SIGNAL BY MONITORING ELEVATED EPITHELIAL ATTACHMENT THROUGH INCREASED LAMC2 EXPRESSION (AS A RISK FACTOR FOR MODERATE TO SEVERE ACNE) AND ASSOCIATED TREATMENT
256,Immunology,US-20140178420-A1,2013,"Treatment of Inflammation, Autoimmune, and Neurodegenerative Disorders with Immunosuppressive Tat Derivative Polypeptides"
257,Immunology,US-9890211-B2,2017,Antagonist antibodies directed against calcitonin gene-related peptide
258,Immunology,US-9365648-B1,2016,Methods of using anti-CGRP antagonist antibodies
259,Clinical Sciences,WO-2018047001-A1,2017,METHOD OF IDENTIFYING REDUCED ACTIVITY OF HAIR FOLLICLE MEDIATED BY REDUCTION IN ABILITY OF WNT10A TO PERFORM WILD TYPE FUNCTION AS A PROTECTIVE FACTOR FOR MODERATE TO SEVERE AND RELATED TREATMENT
260,Immunology,US-9878001-B2,2013,Immunosuppressive Tat derivative polypeptides
261,Immunology,US-9346881-B2,2015,Antagonist antibodies directed against calcitonin gene-related peptide and methods using same
262,Immunology,US-9890210-B2,2017,Antagonist antibodies directed against calcitonin gene-related peptide
263,Clinical Sciences,US-10086035-B2,2017,Compositions and methods for invasive and non-invasive procedural skincare
264,Immunology,US-9896502-B2,2015,Antagonist antibodies directed against calcitonin gene-related peptide and methods using same
265,Immunology,US-9884908-B2,2017,Methods for treating headache using antagonist antibodies directed against calcitonin gene-related peptide
266,Psychology,WO-2015091768-A1,2014,OVOL1 AS A NEW MARKER FOR MODERATE TO SEVERE ACNE
267,Genetics,EP-2886661-A1,2013,OVOL1 as a new marker for moderate to severe acne
268,Biomedical Engineering,US-9717417-B2,2016,Reflective mode multi-spectral time-resolved optical imaging methods and apparatuses for tissue classification
269,Other Physical Sciences,US-9717417-B2,2016,Reflective mode multi-spectral time-resolved optical imaging methods and apparatuses for tissue classification
270,Clinical Sciences,WO-2016146712-A1,2016,NK-3 RECEPTOR ANTAGONISTS FOR THERAPEUTIC OR COSMETIC TREATMENT OF EXCESS BODY FAT
271,Cardiorespiratory Medicine and Haematology,FR-3048352-A1,2016,HEART DEVICE
272,Biomedical Engineering,FR-3048352-A1,2016,HEART DEVICE
273,Electrical and Electronic Engineering,FR-3048352-A1,2016,HEART DEVICE
274,Biomedical Engineering,WO-2017149250-A1,2017,CARDIAC DEVICE
275,Cardiorespiratory Medicine and Haematology,WO-2017149250-A1,2017,CARDIAC DEVICE
276,Artificial Intelligence and Image Processing,EP-3117771-A3,2016,DIRECT COMPUTATION OF IMAGE-DERIVED BIOMARKERS
277,Immunology,EP-3012270-A1,2014,Products for modulating microbiota composition for improving the efficacy of a cancer treatment with an immune checkpoint blocker
278,Other Medical and Health Sciences,WO-2017182796-A1,2017,BACTERIOTHERAPY
279,Electrical and Electronic Engineering,US-10016600-B2,2014,Topical neurological stimulation
280,Neurosciences,US-10016600-B2,2014,Topical neurological stimulation
281,Biomedical Engineering,US-10016600-B2,2014,Topical neurological stimulation
282,Clinical Sciences,WO-2018100574-A1,2017,METHODS OF TREATING LIVER TOXICITY AND DISORDERS
283,Biomedical Engineering,WO-2016180786-A1,2016,MAGNETIC RESONANCE EXAMINATION SYSTEM WITH FIELD PROBES
284,Organic Chemistry,WO-2017134301-A1,2017,CLEC9A BINDING AGENTS
285,Genetics,US-9968580-B2,2016,"Method of treating Rett syndrome by oral administration of acetate which is provided as composition comprising magnesium acetate, calcium acetate or ethylacetate"
286,Neurosciences,WO-2018041739-A1,2017,TREATMENT OF DEMENTIA
287,Neurosciences,WO-2017060510-A1,2016,METHODS AND PHARMACEUTICAL COMPOSITIONS FOR THE TREATMENT OF ALZHEIMER'S DISEASE
288,Clinical Sciences,WO-2014203010-A1,2014,METHOD FOR THE ANALYSIS OF N-GLYCANS ATTACHED TO IMMUNOGLOBULIN G FROM HUMAN BLOOD PLASMA AND ITS USE
289,Clinical Sciences,US-9910046-B2,2014,Method for the analysis of N-glycans attached to immunoglobulin G from human blood plasma and its use
290,Immunology,WO-2017005700-A1,2016,DEVICE AND METHOD FOR OBTAINING IMMUNO-STIMULATORY ANTIGEN-PRESENTING CELLS
291,Genetics,EP-3215633-A4,2015,"SYSTEM, METHOD AND APPARATUS FOR DETERMINING THE EFFECT OF GENETIC VARIANTS"
292,Pharmacology and Pharmaceutical Sciences,US-9554992-B2,2015,"Inhalation particles comprising a combination of an anticholinergic, a corticosteroid and a beta-adrenergic"
293,Clinical Sciences,WO-2016180945-A1,2016,METHODS AND PHARMACEUTICAL COMPOSITIONS FOR THE TREATMENT OF BACTERIAL INFECTIONS IN PATIENTS SUFFERING FROM CIRRHOSIS
294,Chemical Engineering,WO-2015189168-A1,2015,"INHALATION PARTICLES COMPRISING A COMBINATION OF AN ANTICHOLINERGIC, A CORTICOSTEROID AND A BETA-ADRENERGIC"
295,Inorganic Chemistry,US-9920068-B2,2016,Pyridine compounds
296,Inorganic Chemistry,US-9879032-B2,2017,Pyridine compounds
297,Oncology and Carcinogenesis,US-9982041-B2,2015,Compositions and methods for treatment and detection of cancers
298,Medical Microbiology,WO-2017055522-A1,2016,STABILIZED ENV PROTEINS OF HIV
299,Cardiorespiratory Medicine and Haematology,US-9459264-B2,2015,Lipidomic biomarkers for atherosclerosis and cardiovascular disease
300,Immunology,US-10087236-B2,2010,Methods for modifying human antibodies by glycan engineering
301,Medical Microbiology,US-9580477-B2,2015,Approach to produce HIV-1 GP140 envelope protein trimers
302,Medical Microbiology,US-10005819-B2,2017,Method of purifying authentic trimeric HIV-1 GP140 envelope glycoproteins comprising a long linker and tag
303,Medical Microbiology,US-9932370-B2,2014,Stabilized mosaic human immunodeficiency virus type 1 (HIV-1) GP140 envelope (ENV) trimers
304,Cultural Studies,EP-2975053-A1,2015,BROADLY NEUTRALIZING ANTIBODY AND USES THEREOF
305,Medical Biochemistry and Metabolomics,US-9841431-B2,2015,Lipidomic biomarkers for identification of high-risk coronary artery disease patients
306,Electrical and Electronic Engineering,US-9711760-B2,2016,"Light-emitting device, method of forming and operating the same"
307,Immunology,US-10005847-B2,2015,Anti-HER2 glycoantibodies and uses thereof
308,Medical Microbiology,US-9850288-B2,2015,Method of purifying authentic trimeric HIV-1 envelope glycoproteins comprising a long linker and tag
309,Nanotechnology,WO-2017095196-A1,2016,"ORGANIC/INORGANIC HYBRID PEROVSKITE, METHOD FOR PREPARING SAME, AND SOLAR CELL COMPRISING SAME"
310,Oncology and Carcinogenesis,US-9301965-B2,2015,Method of treating ovarian cancer using a PKC inhibitor
311,Organic Chemistry,US-10086054-B2,2014,RM2 antigens and use thereof
312,Medical Microbiology,US-9944679-B2,2015,Authentic trimeric HIV-1 envelope glycoproteins comprising a long linker and tag
313,Medical Microbiology,US-9975924-B2,2015,Approach to produce HIV-1 GP140 envelope protein trimers
314,Cardiorespiratory Medicine and Haematology,WO-2016034600-A1,2015,MEANS AND METHODS FOR DIAGNOSING HEART FAILURE IN A SUBJECT
315,Cardiorespiratory Medicine and Haematology,US-9857386-B2,2016,Lipidomic biomarkers for atherosclerosis and cardiovascular disease
316,Environmental Engineering,WO-2014184530-A1,2014,PLASMONIC HYDROGEN DETECTION
317,Materials Engineering,EP-1450635-B1,2002,KNEE PAD
318,Immunology,US-10023892-B2,2015,Compositions and methods relating to universal glycoforms for enhanced antibody efficacy
319,Medical Microbiology,US-9834583-B2,2015,Authentic trimeric HIV-1 GP140 envelope glycoproteins comprising a long linker and tag
320,Artificial Intelligence and Image Processing,WO-2016172691-A1,2016,MRI CHARACTERIZATION OF PLACENTAL OXYGEN TRANSPORT
321,Biochemistry and Cell Biology,EP-3176754-A1,2016,MAPPING 3D TO 2D IMAGES
322,Cardiorespiratory Medicine and Haematology,WO-2015084876-A1,2014,PERSONALIZED COMPUTATIONAL MODELING OF ATRIAL FIBROSIS TO GUIDE CATHETER ABLATION OF ATRIAL FIBRILLATION
323,Oncology and Carcinogenesis,US-9975965-B2,2016,Compositions and methods for treatment and detection of cancers
324,Clinical Sciences,US-9975965-B2,2016,Compositions and methods for treatment and detection of cancers
325,Cardiorespiratory Medicine and Haematology,US-9046538-B2,2011,Lipidomic biomarkers for atherosclerosis and cardiovascular disease
326,Immunology,WO-2017211928-A1,2017,ANTI-IgE ANTIBODIES
327,Biochemistry and Cell Biology,US-20160033532-A1,2015,MAMMALIAN PROTEIN CO-RECOGNITION BY BROADLY NEUTRALIZING ANTIBODIES AS MODIFIED IMMUNOGENS FOR RE-ELICITATION
328,Immunology,WO-2015103549-A1,2015,NEUTRALIZING ANTIBODIES TO HIV-1 ENV AND THEIR USE
329,Medical Microbiology,WO-2015103549-A1,2015,NEUTRALIZING ANTIBODIES TO HIV-1 ENV AND THEIR USE
330,Biomedical Engineering,WO-2018025241-A2,2017,A PLANAR POP-UP ACTUATOR DEVICE WITH EMBEDDED ELECTRO-MAGNETIC ACTUATION
331,Medical Biochemistry and Metabolomics,US-9201080-B2,2011,Lipidomic biomarkers for identification of high-risk coronary artery disease patients
332,Organic Chemistry,US-9981030-B2,2014,Glycan conjugates and use thereof
333,Cardiorespiratory Medicine and Haematology,WO-2016030491-A1,2015,SYSTEM AND METHOD FOR EVALUATING A CARDIAC SYSTEM BY DETERMINING MINIMUM RATIO PD/PA (DISTAL PRESSURE / ARTERIAL PRESSURE)
334,Medical Microbiology,WO-2016005508-A1,2015,METHOD FOR REDUCING AND/OR DELAYING PATHOLOGICAL EFFECTS OF HUMAN IMMUNODEFICIENCY VIRUS I (HIV) OR FOR REDUCING THE RISK OF DEVELOPING ACQUIRED IMMUNODEFICIENCY SYNDROME (AIDS)
335,Ophthalmology and Optometry,US-9790222-B2,2016,Fluorinated tetrahydronaphthyridinyl nonanoic acid derivatives and uses thereof
336,Immunology,WO-2016177833-A1,2016,DOSAGE REGIMEN FOR HIV VACCINE
337,Medical Microbiology,WO-2016177833-A1,2016,DOSAGE REGIMEN FOR HIV VACCINE
338,Clinical Sciences,EP-3251687-A1,2016,BIOACTIVE PEPTIDES FOR BLOOD GLUCOSE CONTROL
339,Clinical Sciences,US-10086035-B2,2017,Compositions and methods for invasive and non-invasive procedural skincare
340,Immunology,WO-2017211928-A1,2017,ANTI-IgE ANTIBODIES
341,Communications Technologies,EP-3016458-A1,2014,"Apparatus, Mobile Device, Base Station Transceiver, Adaptation Server, Method and Computer Program for providing information related to a predicted channel state"
342,Medical Microbiology,US-20170043009-A1,2015,DOSAGE REGIMEN FOR HIV VACCINE
343,Clinical Sciences,US-20170043009-A1,2015,DOSAGE REGIMEN FOR HIV VACCINE
344,Immunology,US-9587014-B2,2012,TDP-43 specific binding molecules
345,Artificial Intelligence and Image Processing,US-10034645-B1,2017,Systems and methods for detecting complex networks in MRI image data
346,Organic Chemistry,US-9963459-B1,2017,"Processes for the preparation of (3S,4R)-3-ethyl-4-(3H-imidazo[1,2-alpla]pyrrolo[2,3-e]-pyrazin-8-YL)-N-(2,2,2-Trifluoroethyl)pyrrol and solid state forms thereof"
347,Organic Chemistry,US-10017517-B2,2018,"Processes for the preparation of (3S,4R)-3-ethyl-4-(3H-imidazo[1,2-α]pyrrolo[2,3-e]-pyrazin-8-yl)-N-(2,2,2-trifluorethyl)pyrrolidine-1-carboxamide and solid state forms thereof"
348,Organic Chemistry,US-9879018-B2,2017,"Processes for the preparation of (3S,4R)-3-ethyl-4-(3H-imidazo[1,2-α]pyrrolo[2,3-e]-pyrazin-8-yl)-N-(2,2,2-trifluoroethyl and solid state forms thereof"
349,Organic Chemistry,US-10076567-B2,2014,MPER-liposome conjugates and uses thereof
350,Clinical Sciences,WO-2016165953-A1,2016,METHODS FOR THE TREATMENT OF INFLAMMATORY DISORDERS
351,Organic Chemistry,US-9879019-B2,2017,"Processes for the preparation of (3S,4R)-3-ethyl-4-(3H-imidazo[1,2-α]pyrrolo[2,3-e]-pyrazin-8-yl)-N-(2,2,2-trifluoroethyl)pyrrolidine-1-carboxamide and solid state forms thereof"
352,Organic Chemistry,US-9035048-B2,2009,Tetrahydrotriazine compounds for treating diseases associated with AMPK activity
353,Immunology,WO-2017211928-A1,2017,ANTI-IgE ANTIBODIES
354,Organic Chemistry,US-9951080-B2,2017,"Processes for the preparation of (3S,4R)-3-ethyl-4-(3H-imidazo[1,2-alpha]pyrrolo[2,3-e]-pyrazin-8-yl)-N-(2,2,2-trifluoroethyl)pyrrolidine-1-carboxamide and solid state forms thereof"
355,Biochemistry and Cell Biology,WO-2011142783-A2,2010,MODIFIED CLOSTRIDIAL TOXINS COMPRISING AN INTEGRATED PROTEASE CLEAVAGE SITE-BINDING DOMAIN
356,Neurosciences,WO-2015089375-A1,2014,SOLUBLE HIGH MOLECULAR WEIGHT (HMW) TAU SPECIES AND APPLICATIONS THEREOF
357,Biochemistry and Cell Biology,WO-2016159213-A1,2016,METHOD FOR PRODUCING POLYPEPTIDE HETERO-OLIGOMER
358,Clinical Sciences,US-9970935-B2,2015,Uses of GLI1 in detecting tissue fibrosis
359,Artificial Intelligence and Image Processing,WO-2015153832-A1,2015,SYSTEM AND METHOD FOR CHARACTERIZATION OF ELECTRICAL PROPERTIES OF THE HEART FROM MEDICAL IMAGES AND BODY SURFACE POTENTIALS
360,Biomedical Engineering,WO-2015153832-A1,2015,SYSTEM AND METHOD FOR CHARACTERIZATION OF ELECTRICAL PROPERTIES OF THE HEART FROM MEDICAL IMAGES AND BODY SURFACE POTENTIALS
361,Cardiorespiratory Medicine and Haematology,WO-2015153832-A1,2015,SYSTEM AND METHOD FOR CHARACTERIZATION OF ELECTRICAL PROPERTIES OF THE HEART FROM MEDICAL IMAGES AND BODY SURFACE POTENTIALS
362,Medical Microbiology,WO-2017198816-A1,2017,OLFACTORY MEANS FOR THE DIAGNOSIS OF NEUROLOGICAL COMPLICATIONS OF NERVOUS SYSTEM INFECTION
363,Clinical Sciences,WO-2017198816-A1,2017,OLFACTORY MEANS FOR THE DIAGNOSIS OF NEUROLOGICAL COMPLICATIONS OF NERVOUS SYSTEM INFECTION
364,Microbiology,WO-2017198816-A1,2017,OLFACTORY MEANS FOR THE DIAGNOSIS OF NEUROLOGICAL COMPLICATIONS OF NERVOUS SYSTEM INFECTION
365,Neurosciences,WO-2017198816-A1,2017,OLFACTORY MEANS FOR THE DIAGNOSIS OF NEUROLOGICAL COMPLICATIONS OF NERVOUS SYSTEM INFECTION
366,Biochemistry and Cell Biology,EP-1982997-A1,2005,Degradable clostridial toxins
367,Cardiorespiratory Medicine and Haematology,WO-2012112432-A1,2012,METHODS OF INHIBITING ABERRANT BLOOD VESSEL FORMATION USING OPIOID RETARGETED ENDOPEPTIDASES
368,Biochemistry and Cell Biology,US-10011858-B2,2006,Methods for producing polypeptides by regulating polypeptide association
369,Immunology,US-9670269-B2,2007,Methods of modifying antibodies for purification of bispecific antibodies
370,Biochemistry and Cell Biology,EP-2505592-A1,2007,Modified clostridial toxins with enhanced translocation capability and enhanced targeting activity
371,Oncology and Carcinogenesis,WO-2012112420-A1,2012,TREATMENTS USING PSMA LIGAND ENDOPEPTIDASES
372,Cardiorespiratory Medicine and Haematology,WO-2012112422-A1,2012,INHIBITING ABERRANT BLOOD VESSEL FORMATION USING GROWTH FACTOR RETARGETED ENDOPEPTIDASES
373,Immunology,US-9828429-B2,2015,Method of modifying isoelectric point of antibody via amino acid substitution in CDR
374,Genetics,WO-2018053039-A1,2017,"METHODS OF DIAGNOSING AND TREATING CD55 DEFICIENCY, HYPERACTIVATION OF COMPLEMENT, ANGIOPATHIC THROMBOSIS AND PROTEIN LOSING ENTEROPATHY (CHAPLE), A NEWLY IDENTIFIED ORPHAN DISEASE"
375,Immunology,US-10066018-B2,2015,Antibody constant region variant
376,Communications Technologies,US-9596119-B2,2015,Signal detection in a communication system
377,Biochemistry and Cell Biology,US-9975966-B2,2017,Cytotoxicity-inducing theraputic agent
378,Immunology,US-9975966-B2,2017,Cytotoxicity-inducing theraputic agent
379,Microbiology,US-9486487-B2,2016,Methods and compositions relating to microbial treatment and diagnosis of disorders
380,Oncology and Carcinogenesis,WO-2018099884-A1,2017,RISK SCORES BASED ON HUMAN PHOSPHODIESTERASE 4D VARIANT 7 EXPRESSION
381,Neurosciences,WO-2017194589-A1,2017,INHIBITION OF TAU-MEDIATED EARLY SYNAPTIC DYSFUNCTION
382,Clinical Sciences,WO-2016146811-A1,2016,"METHODS, TOOLS AND SYSTEMS FOR THE ASSESSMENT, PREVENTION, MANAGEMENT AND TREATMENT SELECTION FOR TYPE 2 DIABETES"
383,Biochemistry and Cell Biology,WO-2018050286-A1,2017,TRAF 6 INHIBITORS
384,Biochemistry and Cell Biology,WO-2010135538-A1,2010,BOTULINUM TOXIN SCREENING ASSAYS
385,Communications Technologies,US-9912497-B2,2016,Signal detection in a communication system
386,Oncology and Carcinogenesis,WO-2016193110-A1,2016,METHODS OF PROSTATE CANCER PROGNOSIS
387,Immunology,US-9688762-B2,2008,Modified antibody constant region
388,Neurosciences,WO-2016196185-A1,2016,NON-HUMAN ANIMALS HAVING A DISRUPTION IN A C9ORF72 LOCUS
389,Cardiorespiratory Medicine and Haematology,US-20110104146-A1,2008,ANTITHROMBOTIC AGENTS AND METHODS OF USE THEREOF
390,Clinical Sciences,WO-2017055370-A1,2016,TREATMENT OF BONE GROWTH DISORDERS
391,Genetics,WO-2016022559-A1,2015,METHODS FOR DECONVOLUTION OF MIXED CELL POPULATIONS USING GENE EXPRESSION DATA
392,Biochemistry and Cell Biology,WO-2015189186-A1,2015,METHODS AND PHARMACEUTICAL COMPOSITIONS FOR THE TREATMENT OF MYELODYSPLASTIC SYNDROMES
393,Biochemistry and Cell Biology,WO-2017042579-A1,2016,"METHOD, COMPUTER PROGRAMME AND SYSTEM FOR ANALYSING A SAMPLE COMPRISING IDENTIFYING OR SORTING CELLS ACCORDING TO THE FTIR SPECTRUM EACH CELL PRODUCES"
394,Biochemistry and Cell Biology,US-9988343-B2,2014,Inhibitors of histone deacetylase
395,Cardiorespiratory Medicine and Haematology,US-9585899-B2,2008,Method of inhibiting platelet aggregation and clot formation
396,Biochemistry and Cell Biology,US-9675590-B2,2015,Methods and pharmaceutical compositions for the treatment of myelodysplastic syndromes
397,Artificial Intelligence and Image Processing,US-9839490-B2,2016,Touchless advanced image processing and visualization
398,Oncology and Carcinogenesis,WO-2017137427-A1,2017,DETECTION OF CANCER OF THE ESOPHAGUS
399,Biochemistry and Cell Biology,WO-2017186719-A1,2017,MICRORNA BIOMARKERS IN BLOOD FOR DIAGNOSIS OF ALZHEIMER'S DISEASE
400,Crop and Pasture Production,GB-2559540-A,2016,Plant prolamins and glutenins
401,Genetics,GB-2559540-A,2016,Plant prolamins and glutenins
402,Plant Biology,GB-2559540-A,2016,Plant prolamins and glutenins
403,Biochemistry and Cell Biology,US-20110207677-A1,2009,Use of Cell-Permeable Peptide Inhibitors of the JNK Signal Transduction Pathway for the Treatment of Chronic or Non-Chronic Inflammatory Digestive Diseases
404,Biochemistry and Cell Biology,US-9180159-B2,2009,Use of cell-permeable peptide inhibitors of the JNK signal transduction pathway for the treatment of chronic or non-chronic inflammatory digestive diseases
405,Cardiorespiratory Medicine and Haematology,WO-2009066085-A1,2008,TREATMENT OF HEART FAILURE WITH NORMAL EJECTION FRACTION
406,Biochemistry and Cell Biology,WO-2015144861-A1,2015,FLATTOP (FLTP) IS A NOVEL BIOMARKER FOR BETA CELL MATURATION
407,Other Physical Sciences,WO-2015063313-A1,2014,DIAGNOSTIC DEVICE FOR DERMATOLOGY WITH MERGED OCT AND EPILUMINESCENCE DERMOSCOPY
408,Biochemistry and Cell Biology,US-9610330-B2,2015,Use of cell-permeable peptide inhibitors of the JNK signal transduction pathway for the treatment of various diseases
409,Biochemistry and Cell Biology,US-9150618-B2,2010,Use of cell-permeable peptide inhibitors of the JNK signal transduction pathway for the treatment of chronic or non-chronic inflammatory eye diseases
410,Ophthalmology and Optometry,US-9150618-B2,2010,Use of cell-permeable peptide inhibitors of the JNK signal transduction pathway for the treatment of chronic or non-chronic inflammatory eye diseases
411,Cardiorespiratory Medicine and Haematology,WO-2010133815-A1,2009,TREATMENT OF HEART FAILURE WITH NORMAL EJECTION FRACTION
412,Biochemistry and Cell Biology,US-9006185-B2,2009,Use of cell-permeable peptide inhibitors of the JNK signal transduction pathway for the treatment of various diseases
413,Biochemistry and Cell Biology,US-10023615-B2,2009,Efficient transport into white blood cells
414,Resources Engineering and Extractive Metallurgy,WO-2016182542-A1,2015,CARBON DIOXIDE-VISCOSIFIABLE COMPOSITIONS FOR SUBTERRANEAN TREATMENT
415,Biochemistry and Cell Biology,US-9290538-B2,2013,Cell-permeable peptide inhibitors of the JNK signal transduction pathway
416,Genetics,US-9290538-B2,2013,Cell-permeable peptide inhibitors of the JNK signal transduction pathway
417,Materials Engineering,DE-202016003395-U1,2016,light-hardening a polymer electrode
418,Biochemistry and Cell Biology,WO-2015153772-A3,2015,ZIRCONIUM-89 OXINE COMPLEX AS A CELL LABELING AGENT FOR POSITRON EMISSION TOMOGRAPHY
419,Cardiorespiratory Medicine and Haematology,EP-3151007-A1,2015,METABOLOMIC SIGNATURE OF DIAGNOSIS AND DISEASE PROGRESSION IN NON-ALCOHOLIC FATTY LIVER DISEASE (NAFLD)
420,Other Physical Sciences,WO-2015022660-A3,2014,SIMULTANEOUS PET/MR IMAGING WITH MAGNETIC FIELD MONITORING AND/OR IMPROVED SHIELDING
421,Cardiorespiratory Medicine and Haematology,WO-2018037229-A1,2017,APOLIPOPROTEIN F AS BIOMARKER FOR NON-ALCOHOLIC FATTY LIVER DISEASE
422,Cardiorespiratory Medicine and Haematology,WO-2017055397-A1,2016,METABOLOMIC SIGNATURE OF DIAGNOSIS AND DISEASE PROGRESSION IN NON-ALCOHOLIC FATTY LIVER DISEASE (NAFLD)
423,Biomedical Engineering,GB-2556751-A,2016,"Systems and methods for immobilizing extracelluar matrix material on organ on chip, multilayer microfluids microdevices, and three-dimensional cell culture"
424,Immunology,US-9499865-B2,2012,Detection and measurement of tissue-infiltrating lymphocytes
425,Interdisciplinary Engineering,US-9482620-B2,2015,Portable particle spectrometer
426,Artificial Intelligence and Image Processing,US-10043272-B2,2015,Method and apparatus for acquiring and fusing ultrasound images with pre-acquired images
427,Artificial Intelligence and Image Processing,US-20160078623-A1,2015,Method and apparatus for acquiring and fusing ultrasound images with pre-acquired images
428,Biochemistry and Cell Biology,WO-2014184584-A1,2014,DELIVERY PEPTIDES
429,Medical Biochemistry and Metabolomics,WO-2014184584-A1,2014,DELIVERY PEPTIDES
430,Clinical Sciences,US-10035852-B2,2016,Treatment of fibrosis
431,Genetics,WO-2018053039-A1,2017,"METHODS OF DIAGNOSING AND TREATING CD55 DEFICIENCY, HYPERACTIVATION OF COMPLEMENT, ANGIOPATHIC THROMBOSIS AND PROTEIN LOSING ENTEROPATHY (CHAPLE), A NEWLY IDENTIFIED ORPHAN DISEASE"
432,Artificial Intelligence and Image Processing,WO-2015018517-A1,2014,ADAPTIVE PATTERN RECOGNITION FOR PSYCHOSIS RISK MODELLING
433,Artificial Intelligence and Image Processing,EP-2998932-A1,2015,METHOD AND DEVICE FOR THE ACQUISITION OF ULTRASOUND IMAGES AND FOR THE FUSION OF SUCH IMAGES WITH PRE-ACQUIRED IMAGES
434,Clinical Sciences,WO-2015121317-A1,2015,PREDICTING INCREASED RISK FOR ALZHEIMER'S DISEASE
435,Biochemistry and Cell Biology,US-9994830-B2,2015,Methods for modulating cyclic nucleotide-mediated signaling in cardiac myocytes and compositions
436,Neurosciences,US-9066928-B1,2013,"Method, composition, and kit useful for treatment of alzheimer's disease"
437,Applied Mathematics,US-9506119-B2,2013,Method of sequence determination using sequence tags
438,Clinical Sciences,US-9980976-B2,2016,Use of REDD1 inhibitors to dissociate therapeutic and adverse atrophogenic effects of glucocorticoid receptor agonists
439,Geochemistry,WO-2016128742-A1,2016,"SALT OF A PYRIMIDO[6,1-A]ISOQUINOLIN-4-ONE COMPOUND"
440,Analytical Chemistry,US-9694039-B2,2015,"Microbiota restoration therapy (MRT), compositions and methods of manufacture"
441,Genetics,WO-2014077693-A1,2013,MEANS AND METHODS FOR REDUCING AN EFFECT OF AGING IN A MAMMALIAN CELL
442,Biochemistry and Cell Biology,WO-2014077693-A1,2013,MEANS AND METHODS FOR REDUCING AN EFFECT OF AGING IN A MAMMALIAN CELL
443,Artificial Intelligence and Image Processing,US-9897593-B2,2015,Systems and methods for automated handling of live organisms
444,Chemical Engineering,US-9956171-B2,2015,Liquid inhalation formulation comprising RPL554
445,Physical Chemistry (incl. Structural),US-9062047-B2,2011,"Crystalline form of pyrimido[6,1-A] isoquinolin-4-one compound"
446,Biochemistry and Cell Biology,WO-2017040930-A3,2016,BIOMARKERS PREDICTIVE OF CYTOKINE RELEASE SYNDROME
447,Analytical Chemistry,US-9782445-B2,2015,"Microbiota restoration therapy (MRT), compositions and methods of manufacture"
448,Cardiorespiratory Medicine and Haematology,WO-2015082896-A1,2014,MATERIALS AND METHODS FOR TREATMENT OF PULMONARY ARTERIAL HYPERTENSION
449,Genetics,WO-2018041959-A1,2017,GENE PANEL SPECIFIC FOR PULMONARY HYPERTENSION AND ITS USES
450,Cardiorespiratory Medicine and Haematology,WO-2018041959-A1,2017,GENE PANEL SPECIFIC FOR PULMONARY HYPERTENSION AND ITS USES
451,Psychology,WO-2017102715-A1,2016,COMPOSITIONS AND THEIR USE
452,Neurosciences,WO-2017102715-A1,2016,COMPOSITIONS AND THEIR USE
453,Immunology,US-9824179-B2,2012,Diagnosis of lymphoid malignancies and minimal residual disease detection
454,Immunology,US-9499865-B2,2012,Detection and measurement of tissue-infiltrating lymphocytes
455,Biochemistry and Cell Biology,US-9347099-B2,2013,Single cell analysis by polymerase cycling assembly
456,Neurosciences,WO-2016046766-A1,2015,METHOD AND DEVICE FOR STIMULATING MYELINATED AND UNMYELINATED SMALL DIAMETER VAGAL NEURONS
457,Immunology,US-10066265-B2,2014,Determining antigen-specific t-cells
458,Genetics,US-9708657-B2,2014,Method for generating clonotype profiles using sequence tags
459,Genetics,US-9523129-B2,2014,Sequence analysis of complex amplicons
460,Ophthalmology and Optometry,WO-2017221128-A1,2017,METHODS OF TREATING DRY EYE DISEASE USING TNF ALPHA ANTAGONISTS
461,Immunology,US-9801911-B2,2013,Expansion of alloantigen-reactive regulatory T cells
462,Biochemistry and Cell Biology,WO-2015162211-A1,2015,METHOD FOR AUTOMATED GENERATION OF GENETICALLY MODIFIED T CELLS
463,Genetics,WO-2017037477-A1,2016,SEPSIS BIOLOGICAL MARKER
464,Microbiology,US-9528160-B2,2013,Rare clonotypes and uses thereof
465,Genetics,US-10077473-B2,2017,Method for genotyping clonotype profiles using sequence tags
466,Biomedical Engineering,WO-2015086368-A1,2014,MODEL-BASED SEGMENTATION OF AN ANATOMICAL STRUCTURE
467,Biochemistry and Cell Biology,US-9365901-B2,2013,Monitoring immunoglobulin heavy chain evolution in B-cell acute lymphoblastic leukemia
468,Biochemistry and Cell Biology,US-10053690-B2,2014,Anti-miR-27b and anti-miR-148a oligonucleotides as therapeutic tools for treating dyslipidemias and cardiovascular diseases
469,Biochemistry and Cell Biology,EP-3103046-A4,2015,"BIOMARKER SIGNATURE METHOD, AND APPARATUS AND KITS THEREFOR"
470,Immunology,US-10077478-B2,2013,Determining paired immune receptor chains from frequency matched subunits
471,Genetics,US-9371558-B2,2015,Compositions and method for measuring and calibrating amplification bias in multiplexed PCR reactions
472,Neurosciences,WO-2016030899-A1,2015,METHODS OF TREATING AMYOTROPHIC LATERAL SCLEROSES
473,Immunology,US-9809813-B2,2016,Method of measuring adaptive immunity
474,Biochemistry and Cell Biology,US-9809813-B2,2016,Method of measuring adaptive immunity
475,Immunology,US-9512487-B2,2014,Monitoring health and disease status using clonotype profiles
476,Neurosciences,WO-2016046587-A1,2014,METHOD AND DEVICE FOR STIMULATING MYELINATED AND UNMYELINATED SMALL DIAMETER VAGAL NEURONS
477,Neurosciences,WO-2017167418-A1,2016,NUTRITIONAL COMPOSITIONS AND THEIR USE
478,Immunology,US-9416420-B2,2013,Monitoring health and disease status using clonotype profiles
479,Applied Mathematics,US-9506119-B2,2013,Method of sequence determination using sequence tags
480,Artificial Intelligence and Image Processing,WO-2018031340-A1,2017,SYSTEM AND METHOD OF DATA ANALYSIS FOR DETECTING GROSS HEAD MOTION FROM PET IMAGES
481,Statistics,WO-2018031340-A1,2017,SYSTEM AND METHOD OF DATA ANALYSIS FOR DETECTING GROSS HEAD MOTION FROM PET IMAGES
482,Neurosciences,WO-2015089375-A1,2014,SOLUBLE HIGH MOLECULAR WEIGHT (HMW) TAU SPECIES AND APPLICATIONS THEREOF
483,Psychology,US-9774534-B2,2014,Distributed arbitration of time contention in TSCH networks
484,Oncology and Carcinogenesis,WO-2015040378-A1,2014,BIOMARKERS CORRELATED TO PARP INHIBITOR TREATMENT SUCCESS IN AML PATIENTS
485,Cardiorespiratory Medicine and Haematology,WO-2015040378-A1,2014,BIOMARKERS CORRELATED TO PARP INHIBITOR TREATMENT SUCCESS IN AML PATIENTS
486,Artificial Intelligence and Image Processing,WO-2016178115-A1,2016,DATA-DRIVEN SURROGATE RESPIRATORY SIGNAL GENERATION FOR MEDICAL IMAGING
487,Psychology,WO-2016010757-A1,2015,DISTRIBUTED ARBITRATION OF TIME CONTENTION IN TSCH NETWORKS
488,Clinical Sciences,WO-2017182609-A1,2017,METHODS AND PHARMACEUTICAL COMPOSITION FOR THE TREATMENT OF INFLAMMATORY SKIN DISEASES ASSOCIATED WITH DESMOGLEIN-1 DEFICIENCY
489,Genetics,US-10023910-B2,2016,Multiple tagging of individual long DNA fragments
490,Artificial Intelligence and Image Processing,WO-2018031340-A1,2017,SYSTEM AND METHOD OF DATA ANALYSIS FOR DETECTING GROSS HEAD MOTION FROM PET IMAGES
491,Statistics,WO-2018031340-A1,2017,SYSTEM AND METHOD OF DATA ANALYSIS FOR DETECTING GROSS HEAD MOTION FROM PET IMAGES
492,Clinical Sciences,EP-3052659-A4,2014,"IDENTIFICATION OF CXCR8, A NOVEL CHEMOKINE RECEPTOR"
493,Genetics,WO-2017049180-A1,2016,METHODS AND COMPOSITIONS FOR THE QUANTITATION OF MITOCHONDRIAL NUCLEIC ACID
494,Clinical Sciences,WO-2017185054-A1,2017,COMPOSITIONS AND METHODS FOR TREATMENT OF DISEASES ASSOCIATED WITH TRINUCLEOTIDE REPEATS IN TRANSCRIPTION FACTOR FOUR
495,Cardiorespiratory Medicine and Haematology,US-9611480-B2,2014,"Means and methods for counteracting, delaying and/or preventing adverse energy metabolism switches in heart disease"
496,Oncology and Carcinogenesis,WO-2016202365-A1,2015,SPECIFIC PHOTOIMMUNO-THERANOSTICS FOR DETECTION AND ELIMINATION OF SKIN CANCER CELLS
497,Pharmacology and Pharmaceutical Sciences,WO-2015166289-A1,2015,PYRROLOBENZODIAZEPINE COMPOUNDS
498,Clinical Sciences,WO-2014118705-A1,2014,METHODS OF TREATING CHRONIC KIDNEY DISEASE-MINERAL AND BONE DISORDER USING SCLEROSTIN ANTAGONISTS
499,Cardiorespiratory Medicine and Haematology,US-8815822-B2,2009,"Means and methods for counteracting, delaying and/or preventing adverse energy metabolism switches in heart disease"
500,Biochemistry and Cell Biology,WO-2016174405-A1,2016,NUCLEIC ACID CONSTRUCT FOR EXPRESSING MORE THAN ONE CHIMERIC ANTIGEN RECEPTOR
501,Organic Chemistry,US-9822112-B2,2017,"Heteroarylene-bridged benzodiazepine dimers, conjugates thereof, and methods of making and using"
502,Pharmacology and Pharmaceutical Sciences,US-9408923-B2,2015,Hydrophilic self-immolative linkers and conjugates thereof
503,Clinical Sciences,WO-2016046635-A1,2015,METHODS FOR CHARACTERIZING HUMAN PAPILLOMAVIRUS ASSOCIATED CERVICAL LESIONS
504,Genetics,WO-2017191074-A1,2017,METHOD OF CHARACTERISING A DNA SAMPLE
505,Immunology,US-9540443-B2,2012,Anti-kit antibodies
506,Biochemistry and Cell Biology,WO-2016038383-A1,2015,PYRROLOBENZODIAZEPINES AND CONJUGATES THEREOF
507,Biochemistry and Cell Biology,US-9999671-B2,2014,Delivery of negatively charged proteins using cationic lipids
508,Biochemistry and Cell Biology,WO-2014140174-A1,2014,PYRROLOBENZODIAZEPINES AND CONJUGATES THEREOF
509,Organic Chemistry,US-9676775-B2,2016,"Heteroarylene-bridged benzodiazepine dimers, conjugates thereof, and methods of making and using"
510,Pharmacology and Pharmaceutical Sciences,US-9943610-B2,2013,Hydrophilic self-immolative linkers and conjugates thereof
511,Microbiology,US-9655956-B2,2016,Chimeric nucleic acid molecules with non-AUG translation initiation sequences and uses thereof
512,Medical Biochemistry and Metabolomics,US-9834791-B2,2014,CRISPR-related methods and compositions with governing gRNAS
513,Microbiology,US-9364523-B2,2015,Chimeric nucleic acid molecule with non-AUG translation initiation sequences
514,Ophthalmology and Optometry,EP-3070101-A1,2015,AGENTS FOR USE IN THE THERAPEUTIC OR PROPHYLACTIC TREATMENT OF MYOPIA OR HYPEROPIA
515,Genetics,WO-2017191068-A1,2017,METHOD OF DETECTING A MUTATIONAL SIGNATURE IN A SAMPLE
516,Immunology,US-9334332-B2,2013,Anti-kit antibodies
517,Organic Chemistry,US-9688694-B2,2016,"Macrocyclic benzodiazepine dimers, conjugates thereof, preparation and uses"
518,Genetics,US-9340800-B2,2014,Extended DNA-sensing GRNAS
519,Pharmacology and Pharmaceutical Sciences,US-9089614-B2,2013,Hydrophilic self-immolative linkers and conjugates thereof
520,Biochemistry and Cell Biology,US-9737604-B2,2014,Use of cationic lipids to deliver CAS9
521,Immunology,WO-2018029474-A2,2017,ANTI-ICOS ANTIBODIES
522,Pharmacology and Pharmaceutical Sciences,US-9950077-B2,2015,Anti-folate receptor alpha (FRA) antibody-drug conjugates and methods of using thereof
523,Genetics,US-9388430-B2,2014,Cas9-recombinase fusion proteins and uses thereof
524,Biochemistry and Cell Biology,US-9840699-B2,2014,Methods for nucleic acid editing
525,Biochemistry and Cell Biology,WO-2014114465-A1,2014,"MODULATION OF CARDIAC STEM-PROGENITOR CELL DIFFERENTIATION, ASSAYS AND USES THEREOF"
526,Cardiorespiratory Medicine and Haematology,US-9808489-B2,2016,Treatment of heart disease
527,Immunology,US-9605081-B2,2016,Polynucleotides encoding anti-kit antibodies
528,Other Chemical Sciences,US-9821074-B2,2014,Pyrrolobenzodiazepines and conjugates thereof
529,Immunology,US-9464141-B2,2013,Anti-ETBR antibodies and immunoconjugates
530,Ophthalmology and Optometry,WO-2016146254-A1,2016,AGENTS FOR USE IN THE THERAPEUTIC OR PROPHYLACTIC TREATMENT OF MYOPIA OR HYPEROPIA
531,Environmental Engineering,EP-3137588-A4,2015,COMPOSITIONS AND METHODS FOR HANDLING POTENTIAL PRION CONTAMINATION
532,Immunology,US-9745552-B2,2011,Anti CD4 antibodies to prevent in particular graft-versus-host-disease (GvHD)
533,Genetics,WO-2017181134-A2,2017,DETECTING CANCER DRIVER GENES AND PATHWAYS
534,Organic Chemistry,US-9649390-B2,2014,Pyrrolobenzodiazepines and conjugates thereof
535,Oncology and Carcinogenesis,WO-2018092064-A1,2017,COMBINATIONS OF MDM2 INHIBITORS AND BCL-XL INHIBITORS
536,Genetics,US-9526784-B2,2014,Delivery system for functional nucleases
537,Biochemistry and Cell Biology,US-20150165054-A1,2014,METHODS FOR CORRECTING CASPASE-9 POINT MUTATIONS
538,Organic Chemistry,US-9822144-B2,2017,"Benzodiazepine dimers, conjugates thereof, and methods of making and using"
539,Organic Chemistry,US-9676794-B2,2016,"Benzodiazepine dimers, conjugates thereof, and methods of making and using"
540,Microbiology,US-10030252-B2,2016,Chimeric nucleic acid molecules with non-AUG translation initiation sequences and uses thereof
541,Biochemistry and Cell Biology,US-10077453-B2,2015,CAS9 proteins including ligand-dependent inteins
542,Oncology and Carcinogenesis,WO-2017191073-A1,2017,MUTATIONAL SIGNATURES IN CANCER
543,Organic Chemistry,US-9902740-B2,2017,"Macrocyclic benzodiazepine dimers, conjugates thereof, preparation and uses"
544,Electrical and Electronic Engineering,US-10016600-B2,2014,Topical neurological stimulation
545,Neurosciences,US-10016600-B2,2014,Topical neurological stimulation
546,Biomedical Engineering,US-10016600-B2,2014,Topical neurological stimulation
547,Organic Chemistry,US-9527871-B2,2016,"Benzodiazepine dimers, conjugates thereof, and methods of making and using"
548,Immunology,US-9957323-B2,2017,Anti-ICOS antibodies
549,Genetics,US-9340799-B2,2014,MRNA-sensing switchable gRNAs
550,Organic Chemistry,US-9526801-B2,2016,"Heteroarylene-bridged benzodiazepine dimers, conjugates thereof, and methods of making and using"
551,Microbiology,US-9988643-B2,2016,Chimeric nucleic acid molecules with non-AUG translation initiation sequences and uses thereof
552,Immunology,US-9938358-B2,2016,Animal models and therapeutic molecules
553,Genetics,WO-2017093561-A1,2016,METHOD FOR NON-INVASIVE PRENATAL TESTING
554,Immunology,US-9924705-B2,2016,Animal models and therapeutic molecules
555,Immunology,US-9896516-B2,2016,Animal models and therapeutic molecules
556,Materials Engineering,FR-3017752-A1,2014,The energy conversion device of the radiofrequency in direct current and the corresponding sensor
557,Optical Physics,DE-102015015816-A1,2015,Sensory device for the optical detection of the particle concentration in suspensions of microscopic particles
558,Clinical Sciences,US-9844602-B2,2008,Antibody and use in diagnosis and therapy of arthropathies
559,Communications Technologies,US-9985461-B2,2015,Systems capable of self-harvesting energy from wireless devices and methods of using the same
560,Immunology,US-9434782-B2,2013,Animal models and therapeutic molecules
561,Neurosciences,WO-2016202343-A1,2016,"A TRIPLE CO-CULTURE MODEL OF THE BLOOD-BRAIN BARRIER USING PRIMARY PORCINE BRAIN ENDOTHELIAL CELLS, PORCINE PERICYTES AND PORCINE ASTROCYTES"
562,Neurosciences,WO-2017194589-A1,2017,INHIBITION OF TAU-MEDIATED EARLY SYNAPTIC DYSFUNCTION
563,Immunology,US-9505827-B2,2013,Animal models and therapeutic molecules
564,Immunology,WO-2015155199-A1,2015,A NEW BIOMARKER OF ANTIBODY-MEDIATED REJECTION
565,Clinical Sciences,US-9993504-B2,2014,Methods and compositions for generating chondrocyte lineage cells and/or cartilage like tissue
566,Immunology,US-9938357-B2,2016,Animal models and therapeutic molecules
567,Electrical and Electronic Engineering,US-9966801-B2,2017,RF energy harvester
568,Communications Technologies,US-9966801-B2,2017,RF energy harvester
569,Genetics,US-9828639-B2,2013,Identification of gene associated with reading disability and uses therefor
570,Genetics,US-9504236-B2,2015,Animal models and therapeutic molecules
571,Electrical and Electronic Engineering,US-9837865-B2,2014,RF energy harvester
572,Communications Technologies,US-9837865-B2,2014,RF energy harvester
573,Biochemistry and Cell Biology,WO-2017162806-A1,2017,COMPOUNDS FOR THE TREATMENT OF NIEMANN-PICK DISEASE TYPE C1
574,Biochemistry and Cell Biology,WO-2014184666-A3,2014,CELL THERAPY FOR MYELODYSPLASTIC SYNDROMES
575,Clinical Sciences,US-20110076347-A1,2009,Molecules Interfering with Binding of Calbindin to Inositol Monophosphatase for the Treatment of Mood Disorders
576,Artificial Intelligence and Image Processing,GB-2515485-B,2013,Method and apparatus for generating image alignment data
577,Biochemistry and Cell Biology,EP-2930246-A1,2014,Novel single nucleotide polymorphisms associated with various diseases and disorders
578,Artificial Intelligence and Image Processing,WO-2014206722-A1,2014,METHOD AND APPARATUS FOR GENERATING IMAGE ALIGNMENT DATA
579,Biochemistry and Cell Biology,US-9745577-B2,2015,Reducing intron retention
580,Biochemistry and Cell Biology,US-9714422-B2,2016,Reducing intron retention
581,Macromolecular and Materials Chemistry,WO-2015144101-A1,2015,CRYSTALLINE AND AMORPHOUS FORM OF ACLIDINIUM CHLORIDE AND METHOD FOR THEIR PREPARATION
582,Genetics,EP-3167080-A4,2015,GENETIC ADDICTION RISK ANALYSIS FOR RDS SEVERITY INDEX
583,Organic Chemistry,WO-2016126875-A1,2016,METHOD FOR FULLY AUTOMATED SYNTHESIS OF 16β-18F-FLUORO-5α-DIHYDROTESTOSTERONE (18F-FDHT)
584,Biochemistry and Cell Biology,WO-2017168183-A1,2017,CRYSTAL STRUCTURES COMPRISING ELASTIN-LIKE PEPTIDES
585,Clinical Sciences,US-9056079-B2,2009,Molecules interfering with binding of calbindin to inositol monophosphatase for the treatment of mood disorders
586,Organic Chemistry,US-10065985-B2,2016,Method for fully automated synthesis of 16β-18F-fluoro-5α-dihydrotestosterone (18F-FDHT)
587,Oncology and Carcinogenesis,US-9458510-B2,2012,Signatures and determinants associated with prostate cancer progression and methods of use thereof
588,Pharmacology and Pharmaceutical Sciences,WO-2017174999-A1,2017,SYNTHETIC RETINOIDS FOR USE IN RAR MEDIATED CONDITIONS
589,Physical Chemistry (incl. Structural),WO-2013164592-A1,2013,PYRROLOBENZODIAZEPINES
590,Organic Chemistry,US-9988374-B2,2015,Cytochrome P450 inhibitors and uses thereof
591,Oncology and Carcinogenesis,US-9555087-B2,2014,"Polypeptides and polynucleotides, and uses thereof as a drug target for producing drugs and biologics"
592,Immunology,US-9555087-B2,2014,"Polypeptides and polynucleotides, and uses thereof as a drug target for producing drugs and biologics"
593,Neurosciences,US-9801879-B2,2015,"Pyridazine derivatives, compositions and methods for treating cognitive impairment"
594,Medical Biotechnology,US-9764045-B2,2015,Optimised coding sequence and promoter
595,Pharmacology and Pharmaceutical Sciences,WO-2015166289-A1,2015,PYRROLOBENZODIAZEPINE COMPOUNDS
596,Medical Biotechnology,WO-2017053677-A1,2016,"ADENO-ASSOCIATED VIRUS FACTOR VIII VECTORS, ASSOCIATED VIRAL PARTICLES AND THERAPEUTIC FORMULATIONS COMPRISING THE SAME"
597,Medical Biotechnology,WO-2017103624-A1,2016,WILSON'S DISEASE GENE THERAPY
598,Oncology and Carcinogenesis,US-9382204-B2,2014,Inhibitors targeting the DNA-binding domain of human STAT3 for treatment of metastatic cancers
599,Biochemistry and Cell Biology,US-9382204-B2,2014,Inhibitors targeting the DNA-binding domain of human STAT3 for treatment of metastatic cancers
600,Immunology,US-9988408-B2,2013,Cytotoxic agents for conjugation to a cell binding molecule
601,Medical Biotechnology,US-10058624-B2,2016,Recombinant promoters and vectors for protein expression in liver and use thereof
602,Medical Biotechnology,WO-2016075473-A3,2015,FACTOR IX GENE THERAPY
603,Oncology and Carcinogenesis,EP-3047277-A1,2014,AUTOANTIBODY BIOMARKERS OF OVARIAN CANCER
604,Biochemistry and Cell Biology,US-9447168-B2,2013,Nucleic acid molecules encoding modified factor VIII proteins
605,Information Systems,US-9582494-B2,2013,Object extraction from presentation-oriented documents using a semantic and spatial approach
606,Psychology,US-9582494-B2,2013,Object extraction from presentation-oriented documents using a semantic and spatial approach
607,Medical Biotechnology,WO-2016168728-A2,2016,RECOMBINANT PROMOTERS AND VECTORS FOR PROTEIN EXPRESSION IN LIVER AND USE THEREOF
608,Oncology and Carcinogenesis,EP-3047277-A4,2014,AUTOANTIBODY BIOMARKERS OF OVARIAN CANCER
609,Clinical Sciences,WO-2015085368-A1,2014,"KITS AND METHODS FOR THE DIAGNOSIS, TREATMENT, PREVENTION AND MONITORING OF DIABETES"
610,Neurosciences,US-9931329-B2,2015,Phenyl triazole derivative and its use for modulating the GABAA receptor complex
611,Medical Biotechnology,US-20150273082-A1,2015,OPTIMISED CODING SEQUENCE AND PROMOTER
612,Artificial Intelligence and Image Processing,US-10034645-B1,2017,Systems and methods for detecting complex networks in MRI image data
613,Artificial Intelligence and Image Processing,DE-102013206644-A1,2013,Method and system for processing mrt-data of the human brain
614,Organic Chemistry,US-9346788-B2,2015,TrkA receptor tyrosine kinase antagonists and uses thereof
615,Neurosciences,US-8722894-B2,2008,"1,3-disubstituted-4-phenyl-1H-pyridin-2-ones"
616,Medical Biochemistry and Metabolomics,US-9457041-B2,2015,Controlled release nanoparticles and methods of use
617,Artificial Intelligence and Image Processing,WO-2017148805-A1,2017,"A PERFUSION PHANTOM FOR MRI AND AN APPARATUS, SYSTEM AND METHOD FOR VALIDATING MR IMAGES OF A PHANTOM"
618,Cardiorespiratory Medicine and Haematology,US-20150324962-A1,2015,Method and System for Non-Invasive Computation of Hemodynamic Indices for Coronary Artery Stenosis
619,Biomedical Engineering,US-20150324962-A1,2015,Method and System for Non-Invasive Computation of Hemodynamic Indices for Coronary Artery Stenosis
620,Pharmacology and Pharmaceutical Sciences,US-8691813-B2,2009,Indole and benzoxazine derivatives as modulators of metabotropic glutamate receptors
621,Cardiorespiratory Medicine and Haematology,US-9595089-B2,2015,Method and system for non-invasive computation of hemodynamic indices for coronary artery stenosis
622,Biomedical Engineering,US-9595089-B2,2015,Method and system for non-invasive computation of hemodynamic indices for coronary artery stenosis
623,Neurosciences,EP-2793188-A2,2014,Method and system for processing of MRI data of the human brain
624,Pharmacology and Pharmaceutical Sciences,US-8697689-B2,2009,Indole and benzomorpholine derivatives as modulators of metabotropic glutamate receptors
625,Biomedical Engineering,US-20160007866-A1,2015,"DEVICES, SYSTEMS, AND METHODS FOR ASSESSMENT OF VESSELS"
626,Cardiorespiratory Medicine and Haematology,EP-3139833-A4,2015,CARDIAC PHASE-RESOLVED NON-BREATH-HOLD 3-DIMENSIONAL MAGNETIC RESONANCE ANGIOGRAPHY
627,Organic Chemistry,US-9855265-B2,2016,Methods for treating cancer with TrkA receptor tyrosine kinase antagonists
628,Clinical Sciences,US-9114147-B2,2013,System and method for diagnosis and treatment
629,Genetics,WO-2014023672-A1,2013,TRANSGENIC ANIMAL
630,Artificial Intelligence and Image Processing,WO-2016092328-A2,2015,AUTHENTICATING AN ARTICLE
631,Pharmacology and Pharmaceutical Sciences,US-9067891-B2,2012,"1,4-disubstituted 3-cyano-pyridone derivatives and their use as positive allosteric modulators of mGluR2-receptors"
632,Artificial Intelligence and Image Processing,WO-2014188368-A1,2014,A METHOD FOR GREY ZONE IMAGING USING RELATIVE R1 CHANGES
633,Neurosciences,US-10024870-B2,2015,Therapeutic and diagnostic methods and compositions for neurodegenerative diseases
634,Oncology and Carcinogenesis,WO-2016172764-A1,2016,BREAST CANCER RISK ASSESSMENT
635,Public Health and Health Services,WO-2016172764-A1,2016,BREAST CANCER RISK ASSESSMENT
636,Organic Chemistry,US-9834550-B2,2015,Pyridopyrimidinone compounds for modulating the catalytic activity of histone lysine demethylases (KDMs)
637,Clinical Sciences,US-8658128-B2,2012,System and method for diagnosis and treatment
638,Clinical Sciences,WO-2018083326-A1,2017,HYDROGEN SULFIDE RELEASING POLYMER COMPOUNDS
639,Medical Biotechnology,EP-2796545-A1,2013,"Methods for obtaining retinal progenitors, retinal pigmented epithelial cells and neural retinal cells"
640,Neurosciences,WO-2015089375-A1,2014,SOLUBLE HIGH MOLECULAR WEIGHT (HMW) TAU SPECIES AND APPLICATIONS THEREOF
641,Clinical Sciences,WO-2015084939-A1,2014,METHODS AND COMPOSITIONS FOR DIAGNOSIS AND PROGNOSIS OF RENAL INJURY AND RENAL FAILURE
642,Psychology,US-10022436-B2,2017,Microneedle compositions and methods of using same
643,Medical Microbiology,WO-2017117130-A1,2016,METHODS FOR INHIBITING HUMAN IMMUNODEFICIENCY VIRUS (HIV) RELEASE FROM INFECTED CELLS
644,Immunology,WO-2017117130-A1,2016,METHODS FOR INHIBITING HUMAN IMMUNODEFICIENCY VIRUS (HIV) RELEASE FROM INFECTED CELLS
645,Artificial Intelligence and Image Processing,US-9811904-B2,2014,Method and system for determining a phenotype of a neoplasm in a human or animal body
646,Biochemistry and Cell Biology,US-10059945-B2,2017,Methods of controlling cell fate and consequences for disease
647,Biochemistry and Cell Biology,WO-2016085876-A1,2015,CLONAL HAEMATOPOIESIS
648,Immunology,WO-2016169971-A1,2016,LASER-ASSISTED INTRADERMAL ADMINISTRATION OF ACTIVE SUBSTANCES
649,Artificial Intelligence and Image Processing,WO-2013171441-A3,2013,VIRTUAL FIDUCIAL MARKERS
650,Cardiorespiratory Medicine and Haematology,WO-2014099999-A1,2013,METHODS FOR IMPROVING CARDIAC CONTRACTILITY
651,Immunology,WO-2017194610-A1,2017,METHODS FOR PREDICTING THE USEFULNESS OF PROTEINS OR PROTEIN FRAGMENTS FOR IMMUNOTHERAPY
652,Oncology and Carcinogenesis,US-9585627-B2,2014,Histological differentiation grade prediction of hepatocellular carcinoma in computed tomography images
653,Clinical Sciences,EP-3112871-A1,2010,METHODS AND COMPOSITIONS FOR DIAGNOSIS AND PROGNOSIS OF RENAL INJURY AND RENAL FAILURE
654,Cardiorespiratory Medicine and Haematology,EP-2924438-A1,2014,IGFBP7 for diagnosing diastolic dysfunction
655,Medical Biotechnology,WO-2014174492-A1,2014,"METHODS FOR OBTAINING RETINAL PROGENITORS, RETINAL PIGMENTED EPITHELIAL CELLS AND NEURAL RETINAL CELLS"
656,Neurosciences,EP-3060913-A4,2014,BIOMARKERS AND DIAGNOSTIC METHODS FOR ALZHEIMER'S DISEASE AND OTHER NEURODEGENERATIVE DISORDERS
657,Biochemistry and Cell Biology,EP-3060913-A4,2014,BIOMARKERS AND DIAGNOSTIC METHODS FOR ALZHEIMER'S DISEASE AND OTHER NEURODEGENERATIVE DISORDERS
658,Immunology,WO-2015150491-A1,2015,AN ISOLATED DONOR MHC-DERIVED PEPTIDE AND USES THEREOF
659,Organic Chemistry,WO-2015075699-A1,2014,DOTAM DERIVATIVES FOR THERAPEUTIC USE
660,Biochemistry and Cell Biology,WO-2015108180-A1,2015,"MOLECULE ASSOCIATED WITH ONSET OF GOUT, AND METHOD AND KIT FOR EVALUATING DIATHESIS OF URIC ACID-RELATED DISEASES AND INFLAMMATION-RELATED DISEASES, AND INSPECTION OBJECT AND DRUG"
661,Immunology,US-9650436-B2,2013,Antibody based reagents that specifically recognize toxic oligomeric forms of tau
662,Clinical Sciences,US-9993462-B2,2014,Hydantoin derivative-containing pharmaceutical composition
663,Clinical Sciences,WO-2017060525-A1,2016,IGFBP7 FOR PREDICTION OF RISK OF AKI WHEN MEASURED PRIOR TO SURGERY
664,Genetics,WO-2016138488-A2,2016,"T CELL BALANCE GENE EXPRESSION, COMPOSITIONS OF MATTERS AND METHODS OF USE THEREOF"
665,Immunology,US-9915668-B2,2017,Antibody based reagents that specifically recognize toxic oligomeric forms of tau
666,Other Chemical Sciences,US-9932288-B2,2016,Chemical compound for inhibition of SHP2 function and for use as an anti-cancer agent
667,Oncology and Carcinogenesis,US-20120258878-A1,2011,PROGNOSTIC GENE SIGNATURES FOR NON-SMALL CELL LUNG CANCER
668,Genetics,US-20100233695-A1,2008,MOLECULAR DIAGNOSIS AND TYPING OF LUNG CANCER VARIANTS
669,Oncology and Carcinogenesis,US-20100233695-A1,2008,MOLECULAR DIAGNOSIS AND TYPING OF LUNG CANCER VARIANTS
670,Organic Chemistry,US-20150328142-A1,2012,Sublingual Administration of Statins
671,Biochemistry and Cell Biology,WO-2013083851-A1,2012,SCREENING ASSAYS FOR COMPOUNDS FOR USE IN THE TREATMENT OF STRESS-RELATED DISORDERS
672,Artificial Intelligence and Image Processing,US-9811904-B2,2014,Method and system for determining a phenotype of a neoplasm in a human or animal body
673,Organic Chemistry,US-9849083-B2,2012,Sublingual administration of statins
674,Psychology,WO-2018019452-A1,2017,METHOD AND DEVICE FOR IDENTIFYING RADAR TRANSMISSION MODES
675,Other Physical Sciences,WO-2013182967-A1,2013,CHANNEL BY CHANNEL ARTIFACT REDUCTION IN PARALLEL MRI
676,Biomedical Engineering,WO-2015055485-A1,2014,ESTIMATING POSITION OF AN ORGAN WITH A BIOMECHANICAL MODEL
677,Oncology and Carcinogenesis,US-20120077687-A1,2011,PROGNOSTIC AND PREDICTIVE GENE SIGNATURE FOR NON-SMALL CELL LUNG CANCER AND ADJUVANT CHEMOTHERAPY
678,Medical Biochemistry and Metabolomics,WO-2017153779-A1,2017,LIPIDS AND COMPLEXES FOR THE DELIVERY OF BIOLOGICALLY-ACTIVE MATERIAL TO CELLS
679,Biochemistry and Cell Biology,US-10035827-B2,2014,Proteins with diagnostic and therapeutic uses
680,Artificial Intelligence and Image Processing,US-9788762-B2,2016,Motion monitor
681,Clinical Sciences,WO-2010142182-A1,2010,PHARMACEUTICAL COMPOSITION FOR TREATMENT OF TYPE 2 DIABETES IN MAMMALS INCLUDING HUMAN BEINGS
682,Biochemistry and Cell Biology,WO-2014146677-A1,2013,PEG HYDROGELS FUNCTIONALIZED WITH GLUCAGON AND RGDS-TETRAPEPTIDE AND CONTAINING STEM CELLS FOR ISLET COATING
683,Clinical Sciences,WO-2011009360-A1,2010,PHARMACEUTICAL COMPOSITION FOR TREATMENT OF TYPE 2 DIABETES IN MAMMALS INCLUDING HUMAN BEINGS
684,Genetics,US-8822153-B2,2008,Molecular diagnosis and typing of lung cancer variants
685,Oncology and Carcinogenesis,US-8822153-B2,2008,Molecular diagnosis and typing of lung cancer variants
686,Artificial Intelligence and Image Processing,EP-3060118-A4,2014,MOTION MONITOR
687,Clinical Sciences,WO-2014203010-A1,2014,METHOD FOR THE ANALYSIS OF N-GLYCANS ATTACHED TO IMMUNOGLOBULIN G FROM HUMAN BLOOD PLASMA AND ITS USE
688,Biomedical Engineering,US-9993663-B2,2014,Estimating position of an organ with a biomechanical model
689,Macromolecular and Materials Chemistry,WO-2017122128-A2,2017,SYSTEM AND METHOD FOR SYNTHESIS OF DNA PARTICLES AND USE THEREOF
690,Organic Chemistry,US-9902681-B2,2014,N-3 immunoresolvents: structures and actions
691,Artificial Intelligence and Image Processing,US-9811904-B2,2014,Method and system for determining a phenotype of a neoplasm in a human or animal body
692,Information Systems,US-9904916-B2,2015,Incremental login and authentication to user portal without username/password
693,Medical Microbiology,WO-2017068347-A1,2016,DETECTION OF BACTERIAL INFECTION
694,Clinical Sciences,WO-2018007570-A1,2017,METHOD FOR DETERMINING THE RISK OF DEVELOPING ARTHRITIS
695,Medical Microbiology,WO-2015054451-A1,2014,DETECTION OF HEPATITIS DELTA VIRUS (HDV) FOR THE DIAGNOSIS AND TREATMENT OF SJÖGREN'S SYNDROME AND LYMPHOMA
696,Information Systems,WO-2013131971-A1,2013,SYSTEM AND METHOD FOR CUSTOMER AUTHENTICATION AND CREDIT ASSESSMENT IN ELECTRONIC COMMERCE
697,Information Systems,US-9886686-B2,2016,Method for using supervised model to identify user
698,Cardiorespiratory Medicine and Haematology,WO-2015084876-A1,2014,PERSONALIZED COMPUTATIONAL MODELING OF ATRIAL FIBROSIS TO GUIDE CATHETER ABLATION OF ATRIAL FIBRILLATION
699,Electrical and Electronic Engineering,US-9970058-B2,2014,Digital amplification
700,Resources Engineering and Extractive Metallurgy,WO-2016182542-A1,2015,CARBON DIOXIDE-VISCOSIFIABLE COMPOSITIONS FOR SUBTERRANEAN TREATMENT
701,Oncology and Carcinogenesis,WO-2015071669-A3,2014,MATERIALS AND METHODS FOR DIAGNOSIS AND PROGNOSIS OF LIVER CANCER
702,Clinical Sciences,US-9540691-B2,2013,Assays and methods for selecting a treatment regimen for a subject with depression
703,Immunology,US-9655959-B2,2015,Adenylate cyclase deficient bordetella strains
704,Artificial Intelligence and Image Processing,WO-2016060557-A1,2014,IMAGE ANALYSIS METHOD SUPPORTING ILLNESS DEVELOPMENT PREDICTION FOR A NEOPLASM IN A HUMAN OR ANIMAL BODY
705,Biochemistry and Cell Biology,US-9546994-B2,2013,Biomarkers for type 2 diabetes
706,Immunology,US-9415077-B2,2012,Effect of an attenuated Bordetella strain against allergic disease
707,Medical Microbiology,US-9119804-B2,2007,Live attenuated bordetella strains as a single dose vaccine against whooping cough
708,Neurosciences,WO-2013182848-A1,2013,ASSESSING SUSCEPTIBILITY TO EPILEPSY AND EPILEPTIC SEIZURES
709,Clinical Sciences,US-9546401-B2,2013,Assays and methods for selecting a treatment regimen for a subject with depression
710,Immunology,US-9526778-B2,2009,"Influenza vaccine, composition, and methods of use"
711,Medical Microbiology,US-9526778-B2,2009,"Influenza vaccine, composition, and methods of use"
712,Oncology and Carcinogenesis,US-9585627-B2,2014,Histological differentiation grade prediction of hepatocellular carcinoma in computed tomography images
713,Clinical Sciences,WO-2017208001-A1,2017,BIOMARKERS FOR PLATELET DISORDERS
714,Biochemistry and Cell Biology,WO-2017208001-A1,2017,BIOMARKERS FOR PLATELET DISORDERS
715,Artificial Intelligence and Image Processing,US-9092691-B1,2015,System for computing quantitative biomarkers of texture features in tomographic images
716,Biochemistry and Cell Biology,US-9896488-B2,2014,Protamine in treatment of neuronal injuries
717,Biochemistry and Cell Biology,US-9528086-B2,2015,Recombinant bordetella strains
718,Clinical Sciences,US-9820984-B1,2017,Dosing regimens for fast onset of antidepressant effect
719,Clinical Sciences,US-9913839-B2,2017,Dosing regimens for fast onset of antidepressant effect
720,Immunology,WO-2015000988-A1,2014,C1Q AS A THERAPEUTIC AGENT OF ALLERGY AND/OR ASTHMA
721,Cardiorespiratory Medicine and Haematology,WO-2015000988-A1,2014,C1Q AS A THERAPEUTIC AGENT OF ALLERGY AND/OR ASTHMA
722,Biochemistry and Cell Biology,US-9499613-B2,2014,Notch1 receptor binding agents and methods of use thereof
723,Other Physical Sciences,US-9681798-B2,2015,"Methods, systems, and apparatus for imaging spectroscopy"
724,Clinical Sciences,US-9726659-B2,2013,CMPF as a biomarker for diabetes and associated methods
725,Materials Engineering,US-9512000-B2,2015,Fabrication and self-aligned local functionalization of nanocups and various plasmonic nanostructures on flexible substrates for implantable and sensing applications
726,Nanotechnology,US-9512000-B2,2015,Fabrication and self-aligned local functionalization of nanocups and various plasmonic nanostructures on flexible substrates for implantable and sensing applications
727,Biomedical Engineering,US-9512000-B2,2015,Fabrication and self-aligned local functionalization of nanocups and various plasmonic nanostructures on flexible substrates for implantable and sensing applications
728,Biomedical Engineering,WO-2016034508-A1,2015,TUBE FIXATION DEVICE
729,Paediatrics and Reproductive Medicine,WO-2015197824-A1,2015,FREE NUCLEIC ACIDS AND MIRNA AS NON-INVASIVE METHOD FOR DETERMINING EMBRYO QUALITY
730,Oncology and Carcinogenesis,US-20150232570-A1,2013,Methods of Treating Hematological Malignancies with Notch1 Antibodies
731,Oncology and Carcinogenesis,US-9676865-B2,2014,Antibodies to a non-ligand binding region of at least two NOTCH receptors
732,Genetics,WO-2015137897-A1,2015,USE OF NUCLEIC ACIDS CIRCULATING IN BIOLOGICAL FLUIDS OF MAMMALS AS INTERNAL CONTROL AND/OR INTERNAL STANDARD
733,Organic Chemistry,US-9981950-B2,2015,Triazoles as NR2B receptor inhibitors
734,Neurosciences,US-9851425-B2,2013,Background-suppressed myelin water imaging
735,Oncology and Carcinogenesis,WO-2018060452-A1,2017,THERAPEUTIC APPROACHES TO CANCER
736,Microbiology,US-9931390-B2,2016,Recombinant Lactococcus lactis expressing Escherichia coli colonization factor antigen I (CFA/I) fimbriae and their methods of use
737,Physical Chemistry (incl. Structural),US-9993185-B2,2015,Plasmonics nanostructures for multiplexing implantable sensors
738,Clinical Sciences,WO-2017208001-A1,2017,BIOMARKERS FOR PLATELET DISORDERS
739,Biochemistry and Cell Biology,WO-2017208001-A1,2017,BIOMARKERS FOR PLATELET DISORDERS
740,Clinical Sciences,US-10071988-B2,2017,"Substituted 1,2,3-triazoles as NR2B-selective NMDA modulators"
741,Immunology,WO-2015124921-A1,2015,METHODS AND USES FOR DETERMINING THE PRESENCE OF INFLAMMATORY BOWEL DISEASE
742,Microbiology,US-9452205-B2,2013,Recombinant Lactococcus lactis expressing Escherichia coli colonization factor antigen I (CFA/I) fimbriae and their methods of use
743,Physical Chemistry (incl. Structural),US-9846125-B2,2015,"Surface enhanced Raman spectroscopy detection of gases, particles and liquids through nanopillar structures"
744,Physical Chemistry (incl. Structural),US-9913603-B2,2015,Reflowed gold nanostructures for surface enhanced raman spectroscopy
745,Genetics,WO-2014134351-A2,2014,"T CELL BALANCE GENE EXPRESSION, COMPOSITIONS OF MATTERS AND METHODS OF USE THEREOF"
746,Other Medical and Health Sciences,WO-2017182796-A1,2017,BACTERIOTHERAPY
747,Physical Chemistry (incl. Structural),US-9987609-B2,2015,Multiplexed surface enhanced Raman sensors for early disease detection and in-situ bacterial monitoring
748,Oncology and Carcinogenesis,US-9617340-B2,2014,Compositions and methods for diagnosing and treating cancer
749,Microbiology,WO-2014047625-A1,2013,RECOMBINANT LACTOCOCCUS LACTIS EXPRESSING ESCHERICHIA COLI COLONIZATION FACTOR ANTIGEN I (CFA/I) FIMBRIAE AND THEIR METHODS OF USE
750,Immunology,EP-2821076-A1,2013,C1q as a therapeutic agent of allergy and/or asthma
751,Cardiorespiratory Medicine and Haematology,EP-2821076-A1,2013,C1q as a therapeutic agent of allergy and/or asthma
752,Biochemistry and Cell Biology,WO-2017087811-A1,2016,ENGINEERED BACTEROIDES OUTER MEMBRANE VESICLES
753,Artificial Intelligence and Image Processing,WO-2014188368-A1,2014,A METHOD FOR GREY ZONE IMAGING USING RELATIVE R1 CHANGES
754,Artificial Intelligence and Image Processing,WO-2013111051-A1,2013,AUTOMATED DETECTION OF AREA AT RISK USING QUANTITATIVE T1 MAPPING
755,Genetics,WO-2016138488-A2,2016,"T CELL BALANCE GENE EXPRESSION, COMPOSITIONS OF MATTERS AND METHODS OF USE THEREOF"
756,Clinical Sciences,US-9963447-B2,2016,Substituted 4-azaindoles and their use as GluN2B receptor modulators
757,Public Health and Health Services,WO-2014160431-A1,2014,METHOD OF DETERMINING PRIOR HISTORY OF ISCHEMIC STROKE FOR CURRENT RISK EVALUATION AND THERAPY GUIDANCE
758,Oncology and Carcinogenesis,US-9505832-B2,2015,Method of treating cancer by administering a monoclonal antibody that binds human NOTCH2 and NOTCH3
759,Clinical Sciences,US-9512122-B2,2015,Spirocyclic compounds as tryptophan hydroxylase inhibitors
760,Neurosciences,WO-2015155544-A1,2015,DELIVERY OF NON-STEROIDAL ANTIINFLAMMATORY AGENTS TO THE BRAIN VIA THE NASAL TRACT TO TREAT NEUROLOGICAL DISORDERS
761,Neurosciences,US-9918994-B2,2017,Compositions and methods for muscle regeneration using prostaglandin E2
762,Clinical Sciences,US-9750740-B2,2016,Spirocyclic compounds as tryptophan hydroxylase inhibitors
763,Biochemistry and Cell Biology,WO-2017149052-A1,2017,PROCESS AND INTERMEDIATES FOR THE PRODUCTION OF 17(20)-ENE B-SECO STEROIDS
764,Clinical Sciences,US-10045988-B2,2017,Spirocyclic compounds as tryptophan hydroxylase inhibitors
765,Neurosciences,US-9045793-B2,2011,Method of regulating the expression level of survival of motor neuron 1
766,Clinical Sciences,US-9199994-B2,2014,Spirocyclic compounds as tryptophan hydroxylase inhibitors
767,Biochemistry and Cell Biology,GB-2539743-A,2016,Multi-eptopic construct
768,Cardiorespiratory Medicine and Haematology,US-9457030-B2,2013,Compositions and methods for the treatment of juvenile neuronal ceroid lipofuscinosis and related disorders
769,Clinical Sciences,WO-2014195847-A2,2014,NOVEL USE OF STABLE ISOTOPE LABELED L-TRYPTOPHAN
770,Pharmacology and Pharmaceutical Sciences,WO-2016103176-A1,2015,NOVEL PI3K GAMMA INHIBITOR PEPTIDE FOR TREATMENT OF RESPIRATORY SYSTEM DISEASES
771,Organic Chemistry,US-9765092-B2,2014,Tricyclic piperidine compounds
772,Biochemistry and Cell Biology,US-9611201-B2,2016,"Processes for preparing (R)-1-(5-chloro-[1,1′-biphenyl]-2-yl)-2,2,2-trifluoroethanol and 1-(5-chloro-[1,1′-biphenyl]-2-yl)-2,2,2-trifluoroethanone"
773,Genetics,WO-2015075198-A1,2014,DETECTION OF NUCLEIC ACIDS BY STRAND INVASION BASED AMPLIFICATION
774,Medical Biochemistry and Metabolomics,WO-2013104540-A1,2013,NEW C5A BINDING NUCLEIC ACIDS
775,Artificial Intelligence and Image Processing,US-9990741-B2,2016,Motion correction in a projection domain in time of flight positron emission tomography
776,Immunology,WO-2017177217-A3,2017,CHIMERIC RECEPTORS AND USES THEREOF IN IMMUNE THERAPY
777,Medical Biochemistry and Metabolomics,WO-2017108941-A1,2016,GROWTH DIFFERENTIATION FACTOR 15 AS BIOMARKER FOR METFORMIN
778,Biochemistry and Cell Biology,WO-2016102965-A1,2015,CELL
779,Immunology,WO-2015164594-A1,2015,CHIMERIC ANTIGEN RECEPTORS (CAR) FOR USE IN THERAPY AND METHODS FOR MAKING THE SAME
780,Neurosciences,WO-2015087087-A1,2014,BIOMARKERS AND METHODS RELATING TO ALZHEIMER'S DISEASE
781,Biochemistry and Cell Biology,US-20160229905-A1,2014,MODIFIED ANTI-INFLAMMATORY PROTEINS AND METHOD OF USE
782,Biochemistry and Cell Biology,US-9624468-B2,2013,Methods for generating the inner ear and other cranial placode-derived tissues using pluripotent stem cells
783,Computer Software,US-9587237-B2,2013,"Compositions, methods, and computer systems related to making and administering modified T cells"
784,Biochemistry and Cell Biology,WO-2016134145-A3,2016,ARTIFICIAL SELF-SUFFICIENT CYTOCHROME P450S
785,Medical Biochemistry and Metabolomics,WO-2016174409-A1,2016,NUCLEIC ACID CONSTRUCT
786,Immunology,WO-2016008973-A1,2015,CHIMERIC ANTIGEN RECEPTOR AND ITS USE
787,Artificial Intelligence and Image Processing,US-9659370-B2,2014,Cortical bone segmentation from MR Dixon data
788,Immunology,WO-2017088012-A1,2016,GENETICALLY MODIFIED CELLS AND USES THEREOF
789,Biochemistry and Cell Biology,WO-2013166488-A1,2013,METHODS FOR GENERATING THE INNER EAR AND OTHER CRANIAL PLACODE-DERIVED TISSUES USING PLURIPOTENT STEM CELLS
790,Clinical Sciences,WO-2018046999-A1,2017,METHOD OF IDENTIFYING AN ACNE ASSOCIATION SIGNAL BY MONITORING ELEVATED EPITHELIAL ATTACHMENT THROUGH INCREASED LAMC2 EXPRESSION (AS A RISK FACTOR FOR MODERATE TO SEVERE ACNE) AND ASSOCIATED TREATMENT
791,Genetics,US-10059941-B2,2013,Compositions and methods for modulating SMN gene family expression
792,Clinical Sciences,US-9498514-B2,2016,"Systems, compositions, and methods for transplantation and treating conditions"
793,Medical Biochemistry and Metabolomics,EP-3184106-A1,2015,GROWTH DIFFERENTIATION FACTOR 15 AS BIOMARKER FOR METFORMIN
794,Immunology,WO-2016174406-A1,2016,NUCLEIC ACID CONSTRUCT FOR EXPRESSING MORE THAN ONE CHIMERIC ANTIGEN RECEPTOR
795,Immunology,WO-2015075469-A1,2014,CELL
796,Clinical Sciences,US-9352021-B2,2014,"Systems, compositions, and methods for transplantation and treating conditions"
797,Oncology and Carcinogenesis,US-9265789-B2,2014,Targeting CLPTM1L by RNA interference for treatment and prevention of cancer
798,Artificial Intelligence and Image Processing,US-9427206-B2,2015,Method and apparatus for gate specific MR-based attenuation correction of timed-gated pet studies
799,Immunology,WO-2015013508-A3,2014,METHODS FOR DIAGNOSING AND TREATING IMMUNE DISEASE
800,Artificial Intelligence and Image Processing,WO-2015099837-A1,2014,METHOD AND APPARATUS FOR GATE SPECIFIC MR-BASED ATTENUATION CORRECTION OF TIMED-GATED PET STUDIES
801,Medical Microbiology,US-9572872-B2,2013,Treatment of disease using inter-alpha inhibitor proteins
802,Clinical Sciences,WO-2018047001-A1,2017,METHOD OF IDENTIFYING REDUCED ACTIVITY OF HAIR FOLLICLE MEDIATED BY REDUCTION IN ABILITY OF WNT10A TO PERFORM WILD TYPE FUNCTION AS A PROTECTIVE FACTOR FOR MODERATE TO SEVERE AND RELATED TREATMENT
803,Computer Software,US-9662354-B2,2016,"Compositions, methods, and computer systems related to making and administering modified T cells"
804,Immunology,GB-2503883-A,2012,Variant IgE with reduced affinity to CD23
805,Immunology,WO-2017211928-A1,2017,ANTI-IgE ANTIBODIES
806,Cardiorespiratory Medicine and Haematology,US-9416196-B2,2014,Composition for prophylaxis or treatment of vascular or cardiac valvular calcification comprising dipeptidyl peptidase-4 inhibitor
807,Immunology,WO-2017211893-A1,2017,BIOMARKER SIGNATURES OF SYSTEMIC LUPUS ERYTHEMATOSUS AND USES THEREOF
808,Information Systems,US-9741022-B2,2015,Parental controls
809,Psychology,US-9813855-B2,2016,Targeted venue message distribution
810,Biochemistry and Cell Biology,US-9216163-B2,2014,Method of inhibiting angiogenesis
811,Analytical Chemistry,US-9694039-B2,2015,"Microbiota restoration therapy (MRT), compositions and methods of manufacture"
812,Information Systems,US-9448085-B2,2015,Live branded dynamic mapping
813,Electrical and Electronic Engineering,US-9549781-B2,2014,Multi-force sensing surgical instrument and method of use for robotic surgical systems
814,Pharmacology and Pharmaceutical Sciences,US-9901603-B2,2016,Compositions for fecal floral transplantation and methods for making and using them and device for delivering them
815,Organic Chemistry,WO-2016207785-A1,2016,NADPH OXIDASE 4 INHIBITORS
816,Neurosciences,US-9629830-B2,2014,EphA4 inhibitors as neuroprotective agents
817,Clinical Sciences,US-10064899-B1,2018,Compositions for fecal floral transplantation and methods for making and using them and devices for delivering them
818,Medical Microbiology,US-9962414-B2,2015,Probiotic recolonisation therapy
819,Biochemistry and Cell Biology,US-9968638-B2,2012,Compositions and methods for transplantation of colon microbiota
820,Medical Microbiology,US-9901604-B2,2016,Probiotic recolonisation therapy
821,Biochemistry and Cell Biology,US-10059708-B2,2017,Therapeutic targeting of the interleukin 1 receptor-associated kinase 4 (IRAK4) in leukemias characterized by rearrangements in the mixed lineage leukemia gene (MLL-r)
822,Analytical Chemistry,US-9782445-B2,2015,"Microbiota restoration therapy (MRT), compositions and methods of manufacture"
823,Biochemistry and Cell Biology,WO-2016135273-A1,2016,"PROCESSES FOR THE DIAGNOSIS, PROGNOSIS AND MONITORING OF THE PROGRESSION OF CHRONIC LYMPHOID LEUKAEMIA (CLL) AND/OR OF SYSTEMIC LUPUS ERYTHEMATOSUS (SLE) USING MEMBRANE STIM 1"
824,Neurosciences,WO-2015048336-A3,2014,MARKERS FOR AMYOTROPHIC LATERAL SCLEROSIS (ALS) AND PRESYMPTOMATIC ALZHIMER'S DISEASE (PSAD)
825,Biochemistry and Cell Biology,US-10028980-B2,2016,Compositions and methods for transplantation of colon microbiota
826,Biochemistry and Cell Biology,EP-3062105-A1,2015,"Processes for the diagnosis, prognosis and monitoring of the progression of Chronic Lymphoid Leukaemia (CLL) and/or of Systemic Lupus Erythematosus (SLE) using membrane STIM 1"
827,Genetics,EP-3008214-A4,2014,NON-INVASIVE BLOOD BASED MONITORING OF GENOMIC ALTERATIONS IN CANCER
828,Information Systems,US-9829339-B2,2017,Live branded dynamic mapping
829,Immunology,WO-2015136053-A1,2015,DIAGNOSIS METHOD FOR LUPUS
830,Electrical and Electronic Engineering,WO-2018065757-A1,2017,PROXIMITY SENSOR AND CORRESPONDING DISTANCE MEASURING METHOD
831,Medical Microbiology,US-9867858-B2,2016,Probiotic recolonisation therapy
832,Clinical Sciences,US-9962413-B2,2017,Compositions for fecal floral transplantation and methods for making and using them and devices for delivering them
833,Genetics,WO-2015072438-A1,2014,"COMPLEMENTARY PCR PRIMER SET FOR ALS-RELATED GENE SEQUENCE ANALYSIS, METHOD FOR ANALYZING ALS-RELATED GENE SEQUENCE, AND METHOD FOR TESTING ALS"
834,Organic Chemistry,US-9796752-B2,2014,Terpenoid derivatives
835,Psychology,US-10028091-B2,2017,Targeted venue message distribution
836,Information Systems,US-9909896-B2,2016,Live branded dynamic mapping
837,Cardiorespiratory Medicine and Haematology,US-9265808-B2,2013,Compositions for alleviating inflammation and oxidative stress in a mammal
838,Clinical Sciences,WO-2016115496-A1,2016,METABOLITE BIOMARKERS PREDICTIVE OF RENAL DISEASE IN DIABETIC PATIENTS
839,Clinical Sciences,US-10022406-B2,2016,Compositions for fecal floral transplantation and methods for making and using them and devices for delivering them
840,Biomedical Engineering,WO-2018069516-A1,2017,CUCURBITURIL-BASED HYDROGELS
841,Genetics,WO-2018041726-A1,2017,BIOMARKERS FOR DETERMINING THE PRESENCE OF AN UNSTABLE ATHEROSCLEROTIC PLAQUE
842,Biochemistry and Cell Biology,WO-2013011131-A2,2012,PLURIPOTENT TENDON AND LIGAMENT PERIVASCULAR CELLS
843,Materials Engineering,US-20180204991-A1,2017,LIGHT EMITTING DEVICE AND METHOD OF FABRICATING THE SAME
844,Paediatrics and Reproductive Medicine,WO-2014055849-A1,2013,METHODS FOR DIAGNOSING AND PROGNOSING PLACENTAL DYSFUNCTION AND PRE-ECLAMPSIA
845,Biochemistry and Cell Biology,DE-112013006129-B4,2013,Circulating micrornas as a new biomarkers of the platelet activation
846,Cardiorespiratory Medicine and Haematology,GB-2524692-A,2013,Determination of microrna expression levels for the diagnosis of a platelet-related disorder
847,Immunology,US-20120258126-A1,2009,Molecular Vaccines for Infectious Disease
848,Macromolecular and Materials Chemistry,US-9439868-B2,2012,Supramolecular capsules
849,Cardiorespiratory Medicine and Haematology,WO-2014096872-A1,2013,DETERMINATION OF MICRORNA EXPRESSION LEVELS FOR THE DIAGNOSIS OF A PLATELET-RELATED DISORDER
850,Neurosciences,WO-2017029505-A1,2016,COMPUTER-IMPLEMENTED APPARATUS AND METHOD FOR PREDICTING PERFORMANCE OF SURGICAL STRATEGIES
851,Cardiorespiratory Medicine and Haematology,WO-2014083081-A1,2013,COMPOSITIONS AND METHODS FOR EVALUATING HEART FAILURE
852,Immunology,WO-2017211928-A1,2017,ANTI-IgE ANTIBODIES
853,Biochemistry and Cell Biology,US-10030065-B2,2009,"MHC multimers, methods for their generation, labeling and use"
854,Oncology and Carcinogenesis,EP-2868751-A1,2013,HCBI sequences as an early marker for the future development of cancer and diseases of the CNS and as a target for cancer treatment and prevention
855,Clinical Sciences,WO-2016046635-A1,2015,METHODS FOR CHARACTERIZING HUMAN PAPILLOMAVIRUS ASSOCIATED CERVICAL LESIONS
856,Oncology and Carcinogenesis,WO-2017046394-A1,2016,NOVEL BIOMARKERS AND METHODS OF TREATING CANCER
857,Biochemistry and Cell Biology,WO-2017046394-A1,2016,NOVEL BIOMARKERS AND METHODS OF TREATING CANCER
858,Oncology and Carcinogenesis,US-9702878-B2,2013,Method for the prognosis and treatment of cancer metastasis
859,Genetics,US-20130296193-A1,2012,METHOD FOR DISCOVERING A BIOMARKER
860,Biochemistry and Cell Biology,US-9078877-B2,2013,Targeting VEGF-B regulation of fatty acid transporters to modulate human diseases
861,Neurosciences,WO-2016183252-A1,2016,TREATMENT OF NEURODEGENERATIVE CONDITIONS USING PKC ACTIVATORS AFTER DETERMINING THE PRESENCE OF THE APOE4 ALLELE
862,Cardiorespiratory Medicine and Haematology,US-9289138-B2,2009,Apparatus and method for measuring blood pressure
863,Clinical Sciences,US-9664695-B2,2013,Method for diagnosing or monitoring kidney function or diagnosing kidney dysfunction
864,Genetics,WO-2017191068-A1,2017,METHOD OF DETECTING A MUTATIONAL SIGNATURE IN A SAMPLE
865,Immunology,WO-2015023972-A1,2014,TREATMENT OF GRAFT REJECTION BY ADMINISTERING A COMPLEMENT INHIBITOR TO AN ORGAN PRIOR TO TRANSPLANT
866,Clinical Sciences,WO-2014053501-A1,2013,A METHOD FOR DIAGNOSING OR MONITORING KIDNEY FUNCTION OR DIAGNOSING KIDNEY DYSFUNCTION
867,Cardiorespiratory Medicine and Haematology,US-9457030-B2,2013,Compositions and methods for the treatment of juvenile neuronal ceroid lipofuscinosis and related disorders
868,Communications Technologies,US-9059823-B2,2013,Apparatus and method for performing inter-cell interference coordination using limited channel state information in heterogeneous network
869,Analytical Chemistry,US-9642880-B2,2015,"Microbiota restoration therapy (MRT), compositions and methods of manufacture"
870,Biochemistry and Cell Biology,US-9498539-B2,2012,Affinity-based controlled release system
871,Clinical Sciences,WO-2016052504-A1,2015,"COMPOSITION, CELL CONSTRUCT, ISLET TRANSPLANT KIT, ISLET CELL TRANSPLANT THERAPEUTIC AGENT AND BLOOD SUGAR REDUCING AGENT, COMPOSITION INCLUDING ISLETS, KIT INCLUDING ISLETS, AND ISLET TRANSPLANT THERAPEUTIC AGENT AND BLOOD SUGAR REDUCING AGENT"
872,Oncology and Carcinogenesis,US-10047398-B2,2011,"Method for the diagnosis, prognosis and treatment of breast cancer metastasis"
873,Clinical Sciences,WO-2017208001-A1,2017,BIOMARKERS FOR PLATELET DISORDERS
874,Biochemistry and Cell Biology,WO-2017208001-A1,2017,BIOMARKERS FOR PLATELET DISORDERS
875,Organic Chemistry,US-9951335-B2,2013,Compositions and methods for treating otitis media and other conditions with inhibitors of CYLD
876,Macromolecular and Materials Chemistry,WO-2018042378-A1,2017,"CYANOBACTERIUM EXTRACELLULAR POLYMER, COMPOSITIONS AND USES THEREOF"
877,Analytical Chemistry,US-9511099-B2,2014,"Microbiota restoration therapy (MRT), compositions and methods of manufacture"
878,Medical Biotechnology,US-9511100-B2,2014,"Microbiota restoration therapy (MRT), compositions and methods of manufacture"
879,Communications Technologies,US-9026167-B2,2013,Picocell range expansion configuration on authorized shared access
880,Neurosciences,EP-2966176-A1,2014,"HCBI, MSBI, MSSI and CMI sequences as an early marker for the future development of cancer and diseases of the CNS and as a target for the treatment and prevention of these diseases"
881,Oncology and Carcinogenesis,EP-3202913-A1,2016,A SET OF GENES FOR USE IN A METHOD OF PREDICTING THE LIKELIHOOD OF A BREAST CANCER PATIENT S SURVIVAL
882,Biochemistry and Cell Biology,WO-2018050286-A1,2017,TRAF 6 INHIBITORS
883,Analytical Chemistry,US-9433651-B2,2014,"Microbiota restoration therapy (MRT), compositions and methods of manufacture"
884,Communications Technologies,EP-2790430-A1,2014,Picocell range expansion configuration on Authorized Shared Access (ASA)
885,Oncology and Carcinogenesis,US-8980564-B2,2010,Predictive markers for taxane responsiveness and methods of use thereof
886,Oncology and Carcinogenesis,WO-2013117697-A1,2013,BIOMARKER SET FOR IDENTIFYING A SEVERE FORM OF CANCER
887,Oncology and Carcinogenesis,WO-2017191073-A1,2017,MUTATIONAL SIGNATURES IN CANCER
888,Genetics,WO-2014081313-A1,2013,GENE EXPRESSION PROFILE IN DIAGNOSTICS
889,Biomedical Engineering,US-9999414-B2,2015,Retraction devices and methods of its use and manufacture
890,Analytical Chemistry,US-9675648-B2,2014,"Microbiota restoration therapy (MRT), compositions and methods of manufacture"
891,Immunology,US-9649356-B2,2011,Method of improving transplant function using soluble complement receptor type I (sCR1)
892,Cardiorespiratory Medicine and Haematology,EP-3192805-A1,2016,INHIBITORS OF T CELL ACTIVATION  OR STIMULATION AND USES THEREOF
893,Biochemistry and Cell Biology,EP-3192805-A1,2016,INHIBITORS OF T CELL ACTIVATION  OR STIMULATION AND USES THEREOF
894,Clinical Sciences,WO-2016046635-A1,2015,METHODS FOR CHARACTERIZING HUMAN PAPILLOMAVIRUS ASSOCIATED CERVICAL LESIONS
895,Clinical Sciences,DE-102016001407-A1,2016,Blood treatment with inactivation of free nucleic acids
896,Biochemistry and Cell Biology,WO-2016126972-A1,2016,MUTANT SMOOTHENED AND METHODS OF USING THE SAME
897,Pharmacology and Pharmaceutical Sciences,WO-2016126972-A1,2016,MUTANT SMOOTHENED AND METHODS OF USING THE SAME
898,Biochemistry and Cell Biology,EP-2915878-A1,2014,Method and device for conserving viable and functional human polymorphonuclear neutrophils
899,Genetics,WO-2017191074-A1,2017,METHOD OF CHARACTERISING A DNA SAMPLE
900,Inorganic Chemistry,US-9364570-B2,2012,Functionalisation of cage amine ligands for metallo-radiopharmaceuticals
901,Biochemistry and Cell Biology,WO-2015132774-A1,2015,METHOD AND DEVICE FOR CONSERVING VIABLE AND FUNCTIONAL HUMAN POLYMORPHONUCLEAR NEUTROPHILS
902,Biochemistry and Cell Biology,US-10081684-B2,2012,Using sortases to install click chemistry handles for protein ligation
903,Genetics,WO-2017191068-A1,2017,METHOD OF DETECTING A MUTATIONAL SIGNATURE IN A SAMPLE
904,Neurosciences,WO-2015164367-A1,2015,DIAGNOSTIC METHODS FOR NEURONAL DISORDERS
905,Artificial Intelligence and Image Processing,WO-2014203192-A2,2014,CORTICAL BONE SEGMENTATION FROM MR DIXON DATA
906,Neurosciences,US-9594075-B2,2015,Diagnostic methods for neural disorders
907,Other Physical Sciences,WO-2015086476-A1,2014,ZERO ECHO TIME MR IMAGING WITH WATER/FAT SEPARATION
908,Artificial Intelligence and Image Processing,US-9659370-B2,2014,Cortical bone segmentation from MR Dixon data
909,Biochemistry and Cell Biology,WO-2015120075-A2,2015,MUTANT SMOOTHENED AND METHODS OF USING THE SAME
910,Neurosciences,EP-2733219-A1,2012,Diagnostic miRNA markers for Alzheimer
911,Biochemistry and Cell Biology,US-10048253-B2,2013,Method for identifying compounds of therapeutic interest
912,Genetics,US-9724408-B2,2014,Compositions and methods for activating stimulator of interferon gene-dependent signalling
913,Artificial Intelligence and Image Processing,US-9504851-B2,2012,Magnetic resonance imaging of bone tissue
914,Biomedical Engineering,US-9504851-B2,2012,Magnetic resonance imaging of bone tissue
915,Biochemistry and Cell Biology,WO-2017136558-A1,2017,MUTANT SMOOTHENED AND METHODS OF USING THE SAME
916,Other Medical and Health Sciences,US-9079867-B2,2011,"Polyazamacrocyclic compound, and a production method and a biomedical use therefor"
917,Genetics,WO-2015048665-A3,2014,METHOD TO ESTIMATE THE AGE OF TISSUES AND CELL TYPES BASED ON EPIGENETIC MARKERS
918,Other Physical Sciences,US-10048275-B2,2016,Cardiotoxicity screening methods
919,Genetics,EP-2816121-A3,2014,Method for obtaining information on hepatocellular carcinoma and marker and kit for obtaining information on hepatocellular carcinoma
920,Cardiorespiratory Medicine and Haematology,WO-2017121502-A1,2016,THERAPEUTIC USE OF INHIBITORS OF T CELL ACTIVATION OR STIMULATION
921,Clinical Sciences,WO-2017208001-A1,2017,BIOMARKERS FOR PLATELET DISORDERS
922,Biochemistry and Cell Biology,WO-2017208001-A1,2017,BIOMARKERS FOR PLATELET DISORDERS
923,Neurosciences,WO-2015164378-A1,2015,ANALYSIS OF COMPOUNDS FOR PAIN AND SENSORY DISORDERS
924,Clinical Sciences,WO-2017137495-A1,2017,BLOOD TREATMENT WITH INACTIVATION OF CIRCULATING NUCLEIC ACIDS
925,Pharmacology and Pharmaceutical Sciences,EP-3017813-A1,2014,BLT2 agonists for the treatment of pain
926,Neurosciences,EP-3017813-A1,2014,BLT2 agonists for the treatment of pain
927,Biochemistry and Cell Biology,WO-2014001557-A1,2013,A METHOD FOR IDENTIFYING COMPOUNDS OF THERAPEUTIC INTEREST
928,Other Physical Sciences,WO-2015073746-A3,2014,18F LABELING OF PROTEINS USING SORTASES
929,Clinical Sciences,EP-3058103-A4,2014,DETECTING AND MONITORING MUTATIONS IN HISTIOCYTOSIS
930,Medical Biotechnology,WO-2014012933-A1,2013,METHOD FOR THE GENERATION OF NON-TRANSFORMED MACROPHAGE CELL LINES
931,Artificial Intelligence and Image Processing,WO-2016188974-A1,2016,MRI USING SENSE WITH ACQUISITION OF UNDERSAMPLED REFERENCE DATA VIA AN ULTRASHORT ECHO TIME SEQUENCE
932,Artificial Intelligence and Image Processing,WO-2013001399-A3,2012,BONE MRI USING AN ULTRASHORT ECHO TIME PULSE SEQUENCE WITH FID AND MULTIPLE GRADIENT ECHO ACQUISITION AND WATER - FAT SEPARATION PROCESSING
933,Inorganic Chemistry,EP-2788354-A4,2012,FUNCTIONALISATION OF CAGE AMINE LIGANDS FOR METALLO-RADIOPHARMACEUTICALS
934,Clinical Sciences,WO-2015040120-A1,2014,MR-BASED ATTENUATION CORRECTION IN PET/MR IMAGING WITH DIXON PULSE SEQUENCE
935,Artificial Intelligence and Image Processing,WO-2015040120-A1,2014,MR-BASED ATTENUATION CORRECTION IN PET/MR IMAGING WITH DIXON PULSE SEQUENCE
936,Biochemistry and Cell Biology,US-9840533-B2,2014,Compositions and methods for altering second messenger signaling
937,Immunology,WO-2017211928-A1,2017,ANTI-IgE ANTIBODIES
938,Neurosciences,US-10011873-B2,2013,Diagnostic miRNA markers for Parkinson disease
939,Neurosciences,WO-2015164383-A1,2015,MODELS FOR PARKINSON'S DISEASE STUDIES
940,Oncology and Carcinogenesis,WO-2017165209-A1,2017,TANDEM DUPLICATOR PHENOTYPE (TDP) AS A DISTINCT GENOMIC CONFIGURATION IN CANCER AND USE THEREOF
941,Oncology and Carcinogenesis,WO-2017191073-A1,2017,MUTATIONAL SIGNATURES IN CANCER
942,Clinical Sciences,EP-2727944-A1,2012,Depletion of CCR2-positive monocytes for the treatment of inflammatory conditions in the gastrointestinal system
943,Other Medical and Health Sciences,WO-2014074660-A1,2013,"ALKYL-AMIDE-SUBSTITUTED PYRIDYL COMPOUNDS USEFUL AS MODULATORS OF IL-12, IL-23 AND/OR IFNα RESPONSES"
944,Communications Technologies,US-9971414-B2,2014,"Devices, systems, and methods for detecting gestures using wireless communication signals"
945,Biochemistry and Cell Biology,WO-2014125277-A1,2014,METHOD OF PRODUCING MICROPARTICLES
946,Electrical and Electronic Engineering,US-9696421-B2,2014,Through wall sensing system using WiFi/cellular radar
947,Biomedical Engineering,US-9750942-B2,2014,Systems and methods for determining parameters for each of a plurality of vectors
948,Artificial Intelligence and Image Processing,WO-2014160267-A3,2014,CENTER OF MASS STATE VECTOR FOR ANALYZING USER MOTION IN 3D IMAGES
949,Communications Technologies,WO-2017052875-A1,2016,WI-FI INDOOR RADAR
950,Electrical and Electronic Engineering,WO-2017052875-A1,2016,WI-FI INDOOR RADAR
951,Biochemistry and Cell Biology,WO-2014013258-A1,2013,STEM CELL MICROPARTICLES
952,Other Medical and Health Sciences,WO-2015069310-A1,2014,"ALKYL-AMIDE-SUBSTITUTED PYRIDYL COMPOUNDS USEFUL AS MODULATORS OF IL-12, IL-23 AND/OR IFNALPHA RESPONSES"
953,Communications Technologies,EP-2757848-A1,2013,Method and system for improvement of handover quality in mobile radio systems
954,Other Medical and Health Sciences,WO-2015089143-A1,2014,"IMIDAZOPYRIDAZINE COMPOUNDS USEFUL AS MODULATORS OF IL-12, IL-23 AND/OR IFN ALPHA RESPONSES"
955,Other Physical Sciences,EP-3048455-A4,2014,"METHOD, APPARATUS AND TERMINAL FOR LIFE DETECTION PROCESSING"
956,Biochemistry and Cell Biology,US-9498539-B2,2012,Affinity-based controlled release system
957,Other Medical and Health Sciences,WO-2018081488-A1,2017,"HETEROBICYCLIC COMPOUNDS USEFUL AS MODULATORS OF IL-12, IL-23 AND/OR IFN ALPHA RESPONSES"
958,Other Medical and Health Sciences,WO-2017087590-A1,2016,"IMIDAZOPYRIDAZINE COMPOUNDS USEFUL AS MODULATORS OF IL-12, IL-23 AND/OR IFN ALPHA RESPONSES"
959,Oncology and Carcinogenesis,WO-2015052526-A1,2014,STEM CELL MICROPARTICLES AND MIRNA
960,Biochemistry and Cell Biology,WO-2015052526-A1,2014,STEM CELL MICROPARTICLES AND MIRNA
961,Biomedical Engineering,US-9457191-B2,2014,System and method for assessing and selecting stimulation vectors in an implantable cardiac resynchronization therapy device
962,Biochemistry and Cell Biology,WO-2013150303-A1,2013,STEM CELL MICROPARTICLES
963,Biochemistry and Cell Biology,WO-2015052527-A1,2014,"MICROPARTICLES, MIRNA AND WOUND THERAPY"
964,Clinical Sciences,WO-2014004733-A1,2013,COMPOSITION FOR LUPUS NEPHRITIS AND METHODS OF MAKING AND USING THE SAME
965,Analytical Chemistry,US-9896683-B2,2015,Isolating circulating microRNA (miRNA)
966,Biochemistry and Cell Biology,WO-2014125276-A1,2014,STEM CELL MICROPARTICLES AND MIRNA
967,Immunology,WO-2018067432-A1,2017,"IMIDAZOPYRIDAZINE COMPOUNDS USEFUL AS MODULATORS OF IL-12, IL-23 AND/OR IFN ALPHA RESPONSES"
968,Biochemistry and Cell Biology,WO-2016073629-A1,2015,CHIMERIC ANTIGEN RECEPTORS (CAR) TO SELECTIVELY TARGET PROTEIN COMPLEXES
969,Oncology and Carcinogenesis,US-9458510-B2,2012,Signatures and determinants associated with prostate cancer progression and methods of use thereof
970,Biochemistry and Cell Biology,EP-3251516-A1,2016,NUTRITIONAL COMPOSITION
971,Oncology and Carcinogenesis,US-9981990-B2,2015,Melampomagnolide B dimers
972,Medical Microbiology,WO-2016032352-A1,2015,MANUFACTURE AND USE OF MODERN OVOTRANSFERRIN (OTF-M)
973,Genetics,US-9976165-B2,2014,Methods for increasing molecular diversity of polyketides and non-ribosomal proteins
974,Psychology,US-9380976-B2,2013,Optical neuroinformatics
975,Computer Software,US-9753845-B1,2017,Function execution prioritization
976,Artificial Intelligence and Image Processing,DE-102013205576-A1,2013,"A method for generating a motion correction for pet data, method for producing pet images as well as correspondingly configured mr-conditioning and pet-conditioning"
977,Public Health and Health Services,EP-3225257-A1,2016,AMPHIPHILIC MONOMERS BASED NANOVECTORS AND THEIR USE FOR SIRNA DELIVERY
978,Biochemistry and Cell Biology,US-9828603-B2,2013,Exosomes and micro-ribonucleic acids for tissue regeneration
979,Biochemistry and Cell Biology,WO-2014184584-A1,2014,DELIVERY PEPTIDES
980,Medical Biochemistry and Metabolomics,WO-2014184584-A1,2014,DELIVERY PEPTIDES
981,Immunology,US-8906383-B2,2008,T cell receptor having binding affinity for a peptide-MHC complex and uses thereof
982,Neurosciences,WO-2013030588-A1,2012,METHOD FOR DIAGNOSING A NEURODEGENERATIVE DISEASE
983,Immunology,EP-3071229-A1,2014,USE OF FLUORINATED CYCLIC DINUCLEOTIDES AS ORAL VACCINE ADJUVANTS
984,Artificial Intelligence and Image Processing,DE-102013201724-A1,2013,"Method for creation of layer or volume images of joint i.e. mandibular joint, of person in different movement phases, involves measuring cyclic movement of joint in time interval, where time interval covers movement cycles"
985,Immunology,US-20120164159-A1,2010,Humanised Antibodies to Toll-Like Receptor 2 and Uses Thereof
986,Genetics,WO-2014114922-A1,2014,METHODS FOR ESTIMATING THE SIZE OF DISEASE-ASSOCIATED POLYNUCLEOTIDE REPEAT EXPANSIONS IN GENES
987,Clinical Sciences,US-10052357-B2,2016,Topical healing and scar treatment composition
988,Public Health and Health Services,WO-2017167929-A1,2017,AMPHIPHILIC MONOMERS BASED NANOVECTORS AND THEIR USE FOR SIRNA DELIVERY
989,Genetics,US-9845457-B2,2015,Maintenance of genomic stability in cultured stem cells
990,Neurosciences,US-9896729-B2,2012,Method for diagnosing a neurodegenerative disease
991,Genetics,WO-2015004458-A3,2014,METHODS FOR INCREASING MOLECULAR DIVERSITY OF POLYKETIDES AND NON-RIBOSOMAL PROTEINS
992,Computer Software,US-9569341-B1,2016,Function execution prioritization
993,Artificial Intelligence and Image Processing,DE-102014212944-A1,2014,Elasticity measurement with mr - imaging
994,Artificial Intelligence and Image Processing,DE-102013206315-A1,2013,A method and computing unit to support a radiotherapeutic treatment
995,Immunology,WO-2014198862-A1,2014,PHARMACEUTICAL COMPOSITIONS COMPRISING A GPG OLIGODEOXYNUCLEOTIDE AND CYCLIC DI-GMP
996,Clinical Sciences,WO-2014188206-A1,2014,AIDING ASSESSMENT OF PROGNOSIS IN INFLAMMATORY DISEASE
997,Medical Biotechnology,US-9884076-B2,2013,Optimized methods for generation of cardiac stem cells from cardiac tissue and their use in cardiac therapy
998,Cardiorespiratory Medicine and Haematology,US-9884076-B2,2013,Optimized methods for generation of cardiac stem cells from cardiac tissue and their use in cardiac therapy
999,Biochemistry and Cell Biology,EP-2992000-A4,2014,CYCLIC DI-NUCLEOTIDE INDUCTION OF TYPE I INTERFERON
1000,Genetics,US-9249392-B2,2011,Methods and compositions for maintaining genomic stability in cultured stem cells
1001,Biochemistry and Cell Biology,EP-3251517-A1,2016,NUTRITIONAL COMPOSITION
1002,Biochemistry and Cell Biology,US-9840533-B2,2014,Compositions and methods for altering second messenger signaling
1003,Immunology,WO-2015185565-A1,2015,CYCLIC DI-NUCLEOTIDES AS MODULATORS OF STING
1004,Immunology,US-8734794-B2,2010,Humanised antibodies to toll-like receptor 2 and uses thereof
1005,Medical Biotechnology,US-8772030-B2,2011,Cardiac stem cells and methods for isolation of same
1006,Cardiorespiratory Medicine and Haematology,US-8772030-B2,2011,Cardiac stem cells and methods for isolation of same
1007,Medical Biotechnology,US-8846396-B2,2011,Methods for the isolation of cardiac stem cells
1008,Cardiorespiratory Medicine and Haematology,US-8846396-B2,2011,Methods for the isolation of cardiac stem cells
1009,Computer Software,US-9830253-B2,2013,Eliminating redundant interactions when testing computer software applications
1010,Clinical Sciences,US-9234046-B2,2012,Treatment of renal disease
1011,Immunology,US-10023625-B2,2014,Engineered high-affinity human T cell receptors
1012,Neurosciences,EP-3192806-A1,2016,ALPHA CHAIN OF THE HIGH-AFFINITY IGE RECEPTOR (FCERIA)
1013,Immunology,US-9089589-B2,2013,Micro-RNAs modulating immunity and inflammation
1014,Oncology and Carcinogenesis,US-9908892-B2,2016,Melampomagnolide B derivatives
1015,Immunology,EP-3071229-A4,2014,USE OF FLUORINATED CYCLIC DINUCLEOTIDES AS ORAL VACCINE ADJUVANTS
1016,Biochemistry and Cell Biology,WO-2017121842-A1,2017,ALPHA CHAIN OF THE HIGH-AFFINITY IGE RECEPTOR (FCERIA)
1017,Psychology,US-9265458-B2,2012,Application of smooth pursuit cognitive testing paradigms to clinical drug development
1018,Materials Engineering,WO-2017136676-A1,2017,DETECTION OF EXOSOMES HAVING SURFACE MARKERS
1019,Clinical Sciences,US-9540691-B2,2013,Assays and methods for selecting a treatment regimen for a subject with depression
1020,Artificial Intelligence and Image Processing,US-10055638-B2,2012,"Image processing device, imaging device, microscope device, image processing method, and image processing program"
1021,Neurosciences,WO-2015087087-A1,2014,BIOMARKERS AND METHODS RELATING TO ALZHEIMER'S DISEASE
1022,Biochemistry and Cell Biology,WO-2013007643-A1,2012,IN VITRO ASSESSMENT OF CARDIOVASCULAR EVENTS BY ASSAY FOR NEO-EPITOPES OF TITIN PROTEIN
1023,Organic Chemistry,US-9969796-B2,2014,Peptides and binding partners therefor
1024,Immunology,US-9616112-B2,2015,Compositions capable of specifically binding particular human antigen presenting molecule/pathogen-derived antigen complexes and uses thereof
1025,Communications Technologies,WO-2014045181-A1,2013,APPARATUS FOR TESTING THE INTEGRITY OF MAMMARY TISSUES
1026,Artificial Intelligence and Image Processing,WO-2015033147-A1,2014,METHOD AND APPARATUS
1027,Medical Biotechnology,EP-2777703-A1,2013,Compositions and methods for enhancing the therapeutic potential of stem cells
1028,Clinical Sciences,US-9546401-B2,2013,Assays and methods for selecting a treatment regimen for a subject with depression
1029,Biochemistry and Cell Biology,EP-3015865-A4,2013,BIOMARKERS FOR COGNITIVE DYSFUNCTION DISEASES AND METHOD FOR DETECTING COGNITIVE DYSFUNCTION DISEASE USING BIOMARKERS
1030,Clinical Sciences,WO-2014184534-A1,2014,MARKER FOR RESPONSE TO ANTIDEPRESSANT THERAPY
1031,Other Physical Sciences,WO-2015041755-A1,2014,METHODS FOR PHENOTYPING OF INTACT WHOLE TISSUES
1032,Oncology and Carcinogenesis,WO-2018060452-A1,2017,THERAPEUTIC APPROACHES TO CANCER
1033,Genetics,WO-2018053039-A1,2017,"METHODS OF DIAGNOSING AND TREATING CD55 DEFICIENCY, HYPERACTIVATION OF COMPLEMENT, ANGIOPATHIC THROMBOSIS AND PROTEIN LOSING ENTEROPATHY (CHAPLE), A NEWLY IDENTIFIED ORPHAN DISEASE"
1034,Biochemistry and Cell Biology,US-9913030-B2,2016,Beamforming method based on arrays of microphones and corresponding apparatus
1035,Neurosciences,EP-2851077-A1,2010,Use of nitrogen protoxide for the treatment of chronic dysfunctional pain
1036,Artificial Intelligence and Image Processing,US-9934569-B2,2014,Image processing method and apparatus for tracking a site in a series of images
1037,Oncology and Carcinogenesis,EP-2504703-A1,2010,IMMUNOMODULATORY COMPOUNDS FOR THE RESTORATION OF VITAMIN D SENSITIVITY IN VITAMIN D RESISTANT TUMOR CELLS
1038,Clinical Sciences,WO-2013153139-A1,2013,METHODS FOR THE TREATMENT AND DIAGNOSIS OF ACUTE LEUKEMIA
1039,Pharmacology and Pharmaceutical Sciences,US-20150216863-A1,2015,SUBSTITUTED BICYCLIC ALKOXY PYRAZOLE ANALOGS AS ALLOSTERIC MODULATORS OF MGLUR5 RECEPTORS
1040,Medical Biochemistry and Metabolomics,WO-2018069843-A1,2017,AN OXAZINE DERIVATIVE FOR USE IN THE TREATMENT OR PREVENTION OF CEREBRAL AMYLOID ANGIOPATHY
1041,Psychology,US-9171532-B2,2014,"Sound signal analysis apparatus, sound signal analysis method and sound signal analysis program"
1042,Artificial Intelligence and Image Processing,US-9418643-B2,2012,Audio signal analysis
1043,Electrical and Electronic Engineering,US-9418643-B2,2012,Audio signal analysis
1044,Electrical and Electronic Engineering,US-9087501-B2,2014,"Sound signal analysis apparatus, sound signal analysis method and sound signal analysis program"
1045,Microbiology,US-20160257986-A1,2016,Bacterial Diagnosis
1046,Artificial Intelligence and Image Processing,WO-2015153832-A1,2015,SYSTEM AND METHOD FOR CHARACTERIZATION OF ELECTRICAL PROPERTIES OF THE HEART FROM MEDICAL IMAGES AND BODY SURFACE POTENTIALS
1047,Biomedical Engineering,WO-2015153832-A1,2015,SYSTEM AND METHOD FOR CHARACTERIZATION OF ELECTRICAL PROPERTIES OF THE HEART FROM MEDICAL IMAGES AND BODY SURFACE POTENTIALS
1048,Cardiorespiratory Medicine and Haematology,WO-2015153832-A1,2015,SYSTEM AND METHOD FOR CHARACTERIZATION OF ELECTRICAL PROPERTIES OF THE HEART FROM MEDICAL IMAGES AND BODY SURFACE POTENTIALS
1049,Artificial Intelligence and Image Processing,WO-2014113746-A1,2014,METHOD AND SYSTEM FOR INTERACTIVE COMPUTATION OF CARDIAC ELECTROMECHANICS
1050,Biomedical Engineering,WO-2014113746-A1,2014,METHOD AND SYSTEM FOR INTERACTIVE COMPUTATION OF CARDIAC ELECTROMECHANICS
1051,Cardiorespiratory Medicine and Haematology,WO-2014113746-A1,2014,METHOD AND SYSTEM FOR INTERACTIVE COMPUTATION OF CARDIAC ELECTROMECHANICS
1052,Artificial Intelligence and Image Processing,WO-2017089509-A1,2016,SYSTEM FOR TRACKING AN ULTRASONIC PROBE IN A BODY PART
1053,Cardiorespiratory Medicine and Haematology,WO-2013128415-A1,2013,APPARATUS AND METHOD FOR VISUALIZING A CONDUCTION TRACT OF HEART
1054,Artificial Intelligence and Image Processing,US-9626566-B2,2015,Methods and apparatus for autonomous robotic control
1055,Electrical and Electronic Engineering,US-9626566-B2,2015,Methods and apparatus for autonomous robotic control
1056,Neurosciences,US-9626566-B2,2015,Methods and apparatus for autonomous robotic control
1057,Information Systems,DE-102014216751-A1,2014,A method for determining a the manner of a reconstruction of image data of a magnetic resonance measurement of an object to be examined by means of a magnetic resonance apparatus
1058,Artificial Intelligence and Image Processing,US-20150294454-A1,2013,ENHANCING ULTRASOUND IMAGES
1059,Clinical Sciences,WO-2016184911-A1,2016,METHODS AND PHARMACEUTICAL COMPOSITIONS FOR THE TREATMENT OF THE NEUROPATHOLOGY OF PATIENTS SUFFERING FROM MYOTONIC DYSTROPHY TYPE 1 (DM1)
1060,Artificial Intelligence and Image Processing,DE-102012215001-A1,2012,A method for 2 - 3d - registration of a model with an x-ray image
1061,Inorganic Chemistry,WO-2018086863-A1,2017,HOUSEHOLD APPLIANCE HAVING A SELF-CLEANING CATALYTICALLY ACTIVE SURFACE AND A METHOD FOR OPERATING THE SAME
1062,Psychology,EP-2779155-A1,2014,"Sound signal analysis apparatus, sound signal analysis method and sound signal analysis program"
1063,Artificial Intelligence and Image Processing,US-10083523-B2,2016,Methods and apparatus for autonomous robotic control
1064,Electrical and Electronic Engineering,US-10083523-B2,2016,Methods and apparatus for autonomous robotic control
1065,Neurosciences,US-10083523-B2,2016,Methods and apparatus for autonomous robotic control
1066,Electrical and Electronic Engineering,US-9653056-B2,2012,"Evaluation of beats, chords and downbeats from a musical audio signal"
1067,Clinical Sciences,US-9714450-B2,2013,Methods for diagnosing and treating schizophrenia
1068,Artificial Intelligence and Image Processing,EP-3125141-A1,2016,SYSTEM AND METHOD FOR BIOMEDICAL SIMULATION
1069,Other Physical Sciences,WO-2015074869-A1,2014,MEDICAL VIEWING SYSTEM WITH A VIEWING ANGLE OPTIMIZATION FUNCTION
1070,Artificial Intelligence and Image Processing,US-9684972-B2,2013,Imaging apparatus for imaging an object
1071,Artificial Intelligence and Image Processing,WO-2015031576-A1,2014,SYSTEMS AND METHODS FOR ESTIMATING PHYSIOLOGICAL HEART MEASUREMENTS FROM MEDICAL IMAGES AND CLINICAL DATA
1072,Biomedical Engineering,WO-2015031576-A1,2014,SYSTEMS AND METHODS FOR ESTIMATING PHYSIOLOGICAL HEART MEASUREMENTS FROM MEDICAL IMAGES AND CLINICAL DATA
1073,Cardiorespiratory Medicine and Haematology,WO-2015031576-A1,2014,SYSTEMS AND METHODS FOR ESTIMATING PHYSIOLOGICAL HEART MEASUREMENTS FROM MEDICAL IMAGES AND CLINICAL DATA
1074,Electrical and Electronic Engineering,US-9570057-B2,2015,Audio signal processing methods and systems
1075,Artificial Intelligence and Image Processing,US-9570057-B2,2015,Audio signal processing methods and systems
1076,Cardiorespiratory Medicine and Haematology,US-20150140067-A1,2013,THERAPEUTIC MICRO RNA TARGETS IN CHRONIC PULMONARY DISEASES
1077,Biochemistry and Cell Biology,WO-2016164889-A1,2016,USE OF ATPENIN TO ACTIVATE INNATE IMMUNITY
1078,Immunology,WO-2016164889-A1,2016,USE OF ATPENIN TO ACTIVATE INNATE IMMUNITY
1079,Information Systems,US-10042530-B1,2014,Object oriented interactions
1080,Immunology,US-9290811-B2,2015,Measurement and comparison of immune diversity by high-throughput sequencing
1081,Biochemistry and Cell Biology,WO-2014198717-A1,2014,METHOD FOR OBTAINING A POPULATION OF INTERLEUKIN 10-SECRETING B CELLS
1082,Immunology,WO-2014121272-A3,2014,MEASUREMENT AND COMPARISON OF IMMUNE DIVERSITY BY HIGH-THROUGHPUT SEQUENCING
1083,Biochemistry and Cell Biology,EP-2906258-A4,2013,COMPOSITIONS FOR MODULATING C9ORF72 EXPRESSION
1084,Psychology,US-20130302786-A1,2013,Positive Control Concept
1085,Immunology,US-9909180-B2,2014,Measurement and comparison of immune diversity by high-throughput sequencing
1086,Biochemistry and Cell Biology,US-9963699-B2,2013,Methods for modulating C9ORF72 expression
1087,Neurosciences,US-9963699-B2,2013,Methods for modulating C9ORF72 expression
1088,Neurosciences,US-9605263-B2,2016,Compositions for modulating C9ORF72 expression
1089,Biochemistry and Cell Biology,WO-2014114660-A1,2014,DIPEPTIDE-REPEAT PROTEINS AS THERAPEUTIC TARGET IN NEURODEGENERATIVE DISEASES WITH HEXANUCLEOTIDE REPEAT EXPANSION
1090,Neurosciences,US-9486447-B2,2012,Compositions and methods for controlling neuronal excitation
1091,Clinical Sciences,WO-2017208001-A1,2017,BIOMARKERS FOR PLATELET DISORDERS
1092,Biochemistry and Cell Biology,WO-2017208001-A1,2017,BIOMARKERS FOR PLATELET DISORDERS
1093,Neurosciences,WO-2017210596-A1,2017,APPARATUS AND METHOD FOR PROMOTING SHALLOW BREATHING OF A PATIENT
1094,Immunology,US-9234240-B2,2011,Measurement and comparison of immune diversity by high-throughput sequencing
1095,Genetics,WO-2016164886-A1,2016,APOBEC3A CYTIDINE DEAMINASE INDUCED RNA EDITING
1096,Neurosciences,US-9486430-B2,2012,Treatment of neurodegenerative disease
1097,Biochemistry and Cell Biology,WO-2014114303-A1,2013,DIPEPTIDE-REPEAT PROTEINS AS THERAPEUTIC TARGET IN NEURODEGENERATIVE DISEASES WITH HEXANUCLEOTIDE REPEAT EXPANSION
1098,Immunology,WO-2014121272-A2,2014,MEASUREMENT AND COMPARISON OF IMMUNE DIVERSITY BY HIGH-THROUGHPUT SEQUENCING
1099,Electrical and Electronic Engineering,US-10016600-B2,2014,Topical neurological stimulation
1100,Neurosciences,US-10016600-B2,2014,Topical neurological stimulation
1101,Biomedical Engineering,US-10016600-B2,2014,Topical neurological stimulation
1102,Clinical Sciences,US-9540691-B2,2013,Assays and methods for selecting a treatment regimen for a subject with depression
1103,Clinical Sciences,US-9907755-B2,2014,Targeted gastrointestinal tract delivery of probiotic organisms and/or therapeutic agents
1104,Biomedical Engineering,US-9839241-B2,2016,"Methods, devices and systems for pulmonary delivery of active agents"
1105,Oncology and Carcinogenesis,WO-2012046006-A3,2011,CUTANEOUS SQUAMOUS CELL CARCINOMA TARGET SEQUENCES
1106,Medical Microbiology,US-9475862-B2,2012,Neutralizing GP41 antibodies and their use
1107,Medical Microbiology,US-10047148-B2,2017,Neutralizing GP41 antibodies and their use
1108,Organic Chemistry,US-9969796-B2,2014,Peptides and binding partners therefor
1109,Pharmacology and Pharmaceutical Sciences,US-9802011-B2,2016,Drug dose cartridge for an inhaler device
1110,Clinical Sciences,US-9546401-B2,2013,Assays and methods for selecting a treatment regimen for a subject with depression
1111,Pharmacology and Pharmaceutical Sciences,US-9993602-B2,2015,Flow regulating inhaler device
1112,Medical Microbiology,US-10047147-B2,2014,Neutralizing GP41 antibodies and their use
1113,Interdisciplinary Engineering,US-9775379-B2,2011,Method and system for drug delivery
1114,Artificial Intelligence and Image Processing,US-8866087-B2,2012,Systems and methods for improving the quality of images in a PET scan
1115,Pharmacology and Pharmaceutical Sciences,US-9474763-B2,2014,Compositions and methods for amelioration and prevention of drug-induced toxicity
1116,Artificial Intelligence and Image Processing,US-9349362-B2,2014,Method and device for introducing human interactions in audio sequences
1117,Artificial Intelligence and Image Processing,US-9435901-B2,2014,Systems and methods for improving the quality of images in a PET scan
1118,Immunology,US-10004800-B2,2013,Antibody evolution immunogens
1119,Organic Chemistry,EP-3052936-A4,2014,IMMUNOASSAYS USING OVER-LABELED FLUORESCENT PROBES
1120,Immunology,WO-2015048512-A1,2014,HIV-1 MOTHER-TO-CHILD TRANSMISSION CORRELATES OF PROTECTION AND VACCINE
1121,Biochemistry and Cell Biology,WO-2012135970-A1,2012,"INHIBITORS OF PHOSPHATIDIC ACID PHOSPHOHYDROLASE (PAP), INCLUDING D-PROPRANOLOL AND ANALOGS THEREOF, ALONE OR IN COMBINATION WITH DESIPRAMINE, FOR THE TREATMENT OF CANCERS THAT DEPEND ON THE EPIDERMAL GROWTH FACTOR RECEPTOR (EGFR), ONCOGENIC VARIANTS THEREOF AND OTHER MEMBERS OF THE ERBB/HER FAMILY"
1122,Clinical Sciences,WO-2015128617-A1,2015,IMMUNOMODULATORY THERAPY FOR TYPE 1 DIABETES MELLITUS AUTOIMMUNITY
1123,Artificial Intelligence and Image Processing,WO-2013175352-A1,2013,FAST SCATTER ESTIMATION IN PET RECONSTRUCTION.
1124,Biomedical Engineering,US-10080851-B2,2016,Method and device for vaporization and inhalation of isolated substances
1125,Artificial Intelligence and Image Processing,US-9659389-B2,2013,Fast scatter estimation in pet reconstruction
1126,Medical Microbiology,US-9783595-B2,2016,Neutralizing GP41 antibodies and their use
1127,Computer Software,US-8479171-B2,2010,Generating test sets using intelligent variable selection and test set compaction
1128,Communications Technologies,WO-2014057329-A3,2013,BEAMFORMING FOR INCREASING CELL EDGE CAPACITY IN A HETEROGENEOUS NETWORK
1129,Biochemistry and Cell Biology,WO-2013174794-A1,2013,COMPOSITIONS AND METHODS OF OBTAINING AND USING ENDODERM AND HEPATOCYTE CELLS
1130,Analytical Chemistry,WO-2017144897-A1,2017,BIOMARKERS FOR RESPONSE TO BIP (RASOLVIR™)
1131,Immunology,WO-2013050725-A1,2011,IGE ANTI -HMW-MAA ANTIBODY
1132,Neurosciences,WO-2015087087-A1,2014,BIOMARKERS AND METHODS RELATING TO ALZHEIMER'S DISEASE
1133,Neurosciences,US-9926574-B2,2008,Widespread gene delivery to motor neurons using peripheral injection of AAV vectors
1134,Pharmacology and Pharmaceutical Sciences,US-8906939-B2,2008,3-cyano-4-(4-tetrahydropyran-phenyl)-pyridin-2-one derivatives
1135,Neurosciences,US-8906939-B2,2008,3-cyano-4-(4-tetrahydropyran-phenyl)-pyridin-2-one derivatives
1136,Neurosciences,US-8722894-B2,2008,"1,3-disubstituted-4-phenyl-1H-pyridin-2-ones"
1137,Pharmacology and Pharmaceutical Sciences,US-9708315-B2,2014,"1,2,4-triazolo[4,3-a]pyridine compounds and their use as positive allosteric modulators of MGLUR2 receptors"
1138,Nanotechnology,US-9499903-B2,2015,Carbon nanotube foams with controllable mechanical properties
1139,Pharmacology and Pharmaceutical Sciences,US-8993591-B2,2011,"1,2,4-triazolo[4,3-a] pyridine derivatives and their use as positive allosteric modulators of MGLUR2 receptors"
1140,Oncology and Carcinogenesis,EP-3275902-A1,2011,IGE ANTI-HMW-MAA ANTIBODY
1141,Pharmacology and Pharmaceutical Sciences,US-9271967-B2,2011,"1,2,4-triazolo[4,3-a]pyridine derivatives and their use as positive allosteric modulators of mGluR2 receptors"
1142,Pharmacology and Pharmaceutical Sciences,US-8937060-B2,2010,"1,2,4-triazolo [4,3-A] pyridine derivatives and their use for the treatment of prevention of neurological and psychiatric disorders"
1143,Analytical Chemistry,US-10060932-B2,2014,Biomarkers of autism spectrum disorder
1144,Neurosciences,US-9132122-B2,2013,"1′,3′-disubstituted-4-phenyl-3,4,5,6-tetrahydro-2H,1′H-[1,4′]bipyridinyl-2′-ones"
1145,Pharmacology and Pharmaceutical Sciences,US-8691813-B2,2009,Indole and benzoxazine derivatives as modulators of metabotropic glutamate receptors
1146,Biochemistry and Cell Biology,EP-3072555-A1,2012,MK2/3 INHIBITORS TO TREAT METABOLIC DISTURBANCES OF OBESITY
1147,Neurosciences,US-8748621-B2,2012,"1,3-disubstituted 4-(aryl-X-phenyl)-1H-pyridin-2-ones"
1148,Communications Technologies,US-8792896-B2,2012,Beamforming for increasing cell edge capacity in a heterogeneous network
1149,Pharmacology and Pharmaceutical Sciences,US-8946205-B2,2010,"1,2,4-triazolo[4,3-a]pyridine derivatives and their use as positive allosteric modulators of mGluR2 receptors"
1150,Oncology and Carcinogenesis,US-9587032-B2,2013,IgE antibodies for the inhibition of tumor metastasis
1151,Artificial Intelligence and Image Processing,US-20150242589-A1,2015,Method and System for Image-Based Estimation of Multi-Physics Parameters and Their Uncertainty for Patient-Specific Simulation of Organ Function
1152,Cardiorespiratory Medicine and Haematology,US-20150242589-A1,2015,Method and System for Image-Based Estimation of Multi-Physics Parameters and Their Uncertainty for Patient-Specific Simulation of Organ Function
1153,Pharmacology and Pharmaceutical Sciences,US-9085577-B2,2014,"7-aryl-1,2,4-triazolo[4,3-A]pyridine derivatives and their use as positive allosteric modulators of mGluR2 receptors"
1154,Pharmacology and Pharmaceutical Sciences,EP-2830644-A4,2013,METHODS AND COMPOSITIONS FOR THE PREVENTION AND TREATMENT NEUROPATHY
1155,Pharmacology and Pharmaceutical Sciences,US-9012448-B2,2011,"1,2,4-triazolo[4,3-a]pyridine derivatives and their use as positive allosteric modulators of MGLUR2 receptors"
1156,Neurosciences,US-9114138-B2,2008,"1′,3′-disubstituted-4-phenyl-3,4,5,6-tetrahydro-2H,1′H-[1,4′] bipyridinyl-2′-ones"
1157,Neurosciences,US-9266834-B2,2014,"1, 4-disubstituted 3-cyano-pyridone derivatives and their use as positive allosteric modulators of MGLUR2-receptors"
1158,Information Systems,DE-102012206547-A1,2012,"Acquisition of a measuring data set of a breathing examination subject, by means of a magnet resonance art"
1159,Clinical Sciences,WO-2017087677-A1,2016,BOTULINUM TOXIN ADMINISTRATION FOR TREATMENT OF NEUROGENIC DETRUSOR OVERACTIVITY ASSOCIATED URINARY INCONTINENCE
1160,Pharmacology and Pharmaceutical Sciences,US-8716480-B2,2010,"7-aryl-1,2,4-triazolo[4,3-a]pyridine derivatives and their use as positive allosteric modulators of mGluR2 receptors"
1161,Physical Chemistry (incl. Structural),US-9616635-B2,2013,Multilayer foam structures of nominally-aligned carbon nanotubes (CNTS)
1162,Pharmacology and Pharmaceutical Sciences,US-9226930-B2,2014,"1,2,4-triazolo [4,3-a] pyridine derivatives and their use for the treatment of prevention of neurological and psychiatric disorders"
1163,Neurosciences,US-8785486-B2,2008,"Imidazo[1,2-A]pyridine derivatives and their use as positive allosteric modulators of mGluR2 receptors"
1164,Immunology,US-9783613-B2,2011,IgE anti-HMW-MAA antibody
1165,Neurosciences,US-9481636-B2,2012,N-benzylaniline derivative and uses thereof
1166,Pharmacology and Pharmaceutical Sciences,EP-3170506-A1,2013,METHODS AND COMPOSITIONS FOR THE PREVENTION AND TREATMENT NEUROPATHY
1167,Information Systems,DE-102012221930-A1,2012,Method and pet-conditioning for localization of an object
1168,Pharmacology and Pharmaceutical Sciences,US-10071095-B2,2017,"1,2,4-triazolo [4,3-A] pyridine derivatives and their use for the treatment of neurological and psychiatric disorders"
1169,Pharmacology and Pharmaceutical Sciences,US-8691849-B2,2009,3-azabicyclo[3.1.0]hexyl derivatives as modulators of metabotropic glutamate receptors
1170,Biochemistry and Cell Biology,WO-2017178838-A1,2017,BINDING MODULATION
1171,Biochemistry and Cell Biology,US-9771430-B2,2014,Method of treating a metabolic disorder induced by obesity in a subject in need thereof by administering MK2/3 inhibitors
1172,Physical Chemistry (incl. Structural),US-9505615-B2,2013,Method for controlling microstructural arrangement of nominally-aligned arrays of carbon nanotubes
1173,Nanotechnology,US-9045343-B2,2012,Carbon nanotube foams with controllable mechanical properties
1174,Artificial Intelligence and Image Processing,DE-102012206550-A1,2012,"A process for the acquisition of a measuring data set of a breathing examination subject, by means of a magnet resonance art, magnetic resonance system, computer program, as well as an electronically readable data carrier"
1175,Pharmacology and Pharmaceutical Sciences,US-9737533-B2,2015,"1,2,4-triazolo [4,3-A] pyridine derivatives and their use for the treatment of prevention of neurological and psychiatric disorders"
1176,Pharmacology and Pharmaceutical Sciences,US-8841323-B2,2007,"1, 4-disubstituted 3-cyano-pyridone derivatives and their use as positive allosteric modulators of MGLUR2-receptors"
1177,Other Physical Sciences,US-9989658-B2,2017,"Method of, and apparatus for, processing positron emission tomography data"
1178,Immunology,US-10004709-B2,2018,Receptor subtype and function selective retinoid and rexinoid compounds in combination with immune modulators for cancer immunotherapy
1179,Oncology and Carcinogenesis,WO-2015012175-A1,2014,DIAGNOSTIC DRUG AND THERAPEUTIC DRUG FOR SMALL CELL LUNG CANCER
1180,Genetics,EP-3215633-A4,2015,"SYSTEM, METHOD AND APPARATUS FOR DETERMINING THE EFFECT OF GENETIC VARIANTS"
1181,Biomedical Engineering,US-9974886-B2,2013,"Methods of manufacturing hydrogel microparticles having living cells, and compositions for manufacturing a scaffold for tissue engineering"
1182,Biochemistry and Cell Biology,US-9974886-B2,2013,"Methods of manufacturing hydrogel microparticles having living cells, and compositions for manufacturing a scaffold for tissue engineering"
1183,Cardiorespiratory Medicine and Haematology,WO-2013026797-A1,2012,NOVEL PIPERIDINO-DIHYDROTHIENOPYRIMIDINE SULFOXIDES AND THEIR USE FOR TREATING COPD AND ASTHMA
1184,Information Systems,US-8281141-B2,2010,Method and apparatus for monitoring and analyzing degree of trust and information assurance attributes information in a data providence architecture workflow
1185,Cardiorespiratory Medicine and Haematology,WO-2011127288-A2,2011,"METHODS AND USES OF NUR77 AND NUR77 AGONISTS TO MODULATE MACROPHAGES AND MONOCYTES, AND TREAT INFLAMMATION, INFLAMMATORY DISEASE AND CARDIOVASCULAR DISEASE"
1186,Immunology,US-9907768-B2,2017,Receptor subtype and function selective retinoid and rexinoid compounds in combination with immune modulators for cancer immunotherapy
1187,Information Systems,US-20100251374-A1,2010,METHOD AND APPARATUS FOR MONITORING AND ANALYZING DEGREE OF TRUST AND INFORMATION ASSURANCE ATTRIBUTES INFORMATION IN A DATA PROVIDENCE ARCHITECTURE WORKFLOW
1188,Biochemistry and Cell Biology,US-9587221-B2,2014,Encapsulation and cardiac differentiation of hiPSCs in 3D PEG-fibrinogen hydrogels
1189,Immunology,WO-2015150491-A1,2015,AN ISOLATED DONOR MHC-DERIVED PEPTIDE AND USES THEREOF
1190,Pharmacology and Pharmaceutical Sciences,WO-2013077830-A1,2012,SYNERGISTILLY ACTIVE COMBINATIONS OF ROFLUMILAST AND CARMOTEROL
1191,Immunology,US-10004708-B2,2018,Receptor subtype and function selective retinoid and rexinoid compounds in combination with immune modulators for cancer immunotherapy
1192,Clinical Sciences,US-9066965-B1,2013,Purified limonin glucoside for prevention and treatment of chronic diseases
1193,Organic Chemistry,US-20150056160-A1,2014,CHEMICALLY INDUCED INTRACELLULAR HYPERTHERMIA
1194,Biochemistry and Cell Biology,EP-2726636-A2,2012,IDENTITY ELUCIDATION OF UNKNOWN METABOLITES
1195,Public Health and Health Services,WO-2015157407-A1,2015,SMALL MOLECULE BIOCHEMICAL PROFILING OF INDIVIDUAL SUBJECTS FOR DISEASE DIAGNOSIS AND HEALTH ASSESSMENT
1196,Biomedical Engineering,WO-2014025312-A1,2013,"METHODS OF MANUFACTURING HYDROGEL MICROPARTICLES HAVING LIVING CELLS, AND COMPOSITIONS FOR MANUFACTURING A SCAFFOLD FOR TISSUE ENGINEERING"
1197,Biochemistry and Cell Biology,WO-2014025312-A1,2013,"METHODS OF MANUFACTURING HYDROGEL MICROPARTICLES HAVING LIVING CELLS, AND COMPOSITIONS FOR MANUFACTURING A SCAFFOLD FOR TISSUE ENGINEERING"
1198,Paediatrics and Reproductive Medicine,US-9952201-B2,2014,Method for evaluating the harmful effects of UV on children's skin
1199,Biochemistry and Cell Biology,WO-2013086583-A1,2012,ASSAY AND METHOD FOR IDENTIFYING COMPOUNDS THAT INHIBIT EXCITOTOXIC SIGNALS
1200,Artificial Intelligence and Image Processing,US-10034645-B1,2017,Systems and methods for detecting complex networks in MRI image data
1201,Analytical Chemistry,US-9694039-B2,2015,"Microbiota restoration therapy (MRT), compositions and methods of manufacture"
1202,Biochemistry and Cell Biology,EP-3211420-A1,2017,ASSAY FOR DETECTION OF CHIMERIC ANTIGEN RECEPTOR T CELLS
1203,Public Health and Health Services,US-9011834-B1,2014,Compositions and methods
1204,Paediatrics and Reproductive Medicine,WO-2015044230-A1,2014,METHOD FOR EVALUATING THE HARMFUL EFFECTS OF UV ON CHILDREN'S SKIN
1205,Artificial Intelligence and Image Processing,EP-3242142-A1,2016,A METHOD AND APPARATUS TO AUTOMATICALLY DETERMINE VELOCITY ENCODING DIRECTIONS
1206,Immunology,EP-2694640-A1,2012,REVERSING THE EFFECTS OF THE TUMOR MICROENVIRONMENT USING CHIMERIC CYTOKINE RECEPTORS
1207,Cardiorespiratory Medicine and Haematology,WO-2014140243-A1,2014,METHOD AND PHARMACEUTICAL COMPOSITION FOR USE IN THE TREATMENT AND PREDICTION OF MYOCARDIAL INFARCTION
1208,Pharmacology and Pharmaceutical Sciences,US-8906939-B2,2008,3-cyano-4-(4-tetrahydropyran-phenyl)-pyridin-2-one derivatives
1209,Neurosciences,US-8906939-B2,2008,3-cyano-4-(4-tetrahydropyran-phenyl)-pyridin-2-one derivatives
1210,Neurosciences,US-8722894-B2,2008,"1,3-disubstituted-4-phenyl-1H-pyridin-2-ones"
1211,Pharmacology and Pharmaceutical Sciences,US-9708315-B2,2014,"1,2,4-triazolo[4,3-a]pyridine compounds and their use as positive allosteric modulators of MGLUR2 receptors"
1212,Pharmacology and Pharmaceutical Sciences,US-8993591-B2,2011,"1,2,4-triazolo[4,3-a] pyridine derivatives and their use as positive allosteric modulators of MGLUR2 receptors"
1213,Pharmacology and Pharmaceutical Sciences,US-9271967-B2,2011,"1,2,4-triazolo[4,3-a]pyridine derivatives and their use as positive allosteric modulators of mGluR2 receptors"
1214,Pharmacology and Pharmaceutical Sciences,US-8937060-B2,2010,"1,2,4-triazolo [4,3-A] pyridine derivatives and their use for the treatment of prevention of neurological and psychiatric disorders"
1215,Clinical Sciences,EP-2792752-A4,2012,METHOD FOR THE DIAGNOSIS AND/OR PROGNOSIS OF ACUTE RENAL DAMAGE
1216,Paediatrics and Reproductive Medicine,FR-3011008-A1,2013,Evaluation of the effects of uv deleterious on the skin of children
1217,Neurosciences,US-9132122-B2,2013,"1′,3′-disubstituted-4-phenyl-3,4,5,6-tetrahydro-2H,1′H-[1,4′]bipyridinyl-2′-ones"
1218,Pharmacology and Pharmaceutical Sciences,US-8691813-B2,2009,Indole and benzoxazine derivatives as modulators of metabotropic glutamate receptors
1219,Public Health and Health Services,US-9585921-B2,2015,Compositions and methods
1220,Biochemistry and Cell Biology,WO-2015063669-A1,2014,PHARMACEUTICAL COMPOSITIONS COMPRISING COMBINATION OF ROFLUMILAST AND ACEBROPHYLLINE OR PHARMACEUTICALLY ACCEPTABLE SALTS THEREOF
1221,Neurosciences,US-8748621-B2,2012,"1,3-disubstituted 4-(aryl-X-phenyl)-1H-pyridin-2-ones"
1222,Public Health and Health Services,US-9855303-B2,2017,Compositions and methods
1223,Public Health and Health Services,US-9446080-B2,2016,Compositions and methods
1224,Pharmacology and Pharmaceutical Sciences,US-8946205-B2,2010,"1,2,4-triazolo[4,3-a]pyridine derivatives and their use as positive allosteric modulators of mGluR2 receptors"
1225,Public Health and Health Services,US-9180147-B2,2014,Compositions and methods
1226,Pharmacology and Pharmaceutical Sciences,US-9085577-B2,2014,"7-aryl-1,2,4-triazolo[4,3-A]pyridine derivatives and their use as positive allosteric modulators of mGluR2 receptors"
1227,Biomedical Engineering,WO-2013045920-A1,2012,PATIENT MONITORING METHOD AND MONITORING DEVICE
1228,Analytical Chemistry,US-9642880-B2,2015,"Microbiota restoration therapy (MRT), compositions and methods of manufacture"
1229,Genetics,WO-2015010744-A1,2013,SERONEGATIVE SPONDYLOARTHROPATHY DIAGNOSIS AND TREATMENT
1230,Pharmacology and Pharmaceutical Sciences,US-8697689-B2,2009,Indole and benzomorpholine derivatives as modulators of metabotropic glutamate receptors
1231,Pharmacology and Pharmaceutical Sciences,US-9012448-B2,2011,"1,2,4-triazolo[4,3-a]pyridine derivatives and their use as positive allosteric modulators of MGLUR2 receptors"
1232,Analytical Chemistry,US-9782445-B2,2015,"Microbiota restoration therapy (MRT), compositions and methods of manufacture"
1233,Neurosciences,US-9114138-B2,2008,"1′,3′-disubstituted-4-phenyl-3,4,5,6-tetrahydro-2H,1′H-[1,4′] bipyridinyl-2′-ones"
1234,Neurosciences,US-9266834-B2,2014,"1, 4-disubstituted 3-cyano-pyridone derivatives and their use as positive allosteric modulators of MGLUR2-receptors"
1235,Microbiology,US-9533014-B2,2015,Synergistic bacterial compositions and methods of production and use thereof
1236,Pharmacology and Pharmaceutical Sciences,US-8716480-B2,2010,"7-aryl-1,2,4-triazolo[4,3-a]pyridine derivatives and their use as positive allosteric modulators of mGluR2 receptors"
1237,Artificial Intelligence and Image Processing,US-20170039717-A1,2016,"IMAGE PROCESSING APPARATUS, IMAGE PROCESSING METHOD, AND STORAGE MEDIUM"
1238,Pharmacology and Pharmaceutical Sciences,US-9226930-B2,2014,"1,2,4-triazolo [4,3-a] pyridine derivatives and their use for the treatment of prevention of neurological and psychiatric disorders"
1239,Public Health and Health Services,WO-2018002240-A1,2017,NUTRITIONAL COMPOSITION COMPRISING A PROBIOTIC FOR THE PREVENTION AND/OR TREATMENT OF ANXIETY DISORDERS AND RELATED CONDITIONS IN A MAMMAL
1240,Public Health and Health Services,WO-2018002238-A1,2017,NUTRITIONAL COMPOSITION COMPRISING A PROBIOTIC FOR THE PREVENTION AND/OR TREATMENT OF ANXIETY DISORDERS AND RELATED CONDITIONS IN A MAMMAL
1241,Neurosciences,US-8785486-B2,2008,"Imidazo[1,2-A]pyridine derivatives and their use as positive allosteric modulators of mGluR2 receptors"
1242,Other Medical and Health Sciences,WO-2017182796-A1,2017,BACTERIOTHERAPY
1243,Analytical Chemistry,US-9511099-B2,2014,"Microbiota restoration therapy (MRT), compositions and methods of manufacture"
1244,Medical Biotechnology,US-9511100-B2,2014,"Microbiota restoration therapy (MRT), compositions and methods of manufacture"
1245,Pharmacology and Pharmaceutical Sciences,US-9067891-B2,2012,"1,4-disubstituted 3-cyano-pyridone derivatives and their use as positive allosteric modulators of mGluR2-receptors"
1246,Food Sciences,WO-2016113465-A1,2016,LOW-FRUCTAN GRAIN MATERIAL AND A METHOD FOR PRODUCING THE SAME
1247,Oncology and Carcinogenesis,WO-2013122918-A1,2013,METHODS AND COMPOSITIONS FOR INHIBITING A MULTI-CANCER MESENCHYMAL TRANSITION MECHANISM
1248,Biochemistry and Cell Biology,WO-2013122918-A1,2013,METHODS AND COMPOSITIONS FOR INHIBITING A MULTI-CANCER MESENCHYMAL TRANSITION MECHANISM
1249,Analytical Chemistry,US-9433651-B2,2014,"Microbiota restoration therapy (MRT), compositions and methods of manufacture"
1250,Cardiorespiratory Medicine and Haematology,WO-2014064192-A1,2013,METHOD AND PHARMACEUTICAL COMPOSITION FOR USE IN THE TREATMENT AND PREDICTION OF MYOCARDIAL INFRACTION
1251,Pharmacology and Pharmaceutical Sciences,US-10071095-B2,2017,"1,2,4-triazolo [4,3-A] pyridine derivatives and their use for the treatment of neurological and psychiatric disorders"
1252,Immunology,WO-2017217985-A1,2016,"METHODS AND COMPOSITIONS FOR THE TREATMENT OF CELIAC DISEASE, NON-CELIAC GLUTEN SENSITIVITY, AND REFRACTORY CELIAC DISEASE"
1253,Immunology,EP-2694640-A4,2012,REVERSING THE EFFECTS OF THE TUMOR MICROENVIRONMENT USING CHIMERIC CYTOKINE RECEPTORS
1254,Pharmacology and Pharmaceutical Sciences,US-8691849-B2,2009,3-azabicyclo[3.1.0]hexyl derivatives as modulators of metabotropic glutamate receptors
1255,Artificial Intelligence and Image Processing,WO-2014188368-A1,2014,A METHOD FOR GREY ZONE IMAGING USING RELATIVE R1 CHANGES
1256,Microbiology,US-9028841-B2,2014,Synergistic bacterial compositions and methods of production and use thereof
1257,Artificial Intelligence and Image Processing,US-9471976-B2,2015,System and method for data driven gating of multiple bed positions
1258,Public Health and Health Services,US-10064901-B2,2017,Compositions and methods
1259,Immunology,WO-2013180238-A1,2013,THERAPEUTIC AGENT OR PROPHYLACTIC AGENT FOR DEMENTIA
1260,Immunology,US-9956282-B2,2014,Bacterial compositions and methods of use thereof for treatment of immune system disorders
1261,Pharmacology and Pharmaceutical Sciences,US-9737533-B2,2015,"1,2,4-triazolo [4,3-A] pyridine derivatives and their use for the treatment of prevention of neurological and psychiatric disorders"
1262,Biochemistry and Cell Biology,WO-2015068075-A2,2014,DETECTION OF TAU
1263,Pharmacology and Pharmaceutical Sciences,US-8841323-B2,2007,"1, 4-disubstituted 3-cyano-pyridone derivatives and their use as positive allosteric modulators of MGLUR2-receptors"
1264,Immunology,EP-3305890-A1,2012,REVERSING THE EFFECTS OF THE TUMOR MICROENVIRONMENT USING CHIMERIC CYTOKINE RECEPTORS
1265,Analytical Chemistry,US-9675648-B2,2014,"Microbiota restoration therapy (MRT), compositions and methods of manufacture"
1266,Artificial Intelligence and Image Processing,EP-3086287-A1,2015,FLOW ANALYSIS IN 4D MR IMAGE DATA
1267,Medical Microbiology,US-10064900-B2,2014,Methods of populating a gastrointestinal tract
1268,Biochemistry and Cell Biology,WO-2017178333-A1,2017,"RETRO-INVERSO PEPTIDE INHIBITORS OF CELL MIGRATION, EXTRACELLULAR MATRIX AND ENDOTHELIAL INVASION BY TUMOR CELLS"
1269,Artificial Intelligence and Image Processing,US-9757862-B2,2015,Tactile sensor
1270,Medical Microbiology,US-9061008-B2,2013,Hepatitis B antiviral agents
1271,Biochemistry and Cell Biology,WO-2015033267-A1,2014,USE OF ARPIN A NEW INHIBITOR OF THE ARP2/3 COMPLEX FOR THE DIAGNOSIS AND TREATMENT OF DISEASES
1272,Immunology,US-8323662-B1,2012,Methods useful for generating highly mannosylated pseudotyped lentiviral vector particles comprising a Vpx protein
1273,Genetics,EP-2714932-A4,2012,GENES DYSREGULATED IN AUTISM AS BIOMARKERS AND TARGETS FOR THERAPEUTIC PATHWAYS
1274,Communications Technologies,WO-2015110141-A1,2014,INTERFERENCE MITIGATION
1275,Electrical and Electronic Engineering,WO-2015110141-A1,2014,INTERFERENCE MITIGATION
1276,Cardiorespiratory Medicine and Haematology,US-9459264-B2,2015,Lipidomic biomarkers for atherosclerosis and cardiovascular disease
1277,Oncology and Carcinogenesis,WO-2014083567-A2,2013,"METHODS OF PREVENTING TUMOR METASTASIS, TREATING AND PROGNOSING CANCER AND IDENTIFYING AGENTS WHICH ARE PUTATIVE METASTASIS INHIBITORS"
1278,Biochemistry and Cell Biology,WO-2014083567-A2,2013,"METHODS OF PREVENTING TUMOR METASTASIS, TREATING AND PROGNOSING CANCER AND IDENTIFYING AGENTS WHICH ARE PUTATIVE METASTASIS INHIBITORS"
1279,Clinical Sciences,US-9505722-B2,2015,Azepane derivatives and methods of treating hepatitis B infections
1280,Clinical Sciences,US-9873671-B2,2016,Azepane derivatives and methods of treating hepatitis B infections
1281,Medical Microbiology,US-9751857-B2,2014,Hepatitis B antiviral agents
1282,Communications Technologies,US-10004085-B2,2014,Scheduling for heterogeneous networks
1283,Electrical and Electronic Engineering,US-10004085-B2,2014,Scheduling for heterogeneous networks
1284,Communications Technologies,US-9986440-B2,2017,Interference and mobility management in UAV-assisted wireless networks
1285,Clinical Sciences,US-10071961-B2,2017,Carboxamide derivatives and the use thereof as medicaments for the treatment of hepatitis B
1286,Materials Engineering,WO-2017097720-A1,2016,"SYSTEM FOR DETECTING STRESSES OR STRAINS, IN PARTICULAR FOR A TOUCH SKIN"
1287,Genetics,WO-2013132074-A3,2013,A GENOTYPING TEST FOR ASSESSING RISK OF AUTISM
1288,Clinical Sciences,US-9884831-B2,2016,Azocane and azonane derivatives and methods of treating hepatitis B infections
1289,Communications Technologies,US-9549409-B2,2013,Method for cancelling downlink interference in a LTE-advanced network
1290,Organic Chemistry,US-9895349-B2,2014,N-phenyl-carboxamide derivatives and the use thereof as medicaments for the treatment of hepatitis B
1291,Numerical and Computational Mathematics,US-9753023-B2,2016,Nanofiber grid and related methods
1292,Inorganic Chemistry,WO-2012167368-A1,2012,METAL CHELATING COMPOSITIONS AND METHODS FOR CONTROLLING THE GROWTH OR ACTIVITIES OF A LIVING CELL OR ORGANISM
1293,Artificial Intelligence and Image Processing,WO-2017102634-A1,2016,METHOD AND APPARATUS FOR CAMERA-BASED ROAD SIGN RECOGNITION IN A MOTOR VEHICLE
1294,Communications Technologies,US-9288022-B2,2013,"Method for controlling operation within a cell of a wireless cellular network, base station and wireless cellular network"
1295,Medical Biochemistry and Metabolomics,US-9841431-B2,2015,Lipidomic biomarkers for identification of high-risk coronary artery disease patients
1296,Biochemistry and Cell Biology,WO-2016207638-A1,2016,CONTROLLED CELL DELIVERY VEHICLE AND TREATMENT OF TUMOURS
1297,Electrical and Electronic Engineering,US-9775149-B2,2015,Interference management for dynamic uplink and downlink configuration
1298,Genetics,US-10002230-B2,2015,"Screening, diagnosis and prognosis of autism and other developmental disorders"
1299,Medical Biotechnology,EP-3008174-A4,2014,METHOD OF EFFICIENTLY ESTABLISHING INDUCED PLURIPOTENT STEM CELLS
1300,Clinical Sciences,US-9400280-B2,2015,Piperidine derivatives and methods of treating hepatitis B infections
1301,Communications Technologies,US-8879492-B2,2011,Methods and arrangements for handling a downlink transmission in a cellular network
1302,Clinical Sciences,US-9181288-B2,2015,Azepane derivatives and methods of treating hepatitis B infections
1303,Communications Technologies,WO-2013189728-A1,2013,A METHOD FOR CANCELLING DOWNLINK INTERFERENCE IN A LTE-ADVANCED NETWORK
1304,Communications Technologies,WO-2013007279-A1,2011,METHODS AND ARRANGEMENTS FOR HANDLING A DOWNLINK TRANSMISSION IN A CELLULAR NETWORK
1305,Biochemistry and Cell Biology,US-9771585-B2,2016,miR-155 inhibitors for treating cutaneous T cell lymphoma (CTCL)
1306,Oncology and Carcinogenesis,US-9771585-B2,2016,miR-155 inhibitors for treating cutaneous T cell lymphoma (CTCL)
1307,Cardiorespiratory Medicine and Haematology,US-9255935-B2,2015,Lipid biomarkers for stable and unstable heart disease
1308,Biochemistry and Cell Biology,US-9255935-B2,2015,Lipid biomarkers for stable and unstable heart disease
1309,Medical Microbiology,US-9676747-B2,2015,Hepatitis B antiviral agents
1310,Biomedical Engineering,US-9868217-B2,2016,All-elastomer 3-axis contact resistive tactile sensor arrays and micromilled manufacturing methods thereof
1311,Communications Technologies,US-9398586-B2,2014,Almost blank subframe based orthogonal resource allocation in a wireless network environment
1312,Artificial Intelligence and Image Processing,DE-102016108966-A1,2016,Visual-haptic sensor for 6D force / torque
1313,Clinical Sciences,US-9169212-B2,2014,Azepane derivatives and methods of treating hepatitis B infections
1314,Genetics,WO-2013132074-A2,2013,A GENOTYPING TEST FOR ASSESSING RISK OF AUTISM
1315,Electrical and Electronic Engineering,WO-2013181806-A1,2012,METHOD AND APPARATUS FOR DECODING FEEDBACK SENSING FOR COGNITIVE RADIO NETWORKS
1316,Cardiorespiratory Medicine and Haematology,US-9857386-B2,2016,Lipidomic biomarkers for atherosclerosis and cardiovascular disease
1317,Genetics,US-9506033-B2,2013,Compositions and methods for inducing myoblast differentiation and myotube formation
1318,Clinical Sciences,US-9164106-B2,2013,Determination of decreased metabolism of tryptophan in diagnosis of autism spectrum disorders
1319,Communications Technologies,US-10039095-B2,2016,Almost blank subframe based orthogonal resource allocation in a wireless network environment
1320,Communications Technologies,EP-2807889-A4,2013,INTERFERENCE MANAGEMENT FOR DYNAMIC UPLINK AND DOWNLINK CONFIGURATION
1321,Communications Technologies,US-9622133-B1,2015,Interference and mobility management in UAV-assisted wireless networks
1322,Genetics,EP-2475791-A2,2010,ANALYSIS OF Y-CHROMOSOME STR MARKERS
1323,Communications Technologies,US-9344248-B2,2011,Positioning reference signal assistance data signaling for enhanced interference coordination in a wireless communication network
1324,Cardiorespiratory Medicine and Haematology,WO-2015084876-A1,2014,PERSONALIZED COMPUTATIONAL MODELING OF ATRIAL FIBROSIS TO GUIDE CATHETER ABLATION OF ATRIAL FIBRILLATION
1325,Biochemistry and Cell Biology,EP-3231811-A1,2016,"RETRO-INVERSO PEPTIDE INHIBITORS OF CELL MIGRATION, EXTRACELLULAR MATRIX AND ENDOTHELIAL INVASION BY TUMOR CELLS"
1326,Communications Technologies,US-9485749-B2,2011,Idle state interference mitigation in wireless communication network
1327,Communications Technologies,US-10014993-B2,2016,Downlink interference coordination in a radio communication network
1328,Organic Chemistry,US-9884818-B2,2014,Sulphamoylpyrrolamide derivatives and the use thereof as medicaments for the treatment of hepatitis B
1329,Communications Technologies,US-9478854-B2,2014,Devices and methods for reducing interference between closely collocated antennas
1330,Electrical and Electronic Engineering,EP-2807889-A1,2013,INTERFERENCE MANAGEMENT FOR DYNAMIC UPLINK AND DOWNLINK CONFIGURATION
1331,Artificial Intelligence and Image Processing,US-9396309-B2,2013,Display apparatus and display method displaying simulation results of a three dimensional model of an organ
1332,Physical Chemistry (incl. Structural),US-9625333-B2,2014,Tactile sensor
1333,Communications Technologies,WO-2012064589-A1,2011,INTERFERENCE MEASUREMENTS IN ENHANCED INTER-CELL INTERFERENCE COORDINATION CAPABLE WIRELESS TERMINALS
1334,Biochemistry and Cell Biology,US-9994852-B2,2017,Oligonucleotide compositions and uses thereof
1335,Cardiorespiratory Medicine and Haematology,US-9046538-B2,2011,Lipidomic biomarkers for atherosclerosis and cardiovascular disease
1336,Materials Engineering,WO-2017122159-A1,2017,ENCAPSULATED TRANSDUCER FOR HAPTIC INTERFACES
1337,Communications Technologies,WO-2013008190-A3,2012,WIRELESS COMMUNICATIONS
1338,Electrical and Electronic Engineering,WO-2013008190-A3,2012,WIRELESS COMMUNICATIONS
1339,Communications Technologies,WO-2013037422-A1,2011,COMMUNICATIONS IN RADIO SERVICE AREAS
1340,Communications Technologies,US-9356709-B2,2012,Downlink interference coordination in a radio communication network
1341,Communications Technologies,US-8837301-B2,2011,Interference measurements in enhanced inter-cell interference coordination capable wireless terminals
1342,Communications Technologies,US-9635676-B2,2015,Apparatus for an enhanced node B for inter-cell interference coordination in wireless networks
1343,Communications Technologies,US-9497639-B2,2013,Methods and apparatus for adapting femtocell properties based on changes detected in network topology
1344,Clinical Sciences,US-9339510-B2,2015,Azepane derivatives and methods of treating hepatitis B infections
1345,Electrical and Electronic Engineering,US-8989112-B2,2012,eICIC carrier aggregation using extension carriers
1346,Physical Chemistry (incl. Structural),DE-102015015497-A1,2015,"Various applications of high-resolution fluorescence-based microscopy methods (RESOLFT / STED et al.) Based methods, such as fluorescence-based nanostructuring"
1347,Biochemistry and Cell Biology,EP-2842566-A1,2013,USE OF ARPIN A NEW INHIBITOR OF THE ARP2/3 COMPLEX FOR THE DIAGNOSIS AND TREATMENT OF DISEASES
1348,Biochemistry and Cell Biology,WO-2016207637-A1,2016,CELL MODIFICATION AND APPLICATION IN THERAPY
1349,Communications Technologies,US-9621308-B2,2014,Interference measurements in enhanced inter-cell interference coordination capable wireless terminals
1350,Medical Microbiology,US-9066932-B2,2013,Hepatitis B antiviral agents
1351,Electrical and Electronic Engineering,US-9239346-B2,2013,Systems for providing electro-mechanical sensors
1352,Artificial Intelligence and Image Processing,US-20130332134-A1,2013,"COMPUTER PRODUCT, DISPLAY METHOD, AND DISPLAY APPARATUS"
1353,Genetics,EP-2877605-A4,2013,"SCREENING, DIAGNOSIS AND PROGNOSIS OF AUTISM AND OTHER DEVELOPMENTAL DISORDERS"
1354,Medical Biochemistry and Metabolomics,US-9201080-B2,2011,Lipidomic biomarkers for identification of high-risk coronary artery disease patients
1355,Medical Microbiology,US-9758477-B2,2015,Sulfamoylbenzamide derivatives as antiviral agents against HBV infection
1356,Clinical Sciences,US-9758477-B2,2015,Sulfamoylbenzamide derivatives as antiviral agents against HBV infection
1357,Communications Technologies,US-9288804-B2,2014,Almost blank subframe based orthogonal resource allocation in a wireless network environment
1358,Organic Chemistry,EP-3138851-A1,2016,"QUATERNARY ASSEMBLIES OF WATER-SOLUBLE NON-PEPTIDE HELICAL FOLDAMERS, THEIR USE AND PRODUCTION THEREOF"
1359,Neurosciences,EP-2705842-A1,2012,Therapeutic approaches for treating parkinson's disease
1360,Biochemistry and Cell Biology,WO-2014087658-A1,2013,METHOD OF CELL FUSION AND FUSION CELLS
1361,Medical Biotechnology,EP-2703487-A1,2012,PEPTIDE FOR INDUCING REGENERATION OF TISSUE AND USE THEREOF
1362,Biochemistry and Cell Biology,US-20150219635-A1,2013,Method for Identifying Compounds of Therapeutic Interest
1363,Immunology,EP-3178487-A1,2015,A METHOD FOR OBTAINING HEMATOPOETIC CELL POPULATION CONTAINING REGULATORY T CELLS (TREGS) SPECIFIC FOR AN IRRELEVANT ANTIGEN
1364,Medical Biochemistry and Metabolomics,US-9119826-B2,2012,Omega 3 fatty acid for use as a prescription medical food and omega 3 fatty acid diagniostic assay for the dietary management of cardiovascular patients with cardiovascular disease (CVD) who are deficient in blood EPA and DHA levels
1365,Nutrition and Dietetics,US-9119826-B2,2012,Omega 3 fatty acid for use as a prescription medical food and omega 3 fatty acid diagniostic assay for the dietary management of cardiovascular patients with cardiovascular disease (CVD) who are deficient in blood EPA and DHA levels
1366,Immunology,US-8951522-B2,2012,Methods for treating conditions associated with MASP-2 dependent complement activation
1367,Immunology,US-8840893-B2,2011,Methods for treating conditions associated with MASP-2 dependent complement activation
1368,Immunology,US-9901082-B2,2013,Genetically modified non-human animals and methods of use thereof
1369,Genetics,EP-2704743-A1,2012,COMPOSITIONS FOR INHIBITING MASP-2 DEPENDENT COMPLEMENT ACITIVATION
1370,Oncology and Carcinogenesis,US-9988685-B2,2014,"Methods and kits for diagnosing, prognosticating risk/outcome, and/or treating breast cancer"
1371,Biochemistry and Cell Biology,US-9587281-B2,2015,Cereblon isoforms and their use as biomarkers for therapeutic treatment
1372,Medical Biochemistry and Metabolomics,US-8951514-B2,2012,Statin and omega 3 fatty acids for reduction of apolipoprotein-B levels
1373,Cardiorespiratory Medicine and Haematology,EP-2896964-A1,2014,MD-2 as biomarker in heart failure
1374,Biochemistry and Cell Biology,US-20140093513-A1,2013,METHODS OF LOWERING PROPROTEIN CONVERSATE SUBTILISIN/KEXIN TYPE 9 (PCSK9)
1375,Biochemistry and Cell Biology,US-9238077-B2,2014,Fatty acid niacin conjugates and their uses
1376,Immunology,US-9986724-B2,2016,Genetically modified non-human animals and methods of use thereof
1377,Biochemistry and Cell Biology,US-9816080-B2,2015,Delivery of CAS9 via ARRDC1-mediated microvesicles (ARMMs)
1378,Medical Biotechnology,EP-2703487-A4,2012,PEPTIDE FOR INDUCING REGENERATION OF TISSUE AND USE THEREOF
1379,Biochemistry and Cell Biology,US-10048253-B2,2013,Method for identifying compounds of therapeutic interest
1380,Organic Chemistry,WO-2017037150-A1,2016,"QUATERNARY ASSEMBLIES OF WATER-SOLUBLE NON-PEPTIDE HELICAL FOLDAMERS, THEIR USE AND PRODUCTION THEREOF"
1381,Biochemistry and Cell Biology,WO-2013178565-A1,2013,GENOTYPE- OR PHENOTYPE-BASED DRUG FORMULATION
1382,Immunology,WO-2017098014-A1,2016,A METHOD FOR OBTAINING HEMATOPOETIC CELL POPULATION CONTAINING REGULATORY T CELLS (TREGS) SPECIFIC FOR AN IRRELEVANT ANTIGEN
1383,Biochemistry and Cell Biology,US-9963699-B2,2013,Methods for modulating C9ORF72 expression
1384,Neurosciences,US-9963699-B2,2013,Methods for modulating C9ORF72 expression
1385,Cardiorespiratory Medicine and Haematology,US-9457030-B2,2013,Compositions and methods for the treatment of juvenile neuronal ceroid lipofuscinosis and related disorders
1386,Neurosciences,US-9605263-B2,2016,Compositions for modulating C9ORF72 expression
1387,Artificial Intelligence and Image Processing,WO-2014147518-A3,2014,DYNAMIC MRI WITH IMAGE RECONSTRUCTION USING COMPRESSED SENSING
1388,Pharmacology and Pharmaceutical Sciences,EP-2668945-A1,2012,Genotype and phenotype-based medicinal formulations
1389,Biochemistry and Cell Biology,US-9486534-B2,2015,Niacin conjugated fatty acid mixtures and their uses
1390,Immunology,US-9655352-B2,2014,Humanized M-CSF mice
1391,Neurosciences,US-9937231-B2,2014,Methods and agents for treating Alzheimer's disease
1392,Medical Biochemistry and Metabolomics,US-8952000-B2,2012,"Cholesterol absorption inhibitor and omega 3 fatty acids for the reduction of cholesterol and for the prevention or reduction of cardiovascular, cardiac and vascular events"
1393,Macromolecular and Materials Chemistry,US-9289500-B2,2014,Saccharide-peptide hydrogels
1394,Immunology,US-8652477-B2,2010,Methods for treating disseminated intravascular coagulation by inhibiting MASP-2 dependent complement activation
1395,Biochemistry and Cell Biology,WO-2014001557-A1,2013,A METHOD FOR IDENTIFYING COMPOUNDS OF THERAPEUTIC INTEREST
1396,Medical Biochemistry and Metabolomics,WO-2014183023-A1,2014,USING PLEXIN-A4 AS A BIOMARKER AND THERAPEUTIC TARGET FOR ALZHEIMER'S DISEASE
1397,Biochemistry and Cell Biology,WO-2017129998-A1,2017,G PROTEINS
1398,Biochemistry and Cell Biology,WO-2013119602-A1,2013,ARRDC1-MEDIATED MICROVESICLES (ARMMS) AND USES THEREOF
1399,Genetics,WO-2014074942-A1,2013,RISK VARIANTS OF ALZHEIMER'S DISEASE
1400,Neurosciences,US-9486430-B2,2012,Treatment of neurodegenerative disease
1401,Macromolecular and Materials Chemistry,US-9867845-B2,2015,Vectors for delivery of agents across biological membranes
1402,Immunology,US-10059776-B2,2017,Methods for treating conditions associated with MASP-2 dependent complement activation
1403,Biochemistry and Cell Biology,US-9919010-B2,2009,Method for collecting functional cells in vivo with high efficiency
1404,Biochemistry and Cell Biology,US-RE46608-E1,2015,Fatty acid niacin conjugates and their uses
1405,Interdisciplinary Engineering,WO-2015078602-A1,2014,PHASE CHANGE MATERIAL AND USE THEREOF
1406,Medical Biotechnology,WO-2014060401-A1,2013,COAGULATION FACTOR VII POLYPEPTIDES
1407,Neurosciences,US-9611465-B2,2015,Pharmaceutical composition containing core factor involved in proliferation and differentiation of central nervous cell
1408,Biochemistry and Cell Biology,US-9611465-B2,2015,Pharmaceutical composition containing core factor involved in proliferation and differentiation of central nervous cell
1409,Immunology,WO-2017211928-A1,2017,ANTI-IgE ANTIBODIES
1410,Medical Biochemistry and Metabolomics,US-8715648-B2,2012,Method for treating obesity with anti-obesity formulations and omega 3 fatty acids for the reduction of body weight in cardiovascular disease patients (CVD) and diabetics
1411,Immunology,US-9644035-B2,2013,Methods for treating conditions associated with MASP-2 dependent complement activation
1412,Genetics,US-9260754-B2,2011,Connexin mutation detection for lymphatic variation and disease
1413,Biochemistry and Cell Biology,US-RE46605-E1,2015,Fatty acid niacin conjugates and their uses
1414,Biochemistry and Cell Biology,EP-2792355-A1,2013,Compounds for use as bromodomain inhibitors
1415,Neurosciences,WO-2013127918-A1,2013,NEW THERAPEUTIC APPROACHES FOR TREATING PARKINSON'S DISEASE
1416,Immunology,US-9267153-B2,2012,Porcine knob xenotype chimeric adenoviral vector for dendritic cell infection
1417,Genetics,EP-2704743-A4,2012,COMPOSITIONS FOR INHIBITING MASP-2 DEPENDENT COMPLEMENT ACITIVATION
1418,Immunology,AU-2011230537-B2,2011,"Vista regulatory T cell mediator protein, vista binding agents and use thereof"
1419,Biochemistry and Cell Biology,AU-2011230537-B2,2011,"Vista regulatory T cell mediator protein, vista binding agents and use thereof"
1420,Other Chemical Sciences,US-9095559-B2,2013,Methods of therapeutic monitoring of nitrogen scavenging drugs
1421,Clinical Sciences,EP-2606905-A1,2011,Peptides targeting Receptor activator of nuclear factor-kappa B (RANK) and their applications
1422,Immunology,AU-2011230537-C1,2011,"Vista regulatory T cell mediator protein, vista binding agents and use thereof"
1423,Biochemistry and Cell Biology,AU-2011230537-C1,2011,"Vista regulatory T cell mediator protein, vista binding agents and use thereof"
1424,Immunology,US-8231872-B2,2010,Regulatory T cell mediator proteins and uses thereof
1425,Biochemistry and Cell Biology,US-8231872-B2,2010,Regulatory T cell mediator proteins and uses thereof
1426,Immunology,US-9890215-B2,2014,Vista modulators for diagnosis and treatment of cancer
1427,Other Chemical Sciences,US-9326966-B2,2015,Methods of therapeutic monitoring of nitrogen scavenging drugs
1428,Biochemistry and Cell Biology,US-8465740-B2,2011,Regulatory T cell mediator proteins and uses thereof
1429,Medical Microbiology,GB-2494953-B,2012,Biomarkers for respiratory infection
1430,Medical Microbiology,GB-2494953-A,2012,Determining levels of Pseudomonas aeruginosa in patient by measuring sputum levels of a siderophore and a secreted bacterial protein over time
1431,Cardiorespiratory Medicine and Haematology,GB-2494953-A,2012,Determining levels of Pseudomonas aeruginosa in patient by measuring sputum levels of a siderophore and a secreted bacterial protein over time
1432,Immunology,US-10066009-B2,2016,Anti-CGRP compositions and use thereof
1433,Biochemistry and Cell Biology,WO-2012177880-A1,2012,ADHESIVE SIGNATURE-BASED METHODS FOR THE ISOLATION OF STEM CELLS AND CELLS DERIVED THEREFROM
1434,Other Chemical Sciences,US-10045958-B1,2018,Methods of therapeutic monitoring of nitrogen scavenging drugs
1435,Biomedical Engineering,WO-2014141288-A1,2013,"THE ART, METHOD, MANNER, PROCESS AND SYSTEM OF A NANO-BIOMINERAL FOR MULTI-MODAL CONTRAST IMAGING AND DRUG DELIVERY"
1436,Macromolecular and Materials Chemistry,WO-2014141288-A1,2013,"THE ART, METHOD, MANNER, PROCESS AND SYSTEM OF A NANO-BIOMINERAL FOR MULTI-MODAL CONTRAST IMAGING AND DRUG DELIVERY"
1437,Immunology,US-8236304-B2,2006,Use of PD-L3 proteins and PD-L3 specific antibodies or antibody fragments to regulate CD4+ and CD8+ T cell immunity
1438,Biochemistry and Cell Biology,US-8236304-B2,2006,Use of PD-L3 proteins and PD-L3 specific antibodies or antibody fragments to regulate CD4+ and CD8+ T cell immunity
1439,Oncology and Carcinogenesis,WO-2014028907-A1,2013,DIAGNOSTIC MARKERS OF INDOLENT PROSTATE CANCER
1440,Microbiology,EP-3094346-A4,2015,VISTA ANTAGONIST AND METHODS OF USE
1441,Immunology,EP-2913675-A3,2015,GP2 isoforms and their use in autoantibody capture
1442,Medical Microbiology,US-8980566-B2,2012,Biomarkers for respiratory infection
1443,Pharmacology and Pharmaceutical Sciences,US-9416103-B2,2013,"Use of the aminoalkylindole JWH-073-M4 and related compounds as neutral CB1 receptor antagonists for the treatment of alcoholism, drug abuse, obesity, and obesity-related diseases"
1444,Medical Biotechnology,EP-3008174-A4,2014,METHOD OF EFFICIENTLY ESTABLISHING INDUCED PLURIPOTENT STEM CELLS
1445,Immunology,US-8501915-B2,2012,Regulatory T cell mediator proteins and uses thereof
1446,Biochemistry and Cell Biology,US-8501915-B2,2012,Regulatory T cell mediator proteins and uses thereof
1447,Other Chemical Sciences,US-9962358-B2,2017,Methods of therapeutic monitoring of nitrogen scavenging drugs
1448,Other Chemical Sciences,US-9254278-B2,2015,Methods of therapeutic monitoring of nitrogen scavenging drugs
1449,Immunology,US-9381244-B2,2013,VISTA modulators for diagnosis and treatment of cancer
1450,Oncology and Carcinogenesis,WO-2015097536-A2,2014,ANTI-VISTA ANTIBODIES AND FRAGMENTS
1451,Immunology,WO-2014039983-A1,2013,VISTA MODULATORS FOR DIAGNOSIS AND TREATMENT OF CANCER
1452,Neurosciences,US-9851425-B2,2013,Background-suppressed myelin water imaging
1453,Clinical Sciences,WO-2014013051-A1,2013,METHOD OF PREDICTING OR DIAGNOSING AN HEPATIC ENCEPHALOPATHY IN PATIENTS WITH CIRRHOSIS TREATED WITH TRANSJUGULAR INTRA-HEPATIC PORTO-SYSTEMIC SHUNT (TIPS)
1454,Other Chemical Sciences,US-9999608-B2,2017,Methods of therapeutic monitoring of nitrogen scavenging drugs
1455,Clinical Sciences,WO-2013093039-A1,2012,PEPTIDES TARGETING RECEPTOR ACTIVATOR OF NUCLEAR FACTOR -KAPPA B (RANK) AND THEIR APPLICATIONS
1456,Other Chemical Sciences,US-9962359-B2,2017,Methods of therapeutic monitoring of nitrogen scavenging drugs
1457,Cardiorespiratory Medicine and Haematology,US-9457030-B2,2013,Compositions and methods for the treatment of juvenile neuronal ceroid lipofuscinosis and related disorders
1458,Immunology,US-9745373-B2,2012,Anti-CGRP compositions and use thereof
1459,Oncology and Carcinogenesis,WO-2018049248-A1,2017,ONCOLYTIC VIRUS EQUIPPED WITH BISPECIFIC ENGAGER MOLECULES
1460,Biochemistry and Cell Biology,WO-2018087285-A1,2017,OR10H1 ANTIGEN BINDING PROTEINS AND USES THEREOF
1461,Immunology,US-10035857-B2,2015,Regulatory T cell mediator proteins and uses thereof
1462,Biochemistry and Cell Biology,US-10035857-B2,2015,Regulatory T cell mediator proteins and uses thereof
1463,Inorganic Chemistry,US-8673260-B2,2013,Development of earth-abundant mixed-metal sulfide nanoparticles for use in solar energy conversion
1464,Physical Chemistry (incl. Structural),US-8673260-B2,2013,Development of earth-abundant mixed-metal sulfide nanoparticles for use in solar energy conversion
1465,Organic Chemistry,WO-2013092574-A1,2012,ISOTHIAZOLOPYRIDINE-2-CARBOXAMIDES AND THEIR USE AS PHARMACEUTICALS
1466,Immunology,EP-2864352-A4,2013,"NOVEL VISTA-IG CONSTRUCTS AND THE USE OF VISTA-IG FOR TREATMENT OF AUTOIMMUNE, ALLERGIC AND INFLAMMATORY DISORDERS"
1467,Neurosciences,US-9040082-B2,2012,Compositions and methods for treatment of chronic fatigue
1468,Clinical Sciences,WO-2017208001-A1,2017,BIOMARKERS FOR PLATELET DISORDERS
1469,Biochemistry and Cell Biology,WO-2017208001-A1,2017,BIOMARKERS FOR PLATELET DISORDERS
1470,Immunology,AU-2016202172-B2,2016,"Vista regulatory T cell mediator protein, vista binding agents and use thereof"
1471,Biochemistry and Cell Biology,AU-2016202172-B2,2016,"Vista regulatory T cell mediator protein, vista binding agents and use thereof"
1472,Medical Microbiology,US-8183349-B2,2010,Markers of XMRV infection and uses thereof
1473,Biochemistry and Cell Biology,WO-2014041087-A1,2013,MUSCLE SECRETOME AND USES THEREOF
1474,Clinical Sciences,US-10005848-B2,2015,Method of reducing blood glucose by administering RON agonists
1475,"Atomic, Molecular, Nuclear, Particle and Plasma Physics",US-9561197-B2,2012,Methods of therapeutic monitoring of phenylacetic acid prodrugs
1476,Immunology,US-9855332-B2,2012,Use of anti-CGRP antibodies and antibody fragments to treat diarrhea in subjects with diseases or treatments that result in elevated CGRP levels
1477,Immunology,US-9708393-B2,2012,"Use of anti-CGRP antibodies and antibody fragments to prevent or inhibit photophobia or light aversion in subjects in need thereof, especially migraine sufferers"
1478,Immunology,US-9217035-B2,2013,Regulatory T cell mediator proteins and uses thereof
1479,Biochemistry and Cell Biology,US-9217035-B2,2013,Regulatory T cell mediator proteins and uses thereof
1480,Psychology,US-9623023-B2,2013,Class of non-stimulant treatment and ADHD and related disorders
1481,Oncology and Carcinogenesis,WO-2014110475-A1,2014,"BIOMARKERS IN CANCER, METHODS, AND SYSTEMS RELATED THERETO"
1482,Biochemistry and Cell Biology,EP-3299818-A1,2016,METHOD FOR THE DIAGNOSIS OF ACUTE PANCREATITIS (AP) BY DETECTION OF GLYCOPROTEIN 2 ISOFORM ALPHA (GP2A)
1483,Other Chemical Sciences,US-10045959-B1,2018,Methods of therapeutic monitoring of nitrogen scavenging drugs
1484,Pharmacology and Pharmaceutical Sciences,US-9289406-B2,2013,Methods of administering and evaluating nitrogen scavenging drugs for the treatment of hepatic encephalopathy
1485,Immunology,WO-2012076868-A1,2011,ANTIBODIES TO MYCOBACTERIA
1486,Immunology,WO-2013192504-A1,2013,"NOVEL VISTA-IG CONSTRUCTS AND THE USE OF VISTA-IG FOR TREATMENT OF AUTOIMMUNE, ALLERGIC AND INFLAMMATORY DISORDERS"
1487,Biochemistry and Cell Biology,WO-2018055209-A2,2017,METHOD FOR THE DIAGNOSIS OF ACUTE PANCREATITIS (AP) BY DETECTION OF GLYCOPROTEIN 2 ISOFORM ALPHA (GP2A)
1488,Immunology,US-9631018-B2,2011,"Vista regulatory T cell mediator protein, vista binding agents and use thereof"
1489,Biochemistry and Cell Biology,US-9631018-B2,2011,"Vista regulatory T cell mediator protein, vista binding agents and use thereof"
1490,Physical Chemistry (incl. Structural),US-9914692-B2,2016,Procedure for the preparation of 4-phenyl butyrate and uses thereof
1491,Immunology,AU-2013312211-B2,2013,VISTA modulators for diagnosis and treatment of cancer
1492,Genetics,US-9441223-B2,2013,"Transposable elements, TDP-43, and neurodegenerative disorders"
1493,Oncology and Carcinogenesis,US-20140303002-A1,2014,Gene Expression Profile Algorithm and Test for Determining Prognosis of Prostate Cancer
1494,Genetics,US-20140303002-A1,2014,Gene Expression Profile Algorithm and Test for Determining Prognosis of Prostate Cancer
1495,Oncology and Carcinogenesis,US-9458510-B2,2012,Signatures and determinants associated with prostate cancer progression and methods of use thereof
1496,Genetics,US-9839894-B2,2016,De novo synthesized gene libraries
1497,Clinical Sciences,US-9726659-B2,2013,CMPF as a biomarker for diabetes and associated methods
1498,Materials Engineering,US-9046731-B2,2013,Plasmonic enhancement of material properties
1499,Clinical Sciences,WO-2017064119-A1,2016,METHODS AND PHARMACEUTICAL COMPOSITIONS FOR THE TREATMENT OF RETINAL CAPILLARY NON-PERFUSION
1500,Electrical and Electronic Engineering,US-9706961-B2,2013,Electro-cardiograph sensor mat
1501,Cardiorespiratory Medicine and Haematology,WO-2012107725-A1,2012,MATERIALS AND METHODS RELATING TO CARDIOVASCULAR IMAGING
1502,Immunology,US-9517217-B2,2013,Immune cell activation inhibitor and use thereof
1503,Biochemistry and Cell Biology,US-9517217-B2,2013,Immune cell activation inhibitor and use thereof
1504,Neurosciences,US-9517217-B2,2013,Immune cell activation inhibitor and use thereof
1505,Organic Chemistry,US-9981239-B2,2016,Devices and methods for oligonucleic acid library synthesis
1506,Organic Chemistry,US-9895673-B2,2016,Functionalized surfaces and preparation thereof
1507,Physical Chemistry (incl. Structural),US-9895673-B2,2016,Functionalized surfaces and preparation thereof
1508,Genetics,US-9889423-B2,2016,De novo synthesized gene libraries
1509,Clinical Sciences,WO-2014023703-A1,2013,GENETIC MARKERS FOR PREDICTING RESPONSIVENESS TO FGF-18 COMPOUND
1510,Genetics,US-9555388-B2,2016,De novo synthesized gene libraries
1511,Oncology and Carcinogenesis,WO-2012013931-A1,2011,METHODS FOR DIAGNOSING CANCER
1512,Immunology,WO-2014021455-A1,2013,IMMUNE CELL ACTIVATION INHIBITOR AND USE THEREOF
1513,Biochemistry and Cell Biology,WO-2014021455-A1,2013,IMMUNE CELL ACTIVATION INHIBITOR AND USE THEREOF
1514,Clinical Sciences,WO-2014023704-A1,2013,PROGNOSIS BIOMARKERS IN CARTILAGE DISORDERS
1515,Biomedical Engineering,WO-2014023704-A1,2013,PROGNOSIS BIOMARKERS IN CARTILAGE DISORDERS
1516,Artificial Intelligence and Image Processing,US-9224210-B2,2014,Systems and methods for accelerated dynamic magnetic resonance imaging
1517,Biomedical Engineering,US-9224210-B2,2014,Systems and methods for accelerated dynamic magnetic resonance imaging
1518,Clinical Sciences,US-20140199284-A1,2012,STRUCTURAL MUTATIONS IN TITIN CAUSE DILATED CARDIOMYOPATHY
1519,Genetics,US-8771755-B2,2012,Preparation and compositions of highly bioavailable zerovalent sulfur and uses thereof
1520,Other Physical Sciences,EP-2498116-A1,2012,Microscope apparatus
1521,Other Chemical Sciences,WO-2016185160-A1,2016,COMPOUNDS
1522,Clinical Sciences,US-9539281-B2,2012,"Lipid-containing PSA compositions, methods of isolation and methods of use thereof"
1523,Biochemistry and Cell Biology,US-20140274873-A1,2014,COMPOSITION OF A SUSTAINED-RELEASE DELIVERY AND METHOD OF STABILIZING PROTEINS DURING FABRICATION PROCESS
1524,Genetics,US-10053688-B2,2017,De novo synthesized nucleic acid libraries
1525,Medical Biotechnology,US-9465032-B2,2012,Method of using antibody-liposome complexes for selecting a pool of molecules
1526,Organic Chemistry,US-20170049894-A1,2016,LYOPHILIZED PREPARATION OF CYTOTOXIC DIPEPTIDES
1527,Genetics,US-9833761-B2,2015,De novo synthesized gene libraries
1528,Physical Chemistry (incl. Structural),US-8865684-B2,2013,Morpholin-4-ium 4 methoxyphenyl (morpholino) phosphinodithioate (GYY4137) as a novel vasodilator agent
1529,Clinical Sciences,US-9476097-B2,2012,Structural mutations in titin cause dilated cardiomyopathy
1530,Neurosciences,WO-2015087087-A1,2014,BIOMARKERS AND METHODS RELATING TO ALZHEIMER'S DISEASE
1531,Food Sciences,WO-2014162618-A1,2013,"MANUFACTURING METHOD FOR FOOD PRODUCT, FOOD PRODUCT, AND TEXTURE IMPROVING AGENT FOR FOOD PRODUCT"
1532,Pharmacology and Pharmaceutical Sciences,US-8906939-B2,2008,3-cyano-4-(4-tetrahydropyran-phenyl)-pyridin-2-one derivatives
1533,Neurosciences,US-8906939-B2,2008,3-cyano-4-(4-tetrahydropyran-phenyl)-pyridin-2-one derivatives
1534,Neurosciences,US-8722894-B2,2008,"1,3-disubstituted-4-phenyl-1H-pyridin-2-ones"
1535,Pharmacology and Pharmaceutical Sciences,US-9708315-B2,2014,"1,2,4-triazolo[4,3-a]pyridine compounds and their use as positive allosteric modulators of MGLUR2 receptors"
1536,Nanotechnology,US-9499903-B2,2015,Carbon nanotube foams with controllable mechanical properties
1537,Pharmacology and Pharmaceutical Sciences,US-8993591-B2,2011,"1,2,4-triazolo[4,3-a] pyridine derivatives and their use as positive allosteric modulators of MGLUR2 receptors"
1538,Pharmacology and Pharmaceutical Sciences,US-9271967-B2,2011,"1,2,4-triazolo[4,3-a]pyridine derivatives and their use as positive allosteric modulators of mGluR2 receptors"
1539,Pharmacology and Pharmaceutical Sciences,US-8937060-B2,2010,"1,2,4-triazolo [4,3-A] pyridine derivatives and their use for the treatment of prevention of neurological and psychiatric disorders"
1540,Genetics,US-9284584-B2,2014,Method for producing an L-amino acid using a bacterium of the family Enterobacteriaceae having enhanced expression of the flagella formation and motility cascade genes
1541,Neurosciences,US-9132122-B2,2013,"1′,3′-disubstituted-4-phenyl-3,4,5,6-tetrahydro-2H,1′H-[1,4′]bipyridinyl-2′-ones"
1542,Pharmacology and Pharmaceutical Sciences,US-8691813-B2,2009,Indole and benzoxazine derivatives as modulators of metabotropic glutamate receptors
1543,Neurosciences,US-8748621-B2,2012,"1,3-disubstituted 4-(aryl-X-phenyl)-1H-pyridin-2-ones"
1544,Psychology,US-20100306746-A1,2010,BINARY REWRITING WITHOUT RELOCATION INFORMATION
1545,Other Physical Sciences,WO-2012117314-A1,2012,DETERMINATION OF A MAGNETIC RESONANCE IMAGING PULSE SEQUENCE PROTOCOL CLASSIFICATION
1546,Pharmacology and Pharmaceutical Sciences,US-8946205-B2,2010,"1,2,4-triazolo[4,3-a]pyridine derivatives and their use as positive allosteric modulators of mGluR2 receptors"
1547,Microbiology,EP-3159401-A4,2015,ESCHERICHIA SP. MICROORGANISM HAVING L-TRYPTOPHAN PRODUCTION CAPACITY AND METHOD FOR PRODUCING L-TRYPTOPHAN USING SAME
1548,Pharmacology and Pharmaceutical Sciences,US-9085577-B2,2014,"7-aryl-1,2,4-triazolo[4,3-A]pyridine derivatives and their use as positive allosteric modulators of mGluR2 receptors"
1549,Cardiorespiratory Medicine and Haematology,US-9615758-B2,2014,Contribution of oxidative stress to AF electrograms
1550,Pharmacology and Pharmaceutical Sciences,US-8697689-B2,2009,Indole and benzomorpholine derivatives as modulators of metabotropic glutamate receptors
1551,Pharmacology and Pharmaceutical Sciences,US-9012448-B2,2011,"1,2,4-triazolo[4,3-a]pyridine derivatives and their use as positive allosteric modulators of MGLUR2 receptors"
1552,Neurosciences,US-9114138-B2,2008,"1′,3′-disubstituted-4-phenyl-3,4,5,6-tetrahydro-2H,1′H-[1,4′] bipyridinyl-2′-ones"
1553,Neurosciences,US-9266834-B2,2014,"1, 4-disubstituted 3-cyano-pyridone derivatives and their use as positive allosteric modulators of MGLUR2-receptors"
1554,Psychology,EP-2609814-A1,2011,Lactobacillus reuteri DSM 17938 for the development of cognitive function
1555,Neurosciences,EP-2609814-A1,2011,Lactobacillus reuteri DSM 17938 for the development of cognitive function
1556,Psychology,WO-2015086789-A1,2014,USE OF A MODIFIED SWEET WHEY AND A MODIFIED SWEET WHEY CONTAINING INFANT FORMULA FOR PROMOTING THE POSTNATAL DEVELOPMENT OF THE INFANT CENTRAL NERVOUS SYSTEM AND RELATED COGNITIVE FUNCTIONS
1557,Neurosciences,WO-2015086789-A1,2014,USE OF A MODIFIED SWEET WHEY AND A MODIFIED SWEET WHEY CONTAINING INFANT FORMULA FOR PROMOTING THE POSTNATAL DEVELOPMENT OF THE INFANT CENTRAL NERVOUS SYSTEM AND RELATED COGNITIVE FUNCTIONS
1558,Organic Chemistry,US-9926316-B2,2017,Antitumor derivatives for differentiation therapy
1559,Cardiorespiratory Medicine and Haematology,US-9907479-B2,2017,Contribution of oxidative stress to AF electrograms
1560,Pharmacology and Pharmaceutical Sciences,US-8716480-B2,2010,"7-aryl-1,2,4-triazolo[4,3-a]pyridine derivatives and their use as positive allosteric modulators of mGluR2 receptors"
1561,Physical Chemistry (incl. Structural),US-9616635-B2,2013,Multilayer foam structures of nominally-aligned carbon nanotubes (CNTS)
1562,Information Systems,US-9179285-B1,2014,Reflection-based location detection
1563,Pharmacology and Pharmaceutical Sciences,US-9226930-B2,2014,"1,2,4-triazolo [4,3-a] pyridine derivatives and their use for the treatment of prevention of neurological and psychiatric disorders"
1564,Neurosciences,US-8785486-B2,2008,"Imidazo[1,2-A]pyridine derivatives and their use as positive allosteric modulators of mGluR2 receptors"
1565,Pharmacology and Pharmaceutical Sciences,US-9067891-B2,2012,"1,4-disubstituted 3-cyano-pyridone derivatives and their use as positive allosteric modulators of mGluR2-receptors"
1566,Biochemistry and Cell Biology,US-9896734-B2,2013,Asparaginic acid kinase III mutant and host cells and use thereof
1567,Pharmacology and Pharmaceutical Sciences,US-10071095-B2,2017,"1,2,4-triazolo [4,3-A] pyridine derivatives and their use for the treatment of neurological and psychiatric disorders"
1568,Pharmacology and Pharmaceutical Sciences,US-8691849-B2,2009,3-azabicyclo[3.1.0]hexyl derivatives as modulators of metabotropic glutamate receptors
1569,Physical Chemistry (incl. Structural),US-9505615-B2,2013,Method for controlling microstructural arrangement of nominally-aligned arrays of carbon nanotubes
1570,Nanotechnology,US-9045343-B2,2012,Carbon nanotube foams with controllable mechanical properties
1571,Microbiology,US-10053698-B2,2014,Recombinant microorganisms of Escherichia with L-threonine productivity and method of producing L-threonine using the same
1572,Cardiorespiratory Medicine and Haematology,US-9932588-B2,2014,Inhibition of oxidative stress in atrial fibrillation
1573,Pharmacology and Pharmaceutical Sciences,US-9737533-B2,2015,"1,2,4-triazolo [4,3-A] pyridine derivatives and their use for the treatment of prevention of neurological and psychiatric disorders"
1574,Pharmacology and Pharmaceutical Sciences,US-8841323-B2,2007,"1, 4-disubstituted 3-cyano-pyridone derivatives and their use as positive allosteric modulators of MGLUR2-receptors"
1575,Genetics,US-9828639-B2,2013,Identification of gene associated with reading disability and uses therefor
1576,Clinical Sciences,US-9642875-B2,2013,Compounds and their effects on appetite control and insulin sensitivity
1577,Nanotechnology,WO-2017171482-A1,2017,INFRARED DEVICE USING INTRA-BAND ELECTRON TRANSITION OF NON-STOICHIOMETRIC COLLOIDAL QUANTUM DOTS
1578,Communications Technologies,EP-2898720-A4,2013,SYSTEMS AND METHODS FOR INTERFERENCE ALIGNMENT IN WI-FI
1579,Communications Technologies,WO-2015051828-A1,2013,METHOD AND CONTROL MEANS FOR ALLOCATING SUBCARRIERS OF A FREQUENCY SPECTRUM TO OPERATORS AS WELL AS CORRESPONDING BASE STATION
1580,Communications Technologies,US-9986438-B2,2016,Hierarchical spectrum coordination
1581,Biochemistry and Cell Biology,US-9125899-B1,2011,Modulators of GTPases and their use
1582,Other Physical Sciences,US-9138495-B2,2011,Conjugates and their uses in molecular imaging
1583,Communications Technologies,WO-2017127317-A1,2017,HIERARCHICAL SPECTRUM COORDINATION
1584,Nanotechnology,WO-2018056570-A1,2017,SINGLE ELECTRON-OCCUPIED QUANTUM DOTS AND METHOD FOR CONTROLLING MAGNETISM THEREOF
1585,Communications Technologies,EP-3247164-A1,2013,SYSTEMS AND METHODS FOR INTERFERENCE ALIGNMENT IN WI-FI
1586,Immunology,WO-2015173112-A1,2015,GLYPICAN-3-SPECIFIC T-CELL RECEPTORS AND THEIR USES FOR IMMUNOTHERAPY OF HEPATOCELLULAR CARCINOMA
1587,Oncology and Carcinogenesis,WO-2015173112-A1,2015,GLYPICAN-3-SPECIFIC T-CELL RECEPTORS AND THEIR USES FOR IMMUNOTHERAPY OF HEPATOCELLULAR CARCINOMA
1588,Cardiorespiratory Medicine and Haematology,US-9238030-B2,2012,"Methods for treatment of diseases and disorders related to transducin β-like protein 1 (TBL1) activity, including myeloproliferative neoplasia and chronic myeloid leukemia"
1589,Biomedical Engineering,EP-2985626-A1,2015,METHOD FOR SIMULTANEOUS DATA TRANSMISSION AND DISTANCE MEASUREMENT
1590,Physical Chemistry (incl. Structural),US-20130295187-A1,2013,NOVEL FORMULATIONS OF FACTOR VIIa INHIBITORS AND UTILITY
1591,Biomedical Engineering,US-9990863-B2,2014,Perfusion phantom device
1592,Artificial Intelligence and Image Processing,DE-102013205576-A1,2013,"A method for generating a motion correction for pet data, method for producing pet images as well as correspondingly configured mr-conditioning and pet-conditioning"
1593,Cardiorespiratory Medicine and Haematology,US-10085967-B2,2017,Treatment of sickle cell disease
1594,Clinical Sciences,WO-2016170331-A1,2016,RHEUMATOID ARTHRITIS PATIENT STRATIFICATION
1595,Psychology,WO-2017153846-A2,2017,A MAZINDOL IR/SR MULTILAYER TABLET AND ITS USE FOR THE TREATMENT OF ATTENTION DEFICIT/HYPERACTIVITY DISORDER (ADHD)
1596,Other Physical Sciences,WO-2016065435-A2,2015,METHODS FOR LOW TEMPERATURE FLUORINE-18 RADIOLABELING OF BIOMOLECULES
1597,Cardiorespiratory Medicine and Haematology,WO-2018069232-A1,2017,METHODS FOR PREDICTING THE RISK OF HAVING CARDIAC HYPERTROPHY
1598,Artificial Intelligence and Image Processing,WO-2012119013-A1,2012,PREDICTING GASTROENTEROPANCREATIC NEUROENDOCRINE NEOPLASMS (GEP-NENs)
1599,Applied Mathematics,WO-2016044330-A1,2015,"COMPOSITIONS, METHODS AND KITS FOR DIAGNOSIS OF A GASTROENTEROPANCREATIC NEUROENDOCRINE NEOPLASM"
1600,Physical Chemistry (incl. Structural),US-8980823-B2,2013,Formulations of Factor VIIa inhibitors and utility
1601,Immunology,EP-2944652-A1,2014,Glypican-3-specific T-cell receptors and their uses for immunotherapy of hepatocellular carcinoma
1602,Oncology and Carcinogenesis,EP-2944652-A1,2014,Glypican-3-specific T-cell receptors and their uses for immunotherapy of hepatocellular carcinoma
1603,Nanotechnology,WO-2014125256-A1,2014,NANOPARTICLE DELIVERY COMPOSITIONS
1604,Cardiorespiratory Medicine and Haematology,US-9655905-B2,2012,Treatment of sickle cell disease
1605,Artificial Intelligence and Image Processing,US-9990741-B2,2016,Motion correction in a projection domain in time of flight positron emission tomography
1606,Clinical Sciences,WO-2016069976-A1,2015,THIAZOLES AS MODULATORS OF RORyt
1607,Analytical Chemistry,WO-2017144897-A1,2017,BIOMARKERS FOR RESPONSE TO BIP (RASOLVIR™)
1608,Clinical Sciences,WO-2017189661-A1,2017,6-AMINOPYRIDIN-3-YL THIAZOLES AS MODULATORS OF RORγT
1609,Clinical Sciences,WO-2012097903-A1,2011,METHYLATION PATTERNS OF TYPE 2 DIABETES PATIENTS
1610,Biochemistry and Cell Biology,WO-2013123403-A1,2013,THERANOSTICS PLATFORM AND METHODS OF USE
1611,Clinical Sciences,WO-2015057206-A1,2013,SECONDARY ALCOHOL QUINOLINYL MODULATORS OF RORyt
1612,Genetics,WO-2013132074-A3,2013,A GENOTYPING TEST FOR ASSESSING RISK OF AUTISM
1613,Pharmacology and Pharmaceutical Sciences,US-9662363-B2,2015,Molecular and herbal combinations for treating psoriasis
1614,Clinical Sciences,US-9250172-B2,2013,Systems and methods for predicting metabolic and bariatric surgery outcomes
1615,Biomedical Engineering,WO-2012102377-A1,2012,METHOD FOR ASSESSMENT OF RISK OF HEPATOCELLULAR CARCINOMA
1616,Clinical Sciences,WO-2014054103-A1,2012,NUCLEIC ACID DETECTION METHOD
1617,Oncology and Carcinogenesis,US-9134325-B2,2013,Resistance biomarkers for HDAC inhibitors
1618,Clinical Sciences,WO-2014062667-A1,2013,PHENYL LINKED QUINOLINYL MODULATORS OF ROR-GAMMA-T
1619,Clinical Sciences,WO-2016069974-A1,2015,TRIFLUOROMETHYL ALCOHOLS AS MODULATORS OF RORyt
1620,Medical Biochemistry and Metabolomics,US-9238836-B2,2013,Methods and compositions for sequencing modified nucleic acids
1621,Genetics,WO-2013132074-A2,2013,A GENOTYPING TEST FOR ASSESSING RISK OF AUTISM
1622,Clinical Sciences,WO-2017208001-A1,2017,BIOMARKERS FOR PLATELET DISORDERS
1623,Biochemistry and Cell Biology,WO-2017208001-A1,2017,BIOMARKERS FOR PLATELET DISORDERS
1624,Clinical Sciences,WO-2014203214-A1,2014,MARKERS FOR LONG-TERM KIDNEY GRAFT DYSFUNCTION
1625,Oncology and Carcinogenesis,AU-2012312308-B2,2012,Romidepsin and 5-azacitidine for use in treating lymphoma
1626,Neurosciences,US-9733237-B2,2013,Methods for identifying candidates for the treatment of neurodegenerative diseases
1627,Biochemistry and Cell Biology,EP-3181586-A1,2010,HUMAN IL-23 ANTIGEN BINDING PROTEINS
1628,Genetics,WO-2016138488-A2,2016,"T CELL BALANCE GENE EXPRESSION, COMPOSITIONS OF MATTERS AND METHODS OF USE THEREOF"
1629,Pharmacology and Pharmaceutical Sciences,WO-2013142378-A1,2013,FAST DIAGNOSIS AND PERSONALIZED TREATMENTS FOR ACNE
1630,Genetics,US-20120190698-A1,2012,METHODS OF PREDICTING THIOPURINE RESPONSE
1631,Oncology and Carcinogenesis,WO-2014079865-A1,2013,METHOD FOR INDICATING A PRESENCE OR NON-PRESENCE OF AGGRESSIVE PROSTATE CANCER
1632,Clinical Sciences,WO-2018083326-A1,2017,HYDROGEN SULFIDE RELEASING POLYMER COMPOUNDS
1633,Materials Engineering,US-8664699-B2,2013,Methods and devices for fabricating and assembling printable semiconductor elements
1634,Biochemistry and Cell Biology,US-8957075-B2,2010,O-GlcNAc transferase inhibitors and uses thereof
1635,Materials Engineering,US-9765934-B2,2012,Thermally managed LED arrays assembled by printing
1636,Biomedical Engineering,US-8886334-B2,2009,"Systems, methods, and devices using stretchable or flexible electronics for medical applications"
1637,Electrical and Electronic Engineering,US-8886334-B2,2009,"Systems, methods, and devices using stretchable or flexible electronics for medical applications"
1638,Immunology,US-9200075-B2,2014,Nucleic acids encoding antibodies that bind colony stimulating factor 1 receptor (CSF1R)
1639,Materials Engineering,US-9691873-B2,2012,Transient devices designed to undergo programmable transformations
1640,Psychology,US-9510752-B2,2013,Systems and methods for detecting blink inhibition as a marker of engagement and perceived stimulus salience
1641,Clinical Sciences,US-9540691-B2,2013,Assays and methods for selecting a treatment regimen for a subject with depression
1642,Organic Chemistry,US-9173935-B2,2011,Phospholipid drug analogs
1643,Clinical Sciences,US-8524444-B2,2008,Methods and compositions for detections and modulating O-glycosylation
1644,Biochemistry and Cell Biology,US-8524444-B2,2008,Methods and compositions for detections and modulating O-glycosylation
1645,Clinical Sciences,US-9822400-B2,2014,"Methods for treating, diagnosing, and monitoring rheumatoid arthritis"
1646,Neurosciences,US-9403010-B2,2011,Specific deep brain stimulation for enhancement of memory
1647,Psychology,US-9403010-B2,2011,Specific deep brain stimulation for enhancement of memory
1648,Organic Chemistry,US-9050319-B2,2013,Phospholipid drug analogs
1649,Neurosciences,US-8614191-B2,2012,Use of ICAM-1 for prevention or treatment of neurological diseases
1650,Materials Engineering,US-9159635-B2,2012,Flexible electronic structure
1651,Clinical Sciences,US-8728730-B2,2010,"Methods for treating, diagnosing, and monitoring rheumatoid arthritis"
1652,Medical Physiology,WO-2014169885-A1,2014,METHOD FOR ISOLATION OF ADIPOSE TISSUE-DERIVED STROMAL VASCULAR FRACTION CELLS
1653,Clinical Sciences,EP-2773357-A4,2012,METHODS AND COMPOSITIONS FOR MODULATING GASTROINTESTINAL BACTERIA TO PROMOTE HEALTH
1654,Inorganic Chemistry,US-9974795-B2,2015,Anticancer agent composition
1655,Organic Chemistry,US-9969796-B2,2014,Peptides and binding partners therefor
1656,Oncology and Carcinogenesis,US-10005733-B2,2015,N-(4-hydroxy-4-methyl-cyclohexyl)-4-phenyl-benzenesulfonamide and N-(4-hydroxy-4-methyl-cyclohexyl)-4-(2-pyridyl)-benzenesulfonamide compounds and their therapeutic use
1657,Clinical Sciences,US-10005733-B2,2015,N-(4-hydroxy-4-methyl-cyclohexyl)-4-phenyl-benzenesulfonamide and N-(4-hydroxy-4-methyl-cyclohexyl)-4-(2-pyridyl)-benzenesulfonamide compounds and their therapeutic use
1658,Immunology,US-10005733-B2,2015,N-(4-hydroxy-4-methyl-cyclohexyl)-4-phenyl-benzenesulfonamide and N-(4-hydroxy-4-methyl-cyclohexyl)-4-(2-pyridyl)-benzenesulfonamide compounds and their therapeutic use
1659,Materials Engineering,US-9761444-B2,2016,Methods and devices for fabricating and assembling printable semiconductor elements
1660,Materials Engineering,US-8440546-B2,2011,Methods and devices for fabricating and assembling printable semiconductor elements
1661,Materials Engineering,US-8372726-B2,2010,Methods and applications of non-planar imaging arrays
1662,Immunology,US-9901082-B2,2013,Genetically modified non-human animals and methods of use thereof
1663,Microbiology,WO-2016112881-A1,2016,DUAL MICROBIAL PREPARATION FOR LONG-TERM SUPPRESSION OR PREVENTION OF SYMPTOMS OF OPPORTUNISTIC MICROBIAL INFECTIONS
1664,Biomedical Engineering,US-9827082-B2,2014,Fluoride releasing bite plate
1665,Neurosciences,US-9861810-B2,2013,Methods and apparatus for stimulating and recording neural activity
1666,Biomedical Engineering,US-9861810-B2,2013,Methods and apparatus for stimulating and recording neural activity
1667,Genetics,US-9916416-B2,2013,System and method for genotyping using informed error profiles
1668,Neurosciences,US-9439931-B2,2013,Administering umbilical cord blood-derived mesenchymal stem cells to treat nerve injury
1669,Biomedical Engineering,US-9986924-B2,2013,Implantable biomedical devices on bioresorbable substrates
1670,Materials Engineering,US-9986924-B2,2013,Implantable biomedical devices on bioresorbable substrates
1671,Other Physical Sciences,US-9986924-B2,2013,Implantable biomedical devices on bioresorbable substrates
1672,Organic Chemistry,US-9173936-B2,2013,Phospholipid drug analogs
1673,Genetics,WO-2015137897-A1,2015,USE OF NUCLEIC ACIDS CIRCULATING IN BIOLOGICAL FLUIDS OF MAMMALS AS INTERNAL CONTROL AND/OR INTERNAL STANDARD
1674,Biomedical Engineering,US-9623211-B2,2013,Catheter movement control
1675,Inorganic Chemistry,US-8742113-B2,2012,Furanone derivative
1676,Medical Physiology,EP-2792741-A1,2013,Method for isolation of adipose tissue-derived stromal vascular fraction cells
1677,Clinical Sciences,US-9546401-B2,2013,Assays and methods for selecting a treatment regimen for a subject with depression
1678,Physical Chemistry (incl. Structural),US-9554484-B2,2013,Appendage mountable electronic devices conformable to surfaces
1679,Immunology,US-9986724-B2,2016,Genetically modified non-human animals and methods of use thereof
1680,Inorganic Chemistry,US-RE46815-E1,2012,Furanone derivative
1681,Oncology and Carcinogenesis,US-9796670-B2,2017,N-(4-hydroxy-4-methyl-cyclohexyl)-4-phenyl-benzenesulfonamides and N-(4-hydroxy-4-methyl-cyclohexyl)-4-(2-pyridyl)benzenesulfonamides and their therapeutic use
1682,Clinical Sciences,US-9796670-B2,2017,N-(4-hydroxy-4-methyl-cyclohexyl)-4-phenyl-benzenesulfonamides and N-(4-hydroxy-4-methyl-cyclohexyl)-4-(2-pyridyl)benzenesulfonamides and their therapeutic use
1683,Immunology,US-9796670-B2,2017,N-(4-hydroxy-4-methyl-cyclohexyl)-4-phenyl-benzenesulfonamides and N-(4-hydroxy-4-methyl-cyclohexyl)-4-(2-pyridyl)benzenesulfonamides and their therapeutic use
1684,Electrical and Electronic Engineering,US-9723122-B2,2010,Protective cases with integrated electronics
1685,Biomedical Engineering,US-9827055-B2,2017,Catheter movement control
1686,Neurosciences,WO-2013041577-A1,2012,METHODS FOR THE DIAGNOSIS OF AMYOTROPHIC LATERAL SCLEROSIS AND FRONTOTEMPORAL LOBAR DEGENERATION
1687,Cardiorespiratory Medicine and Haematology,US-20130338012-A1,2011,GENETIC RISK FACTORS OF SICK SINUS SYNDROME
1688,Clinical Sciences,US-8993718-B2,2013,Methods and compositions for detecting and modulating O-glycosylation
1689,Genetics,US-8771755-B2,2012,Preparation and compositions of highly bioavailable zerovalent sulfur and uses thereof
1690,Immunology,US-9655352-B2,2014,Humanized M-CSF mice
1691,Biomedical Engineering,US-9289132-B2,2009,Catheter balloon having stretchable integrated circuitry and sensor array
1692,Materials Engineering,US-8389862-B2,2009,Extremely stretchable electronics
1693,Medical Biochemistry and Metabolomics,US-20160076099-A1,2015,ANALYSIS OF NUCLEIC ACIDS
1694,Macromolecular and Materials Chemistry,US-9936574-B2,2011,Waterproof stretchable optoelectronics
1695,Immunology,WO-2015085242-A1,2014,SKIN INNATE RESPONSE LINKED TO PROTECTIVE INTRADERMAL VACCINATION AGAINST RESPIRATORY INFECTION
1696,Medical Microbiology,WO-2015085242-A1,2014,SKIN INNATE RESPONSE LINKED TO PROTECTIVE INTRADERMAL VACCINATION AGAINST RESPIRATORY INFECTION
1697,Immunology,US-9957327-B2,2016,Antibodies that bind colony stimulating factor 1 receptor (CSF1R)
1698,Immunology,WO-2017054831-A1,2016,USE OF HUMAN DERIVED IMMUNOSUPPRESSIVE PROTEINS AND PEPTIDES AS MEDICAMENTS
1699,Microbiology,US-9452205-B2,2013,Recombinant Lactococcus lactis expressing Escherichia coli colonization factor antigen I (CFA/I) fimbriae and their methods of use
1700,Biomedical Engineering,US-8442614-B2,2010,Stiffness enhanced filaments
1701,Biochemistry and Cell Biology,WO-2018055402-A1,2017,PREPARATION AND USES OF PYRIMIDINONE DERIVATIVES
1702,Biomedical Engineering,US-8666471-B2,2010,Implantable biomedical devices on bioresorbable substrates
1703,Materials Engineering,US-8666471-B2,2010,Implantable biomedical devices on bioresorbable substrates
1704,Other Physical Sciences,US-8666471-B2,2010,Implantable biomedical devices on bioresorbable substrates
1705,Biomedical Engineering,US-8934965-B2,2012,Conformable actively multiplexed high-density surface electrode array for brain interfacing
1706,Neurosciences,US-8934965-B2,2012,Conformable actively multiplexed high-density surface electrode array for brain interfacing
1707,Immunology,US-9695243-B2,2015,Antibodies that bind colony stimulating factor 1 receptor (CSF1R)
1708,Materials Engineering,US-9450043-B2,2014,Methods and devices for fabricating and assembling printable semiconductor elements
1709,Immunology,WO-2014068079-A1,2013,AN ANTIBODY THAT BINDS CD269 (BCMA) SUITABLE FOR USE IN THE TREATMENT OF PLASMA CELL DISEASES SUCH AS MULTIPLE MYELOMA AND AUTOIMMUNE DISEASES
1710,Artificial Intelligence and Image Processing,US-9053541-B2,2012,Image registration
1711,Physical Chemistry (incl. Structural),US-10052066-B2,2016,Appendage mountable electronic devices conformable to surfaces
1712,Materials Engineering,US-9171794-B2,2013,Embedding thin chips in polymer
1713,Microbiology,WO-2014047625-A1,2013,RECOMBINANT LACTOCOCCUS LACTIS EXPRESSING ESCHERICHIA COLI COLONIZATION FACTOR ANTIGEN I (CFA/I) FIMBRIAE AND THEIR METHODS OF USE
1714,Oncology and Carcinogenesis,US-9624167-B2,2014,N-(4-hydroxy-4-methyl-cyclohexyl)-4-phenyl-benzenesulfonamides and N-(4-hydroxy-4-methyl-cyclohexyl)-4-(2-pyridyl)benzenesulfonamides and their therapeutic use
1715,Clinical Sciences,US-9624167-B2,2014,N-(4-hydroxy-4-methyl-cyclohexyl)-4-phenyl-benzenesulfonamides and N-(4-hydroxy-4-methyl-cyclohexyl)-4-(2-pyridyl)benzenesulfonamides and their therapeutic use
1716,Immunology,US-9624167-B2,2014,N-(4-hydroxy-4-methyl-cyclohexyl)-4-phenyl-benzenesulfonamides and N-(4-hydroxy-4-methyl-cyclohexyl)-4-(2-pyridyl)benzenesulfonamides and their therapeutic use
1717,Biomedical Engineering,US-9248273-B2,2013,3D microelectrode device for live tissue applications
1718,Clinical Sciences,WO-2013061342-A1,2012,VARIANTS CONFERRING RISK OF INTRACRANIAL ANEURYSM AND ABDOMINAL AORTIC ANEURYSM
1719,Psychology,US-10016156-B2,2016,Systems and methods for detecting blink inhibition as a marker of engagement and perceived stimulus salience
1720,Materials Engineering,US-9012784-B2,2013,Extremely stretchable electronics
1721,Clinical Sciences,US-9616037-B2,2016,Aryl-phenyl-sulfonamido-cycloalkyl compounds and their use
1722,Immunology,US-9616037-B2,2016,Aryl-phenyl-sulfonamido-cycloalkyl compounds and their use
1723,Psychology,US-9861307-B2,2016,Systems and methods for detecting blink inhibition as a marker of engagement and perceived stimulus salience
1724,Oncology and Carcinogenesis,US-10029979-B2,2017,N-(4-hydroxy-4-methyl-cyclohexyl)-4-phenyl-benzenesulfonamides and N-(4-hydroxy-4-methyl-cyclohexyl)-4-(2-pyridyl)benzenesulfonamides and their therapeutic use
1725,Clinical Sciences,US-10029979-B2,2017,N-(4-hydroxy-4-methyl-cyclohexyl)-4-phenyl-benzenesulfonamides and N-(4-hydroxy-4-methyl-cyclohexyl)-4-(2-pyridyl)benzenesulfonamides and their therapeutic use
1726,Immunology,US-10029979-B2,2017,N-(4-hydroxy-4-methyl-cyclohexyl)-4-phenyl-benzenesulfonamides and N-(4-hydroxy-4-methyl-cyclohexyl)-4-(2-pyridyl)benzenesulfonamides and their therapeutic use
1727,Psychology,US-10052057-B2,2013,Systems and methods for detecting blink inhibition as a marker of engagement and perceived stimulus salience
1728,Biochemistry and Cell Biology,EP-3187589-A3,2010,BACULOVIRUS-BASED PRODUCTION OF BIOPHARMACEUTICALS FREE OF CONTAMINATING BACULOVIRAL VIRIONS
1729,Biochemistry and Cell Biology,US-9862934-B2,2015,Baculovirus-based production of biopharmaceuticals free of contaminating baculoviral virions
1730,Organic Chemistry,US-9180183-B2,2013,Phospholipid drug analogs
1731,Clinical Sciences,EP-2727944-A1,2012,Depletion of CCR2-positive monocytes for the treatment of inflammatory conditions in the gastrointestinal system
1732,Materials Engineering,US-9768086-B2,2016,Methods and devices for fabricating and assembling printable semiconductor elements
1733,Immunology,US-8747845-B2,2012,Methods of treatment by administering antibodies that bind colony stimulating factor 1 receptor (CSF1R)
1734,Biomedical Engineering,US-8536667-B2,2011,"Systems, methods, and devices having stretchable integrated circuitry for sensing and delivering therapy"
1735,Electrical and Electronic Engineering,US-8536667-B2,2011,"Systems, methods, and devices having stretchable integrated circuitry for sensing and delivering therapy"
1736,Biomedical Engineering,US-9757200-B2,2013,Intelligent catheter
1737,Immunology,AU-2016253549-B2,2016,REVERSING THE EFFECTS OF THE TUMOR MICROENVIRONMENT USING CHIMERIC CYTOKINE RECEPTORS
1738,Cardiorespiratory Medicine and Haematology,EP-2480667-A4,2010,MODULATION OF TTC39 EXPRESSION TO INCREASE HDL
1739,Artificial Intelligence and Image Processing,US-9626955-B2,2016,Intelligent text-to-speech conversion
1740,Information Systems,US-9626955-B2,2016,Intelligent text-to-speech conversion
1741,Cognitive Sciences,US-9626955-B2,2016,Intelligent text-to-speech conversion
1742,Psychology,US-9626955-B2,2016,Intelligent text-to-speech conversion
1743,Information Systems,US-9668024-B2,2016,Intelligent automated assistant for TV user interactions
1744,Artificial Intelligence and Image Processing,US-9668024-B2,2016,Intelligent automated assistant for TV user interactions
1745,Artificial Intelligence and Image Processing,US-10074360-B2,2015,Providing an indication of the suitability of speech recognition
1746,Information Systems,US-9633660-B2,2015,User profiling for voice input processing
1747,Artificial Intelligence and Image Processing,US-10049663-B2,2016,Intelligent automated assistant for media exploration
1748,Information Systems,US-10049663-B2,2016,Intelligent automated assistant for media exploration
1749,Information Systems,US-9959870-B2,2009,Speech recognition involving a mobile device
1750,Neurosciences,US-9581604-B2,2011,Biomarker for alzheimer's disease or mild cognitive impairment
1751,Information Systems,US-10083688-B2,2015,Device voice control for selecting a displayed affordance
1752,Biomedical Engineering,WO-2013135359-A1,2013,TARGETING AMINOACID LIPIDS
1753,Neurosciences,US-9066903-B2,2007,Pharmacological treatment of Parkinson's disease
1754,Information Systems,US-10049675-B2,2017,User profiling for voice input processing
1755,Medical Microbiology,US-9408891-B2,2006,Methods of using gelsolin to treat or prevent bacterial sepsis
1756,Information Systems,US-8914452-B2,2012,Automatically generating a personalized digest of meetings
1757,Neurosciences,WO-2015087087-A1,2014,BIOMARKERS AND METHODS RELATING TO ALZHEIMER'S DISEASE
1758,Organic Chemistry,US-8859545-B2,2010,"Tetrahydronaphthyridine and tetrahydropyrido[4,3-D]pyrimidine compounds and compositions thereof useful for the treatment of inflammatory and respiratory diseases"
1759,Information Systems,WO-2014197282-A1,2014,CAPTURE SERVICES THROUGH COMMUNICATION CHANNELS
1760,Biochemistry and Cell Biology,WO-2012174055-A1,2012,WOUND HEALING USING COMPLEMENT INHIBITORS
1761,Pharmacology and Pharmaceutical Sciences,US-8906939-B2,2008,3-cyano-4-(4-tetrahydropyran-phenyl)-pyridin-2-one derivatives
1762,Neurosciences,US-8906939-B2,2008,3-cyano-4-(4-tetrahydropyran-phenyl)-pyridin-2-one derivatives
1763,Neurosciences,US-8722894-B2,2008,"1,3-disubstituted-4-phenyl-1H-pyridin-2-ones"
1764,Artificial Intelligence and Image Processing,US-9715875-B2,2014,Reducing the need for manual start/end-pointing and trigger phrases
1765,Neurosciences,US-8440622-B2,2007,Use of gelsolin to treat multiple sclerosis and to diagnose neurologic disease (stossel)
1766,Pharmacology and Pharmaceutical Sciences,US-9708315-B2,2014,"1,2,4-triazolo[4,3-a]pyridine compounds and their use as positive allosteric modulators of MGLUR2 receptors"
1767,Biomedical Engineering,US-9878044-B2,2013,Targeting aminoacid lipids
1768,Linguistics,US-9535906-B2,2015,Mobile device having human language translation capability with positional feedback
1769,Information Systems,US-9966068-B2,2014,Interpreting and acting upon commands that involve sharing information with remote devices
1770,Pharmacology and Pharmaceutical Sciences,US-8993591-B2,2011,"1,2,4-triazolo[4,3-a] pyridine derivatives and their use as positive allosteric modulators of MGLUR2 receptors"
1771,Biochemistry and Cell Biology,US-9376663-B2,2014,GPR15-mediated homing and uses thereof
1772,Pharmacology and Pharmaceutical Sciences,US-9271967-B2,2011,"1,2,4-triazolo[4,3-a]pyridine derivatives and their use as positive allosteric modulators of mGluR2 receptors"
1773,Information Systems,US-9338493-B2,2014,Intelligent automated assistant for TV user interactions
1774,Artificial Intelligence and Image Processing,US-9338493-B2,2014,Intelligent automated assistant for TV user interactions
1775,Linguistics,US-10078631-B2,2015,Entropy-guided text prediction using combined word and character n-gram language models
1776,Cognitive Sciences,US-10078631-B2,2015,Entropy-guided text prediction using combined word and character n-gram language models
1777,Linguistics,US-9760559-B2,2015,Predictive text input
1778,Pharmacology and Pharmaceutical Sciences,US-8937060-B2,2010,"1,2,4-triazolo [4,3-A] pyridine derivatives and their use for the treatment of prevention of neurological and psychiatric disorders"
1779,Neurosciences,US-9132122-B2,2013,"1′,3′-disubstituted-4-phenyl-3,4,5,6-tetrahydro-2H,1′H-[1,4′]bipyridinyl-2′-ones"
1780,Pharmacology and Pharmaceutical Sciences,US-8691813-B2,2009,Indole and benzoxazine derivatives as modulators of metabotropic glutamate receptors
1781,Biomedical Engineering,US-9034579-B2,2014,Nucleic acid sample preparation
1782,Biomedical Engineering,US-9499812-B2,2015,Nucleic acid sample preparation
1783,Linguistics,US-9842101-B2,2015,Predictive conversion of language input
1784,Cognitive Sciences,US-9842101-B2,2015,Predictive conversion of language input
1785,Oncology and Carcinogenesis,WO-2013011378-A1,2012,DIAGNOSTIC MICRORNA PROFILING IN CUTANEOUS T-CELL LYMPHOMA (CTCL)
1786,Cognitive Sciences,US-9842105-B2,2015,Parsimonious continuous-space phrase representations for natural language processing
1787,Information Systems,US-9986419-B2,2017,Social reminders
1788,Neurosciences,US-8748621-B2,2012,"1,3-disubstituted 4-(aryl-X-phenyl)-1H-pyridin-2-ones"
1789,Clinical Sciences,US-9798393-B2,2015,Text correction processing
1790,Immunology,US-9316639-B2,2012,Use of gelsolin to diagnose and treat inflammatory diseases
1791,Clinical Sciences,US-9316639-B2,2012,Use of gelsolin to diagnose and treat inflammatory diseases
1792,Neurosciences,WO-2012053255-A1,2011,BIOMARKER FOR ALZHEIMER'S DISEASE OR MILD COGNITIVE IMPAIRMENT
1793,Artificial Intelligence and Image Processing,US-9934775-B2,2016,Unit-selection text-to-speech synthesis based on predicted concatenation parameters
1794,Neurosciences,WO-2015067432-A1,2014,BIOMARKERS OF ALZHEIMMER'S DISEASE PROGRESSION
1795,Immunology,US-10022424-B2,2005,Use of gelsolin to treat infections
1796,Clinical Sciences,WO-2014054103-A1,2012,NUCLEIC ACID DETECTION METHOD
1797,Information Systems,US-9582608-B2,2014,Unified ranking with entropy-weighted information for phrase-based semantic auto-completion
1798,Artificial Intelligence and Image Processing,US-9582608-B2,2014,Unified ranking with entropy-weighted information for phrase-based semantic auto-completion
1799,Artificial Intelligence and Image Processing,US-9330381-B2,2012,"Portable multifunction device, method, and graphical user interface for viewing and managing electronic calendars"
1800,Other Medical and Health Sciences,US-9234903-B2,2006,Hepcidin inhibitors for regulating iron homeostasis
1801,Artificial Intelligence and Image Processing,US-9865280-B2,2015,Structured dictation using intelligent automated assistants
1802,Linguistics,US-9865280-B2,2015,Structured dictation using intelligent automated assistants
1803,Cognitive Sciences,US-9865280-B2,2015,Structured dictation using intelligent automated assistants
1804,Information Systems,US-9865280-B2,2015,Structured dictation using intelligent automated assistants
1805,Neurosciences,US-9733260-B2,2012,Biochemical markers for neurodegenerative conditions
1806,Biochemistry and Cell Biology,US-9771585-B2,2016,miR-155 inhibitors for treating cutaneous T cell lymphoma (CTCL)
1807,Oncology and Carcinogenesis,US-9771585-B2,2016,miR-155 inhibitors for treating cutaneous T cell lymphoma (CTCL)
1808,Psychology,US-9922642-B2,2014,Training an at least partial voice command system
1809,Pharmacology and Pharmaceutical Sciences,US-8946205-B2,2010,"1,2,4-triazolo[4,3-a]pyridine derivatives and their use as positive allosteric modulators of mGluR2 receptors"
1810,Artificial Intelligence and Image Processing,US-9711141-B2,2014,Disambiguating heteronyms in speech synthesis
1811,Cognitive Sciences,US-9711141-B2,2014,Disambiguating heteronyms in speech synthesis
1812,Linguistics,US-9711141-B2,2014,Disambiguating heteronyms in speech synthesis
1813,Electrical and Electronic Engineering,US-9646614-B2,2015,"Fast, language-independent method for user authentication by voice"
1814,Artificial Intelligence and Image Processing,US-20160306788-A1,2016,SYSTEMS AND METHODS FOR TRANSCRIPT PROCESSING
1815,Artificial Intelligence and Image Processing,US-9971774-B2,2016,Voice-based media searching
1816,Pharmacology and Pharmaceutical Sciences,US-9085577-B2,2014,"7-aryl-1,2,4-triazolo[4,3-A]pyridine derivatives and their use as positive allosteric modulators of mGluR2 receptors"
1817,Immunology,WO-2011158191-A1,2011,MONITORING OF IMMUNE SYSTEM USING PERIPHERAL BLOOD MICRO-RNA EXPRESSION PROFILE ANALYSIS AND USES THEREOF
1818,Information Systems,US-9966065-B2,2015,Multi-command single utterance input method
1819,Artificial Intelligence and Image Processing,US-9966065-B2,2015,Multi-command single utterance input method
1820,Neurosciences,US-8666475-B2,2011,Images of language-sensitive neurocircuitry as a diagnostic for autism
1821,Genetics,WO-2018053039-A1,2017,"METHODS OF DIAGNOSING AND TREATING CD55 DEFICIENCY, HYPERACTIVATION OF COMPLEMENT, ANGIOPATHIC THROMBOSIS AND PROTEIN LOSING ENTEROPATHY (CHAPLE), A NEWLY IDENTIFIED ORPHAN DISEASE"
1822,Geomatic Engineering,US-9300784-B2,2014,System and method for emergency calls initiated by voice command
1823,Artificial Intelligence and Image Processing,US-20150179168-A1,2013,"Multi-user, Multi-domain Dialog System"
1824,Pharmacology and Pharmaceutical Sciences,US-8697689-B2,2009,Indole and benzomorpholine derivatives as modulators of metabotropic glutamate receptors
1825,Pharmacology and Pharmaceutical Sciences,US-9012448-B2,2011,"1,2,4-triazolo[4,3-a]pyridine derivatives and their use as positive allosteric modulators of MGLUR2 receptors"
1826,Neurosciences,US-9114138-B2,2008,"1′,3′-disubstituted-4-phenyl-3,4,5,6-tetrahydro-2H,1′H-[1,4′] bipyridinyl-2′-ones"
1827,Neurosciences,US-9266834-B2,2014,"1, 4-disubstituted 3-cyano-pyridone derivatives and their use as positive allosteric modulators of MGLUR2-receptors"
1828,Clinical Sciences,WO-2017208001-A1,2017,BIOMARKERS FOR PLATELET DISORDERS
1829,Biochemistry and Cell Biology,WO-2017208001-A1,2017,BIOMARKERS FOR PLATELET DISORDERS
1830,Information Systems,US-9190062-B2,2014,User profiling for voice input processing
1831,Artificial Intelligence and Image Processing,US-9865248-B2,2017,Intelligent text-to-speech conversion
1832,Information Systems,US-9865248-B2,2017,Intelligent text-to-speech conversion
1833,Cognitive Sciences,US-9865248-B2,2017,Intelligent text-to-speech conversion
1834,Psychology,US-9865248-B2,2017,Intelligent text-to-speech conversion
1835,Cardiorespiratory Medicine and Haematology,WO-2011161700-A1,2011,GENETIC MARKERS FOR RISK MANAGEMENT OF VASCULAR DISEASE
1836,Linguistics,US-9785630-B2,2015,Text prediction using combined word N-gram and unigram language models
1837,Cognitive Sciences,US-9785630-B2,2015,Text prediction using combined word N-gram and unigram language models
1838,Physical Chemistry (incl. Structural),WO-2013008240-A2,2012,LIPOSOMES CO-ENCAPSULATING A BISPHOSPHONATE AND AN AMPHIPATHIC AGENT
1839,Artificial Intelligence and Image Processing,US-20130060593-A1,2011,MEETING PLANNER
1840,Artificial Intelligence and Image Processing,US-9972304-B2,2016,Privacy preserving distributed evaluation framework for embedded personalized systems
1841,Artificial Intelligence and Image Processing,US-9958987-B2,2017,Automated response to and sensing of user activity in portable devices
1842,Information Systems,US-9646609-B2,2015,Caching apparatus for serving phonetic pronunciations
1843,Cognitive Sciences,US-9966060-B2,2017,System and method for user-specified pronunciation of words for speech synthesis and recognition
1844,Pharmacology and Pharmaceutical Sciences,US-8716480-B2,2010,"7-aryl-1,2,4-triazolo[4,3-a]pyridine derivatives and their use as positive allosteric modulators of mGluR2 receptors"
1845,Artificial Intelligence and Image Processing,US-10049668-B2,2016,Applying neural network language models to weighted finite state transducers for automatic speech recognition
1846,Cognitive Sciences,US-10049668-B2,2016,Applying neural network language models to weighted finite state transducers for automatic speech recognition
1847,Linguistics,US-10049668-B2,2016,Applying neural network language models to weighted finite state transducers for automatic speech recognition
1848,Pharmacology and Pharmaceutical Sciences,US-9226930-B2,2014,"1,2,4-triazolo [4,3-a] pyridine derivatives and their use for the treatment of prevention of neurological and psychiatric disorders"
1849,Information Systems,US-10083690-B2,2017,Better resolution when referencing to concepts
1850,Neurosciences,US-8785486-B2,2008,"Imidazo[1,2-A]pyridine derivatives and their use as positive allosteric modulators of mGluR2 receptors"
1851,Neurosciences,AU-2011319319-B2,2011,Biomarker for Alzheimer's disease or mild cognitive impairment
1852,Artificial Intelligence and Image Processing,US-9600885-B2,2013,Temporal anatomical target tagging in angiograms
1853,Linguistics,US-9899019-B2,2015,Systems and methods for structured stem and suffix language models
1854,Linguistics,US-10067938-B2,2016,Multilingual word prediction
1855,Biomedical Engineering,US-8932815-B2,2014,Nucleic acid sample preparation
1856,Information Systems,US-9633004-B2,2014,Better resolution when referencing to concepts
1857,Medical Biochemistry and Metabolomics,EP-3112375-A1,2015,"ANTIGENIC PEPTIDES FOR THE DIAGNOSIS, THERAPY MONITORING AND/OR TREATMENT OF PSORIASIS VULGARIS"
1858,Artificial Intelligence and Image Processing,US-9818400-B2,2015,Method and apparatus for discovering trending terms in speech requests
1859,Information Systems,US-9818400-B2,2015,Method and apparatus for discovering trending terms in speech requests
1860,Pharmacology and Pharmaceutical Sciences,US-9067891-B2,2012,"1,4-disubstituted 3-cyano-pyridone derivatives and their use as positive allosteric modulators of mGluR2-receptors"
1861,Artificial Intelligence and Image Processing,US-9368114-B2,2014,Context-sensitive handling of interruptions
1862,Biochemistry and Cell Biology,US-9994852-B2,2017,Oligonucleotide compositions and uses thereof
1863,Artificial Intelligence and Image Processing,US-9432517-B2,2013,"Methods, apparatuses, and systems for generating an action item in response to a detected audio trigger during a conversation"
1864,Artificial Intelligence and Image Processing,US-9697820-B2,2015,Unit-selection text-to-speech synthesis using concatenation-sensitive neural networks
1865,Information Systems,US-9668121-B2,2015,Social reminders
1866,Pharmacology and Pharmaceutical Sciences,US-10071095-B2,2017,"1,2,4-triazolo [4,3-A] pyridine derivatives and their use for the treatment of neurological and psychiatric disorders"
1867,Information Systems,US-10079014-B2,2017,Name recognition system
1868,Information Systems,US-9910840-B2,2015,Annotating notes from passive recording with categories
1869,Artificial Intelligence and Image Processing,US-10043517-B2,2015,Audio-based event interaction analytics
1870,Biomedical Engineering,US-10006083-B2,2015,Nucleic acid sample preparation
1871,Pharmacology and Pharmaceutical Sciences,US-8691849-B2,2009,3-azabicyclo[3.1.0]hexyl derivatives as modulators of metabotropic glutamate receptors
1872,Information Systems,US-20130007635-A1,2011,TELECONFERENCING ADJUNCT AND USER INTERFACE TO SUPPORT TEMPORARY TOPIC-BASED EXCLUSIONS OF SPECIFIC PARTICIPANTS
1873,Linguistics,US-9430463-B2,2014,Exemplar-based natural language processing
1874,Artificial Intelligence and Image Processing,US-9886953-B2,2015,Virtual assistant activation
1875,Cognitive Sciences,US-9977779-B2,2014,Automatic supplementation of word correction dictionaries
1876,Information Systems,US-9953088-B2,2016,Crowd sourcing information to fulfill user requests
1877,Electrical and Electronic Engineering,US-9721566-B2,2015,Competing devices responding to voice triggers
1878,Linguistics,US-9886432-B2,2015,Parsimonious handling of word inflection via categorical stem + suffix N-gram language models
1879,Cognitive Sciences,US-9886432-B2,2015,Parsimonious handling of word inflection via categorical stem + suffix N-gram language models
1880,Psychology,US-9886432-B2,2015,Parsimonious handling of word inflection via categorical stem + suffix N-gram language models
1881,Information Systems,US-9633674-B2,2014,System and method for detecting errors in interactions with a voice-based digital assistant
1882,Artificial Intelligence and Image Processing,US-9619079-B2,2016,Automated response to and sensing of user activity in portable devices
1883,Other Medical and Health Sciences,US-10004784-B2,2017,Use of hepcidin as a regulator of iron homeostasis
1884,Information Systems,US-9733821-B2,2014,Voice control to diagnose inadvertent activation of accessibility features
1885,Cardiorespiratory Medicine and Haematology,EP-2480667-A1,2010,MODULATION OF TTC39 EXPRESSION TO INCREASE HDL
1886,Information Systems,US-10078487-B2,2014,Context-sensitive handling of interruptions
1887,Artificial Intelligence and Image Processing,US-10043516-B2,2016,Intelligent automated assistant
1888,Information Systems,US-10043516-B2,2016,Intelligent automated assistant
1889,Linguistics,US-10043516-B2,2016,Intelligent automated assistant
1890,Pharmacology and Pharmaceutical Sciences,US-9737533-B2,2015,"1,2,4-triazolo [4,3-A] pyridine derivatives and their use for the treatment of prevention of neurological and psychiatric disorders"
1891,Analytical Chemistry,US-9387489-B2,2015,Devices for separation of biological materials
1892,Electrical and Electronic Engineering,US-9697822-B1,2014,System and method for updating an adaptive speech recognition model
1893,Artificial Intelligence and Image Processing,US-9697822-B1,2014,System and method for updating an adaptive speech recognition model
1894,Communications Technologies,US-9697822-B1,2014,System and method for updating an adaptive speech recognition model
1895,Cognitive Sciences,US-9620104-B2,2014,System and method for user-specified pronunciation of words for speech synthesis and recognition
1896,Pharmacology and Pharmaceutical Sciences,US-8841323-B2,2007,"1, 4-disubstituted 3-cyano-pyridone derivatives and their use as positive allosteric modulators of MGLUR2-receptors"
1897,Optical Physics,WO-2014136076-A2,2014,ASSEMBLY COMPRISING AN ABSORBER OF NEAR INFRARED (NIR) LIGHT COVALENTLY LINKED TO AN INHIBITOR OF CARBONIC ANHYDRASE
1898,Immunology,EP-3305890-A1,2012,REVERSING THE EFFECTS OF THE TUMOR MICROENVIRONMENT USING CHIMERIC CYTOKINE RECEPTORS
1899,Clinical Sciences,US-8198094-B2,2007,Methods of using gelsolin levels to characterize a subject's risk of developing rheumatoid arthritis
1900,Immunology,US-8198094-B2,2007,Methods of using gelsolin levels to characterize a subject's risk of developing rheumatoid arthritis
1901,Information Systems,US-10089072-B2,2016,Intelligent device arbitration and control
1902,Neurosciences,US-9226904-B2,2010,Pharmacological treatment of Parkinson's disease
1903,Electrical and Electronic Engineering,US-9620105-B2,2014,Analyzing audio input for efficient speech and music recognition
1904,Information Systems,US-9502031-B2,2014,Method for supporting dynamic grammars in WFST-based ASR
1905,Biomedical Engineering,US-9827565-B2,2016,Nucleic acid sample preparation
1906,Analytical Chemistry,US-9682385-B2,2016,Devices for separation of biological materials
1907,Biochemistry and Cell Biology,WO-2014172584-A1,2014,IMMUNOSUPPRESSIVE TGF-β SIGNAL CONVERTER
1908,Physical Chemistry (incl. Structural),US-10085940-B2,2012,Liposomes co-encapsulating a bisphosphonate and an amphipathic agent
1909,Genetics,US-9255288-B2,2014,Nanofluidic devices for the rapid mapping of whole genomes and related systems and methods of analysis
1910,Macromolecular and Materials Chemistry,US-9810693-B2,2013,Chromophoric polymer dots
1911,Biomedical Engineering,US-9695468-B2,2015,Methods for droplet-based sample preparation
1912,Computation Theory and Mathematics,US-9701998-B2,2016,Methods and systems for processing polynucleotides
1913,Inorganic Chemistry,US-9169235-B2,2014,Phthalazinone derivatives
1914,Genetics,US-9890425-B2,2014,Systems and methods for detection of genomic copy number changes
1915,Neurosciences,WO-2015087087-A1,2014,BIOMARKERS AND METHODS RELATING TO ALZHEIMER'S DISEASE
1916,Computation Theory and Mathematics,US-10011872-B1,2017,Methods and systems for processing polynucleotides
1917,Computation Theory and Mathematics,US-10030267-B2,2017,Methods and systems for processing polynucleotides
1918,Organic Chemistry,US-9290460-B2,2012,"1-(Arylmethyl)quinazoline-2,4(1H,3H)-diones as PARP inhibitors and the use thereof"
1919,Medical Biotechnology,WO-2013133708-A1,2013,"COMPOSITIONS AND METHODS FOR DIAGNOSING AND TREATING INTELLECTUAL DISABILITY SYNDROME, AUTISM AND AUTISM RELATED DISORDERS"
1920,Cardiorespiratory Medicine and Haematology,EP-2682108-B1,2013,Dry Powder Inhalers Comprising a Carrier Other Than Lactose and a Ternary Component
1921,Pharmacology and Pharmaceutical Sciences,EP-2682108-B1,2013,Dry Powder Inhalers Comprising a Carrier Other Than Lactose and a Ternary Component
1922,Organic Chemistry,EP-2327696-A1,2007,Prolyl hydroxylase inhibitors and methods of use
1923,Oncology and Carcinogenesis,US-9850542-B2,2014,Gene signature to predict homologous recombination (HR) deficient cancer
1924,Immunology,US-20130123145-A1,2012,"METHODS. PARTICLES, AND ASSAY KITS FOR IDENTIFYING PRESENCE OF BIOLOGICAL PARAMETERS"
1925,Medicinal and Biomolecular Chemistry,WO-2014111546-A1,2014,METHOD FOR THE IDENTIFICATION OF BITTER TASTING COMPOUNDS AND BITTER TASTE MODULATING COMPOUNDS
1926,Clinical Sciences,US-9868994-B2,2017,Methods of stratifying patients for treatment with retinoic acid receptor-α agonists
1927,Genetics,US-9598733-B2,2012,Methods for identifying subjects with a genetic risk for developing IgA nephropathy
1928,Biochemistry and Cell Biology,WO-2011051733-A3,2010,DERIVATIVES OF URIDINE PHOSPHATE AND THEIR USES IN PROTEIN BINDING ASSAYS
1929,Biochemistry and Cell Biology,WO-2014184584-A1,2014,DELIVERY PEPTIDES
1930,Medical Biochemistry and Metabolomics,WO-2014184584-A1,2014,DELIVERY PEPTIDES
1931,Other Physical Sciences,US-9989515-B2,2013,"Devices with fluidic nanofunnels, associated methods, fabrication and analysis systems"
1932,Macromolecular and Materials Chemistry,WO-2015030685-A1,2014,"FLUORESCENT POLYMER DOTS, METHODS FOR THEIR PREPERATION, AND USES THEREOF"
1933,Macromolecular and Materials Chemistry,US-9382473-B2,2013,Chromophoric polymer dots
1934,Genetics,US-9970898-B2,2014,Nanofluidic devices for the rapid mapping of whole genomes and related systems and methods of analysis
1935,Neurosciences,US-9845508-B2,2016,Methods of stratifying patients for treatment with retinoic acid receptor-alpha agonists
1936,Information Systems,DE-102010041794-A1,2010,"Microscope system, microscopic methods and computer program product"
1937,Electrical and Electronic Engineering,US-10071377-B2,2017,"Fluidic devices, systems, and methods for encapsulating and partitioning reagents, and applications of same"
1938,Oncology and Carcinogenesis,WO-2012013931-A1,2011,METHODS FOR DIAGNOSING CANCER
1939,Genetics,US-9284575-B2,2013,Synthetic regulation of gene expression
1940,Biochemistry and Cell Biology,US-9284575-B2,2013,Synthetic regulation of gene expression
1941,Biochemistry and Cell Biology,US-9018370-B2,2010,Derivatives of uridine phosphate and their uses in protein binding assays
1942,Biomedical Engineering,US-9689024-B2,2015,Methods for droplet-based sample preparation
1943,Genetics,US-9824068-B2,2014,Methods and apparatus for sorting data
1944,Oncology and Carcinogenesis,US-20160152722-A1,2016,COMBINATIONS OF ANTI-4-1BB ANTIBODIES AND ADCC-INDUCING ANTIBODIES FOR THE TREATMENT OF CANCER
1945,Immunology,US-20160152722-A1,2016,COMBINATIONS OF ANTI-4-1BB ANTIBODIES AND ADCC-INDUCING ANTIBODIES FOR THE TREATMENT OF CANCER
1946,Macromolecular and Materials Chemistry,US-9797840-B2,2012,Highly fluorescent polymer nanoparticle
1947,Nanotechnology,US-9797840-B2,2012,Highly fluorescent polymer nanoparticle
1948,Artificial Intelligence and Image Processing,WO-2013114257-A2,2013,IMAGING APPARATUS FOR IMAGING AN OBJECT
1949,Artificial Intelligence and Image Processing,US-8957958-B2,2011,"Microscope system, microscopy method and storage medium"
1950,Biochemistry and Cell Biology,EP-2767829-A1,2013,A method for identifying bitter principles and bitter-modulating principles
1951,Immunology,US-9879057-B2,2014,Biomarkers for Mycobacterium avium paratuberculosis (MAP)
1952,Clinical Sciences,US-9671414-B2,2014,Assays and methods of treatment relating to vitamin D insufficiency
1953,Organic Chemistry,US-9926304-B2,2016,"1-(arylmethyl)quinazoline-2,4(1H,3H)-diones as PARP inhibitors and the use thereof"
1954,Materials Engineering,US-10067139-B2,2013,Polyelectrolyte-coated polymer dots and related methods
1955,Macromolecular and Materials Chemistry,US-10067139-B2,2013,Polyelectrolyte-coated polymer dots and related methods
1956,Physical Chemistry (incl. Structural),US-10067139-B2,2013,Polyelectrolyte-coated polymer dots and related methods
1957,Medical Biotechnology,WO-2011006161-A3,2010,COMPOSITIONS AND METHODS FOR DIAGNOSING AND TREATING MACULAR DEGENERATION
1958,Oncology and Carcinogenesis,US-9784666-B2,2015,Methods for assessing cancer cells using granulometry
1959,Information Systems,EP-2437097-A2,2011,"Microscope system, microscopy method and computer program product"
1960,Clinical Sciences,WO-2012025746-A1,2011,MEDICAL USE OF HEPARIN-BINDING EGF-LIKE GROWTH FACTOR (HB-EGF)
1961,Biochemistry and Cell Biology,US-9987262-B2,2017,"Solid forms of {[5-(3-chlorophenyl)-3-hydroxypyridine-2-carbonyl]amino}acetic acid, compositions, and uses thereof"
1962,Computation Theory and Mathematics,US-9951386-B2,2017,Methods and systems for processing polynucleotides
1963,Medical Biotechnology,US-10076575-B2,2014,"Peptide, complex of peptide and siRNA and use thereof"
1964,Neurosciences,EP-2742155-A4,2012,"BIOMARKER FOR ALZHEIMER'S DISEASE AND/OR MILD COGNITIVELY IMPAIRMENT, AND USE THEREOF"
1965,Other Physical Sciences,WO-2013153294-A1,2013,OPTICAL MEASUREMENT METHOD AND DEVICE
1966,Optical Physics,WO-2013153294-A1,2013,OPTICAL MEASUREMENT METHOD AND DEVICE
1967,Biochemistry and Cell Biology,EP-3038600-A4,2014,NANOPARTICLE DRUG DELIVERY SYSTEM AND METHOD OF TREATING CANCER AND NEUROTRAUMA
1968,Public Health and Health Services,WO-2014210030-A2,2014,METHODS OF REDUCING THE RISK OF MORTALITY ASSOCIATED WITH A MEDICAL TREATMENT
1969,Genetics,US-9618479-B2,2015,Nanofluidic devices for the rapid mapping of whole genomes and related systems and methods of analysis
1970,Inorganic Chemistry,US-9566276-B2,2015,Phthalazinone derivatives
1971,Inorganic Chemistry,US-8912187-B2,2011,Phthalazinone derivatives
1972,Clinical Sciences,US-9387246-B2,2014,Treatment methods for rheumatoid arthritis
1973,Oncology and Carcinogenesis,WO-2013124740-A2,2013,BRCA DEFICIENCY PROTEIN AND mRNA SIGNATURES USEFUL IN IDENTIFICATION OF PATIENTS WITH BRCA-DEFICIENT TUMORS AND PREDICTING BENEFIT OF ANTI-CANCER THERAPY IN CANCER PATIENTS
1974,Computation Theory and Mathematics,US-9856530-B2,2017,Methods and systems for processing polynucleotides
1975,Genetics,US-9845481-B2,2016,Synthetic regulation of gene expression
1976,Biochemistry and Cell Biology,US-9845481-B2,2016,Synthetic regulation of gene expression
1977,Public Health and Health Services,US-20140377377-A1,2014,METHODS OF REDUCING THE RISK OF MORTALITY ASSOCIATED WITH A MEDICAL TREATMENT
1978,Clinical Sciences,US-9329190-B2,2012,Assays and methods of treatment relating to vitamin D insufficiency
1979,Clinical Sciences,US-9052308-B2,2013,Assays and methods of treatment relating to vitamin D insufficiency
1980,Oncology and Carcinogenesis,WO-2012090073-A2,2011,METHODS AND COMPOSITIONS FOR PREDICTING CHEMOTHERAPY SENSITIVITY
1981,Biomedical Engineering,US-10053723-B2,2017,Capsule array devices and methods of use
1982,Organic Chemistry,US-9090568-B2,2012,Quinazolinediones and their use
1983,Artificial Intelligence and Image Processing,WO-2013114257-A3,2013,IMAGING APPARATUS FOR IMAGING AN OBJECT
1984,Clinical Sciences,US-9606131-B2,2015,Assays and methods of treatment relating to vitamin D insufficiency
1985,Medical Biotechnology,US-8119348-B2,2010,Compositions and methods for diagnosing and treating macular degeneration
1986,Immunology,US-9315585-B2,2011,Anti-GD2 antibodies
1987,Immunology,WO-2012109659-A1,2012,"HLA-RESTRICTED, PEPTIDE-SPECIFIC ANTIGEN BINDING PROTEINS"
1988,Pharmacology and Pharmaceutical Sciences,US-9446133-B2,2014,Dry powder inhaler and system for drug delivery
1989,Chemical Engineering,US-9675674-B2,2016,Diketopiperazine salts for drug delivery and related methods
1990,Psychology,US-9415030-B2,2013,High-dose glycine as a treatment for obsessive-compulsive disorder and obsessive-compulsive spectrum disorders
1991,Organic Chemistry,US-9963459-B1,2017,"Processes for the preparation of (3S,4R)-3-ethyl-4-(3H-imidazo[1,2-alpla]pyrrolo[2,3-e]-pyrazin-8-YL)-N-(2,2,2-Trifluoroethyl)pyrrol and solid state forms thereof"
1992,Clinical Sciences,US-8026212-B2,2010,Methods of preparing pharmaceutical compositions comprising GPR119 agonists having the effect of glucose-dependent insulinotropic peptide secretatgogues
1993,Public Health and Health Services,WO-2014095257-A1,2013,EUTECTIC MIXTURES IN PERSONAL CARE COMPOSITIONS
1994,Organic Chemistry,US-10017517-B2,2018,"Processes for the preparation of (3S,4R)-3-ethyl-4-(3H-imidazo[1,2-α]pyrrolo[2,3-e]-pyrazin-8-yl)-N-(2,2,2-trifluorethyl)pyrrolidine-1-carboxamide and solid state forms thereof"
1995,Organic Chemistry,US-9796688-B2,2016,Catalysis of diketopiperazine synthesis
1996,Other Physical Sciences,DE-102015224162-A1,2015,Method for determining a movement information and a magnetic resonance device describing a movement in an at least partially moved examination area
1997,Immunology,EP-3006467-A1,2012,"HLA-RESTRICTED, PEPTIDE-SPECIFIC ANTIGEN BINDING PROTEINS"
1998,Immunology,US-9790278-B2,2013,"Anti-B7-H6 antibody, fusion proteins, and methods of using the same"
1999,Biochemistry and Cell Biology,US-9822340-B1,2016,T-cell receptor-deficient T cell compositions
2000,Organic Chemistry,US-9879018-B2,2017,"Processes for the preparation of (3S,4R)-3-ethyl-4-(3H-imidazo[1,2-α]pyrrolo[2,3-e]-pyrazin-8-yl)-N-(2,2,2-trifluoroethyl and solid state forms thereof"
2001,Public Health and Health Services,US-9744109-B2,2013,Eutectic mixtures in personal care compositions
2002,Communications Technologies,US-9364619-B2,2009,Interactive apparatus and method for real-time profiling of inhalation efforts
2003,Psychology,US-9940844-B2,2011,Enhancing cognition in the presence of distraction and/or interruption
2004,Clinical Sciences,WO-2011045349-A2,2010,METHODS FOR DIAGNOSING AND TREATING A PATHOLOGY ASSOCIATED WITH A SYNONYMOUS MUTATION OCCURING WITHIN A GENE OF INTEREST
2005,Biochemistry and Cell Biology,US-9821011-B1,2016,T-cell receptor-deficient T cell compositions
2006,Physical Chemistry (incl. Structural),US-9149528-B2,2012,Topical vitamin D oral supplement compositions
2007,Biochemistry and Cell Biology,US-9663763-B2,2016,T-cell receptor-deficient T cell compositions
2008,Biochemistry and Cell Biology,US-9938497-B2,2015,T cell receptor-deficient T cell compositions
2009,Clinical Sciences,WO-2014140509-A1,2013,DIAGNOSIS AND TREATMENT OF ARTHRITIC CONDITIONS
2010,Public Health and Health Services,WO-2014095255-A1,2013,EUTECTIC MIXTURES IN PERSONAL CARE COMPOSITIONS
2011,Clinical Sciences,US-8017574-B2,2010,Methods of preparing pharmaceutical compositions comprising GPR119 agonists having the effect of glucose-dependent insulinotropic peptide secretagogues
2012,Chemical Engineering,US-9700690-B2,2014,Inhalation apparatus
2013,Biochemistry and Cell Biology,US-9630930-B2,2014,Diketopiperazine microparticles with defined specific surface areas
2014,Pharmacology and Pharmaceutical Sciences,US-9364436-B2,2012,High capacity diketopiperazine microparticles and methods
2015,Chemical Engineering,US-9241903-B2,2013,Method for improving the pharmaceutic properties of microparticles comprising diketopiperazine and an active agent
2016,Other Physical Sciences,DE-102015224162-B4,2015,Method for determining a movement information and a magnetic resonance device describing a movement in an at least partially moved examination area
2017,Communications Technologies,WO-2011064577-A1,2010,CONTRAST AGENTS FOR MEDICAL MICROWAVE IMAGING
2018,Other Physical Sciences,WO-2011064577-A1,2010,CONTRAST AGENTS FOR MEDICAL MICROWAVE IMAGING
2019,Clinical Sciences,US-9943571-B2,2013,Use of ultrarapid acting insulin
2020,Pharmacology and Pharmaceutical Sciences,US-9802012-B2,2013,Dry powder drug delivery system and methods
2021,Clinical Sciences,US-9801925-B2,2015,Potentiation of glucose elimination
2022,Pharmacology and Pharmaceutical Sciences,EP-3153161-A1,2012,SMALL MOLECULE INHIBITORS OF TRPA1
2023,Organic Chemistry,US-9879019-B2,2017,"Processes for the preparation of (3S,4R)-3-ethyl-4-(3H-imidazo[1,2-α]pyrrolo[2,3-e]-pyrazin-8-yl)-N-(2,2,2-trifluoroethyl)pyrrolidine-1-carboxamide and solid state forms thereof"
2024,Neurosciences,US-9737525-B2,2014,Small molecule activators of NRF2 pathway
2025,Oncology and Carcinogenesis,US-9452182-B2,2012,Collateral gene inactivation biomarkers and targets for cancer therapy
2026,Pharmacology and Pharmaceutical Sciences,US-9339615-B2,2013,Dry powder inhaler and system for drug delivery
2027,Pharmacology and Pharmaceutical Sciences,US-9220687-B2,2014,Substituted diketopiperazine analogs for use as drug delivery agents
2028,Macromolecular and Materials Chemistry,US-9220687-B2,2014,Substituted diketopiperazine analogs for use as drug delivery agents
2029,Clinical Sciences,US-9993190-B2,2012,System and method for neurocognitive training and/or neuropsychological assessment
2030,Immunology,US-10072078-B2,2013,M971 chimeric antigen receptors
2031,Clinical Sciences,US-10046031-B2,2017,Use of ultrarapid acting insulin
2032,Pharmacology and Pharmaceutical Sciences,US-9511198-B2,2013,Dry powder inhaler and system for drug delivery
2033,Physical Chemistry (incl. Structural),US-9717689-B2,2016,Method of drug formulation based on increasing the affinity of crystalline microparticle surfaces for active agents
2034,Chemical Engineering,US-9925144-B2,2014,Heat-stable dry powder pharmaceutical compositions and methods
2035,Pharmacology and Pharmaceutical Sciences,US-9662461-B2,2016,Dry powder drug delivery system and methods
2036,Neurosciences,US-9486447-B2,2012,Compositions and methods for controlling neuronal excitation
2037,Medical Microbiology,US-8183349-B2,2010,Markers of XMRV infection and uses thereof
2038,Electrical and Electronic Engineering,US-9943241-B2,2014,"Impedance measurement devices, systems, and methods"
2039,Immunology,WO-2014065961-A1,2013,M971 CHIMERIC ANTIGEN RECEPTORS
2040,Psychology,US-8604080-B2,2008,High dose glycine as a treatment for obsessive-compulsive disorder and obsessive compulsive spectrum disorders
2041,Pharmacology and Pharmaceutical Sciences,US-8486646-B2,2010,Methods of using a G protein-coupled receptor to identify peptide YY (PYY) secretagogues
2042,Clinical Sciences,US-8486646-B2,2010,Methods of using a G protein-coupled receptor to identify peptide YY (PYY) secretagogues
2043,Medical Biochemistry and Metabolomics,WO-2013028843-A1,2012,PEPTIDE NANOPARTICLES AND USES THEREOF
2044,Immunology,US-9688772-B2,2015,Anti-GD2 antibodies
2045,Biochemistry and Cell Biology,WO-2013057687-A3,2012,BIOMARKERS PREDICTIVE OF RESPONSIVENESS TO ALPHA 7 NICOTINIC ACETYLCHOLINE RECEPTOR ACTIVATOR TREATMENT
2046,Psychology,US-9504665-B2,2013,High-dose glycine as a treatment for obsessive-compulsive disorder and obsessive-compulsive spectrum disorders
2047,Physical Chemistry (incl. Structural),US-9446001-B2,2015,Increasing drug affinity for crystalline microparticle surfaces
2048,Organic Chemistry,WO-2012152940-A2,2012,SMALL MOLECULE INHIBITORS OF TRPA1
2049,Cardiorespiratory Medicine and Haematology,US-9974831-B2,2016,Methods of reducing myocardial injury following myocardial infarction
2050,Immunology,US-9868774-B2,2012,Anti-CD22 chimeric antigen receptors
2051,Electrical and Electronic Engineering,US-9949662-B2,2014,Device and method having automatic user recognition and obtaining impedance-measurement signals
2052,Information Systems,US-9693696-B2,2015,System with user-physiological data updates
2053,Oncology and Carcinogenesis,WO-2011124725-A1,2011,RAD51C AS A HUMAN CANCER SUSCEPTIBILITY GENE
2054,Genetics,WO-2011124725-A1,2011,RAD51C AS A HUMAN CANCER SUSCEPTIBILITY GENE
2055,Neurosciences,WO-2012004276-A2,2011,"MULTIPROTEIN BIOMARKERS OF AMYOTROPHIC LATERAL SCLEROSIS IN PERIPHERAL BLOOD MONONUCLEAR CELLS, DIAGNOSTIC METHODS AND KITS"
2056,Ophthalmology and Optometry,US-9867810-B1,2017,Ophthalmic pharmaceutical compositions and uses relating thereto
2057,Biochemistry and Cell Biology,US-9833476-B2,2012,NKP30 receptor targeted therapeutics
2058,Pharmacology and Pharmaceutical Sciences,WO-2012050512-A1,2011,TRPA1 RECEPTOR ANTAGONIST
2059,Medical Biochemistry and Metabolomics,US-8828928-B2,2012,Amphiphilic peptides and peptide particles
2060,Medical Biotechnology,US-9963681-B2,2012,Cellular substrate for nuclear reprogramming
2061,Organic Chemistry,US-8859556-B2,2011,TRPA1 receptor antagonist
2062,Clinical Sciences,US-9387246-B2,2014,Treatment methods for rheumatoid arthritis
2063,Pharmacology and Pharmaceutical Sciences,US-9610351-B2,2015,Methods and compositions for treating pain
2064,Pharmacology and Pharmaceutical Sciences,US-9655850-B2,2015,Substituted diketopiperazine analogs for use as drug delivery agents
2065,Macromolecular and Materials Chemistry,US-9655850-B2,2015,Substituted diketopiperazine analogs for use as drug delivery agents
2066,Organic Chemistry,US-9346766-B2,2014,Catalysis of diketopiperazine synthesis
2067,Pharmacology and Pharmaceutical Sciences,US-9233159-B2,2012,Methods and compositions for treating pain
2068,Pharmacology and Pharmaceutical Sciences,US-9192675-B2,2013,Dry powder inhaler and system for drug delivery
2069,Neurosciences,EP-3207926-A1,2016,OXIDIZED LIPIDS IN THE TREATMENT OF CHRONIC OR NEUROPATHIC PAIN
2070,Clinical Sciences,EP-3207926-A1,2016,OXIDIZED LIPIDS IN THE TREATMENT OF CHRONIC OR NEUROPATHIC PAIN
2071,Clinical Sciences,WO-2017216323-A2,2017,MARKER SEQUENCES FOR MANAGING THE THERAPY OF RHEUMATOID ARTHRITIS PATIENTS
2072,Clinical Sciences,US-8026074-B2,2010,Methods of using GPR119 to identify compounds useful for increasing bone mass in an individual
2073,Organic Chemistry,US-9440993-B2,2012,Small molecule inhibitors of TRPA1
2074,Organic Chemistry,US-9951080-B2,2017,"Processes for the preparation of (3S,4R)-3-ethyl-4-(3H-imidazo[1,2-alpha]pyrrolo[2,3-e]-pyrazin-8-yl)-N-(2,2,2-trifluoroethyl)pyrrolidine-1-carboxamide and solid state forms thereof"
2075,Biochemistry and Cell Biology,WO-2013059593-A1,2012,ANTI-CD22 CHIMERIC ANTIGEN RECEPTORS
2076,Organic Chemistry,US-10000438-B2,2016,Small molecule inhibitors of TRPA1
2077,Biochemistry and Cell Biology,US-9957480-B2,2015,T cell receptor-deficient T cell compositions
2078,Physical Chemistry (incl. Structural),US-9877929-B2,2012,Topical vitamin D and ubiquinol oral supplement compositions
2079,Artificial Intelligence and Image Processing,US-9706944-B2,2015,Apparatus and method for simulating inhalation efforts
2080,Clinical Sciences,EP-3258268-A1,2016,MARKER SEQUENCES FOR MANAGING TREATMENT OF PATIENTS SUFFERING FROM RHEUMATOID ARTHRITIS
2081,Biochemistry and Cell Biology,US-9828583-B2,2013,Isolated human lung progenitor cells and uses thereof
2082,Macromolecular and Materials Chemistry,US-9695262-B2,2012,Molecularly imprinted polymers having affinity for natriuretic peptides
2083,Biochemistry and Cell Biology,WO-2013106677-A1,2013,ISOLATED HUMAN LUNG PROGENITOR CELLS AND USES THEREOF
2084,Paediatrics and Reproductive Medicine,EP-2726601-A1,2012,COMPOSITIONS AND METHODS FOR ENHANCING BIOENERGETIC STATUS IN FEMALE GERM CELLS
2085,Biochemistry and Cell Biology,EP-2964254-A1,2014,IMMUNOTHERAPEUTIC POTENTIAL OF MODIFIED LIPOOLIGOSACCHARIDES/LIPID A
2086,Biochemistry and Cell Biology,US-9068186-B2,2011,Viable gram negative bacteria lacking outer membrane agonists of TLR4/MD-2
2087,Oncology and Carcinogenesis,US-9056120-B2,2013,Methods of treating myelodysplastic syndromes with a combination therapy using lenalidomide and azacitidine
2088,Immunology,US-9085617-B2,2014,Anti-angiogenic therapy
2089,Biochemistry and Cell Biology,US-9574179-B2,2012,Hematopoietic precursor cell production by programming
2090,Paediatrics and Reproductive Medicine,EP-2726601-A4,2012,COMPOSITIONS AND METHODS FOR ENHANCING BIOENERGETIC STATUS IN FEMALE GERM CELLS
2091,Artificial Intelligence and Image Processing,US-9280739-B2,2013,Computer implemented system for automating the generation of a business decision analytic model
2092,Oncology and Carcinogenesis,US-8404717-B2,2011,Methods of treating myelodysplastic syndromes using lenalidomide
2093,Neurosciences,US-9198940-B2,2011,Probiotic strains for use in improving the enteric nervous system
2094,Clinical Sciences,US-7867490-B2,2006,Treatment of liver cirrhosis and its complications
2095,Genetics,EP-3272878-A1,2016,METHODS OF DIAGNOSING AND TREATMENT OF ALZHEIMER'S DISEASE
2096,Oncology and Carcinogenesis,US-8404716-B2,2010,Methods of treating myelodysplastic syndromes with a combination therapy using lenalidomide and azacitidine
2097,Ophthalmology and Optometry,WO-2013124659-A1,2013,BIOMARKER FOR AGE-RELATED MACULAR DEGENERATION (AMD)
2098,Neurosciences,US-9737525-B2,2014,Small molecule activators of NRF2 pathway
2099,Immunology,WO-2018073391-A1,2017,TARGETED GENE INSERTION FOR IMPROVED IMMUNE CELLS THERAPY
2100,Biochemistry and Cell Biology,EP-2545162-A1,2011,VIABLE GRAM NEGATIVE BACTERIA LACKING OUTER MEMBRANE AGONISTS OF TLR4/MD-2
2101,Clinical Sciences,WO-2017208001-A1,2017,BIOMARKERS FOR PLATELET DISORDERS
2102,Biochemistry and Cell Biology,WO-2017208001-A1,2017,BIOMARKERS FOR PLATELET DISORDERS
2103,Pharmacology and Pharmaceutical Sciences,US-9861579-B2,2015,Foamable formulation
2104,Neurosciences,US-9173897-B2,2011,Molecular targets for ALS and related disorders
2105,Clinical Sciences,US-9757388-B2,2012,Intranasal methods of treating women for anorgasmia with 0.6% and 0.72% testosterone gels
2106,Biomedical Engineering,US-9821114-B2,2013,Compartmentalized method of nucleic acid delivery and compositions and uses thereof
2107,Clinical Sciences,US-9539281-B2,2012,"Lipid-containing PSA compositions, methods of isolation and methods of use thereof"
2108,Clinical Sciences,WO-2013038200-A3,2012,NEURODEVELOPMENTAL DISORDERS
2109,Other Physical Sciences,WO-2012063028-A1,2011,CONJUGATES AND THEIR USES IN MOLECULAR IMAGING
2110,Clinical Sciences,WO-2015088072-A1,2013,METHOD FOR PRODUCING ENDOCRINE AGGREGATE OF INSULIN-PRODUCING BETA CELLS FROM HUMAN PLURIPOTENT STEM CELLS
2111,Medical Biotechnology,WO-2015088072-A1,2013,METHOD FOR PRODUCING ENDOCRINE AGGREGATE OF INSULIN-PRODUCING BETA CELLS FROM HUMAN PLURIPOTENT STEM CELLS
2112,Other Physical Sciences,AU-2011327931-B2,2011,Conjugates and their uses in molecular imaging
2113,Oncology and Carcinogenesis,WO-2012028679-A3,2011,PROGNOSTIC AND/OR PREDICTIVE BIOMARKERS AND BIOLOGICAL APPLICATIONS THEREOF
2114,Other Physical Sciences,US-9138495-B2,2011,Conjugates and their uses in molecular imaging
2115,Pharmacology and Pharmaceutical Sciences,US-9107823-B2,2012,Foamable formulation
2116,Biochemistry and Cell Biology,US-9458454-B2,2012,Viable gram negative bacteria with reduced proteolytic activity lacking outer membrane agonists of TLR4/MD-2
2117,Oncology and Carcinogenesis,US-9925207-B2,2014,Methods of treating myelodysplastic syndromes using lenalidomide
2118,Biochemistry and Cell Biology,US-9572789-B2,2016,Methods of treatment using modulators of SIRT2
2119,Medical Biotechnology,US-9290741-B2,2014,Simplified methods for generating endothelial cells from human pluripotent stem cells under defined conditions
2120,Biochemistry and Cell Biology,EP-2673358-A2,2012,HEMATOPOIETIC PRECURSOR CELL PRODUCTION BY PROGRAMMING
2121,Artificial Intelligence and Image Processing,US-20140156581-A1,2013,A COMPUTER IMPLEMENTED SYSTEM FOR AUTOMATING THE GENERATION OF A BUSINESS DECISION ANALYTIC MODEL
2122,Neurosciences,WO-2014020608-A1,2013,METHODS OF DIAGNOSING AND TREATING MOTOR NEURON DISEASES
2123,Genetics,WO-2018015291-A1,2017,METHODS OF DIAGNOSIS ALZHEIMER'S DISEASE
2124,Paediatrics and Reproductive Medicine,US-9089552-B2,2013,Improving trabeculectomy outcome by administering an anti-placental growth factor antibody
2125,Biochemistry and Cell Biology,US-9359293-B2,2012,Methods of treatment using modulators of SIRT2
2126,Clinical Sciences,EP-2594649-A1,2012,A method and a kit to predict response to antidepressant treatment
2127,Biochemistry and Cell Biology,EP-3150702-A2,2012,"DEVICES, SOLUTIONS AND METHODS FOR SAMPLE COLLECTION"
2128,Biochemistry and Cell Biology,EP-2673358-A4,2012,HEMATOPOIETIC PRECURSOR CELL PRODUCTION BY PROGRAMMING
2129,Biochemistry and Cell Biology,EP-2753688-A4,2012,VIABLE GRAM NEGATIVE BACTERIA WITH REDUCED PROTEOLYTIC ACTIVITY LACKING OUTER MEMBRANE AGONISTS OF TLR4/MD-2
2130,Macromolecular and Materials Chemistry,US-9810693-B2,2013,Chromophoric polymer dots
2131,Neurosciences,EP-1575531-B1,2003,THERAPIES FOR CHRONIC INFLAMMATORY DEMYELINATING POLYNEUROPATHY USING INTERFERON-BETA
2132,Clinical Sciences,US-8865650-B2,2013,Therapy for complications of diabetes
2133,Oncology and Carcinogenesis,GB-2544909-A,2014,Acanthospermum hispidum composition for the treatment of cancer and methods for its manufacture
2134,Organic Chemistry,US-8859545-B2,2010,"Tetrahydronaphthyridine and tetrahydropyrido[4,3-D]pyrimidine compounds and compositions thereof useful for the treatment of inflammatory and respiratory diseases"
2135,Macromolecular and Materials Chemistry,WO-2011057295-A2,2010,FUNCTIONALIZED CHROMOPHORIC POLYMER DOTS AND BIOCONJUGATES THEREOF
2136,Physical Chemistry (incl. Structural),EP-2395994-A4,2009,FOAMABLE BENZOYL PEROXIDE COMPOSITIONS FOR TOPICAL ADMINISTRATION
2137,Biochemistry and Cell Biology,WO-2015027206-A1,2014,METHODS OF TREATING AND PREVENTING ENDOTHELIAL DYSFUNCTION USING BARDOXOLOLONE METHYL OR ANALOGS THEREOF
2138,Organic Chemistry,EP-2703384-A1,2012,Inhibitors of CD40-TRAF6 interaction
2139,Neurosciences,US-9101576-B2,2012,Treatment of inflammatory diseases
2140,Immunology,US-9101576-B2,2012,Treatment of inflammatory diseases
2141,Physical Chemistry (incl. Structural),EP-2395994-A1,2009,FOAMABLE BENZOYL PEROXIDE COMPOSITIONS FOR TOPICAL ADMINISTRATION
2142,Organic Chemistry,WO-2014033122-A1,2013,INHIBITORS OF CD40-TRAF6 INTERACTION
2143,Neurosciences,WO-2013041577-A1,2012,METHODS FOR THE DIAGNOSIS OF AMYOTROPHIC LATERAL SCLEROSIS AND FRONTOTEMPORAL LOBAR DEGENERATION
2144,Macromolecular and Materials Chemistry,US-9797840-B2,2012,Highly fluorescent polymer nanoparticle
2145,Nanotechnology,US-9797840-B2,2012,Highly fluorescent polymer nanoparticle
2146,Materials Engineering,EP-2809510-A4,2013,POLYELECTROLYTE-COATED POLYMER DOTS AND RELATED METHODS
2147,Macromolecular and Materials Chemistry,EP-2809510-A4,2013,POLYELECTROLYTE-COATED POLYMER DOTS AND RELATED METHODS
2148,Physical Chemistry (incl. Structural),EP-2809510-A4,2013,POLYELECTROLYTE-COATED POLYMER DOTS AND RELATED METHODS
2149,Clinical Sciences,US-9592231-B2,2014,Therapy for complications of diabetes
2150,Materials Engineering,US-10067139-B2,2013,Polyelectrolyte-coated polymer dots and related methods
2151,Macromolecular and Materials Chemistry,US-10067139-B2,2013,Polyelectrolyte-coated polymer dots and related methods
2152,Physical Chemistry (incl. Structural),US-10067139-B2,2013,Polyelectrolyte-coated polymer dots and related methods
2153,Oncology and Carcinogenesis,WO-2015189658-A1,2014,ACANTHOSPERMUM HISPIDUM COMPOSITION FOR THE TREATMENT OF CANCER AND METHODS FOR ITS MANUFACTURE
2154,Oncology and Carcinogenesis,US-8263085-B2,2007,Gammaretrovirus associated with cancer
2155,Macromolecular and Materials Chemistry,US-20150031996-A1,2014,SEMICONDUCTING POLYMER NANOPARTICLES AS PHOTOACOUSTIC MOLECULAR IMAGING PROBES
2156,Oncology and Carcinogenesis,US-9259468-B2,2012,Cancer therapy via selective uptake of specialized nanoparticles in cancer cells
2157,Neurosciences,US-9370497-B2,2015,Treatment of inflammatory diseases
2158,Immunology,US-9370497-B2,2015,Treatment of inflammatory diseases
2159,Neurosciences,US-8258150-B2,2007,Treatment of inflammatory diseases
2160,Immunology,US-8258150-B2,2007,Treatment of inflammatory diseases
2161,Macromolecular and Materials Chemistry,AU-2011317142-B2,2011,Chromophoric polymer dots
2162,Clinical Sciences,US-8623819-B2,2013,Therapy for complications of diabetes
2163,Artificial Intelligence and Image Processing,US-20170039776-A1,2016,"IMAGE PROCESSING APPARATUS, IMAGE PROCESSING METHOD, AND NON-TRANSITORY COMPUTER-READABLE STORAGE MEDIUM"
2164,Biomedical Engineering,WO-2011130812-A3,2011,"SUSPENSIONS FOR PREPARING BIOSILICATE-BASED BONE GRAFTS (SCAFFOLDS), THUS OBTAINED BONE GRAFTS AND METHODS FOR PRODUCING SAME"
2165,Clinical Sciences,WO-2011130812-A3,2011,"SUSPENSIONS FOR PREPARING BIOSILICATE-BASED BONE GRAFTS (SCAFFOLDS), THUS OBTAINED BONE GRAFTS AND METHODS FOR PRODUCING SAME"
2166,Neurosciences,EP-1575531-A2,2003,THERAPIES FOR CHRONIC INFLAMMATORY DEMYELINATING POLYNEUROPATHY USING INTERFERON-&bgr;
2167,Immunology,US-9238050-B1,2014,Compositions for reducing environmental sensitivity and regulating immune function
2168,Biochemistry and Cell Biology,WO-2016016278-A3,2015,HUMAN-DERIVED ANTI-HUNTINGTIN (HTT) ANTIBODIES AND USES THEREOF
2169,Oncology and Carcinogenesis,US-10082508-B2,2016,Automated analysis of circulating tumor cells
2170,Cardiorespiratory Medicine and Haematology,WO-2018083284-A1,2017,WNT ANTAGONISTS AND THEIR USE IN METHODS FOR TREATING MYOCARDIAL INFARCTION
2171,Biochemistry and Cell Biology,WO-2018100139-A1,2017,"A CD33-, CD16- AND CD123-SPECIFIC SINGLE CHAIN TRIPLEBODY"
2172,Organic Chemistry,US-9090558-B2,2014,Prodrugs of fumarates and their use in treating various diseases
2173,Organic Chemistry,US-9963459-B1,2017,"Processes for the preparation of (3S,4R)-3-ethyl-4-(3H-imidazo[1,2-alpla]pyrrolo[2,3-e]-pyrazin-8-YL)-N-(2,2,2-Trifluoroethyl)pyrrol and solid state forms thereof"
2174,Biomedical Engineering,US-9839241-B2,2016,"Methods, devices and systems for pulmonary delivery of active agents"
2175,Organic Chemistry,US-10017517-B2,2018,"Processes for the preparation of (3S,4R)-3-ethyl-4-(3H-imidazo[1,2-α]pyrrolo[2,3-e]-pyrazin-8-yl)-N-(2,2,2-trifluorethyl)pyrrolidine-1-carboxamide and solid state forms thereof"
2176,Clinical Sciences,US-8859537-B2,2005,Pharmaceutical composition for treating and/or preventing a pathology associated with an obsessional behavior or with obesity
2177,Biochemistry and Cell Biology,US-9782417-B2,2016,Methods of increasing satellite cell proliferation with kinase inhibitors
2178,Organic Chemistry,US-9840479-B2,2015,Polyamine-fatty acid derived lipidoids and uses thereof
2179,Biochemistry and Cell Biology,US-9775845-B2,2016,Carbazole-containing sulfonamides as cryptochrome modulators
2180,Organic Chemistry,US-9879018-B2,2017,"Processes for the preparation of (3S,4R)-3-ethyl-4-(3H-imidazo[1,2-α]pyrrolo[2,3-e]-pyrazin-8-yl)-N-(2,2,2-trifluoroethyl and solid state forms thereof"
2181,Medical Biochemistry and Metabolomics,US-9452972-B2,2014,Methods of using prodrugs of methyl hydrogen fumarate and pharmaceutical compositions thereof
2182,Clinical Sciences,US-8815952-B1,2013,Chlorhexadine antiseptic
2183,Physical Chemistry (incl. Structural),US-9597292-B2,2013,Oral dosage forms of methyl hydrogen fumarate and prodrugs thereof
2184,Biochemistry and Cell Biology,US-9248185-B2,2012,Methods of increasing satellite cell proliferation
2185,Statistics,US-9951388-B2,2012,Spectral imaging for measurement of nuclear pathology features in cancer cells prepared for in situ analysis
2186,Genetics,US-9951388-B2,2012,Spectral imaging for measurement of nuclear pathology features in cancer cells prepared for in situ analysis
2187,Oncology and Carcinogenesis,US-9951388-B2,2012,Spectral imaging for measurement of nuclear pathology features in cancer cells prepared for in situ analysis
2188,Pharmacology and Pharmaceutical Sciences,US-9802011-B2,2016,Drug dose cartridge for an inhaler device
2189,Medical Biochemistry and Metabolomics,US-8785443-B2,2011,Methods of using prodrugs of methyl hydrogen fumarate and pharmaceutical compositions thereof
2190,Cardiorespiratory Medicine and Haematology,US-10005759-B2,2015,"Carbazole-containing amides, carbamates, and ureas as cryptochrome modulators"
2191,Organic Chemistry,US-9315472-B2,2014,"1,3,5-triazinane-2,4,6-trione derivatives and uses thereof"
2192,Neurosciences,US-9814761-B2,2013,"Compositions, methods and assays comprising amylin or amlyin analogs for abeta-peptide mediated disorders"
2193,Oncology and Carcinogenesis,WO-2016128523-A1,2016,METHODS FOR PREDICTING THE RESPONSIVENESS OF A PATIENT AFFECTED WITH MALIGNANT HEMATOLOGICAL DISEASE TO CHEMOTHERAPY TREATMENT AND METHODS OF TREATMENT OF SUCH DISEASE
2194,Medical Biochemistry and Metabolomics,US-8148414-B2,2009,"Prodrugs of methyl hydrogen fumarate, pharmaceutical compositions thereof, and methods of use"
2195,Pharmacology and Pharmaceutical Sciences,US-9993602-B2,2015,Flow regulating inhaler device
2196,Nanotechnology,US-8908875-B2,2012,Electronic device with digital reverberator and method
2197,Clinical Sciences,US-8436021-B2,2008,Pharmaceutical composition for treating and/or preventing a pathology associated with an obsessional behavior or with obesity
2198,Interdisciplinary Engineering,US-9775379-B2,2011,Method and system for drug delivery
2199,Oncology and Carcinogenesis,US-9993482-B2,2015,Pharmaceutical combination comprising a class III receptor tyrosine kinase inhibitor and the alkylating histone-deacetylase inhibitor fusion molecule EDO-S101 together with its use in the treatment of cancer
2200,Analytical Chemistry,WO-2013178794-A1,2013,A NOVEL METHOD FOR THE DIAGNOSIS OF ENDOMETRIOSIS
2201,Biochemistry and Cell Biology,US-9999672-B2,2015,Pharmaceutical compositions of fumaric acid esters
2202,Biochemistry and Cell Biology,US-9051390-B2,2010,"Inhibition of prion propagation by receptor associated protein (RAP), its derivatives, mimetics and synthetic peptides"
2203,Clinical Sciences,WO-2013158046-A1,2013,"RNAI-BASED THERAPIES FOR CARDIOMYOPATHIES, MUSCULAR DYSTROPHIES AND LAMINOPATHIES"
2204,Organic Chemistry,US-9879019-B2,2017,"Processes for the preparation of (3S,4R)-3-ethyl-4-(3H-imidazo[1,2-α]pyrrolo[2,3-e]-pyrazin-8-yl)-N-(2,2,2-trifluoroethyl)pyrrolidine-1-carboxamide and solid state forms thereof"
2205,Immunology,US-9783582-B2,2011,"Staphylococcus aureus leukocidins, therapeutic compositions, and uses thereof"
2206,Macromolecular and Materials Chemistry,US-9556110-B2,2015,Aminoalcohol lipidoids and uses thereof
2207,Biochemistry and Cell Biology,WO-2017075147-A1,2016,CHIMERIC ANTIGEN RECEPTOR MOLECULES AND USES THEREOF
2208,Organic Chemistry,US-9505776-B2,2014,Prodrugs of fumarates and their use in treating various diseases
2209,Immunology,US-9101600-B2,2011,Compounds as RORγt modulators and uses thereof
2210,Clinical Sciences,US-9168250-B2,2013,Pharmaceutical composition for treating and/or preventing a pathology associated with an obsessional behavior or with obesity
2211,Biochemistry and Cell Biology,EP-3330289-A1,2016,"A CD33-, CD16- AND CD123-SPECIFIC SINGLE CHAIN TRIPLEBODY"
2212,Genetics,WO-2012063829-A1,2011,"NOVEL GENE, AND OSTEOPOROSIS TESTING METHOD BASED ON SINGLE NUCLEOTIDE POLYMORPHISM ON FONG GENE LOCUS"
2213,Oncology and Carcinogenesis,US-9435812-B2,2012,Expression of ETS related gene (ERG) and phosphatase and tensin homolog (PTEN) correlates with prostate cancer capsular penetration
2214,Medical Microbiology,US-8183349-B2,2010,Markers of XMRV infection and uses thereof
2215,Macromolecular and Materials Chemistry,US-9238716-B2,2012,Conjugated lipomers and uses thereof
2216,Neurosciences,US-9302977-B2,2014,Method of making monomethyl fumarate
2217,Organic Chemistry,US-8669281-B1,2013,Prodrugs of fumarates and their use in treating various diseases
2218,Immunology,US-9657105-B2,2013,CD123-specific chimeric antigen receptor redirected T cells and methods of their use
2219,Oncology and Carcinogenesis,US-8263085-B2,2007,Gammaretrovirus associated with cancer
2220,Biochemistry and Cell Biology,WO-2016139541-A1,2016,"METHODS OF CHARACTERIZING E-SYT2 INHIBITORS, E-SYT2 INHIBITORS, AND METHODS OF USE"
2221,Biochemistry and Cell Biology,WO-2013171777-A2,2013,"USE OF TROP-2 AS PREDICTIVE MARKER OF RESPONSE TO ANTI-TUMOR THERAPY BASED ON INHIBITORS OF CD9, AKT AND MOLECULES OF THE TETRASPANIN SIGNALLING NETWORK"
2222,Organic Chemistry,US-9416096-B2,2014,"Crystalline forms of (N,N-Diethylcarbamoyl)methyl methyl (2E)but-2-ene-1,4-dioate, methods of synthesis and use"
2223,Oncology and Carcinogenesis,WO-2013033073-A1,2012,EXPRESSION OF ETS RELATED GENE (ERG) AND PHOSPHATASE AND TENSIN HOMOLOG (PTEN) CORRELATES WITH PROSTATE CANCER CAPSULAR PENETRATION
2224,Oncology and Carcinogenesis,US-8557516-B2,2011,AKT tyrosine 176 phosphorylation cancer biomarker
2225,Medical Biotechnology,WO-2014012933-A1,2013,METHOD FOR THE GENERATION OF NON-TRANSFORMED MACROPHAGE CELL LINES
2226,Clinical Sciences,US-9539281-B2,2012,"Lipid-containing PSA compositions, methods of isolation and methods of use thereof"
2227,Biochemistry and Cell Biology,US-20140294855-A1,2012,SMALL MOLECULE SCREENING FOR MOUSE SATELLITE CELL PROLIFERATION
2228,Neurosciences,WO-2013151729-A1,2013,"COMPOSITIONS, METHODS AND ASSAYS COMPRISING AMYLIN OR AMLYIN ANALOGS FOR ABETA-PEPTIDE MEDIATED DISORDERS"
2229,Organic Chemistry,US-9994559-B2,2015,Bicycloheteroaryl-heteroaryl-benzoic acid compounds as retinoic acid receptor beta (RARβ) agonists
2230,Medical Biochemistry and Metabolomics,US-8778991-B2,2011,"Prodrugs of methyl hydrogen fumarate, pharmaceutical compositions thereof, and methods of use"
2231,Neurosciences,US-20120245188-A1,2011,METHODS OF TREATING MEMORY LOSS AND ENHANCING MEMORY PERFORMANCE
2232,Immunology,WO-2014144622-A2,2014,CD123-SPECIFIC CHIMERIC ANTIGEN RECEPTOR REDIRECTED T CELLS AND METHODS OF THEIR USE
2233,Biomedical Engineering,US-10080851-B2,2016,Method and device for vaporization and inhalation of isolated substances
2234,Psychology,US-8976977-B2,2010,Microphone array
2235,Clinical Sciences,WO-2013055908-A1,2012,AN HIV-1 GP120 MINI V3 LOOP AND USES THEREOF
2236,Neurosciences,WO-2014078971-A1,2013,"TRPV-1 RECEPTOR ANTAGONIST COMPOUND DERIVED FROM 1,3,4-THIADIAZOLE ALKYLAMIDES AND CHALCONES"
2237,Biochemistry and Cell Biology,US-9588129-B2,2013,Methods for analyzing blood to detect diseases associated with abnormal protein aggregation
2238,Genetics,WO-2015112619-A1,2015,METHODS AND SYSTEMS FOR DETECTING GENETIC MUTATIONS
2239,Organic Chemistry,US-9951080-B2,2017,"Processes for the preparation of (3S,4R)-3-ethyl-4-(3H-imidazo[1,2-alpha]pyrrolo[2,3-e]-pyrazin-8-yl)-N-(2,2,2-trifluoroethyl)pyrrolidine-1-carboxamide and solid state forms thereof"
2240,Genetics,US-9594084-B2,2014,Phosphorylation of histones and uses thereof
2241,Organic Chemistry,US-9682057-B2,2016,"Crystalline forms of (N,N-Diethylcarbamoyl)methyl methyl (2E)but-2-ene-1,4-dioate, methods of synthesis and use"
2242,Artificial Intelligence and Image Processing,US-9939509-B2,2015,Variable density incoherent spatiotemporal acquisition (VISTA) for highly accelerated magnetic resonance imaging
2243,Biochemistry and Cell Biology,US-9265772-B2,2013,Carbazole-containing sulfonamides as cryptochrome modulators
2244,Neurosciences,WO-2013070079-A3,2012,miRNA IN BLOOD BRAIN BARRIER OF MS PATIENTS
2245,Macromolecular and Materials Chemistry,US-8932560-B2,2008,Advanced functional biocompatible polymeric matrix used as a hemostatic agent and system for damaged tissues and cells
2246,Macromolecular and Materials Chemistry,US-9810693-B2,2013,Chromophoric polymer dots
2247,Biochemistry and Cell Biology,US-9157908-B2,2012,Chitosan-alginate scaffold cell culture system and related methods
2248,Oncology and Carcinogenesis,US-9157908-B2,2012,Chitosan-alginate scaffold cell culture system and related methods
2249,Pharmacology and Pharmaceutical Sciences,WO-2017192942-A1,2017,METHODS FOR IMPROVING DRUG DELIVERY ACROSS A P-GLYCOPROTEIN EXPRESSING BARRIER
2250,Neurosciences,WO-2017192942-A1,2017,METHODS FOR IMPROVING DRUG DELIVERY ACROSS A P-GLYCOPROTEIN EXPRESSING BARRIER
2251,Other Physical Sciences,WO-2014154461-A1,2014,METHOD OF MAGNETIC RESONANCE WITH EXCITATION BY A PREWINDING PULSE
2252,Materials Engineering,US-10074780-B2,2016,Composite having semiconductor structures including a nanocrystalline core and shell
2253,Macromolecular and Materials Chemistry,US-9382473-B2,2013,Chromophoric polymer dots
2254,Macromolecular and Materials Chemistry,US-8668899-B2,2010,Advanced functional biocompatible foam used as a hemostatic agent for compressible and non-compressible acute wounds
2255,Immunology,WO-2013039889-A1,2012,T CELL RECEPTORS RECOGNIZING HLA-A1- OR HLA-CW7-RESTRICTED MAGE
2256,Macromolecular and Materials Chemistry,US-9066885-B2,2008,Advanced functional biocompatible polymeric matrix containing nano-compartments
2257,Biomedical Engineering,US-9066885-B2,2008,Advanced functional biocompatible polymeric matrix containing nano-compartments
2258,Materials Engineering,US-9066885-B2,2008,Advanced functional biocompatible polymeric matrix containing nano-compartments
2259,Macromolecular and Materials Chemistry,US-9797840-B2,2012,Highly fluorescent polymer nanoparticle
2260,Nanotechnology,US-9797840-B2,2012,Highly fluorescent polymer nanoparticle
2261,Artificial Intelligence and Image Processing,WO-2012143821-A1,2012,MAGNETIC RESONANCE IMAGING OF OBJECT IN MOTION
2262,Other Physical Sciences,WO-2012143821-A1,2012,MAGNETIC RESONANCE IMAGING OF OBJECT IN MOTION
2263,Biomedical Engineering,WO-2012143821-A1,2012,MAGNETIC RESONANCE IMAGING OF OBJECT IN MOTION
2264,Neurosciences,US-9932559-B2,2012,Platform for creating an artificial blood brain barrier
2265,Neurosciences,US-7972779-B2,2004,Method for assessing predisposition to depression
2266,Neurosciences,WO-2016016790-A1,2015,ESTER OF A PHOSPHOLIPID WITH CONJUGATED LINOLEIC ACID FOR THE TREATMENT OF PSYCHIATRIC DISORDERS WITH NEUROINFLAMMATORY AND NEURODEGENERATIVE BASIS
2267,Materials Engineering,US-10067139-B2,2013,Polyelectrolyte-coated polymer dots and related methods
2268,Macromolecular and Materials Chemistry,US-10067139-B2,2013,Polyelectrolyte-coated polymer dots and related methods
2269,Physical Chemistry (incl. Structural),US-10067139-B2,2013,Polyelectrolyte-coated polymer dots and related methods
2270,Biomedical Engineering,US-9925310-B2,2016,Biocompatible and bioabsorbable derivatized chitosan compositions
2271,Macromolecular and Materials Chemistry,US-9616088-B2,2014,Advanced functional biocompatible polymer putty used as a hemostatic agent for treating damaged tissue and cells
2272,Materials Engineering,US-9616088-B2,2014,Advanced functional biocompatible polymer putty used as a hemostatic agent for treating damaged tissue and cells
2273,Biomedical Engineering,US-9616088-B2,2014,Advanced functional biocompatible polymer putty used as a hemostatic agent for treating damaged tissue and cells
2274,Other Chemical Sciences,US-9932288-B2,2016,Chemical compound for inhibition of SHP2 function and for use as an anti-cancer agent
2275,Medical Biochemistry and Metabolomics,WO-2016073237-A1,2015,REDUCING DNA DAMAGE DURING SAMPLE PREPARATION AND SEQUENCING USING SIDEROPHORE CHELATORS
2276,Biochemistry and Cell Biology,US-20140194606-A1,2014,EXTRACTED OLIVE OIL AND PRODUCTION METHOD THEREOF
2277,Medical Microbiology,US-9902986-B2,2014,Enterobactin conjugates and uses thereof
2278,Medical Microbiology,WO-2015057958-A2,2014,ENTEROBACTIN CONJUGATES AND USES THEREOF
