id,investigator_id,first_name,last_name,middle_name,role,aff_id,aff_name,aff_state_code,aff_state,aff_country_code,aff_city_id,aff_city,aff_country
grant.8585235,,,,,,,,,,,,,
grant.8671895,,M.c.,Schraefel,,PI,grid.5491.9,University of Southampton,,South East,GB,2637487,,United Kingdom
grant.8676868,,Artem,Prokhorov,,PI,,,,,,,,
grant.8676868,,Stanislav,Uryasev,,Co-PI,,,,,,,,
grant.8676868,,Rustam,Ibragimov,,Co-PI,,,,,,,,
grant.8676393,,Andrew,Roberts,,PI,,,,,,,,
grant.8676393,,Adrian,Muxworthy,,Co-PI,,,,,,,,
grant.8676393,,Richard,Harrison,,Co-PI,,,,,,,,
grant.8676393,,David,Heslop,,Co-PI,,,,,,,,
grant.8676398,,Ian,Jackson,,PI,,,,,,,,
grant.8676398,,Katharina,Marquardt,,Co-PI,,,,,,,,
grant.8676398,,Ulrich,Faul,,Co-PI,,,,,,,,
grant.8676601,,Sergei,Kuzenko,,PI,,,,,,,,
grant.8676601,,Arkady,Tseytlin,,Co-PI,,,,,,,,
grant.8676601,,Stefan,Theisen,,Co-PI,,,,,,,,
grant.8676601,,Evgeny,Buchbinder,,Co-PI,,,,,,,,
grant.8676603,,Kazuhiro,Nogita,,PI,,,,,,,,
grant.8676603,,Christopher,Gourlay,,Co-PI,,,,,,,,
grant.8676603,,Syo,Matsumura,,Co-PI,,,,,,,,
grant.8676603,,Michael,Bermingham,,Co-PI,,,,,,,,
grant.8640118,,Ian,Paulsen,,PI,,,,,,,,
grant.8640118,,Junbiao,Dai,,Co-PI,,,,,,,,
grant.8640118,,Leslie,Mitchell,,Co-PI,,,,,,,,
grant.8640118,,Tom,Ellis,,Co-PI,,,,,,,,
grant.8640118,,Hugh,Goold,,Co-PI,,,,,,,,
grant.8640118,,Maciej,Holowko,,Co-PI,,,,,,,,
grant.8640118,,Anthony,Borneman,,Co-PI,,,,,,,,
grant.8640118,,Nicholas,Turner,,Co-PI,,,,,,,,
grant.8640118,,Malcolm,Ball,,Co-PI,,,,,,,,
grant.8640118,,Michael,Koepke,,Co-PI,,,,,,,,
grant.8640118,,Sarel,Fleishman,,Co-PI,,,,,,,,
grant.8640118,,Manuel,Rodriguez-Concepcion,,Co-PI,,,,,,,,
grant.8640118,,Gavin,Thomas,,Co-PI,,,,,,,,
grant.8640118,,Jane,Calvert,,Co-PI,,,,,,,,
grant.8640118,,Aditi,Mankad,,Co-PI,,,,,,,,
grant.8640118,,Justine,Lacey,,Co-PI,,,,,,,,
grant.8640118,,Colin,Scott,,Co-PI,,,,,,,,
grant.8640118,,Alexander,Beliaev,,Co-PI,,,,,,,,
grant.8640118,,Claudia,Vickers,,Co-PI,,,,,,,,
grant.8640118,,Robert,Speight,,Co-PI,,,,,,,,
grant.8640118,,Ian,O'Hara,,Co-PI,,,,,,,,
grant.8640118,,Nicolle,Packer,,Co-PI,,,,,,,,
grant.8640118,,Lawrence,Lee,,Co-PI,,,,,,,,
grant.8640118,,Wendy,Rogers,,Co-PI,,,,,,,,
grant.8640118,,Michael,Gillings,,Co-PI,,,,,,,,
grant.8640118,,Esteban,Marcellin,,Co-PI,,,,,,,,
grant.8640118,,Oliver,Rackham,,Co-PI,,,,,,,,
grant.8640118,,Josh,Wodak,,Co-PI,,,,,,,,
grant.8640118,,Colin,Jackson,,Co-PI,,,,,,,,
grant.8640118,,Bradley,Sherman,,Co-PI,,,,,,,,
grant.8640118,,Kirill,Alexandrov,,Co-PI,,,,,,,,
grant.8640118,,Brett,Neilan,,Co-PI,,,,,,,,
grant.8640118,,Lars,Nielsen,,Co-PI,,,,,,,,
grant.8640118,,Rachel,Parker,,Co-PI,,,,,,,,
grant.8640118,,Aleksandra,Filipovska,,Co-PI,,,,,,,,
grant.8676326,,Billy,Todd,,PI,,,,,,,,
grant.8676326,,Daniele,Dini,,Co-PI,,,,,,,,
grant.8676326,,Janet,Wong,,Co-PI,,,,,,,,
grant.8676326,,Peter,Daivis,,Co-PI,,,,,,,,
grant.8676690,,Ying,Tan,,PI,,,,,,,,
grant.8676690,,Etienne,Burdet,,Co-PI,,,,,,,,
grant.8676690,,Dana,Kulic,,Co-PI,,,,,,,,
grant.8676690,,Chris,Manzie,,Co-PI,,,,,,,,
grant.8676690,,Denny,Oetomo,,Co-PI,,,,,,,,
grant.8676440,,Phil,Hansbro,,PI,,,,,,,,
grant.8676440,,Ian,Adcock,,Co-PI,,,,,,,,
grant.8676440,,Gabrielle,Belz,,Co-PI,,,,,,,,
grant.8676377,,Thomas,Williams,,PI,,,,,,,,
grant.8676377,,Isak,Pretorius,,Co-PI,,,,,,,,
grant.8676305,,Nicholas,Cox,,PI,,,,,,,,
grant.8676305,,Marc,Nowaczyk,,Co-PI,,,,,,,,
grant.8676305,,Alfred,Rutherford,,Co-PI,,,,,,,,
grant.8676305,,Dimitrios,Pantazis,,Co-PI,,,,,,,,
grant.8676860,,Sarah,Bekessy,,PI,,,,,,,,
grant.8676860,,Atte,Moilanen,,Co-PI,,,,,,,,
grant.8676860,,Andrew,Knight,,Co-PI,,,,,,,,
grant.8676860,,Georgia,Garrard,,Co-PI,,,,,,,,
grant.8673885,,Chess,Stetson,,PI,,"Aipod, Ltd",,,,,London,
grant.8483098,ur.014672131443.52,Xiaodong,Zhang,,PI,,,,,,,,
grant.8671686,,Kenneth,Long,,PI,,,,,,,,
grant.8673537,,Kenneth,Long,,Co-PI,,,,,,,,
grant.8470660,ur.01213426560.50,Kenneth,Long,,Co-PI,,,,,,,,
grant.8470660,ur.012613160437.73,Henrique,Araujo,Miguel,Co-PI,,,,,,,,
grant.8557788,ur.01206735310.03,Mark,Girolami,,Co-PI,,,,,,,,
grant.8557788,ur.0651224667.52,Daniele,Vigolo,,Co-PI,,,,,,,,
grant.8557788,ur.01325514511.60,Paola,Lettieri,,Co-PI,,,,,,,,
grant.8557788,ur.0735125707.02,Liam,Grover,Michael,Co-PI,,,,,,,,
grant.8557788,ur.016074750302.42,Federico,Galvanin,,Co-PI,,,,,,,,
grant.8557788,ur.01072404370.90,Mark,Simmons,,Co-PI,,,,,,,,
grant.8557788,ur.010157366405.47,Panagiota,Angeli,,Co-PI,,,,,,,,
grant.8673292,,Henrique,Araujo,Miguel,Co-PI,,,,,,,,
grant.8469843,ur.01213620004.50,Geoffrey,Thornton,,Co-PI,,,,,,,,
grant.8469843,ur.07461466773.78,Christopher,Howard,Anthony,Co-PI,,,,,,,,
grant.8469843,ur.01172152074.85,Dorothy,Duffy,Margaret,Co-PI,,,,,,,,
grant.8469843,ur.01222500215.59,Neil,Curson,Jonathan,Co-PI,,,,,,,,
grant.8558423,ur.011724106750.87,Joaquin,Prada,Miguel,PI,grid.5475.3,University of Surrey,,South East,GB,2647793,,United Kingdom
grant.8558423,ur.014520015505.79,Emma,Mcintosh,,Co-PI,,,,,,,,
grant.8558423,ur.01151202745.81,Poppy,Lamberton,Helen,Co-PI,,,,,,,,
grant.8673243,,Gavin,Foster,,PI,grid.5491.9,University of Southampton,,South East,GB,2637487,,United Kingdom
grant.8673243,,Maeve,Lohan,Carroll,Co-PI,grid.5491.9,University of Southampton,,South East,GB,2637487,,United Kingdom
grant.8673243,,Tiina,Roose,,Co-PI,grid.5491.9,University of Southampton,,South East,GB,2637487,,United Kingdom
grant.8673243,,Martin,Palmer,Ralph,Co-PI,grid.5491.9,University of Southampton,,South East,GB,2637487,,United Kingdom
grant.8673243,,Peter,Langdon,,Co-PI,grid.5491.9,University of Southampton,,South East,GB,2637487,,United Kingdom
grant.8673243,,Andy,Cundy,,Co-PI,grid.5491.9,University of Southampton,,South East,GB,2637487,,United Kingdom
grant.8673243,,Juerg,Matter,Michael,Co-PI,grid.5491.9,University of Southampton,,South East,GB,2637487,,United Kingdom
grant.8673243,,Matthew,Loxham,,Co-PI,grid.5491.9,University of Southampton,,South East,GB,2637487,,United Kingdom
grant.8673243,,Stephen,Roberts,,Co-PI,grid.5491.9,University of Southampton,,South East,GB,2637487,,United Kingdom
grant.8673243,,Christopher,Moore,Mark,Co-PI,grid.5491.9,University of Southampton,,South East,GB,2637487,,United Kingdom
grant.8673243,,James,Milton,Andrew,Co-PI,grid.5491.9,University of Southampton,,South East,GB,2637487,,United Kingdom
grant.8673243,,Damon,Teagle,Andrew,Co-PI,grid.5491.9,University of Southampton,,South East,GB,2637487,,United Kingdom
grant.8673243,,Rachael,James,Helen,Co-PI,grid.5491.9,University of Southampton,,South East,GB,2637487,,United Kingdom
grant.8673243,,Alistair,Pike,William,Co-PI,grid.5491.9,University of Southampton,,South East,GB,2637487,,United Kingdom
grant.8671524,,Natasha Chamali,Gunawardana,,PI,grid.421662.5,Royal Brompton & Harefield NHS Fdn Trust,,London,GB,2643743,,United Kingdom
grant.8469677,ur.07627626055.82,Ashley,Montanaro,,Co-PI,grid.5337.2,University of Bristol,,South West,GB,2654675,,United Kingdom
grant.8469677,ur.0671310334.31,John,Rarity,,Co-PI,grid.5337.2,University of Bristol,,South West,GB,2654675,,United Kingdom
grant.8469677,ur.01060434620.08,David,May,,Co-PI,grid.5337.2,University of Bristol,,South West,GB,2654675,,United Kingdom
grant.8469677,ur.07400771025.02,Krishna,Coimbatore Balram,,Co-PI,grid.5337.2,University of Bristol,,South West,GB,2654675,,United Kingdom
grant.8469677,ur.01131137410.49,Ruth,Oulton,,Co-PI,grid.5337.2,University of Bristol,,South West,GB,2654675,,United Kingdom
grant.8469677,ur.01205142333.42,Noah,Linden,,Co-PI,grid.5337.2,University of Bristol,,South West,GB,2654675,,United Kingdom
grant.8671532,,Zhe,Li,,PI,grid.4868.2,"Queen Mary, University of London",,London,GB,2643743,,United Kingdom
grant.8671532,,Wing Chung,Tsoi,,Co-PI,,,,,,,,
grant.8673830,,Victoria,Milne,,PI,,Tenshi Consulting Ltd,,South East,,,London,
grant.8672366,,Claus,Andersen,Yding,Co-PI,,,,,,,,
grant.8674285,,Omar,el-Agnaf,,PI,grid.452146.0,Hamad Bin Khalifa University,,,QA,290030,,Qatar
grant.8674285,,Hessa,al-Jaber,,PI,,Trio Investment,,,QA,,,Qatar
grant.8674285,,Khaled,Baagar,,PI,grid.413548.f,Hamad Medical Corporation,,,QA,290030,,Qatar
grant.8674285,,Wadha,al Muftah,,PI,grid.498637.7,Qatar Biobank for Medical Research,,,QA,290030,,Qatar
grant.8674285,,Samya,al Abdulla,,PI,grid.498624.5,Primary Health Care Corporation,,,QA,290030,,Qatar
grant.8674285,,Dena,al-Thani,,PI,grid.452146.0,Hamad Bin Khalifa University,,,QA,290030,,Qatar
grant.8674285,,Manar,Elhassan,,PI,grid.412603.2,Qatar University,,,QA,290030,,Qatar
grant.8674285,,Hiba,Satti,,PI,grid.413548.f,Hamad Medical Corporation,,,QA,290030,,Qatar
grant.8674285,,Dabia,al-Mohanadi,,PI,grid.413548.f,Hamad Medical Corporation,,,QA,290030,,Qatar
grant.8674285,,Tarik,Elhadd,,PI,grid.413548.f,Hamad Medical Corporation,,,QA,290030,,Qatar
grant.8674285,,Michael,Aupetit,,PI,grid.452146.0,Hamad Bin Khalifa University,,,QA,290030,,Qatar
grant.8674285,,Mohamad,Saad,,PI,grid.452146.0,Hamad Bin Khalifa University,,,QA,290030,,Qatar
grant.8674285,,Ziyad,Mahfoud,,PI,grid.416973.e,Weill Cornell Medical College in Qatar,,,QA,290030,,Qatar
grant.8674285,,Abdelkader,Baggag,,PI,grid.452146.0,Hamad Bin Khalifa University,,,QA,290030,,Qatar
grant.8674285,,Dahlia,Hassan,,PI,grid.498624.5,Primary Health Care Corporation,,,QA,290030,,Qatar
grant.8674285,,Noor,Suleiman,,PI,grid.413548.f,Hamad Medical Corporation,,,QA,290030,,Qatar
grant.8674285,,Stephen,Beer,,PI,grid.413548.f,Hamad Medical Corporation,,,QA,290030,,Qatar
grant.8674285,,Aiman,Ibrahim,,PI,grid.498619.b,Ministry of Public Health,,,QA,290030,,Qatar
grant.8674285,,Yasser,Morsy,,PI,grid.498624.5,Primary Health Care Corporation,,,QA,290030,,Qatar
grant.8674285,,Ibrahim,Ibrahim,,PI,,Sidra Medicine,,,QA,,,Qatar
grant.8674285,,Mohammed,Bashir,,PI,grid.413548.f,Hamad Medical Corporation,,,QA,290030,,Qatar
grant.8674285,,Abdul-Badi,Abou-Samra,,PI,grid.413548.f,Hamad Medical Corporation,,,QA,290030,,Qatar
grant.8674285,,Justin,Konje,,PI,,Sidra Medicine,,,QA,,,Qatar
grant.8674285,,,al Anoud al-Thani,,PI,grid.498619.b,Ministry of Public Health,,,QA,290030,,Qatar
grant.8674285,,Marwa,Mokhtar,,PI,grid.413548.f,Hamad Medical Corporation,,,QA,290030,,Qatar
grant.8674285,,Faten,el Taher,,PI,grid.413548.f,Hamad Medical Corporation,,,QA,290030,,Qatar
grant.8674285,,Karsten,Suhre,,Co-PI,grid.416973.e,Weill Cornell Medical College in Qatar,,,QA,290030,,Qatar
grant.8674285,,Mahmoud,Zirie,,Co-PI,grid.413548.f,Hamad Medical Corporation,,,QA,290030,,Qatar
grant.8674285,,Abdulla,Alhamaq,,Co-PI,grid.418818.c,"Qatar Diabetes Association, Qatar Foundation",,,QA,290030,,
grant.8674285,,Lucilla,Poston,,Co-PI,grid.13097.3c,King's College London,,,GB,2643743,,
grant.8674285,,Shahrad,Taheri,,Co-PI,grid.416973.e,Weill Cornell Medical College in Qatar,,,QA,290030,,Qatar
grant.8674285,,Michael,Lean,,Co-PI,grid.8756.c,University of Glasgow,,,GB,2648579,,
grant.8674285,,Puthen,Jithesh,Veettil,Co-PI,,Sidra Medicine,,,QA,,,Qatar
grant.8674285,,Brian,Caulfield,,Co-PI,grid.7886.1,University College Dublin,,,IE,2964574,,
grant.8674285,,Luis,Fernandez-Luque,,Co-PI,grid.452146.0,Hamad Bin Khalifa University,,,QA,290030,,Qatar
grant.8674285,,Rosa,Baños,Maria,Co-PI,grid.5338.d,University of Valencia,,,ES,2509954,,
grant.8674285,,Monica,Young,,Co-PI,grid.413548.f,Hamad Medical Corporation,,,QA,290030,,Qatar
grant.8674285,,Omar,Albagha,,Co-PI,grid.452146.0,Hamad Bin Khalifa University,,,QA,290030,,Qatar
grant.8538711,ur.014026740320.29,Carolyn,Hicks,,PI,,Brill Power Limited,,,,,Oxford,
grant.8483185,,Stelios,Mores,,PI,,Heath Scientific Company Ltd,,,,,Bletchley,
grant.8673479,,Adam,McLoughlin,,PI,grid.1121.3,Rolls-Royce PLC,,London,GB,2651347,,United Kingdom
grant.8558031,ur.01213050763.91,Peter,Olupot-Olupot,,Co-PI,,,,,,,,
grant.8558031,ur.01044107701.70,Djesika,Amendah,D.,Co-PI,,,,,,,,
grant.8558031,ur.013542757437.16,Diana,Gibb,Mary,Co-PI,,,,,,,,
grant.8558031,ur.010267663533.97,Ann,Walker,Sarah,Co-PI,,,,,,,,
grant.8558031,ur.01200260500.93,Mainga,Hamaluba,,Co-PI,,,,,,,,
grant.8558031,ur.01361732673.39,Sophie,Uyoga,,Co-PI,,,,,,,,
grant.8558031,ur.010121105412.50,Russell,Ware,E.,Co-PI,,,,,,,,
grant.8558031,ur.01151110304.99,Elizabeth,George,,Co-PI,,,,,,,,
grant.8558031,ur.01147514266.60,Charles,Kiyaga,,Co-PI,,,,,,,,
grant.8470252,ur.0721477531.54,Pola,Goldberg Oppenheimer,,Co-PI,,,,,,,,
grant.8470252,ur.01361312545.49,Manuel,Salmeron-Sanchez,,Co-PI,grid.8756.c,University of Glasgow,,Scotland,GB,2648579,,United Kingdom
grant.8470252,ur.01364210512.07,Cristina,Gonzalez-Garcia,,Co-PI,grid.8756.c,University of Glasgow,,Scotland,GB,2648579,,United Kingdom
grant.8470252,ur.0677752327.34,Ivan,Wall,,Co-PI,,,,,,,,
grant.8470252,ur.012600557347.30,Jonathan,Cooper,,Co-PI,grid.8756.c,University of Glasgow,,Scotland,GB,2648579,,United Kingdom
grant.8470252,ur.01360552206.39,Catherine,Berry,Cecilia,Co-PI,grid.8756.c,University of Glasgow,,Scotland,GB,2648579,,United Kingdom
grant.8470252,ur.01047162443.84,Huabing,Yin,,Co-PI,grid.8756.c,University of Glasgow,,Scotland,GB,2648579,,United Kingdom
grant.8470252,ur.0617666540.80,Paula,Mendes,,Co-PI,,,,,,,,
grant.8483240,ur.011057322565.95,Paul,Goddard,,PI,,,,,,,,
grant.8389418,ur.0700024253.11,Oskar,Aszmann,,PI,grid.22937.3d,MEDIZINISCHE UNIVERSITAET WIEN,,,AT,2761369,WIEN,AT
grant.8389418,ur.01247345275.38,Antonio,Bicchi,,PI,grid.25786.3e,FONDAZIONE ISTITUTO ITALIANO DI TECNOLOGIA,,,IT,3176219,GENOVA,IT
grant.8470355,ur.01054511575.08,Anastasia,Callaghan,Jane,Co-PI,,,,,,,,
grant.8470355,ur.0601117615.53,Andrew,Rycroft,Nelson,Co-PI,,,,,,,,
grant.8470689,ur.0622013706.98,Gordon,Blunn,,Co-PI,,,,,,,,
grant.7924453,ur.011157113245.95,Benjamin,Mills,,PI,grid.9909.9,University of Leeds,,Yorkshire and The Humber,GB,2644688,,United Kingdom
grant.7924453,ur.0637645210.42,Simon,Poulton,Westley,Co-PI,grid.9909.9,University of Leeds,,Yorkshire and The Humber,GB,2644688,,United Kingdom
grant.7924453,ur.01330447474.44,Katie,Field,Jayne,Co-PI,grid.9909.9,University of Leeds,,Yorkshire and The Humber,GB,2644688,,United Kingdom
grant.7924453,ur.011145130237.04,Sarah,Batterman,Anne,Co-PI,grid.9909.9,University of Leeds,,Yorkshire and The Humber,GB,2644688,,United Kingdom
grant.7836543,ur.013542420340.54,Bao,Nguyen,Ngoc,PI,grid.9909.9,University of Leeds,,Yorkshire and The Humber,GB,2644688,,United Kingdom
grant.7836543,ur.01162675340.53,Andrew,Blacker,John,Co-PI,grid.9909.9,University of Leeds,,Yorkshire and The Humber,GB,2644688,,United Kingdom
grant.7836543,ur.01246411210.72,Nikil,Kapur,,Co-PI,grid.9909.9,University of Leeds,,Yorkshire and The Humber,GB,2644688,,United Kingdom
grant.8483414,ur.010515576230.70,Geoff,Merrett,,Co-PI,,,,,,,,
grant.8483414,ur.015716072340.43,Bashir M.,Al-Hashimi,,Co-PI,,,,,,,,
grant.8557884,ur.01042634342.49,Warwick,Dunn,Brian,Co-PI,,,,,,,,
grant.8557884,ur.015721422404.90,Toru,Suzuki,,Co-PI,,,,,,,,
grant.8557884,ur.01263652562.11,Valerie,O'Donnell,,Co-PI,,,,,,,,
grant.8557884,ur.01045673063.10,Baukje,De Roos,,Co-PI,,,,,,,,
grant.8557884,ur.01007611374.40,Royston,Goodacre,,Co-PI,,,,,,,,
grant.8557884,ur.01140655554.38,Mark,Viant,,Co-PI,,,,,,,,
grant.8557884,ur.0661454703.18,John,Draper,,Co-PI,,,,,,,,
grant.8558108,ur.0772421162.39,Frank,Kelly,,Co-PI,,,,,,,,
grant.7921079,ur.0725646363.33,Seth,Coffelt,,PI,,,,,,,,
grant.7921079,ur.015177643217.68,Nadia,Guerra,,Co-PI,grid.8756.c,University of Glasgow,,,GB,2648579,Glasgow,United Kingdom
grant.7921079,ur.01337331716.27,Karen,Blyth,,Co-PI,,,,,,,,
grant.7921079,ur.0735354406.74,Leo,Carlin,,Co-PI,,,,,,,,
grant.8469787,ur.01106673302.08,Junwang,Tang,,Co-PI,,,,,,,,
grant.8469787,ur.010361237222.86,Daniel,Brett,,Co-PI,,,,,,,,
grant.8469787,ur.01005361031.95,Petra,Szilagyi,Agota,Co-PI,,,,,,,,
grant.8469787,ur.010217155437.86,Ana Belen,Jorge Sobrido,,Co-PI,,,,,,,,
grant.8469787,ur.012711201257.71,Feng,Wang,Ryan,Co-PI,,,,,,,,
grant.8383105,ur.013461553010.06,Mohammed,al-Sulaiti,,PI,grid.4563.4,University of Nottingham,,,GB,2641170,,
grant.7922238,ur.015367422134.72,Kubilay,Atasu,,PI,grid.410387.9,IBM Research GmBH Cognitive Computing and Industry Solutions,,,CH,2658919,,Switzerland
grant.7922238,ur.01142460404.00,Onur,Mutlu,,Co-PI,grid.5801.c,Departement Informatik ETH Zürich,,,CH,2657896,,
grant.7922238,ur.01067053120.06,Jovan,Blanusa,,Co-PI,,,,,,,,
grant.7819637,ur.014350435263.78,Di,Wu,,PI,,,,,,,,
grant.7819637,ur.013553054663.57,Sujit Kumar,Sahu,,PI,,,,,,,,
grant.7819637,ur.015146015663.03,Xuan Thao,Ha,,PI,,,,,,,,
grant.7819637,ur.015743376263.52,Beatriz,Belchiorinho Farola Marques Barata,,PI,,,,,,,,
grant.7819637,ur.012755474263.53,Hasan Dad Ansari,Mohammad,,PI,,,,,,,,
grant.7922003,ur.011656503421.58,Sébastien,Castelltort,,PI,grid.8591.5,University of Geneva,,,CH,2660646,,
grant.7922003,ur.010233537234.73,Cai,Puigdefabregas,,Co-PI,grid.5841.8,Departament de Geodinàmica i Geofisica Universitat de Barcelona,,,ES,3128760,,
grant.7922003,ur.012115541357.72,Stephen,Watkins,,Co-PI,,,,,,,,
grant.7922003,ur.015151556557.73,Luis,Valero Montesa,,Co-PI,grid.8591.5,Département des sciences de la Terre Université de Genève,,,CH,2660646,,
grant.7922003,ur.01051762447.98,Thierry,Adatte,,Co-PI,grid.9851.5,Institut des sciences de la Terre Université de Lausanne,,,CH,2659994,,
grant.7922003,ur.012726770527.02,Dario,Ventra,,Co-PI,grid.8591.5,Département des sciences de la Terre Université de Genève,,,CH,2660646,,
grant.7922003,ur.015701023757.72,Nikhil,Sharma,,Co-PI,,,,,,,,
grant.7922003,ur.015217671757.93,Miguel,Garcès,,Co-PI,grid.5841.8,Department of Earth and Ocean Dynamics Faculty of Earth Science University of Barcelona,,,ES,3128760,,
grant.7870463,ur.0631513120.84,Wyn,Williams,,Co-PI,,,,,,,,
grant.7925117,ur.01076572331.97,Pat,Scott,,Co-PI,,,,,,,,
grant.8538700,ur.013631720275.66,Hassan,Chizari,,PI,grid.21027.36,University of Gloucestershire,,South West,GB,2653261,"THE PARK, CHELTENHAM",
grant.8483203,ur.01114205023.17,Prashant,Kumar,,Co-PI,,,,,,,,
grant.8483203,ur.0741130200.73,DK,Arvind,,Co-PI,,,,,,,,
grant.8101666,ur.07634023133.88,Victor,Parchment,,PI,,Ichthion Limited,,,,,London,
grant.8470156,ur.01153767347.15,Asrat,Mekuria,Hailu,Co-PI,,,,,,,,
grant.8470156,ur.0747114314.30,Orin,Courtenay,,Co-PI,,,,,,,,
grant.8470156,ur.0723060254.38,JA,Cotton,,Co-PI,,,,,,,,
grant.8470156,ur.01256711207.61,Matthew,Berriman,,Co-PI,,,,,,,,
grant.8470573,ur.013164733513.13,Judith,Rousseau,,Co-PI,,,,,,,,
grant.8470573,ur.010177031513.00,Patrick,Rebeschini,,Co-PI,,,,,,,,
grant.8470573,ur.014762475726.34,Arnaud,Doucet,,Co-PI,,,,,,,,
grant.8470573,ur.07445444372.54,Dino,Sejdinovic,,Co-PI,,,,,,,,
grant.8483560,ur.015253234433.56,Jean Pierre,Peron,,Co-PI,,,,,,,,
grant.8483560,ur.015205121233.03,Vanessa,Carregaro Pereira,,Co-PI,,,,,,,,
grant.8483560,ur.014541050042.17,EDUARDO BARBOSA,COELHO,,Co-PI,,,,,,,,
grant.8483560,ur.01234142323.97,Luciano,Pamplona De Góes Cavalcanti,,Co-PI,,,,,,,,
grant.8483560,ur.0700024214.13,Rodrigo Guerino,Stabeli,,Co-PI,,,,,,,,
grant.8483560,ur.0662215473.67,Arturo,Reyes-Sandoval,,Co-PI,,,,,,,,
grant.8483560,ur.015052624537.42,Guilherme,Ribeiro,Sousa,Co-PI,,,,,,,,
grant.8469523,ur.0774064367.76,Eriko,Takano,,Co-PI,,,,,,,,
grant.8469523,ur.0615614611.90,Nigel,Scrutton,Shaun,Co-PI,,,,,,,,
grant.8469523,ur.01241260547.21,Vitor,Pinheiro,,Co-PI,,,,,,,,
grant.8469523,ur.0775254440.57,Philip,Shapira,,Co-PI,,,,,,,,
grant.8469523,ur.01162244006.55,Chris,Barnes,,Co-PI,,,,,,,,
grant.8469766,ur.014367714224.52,Michael,Rushton,James,Co-PI,,,,,,,,
grant.8469766,ur.013026243643.21,Simon Charles,Middleburgh,,Co-PI,,,,,,,,
grant.8469766,ur.011670547002.08,Salih,Gungor,,Co-PI,,,,,,,,
grant.8469766,ur.016237433533.04,Foroogh,Hosseinzadeh,,Co-PI,,,,,,,,
grant.8469766,ur.0760722545.86,Ross,Springell,Stuart,Co-PI,,,,,,,,
grant.8469766,ur.014633533045.69,Eugene,Shwageraus,,Co-PI,,,,,,,,
grant.8469766,ur.01014122010.99,Ian,Farnan,,Co-PI,,,,,,,,
grant.8469766,ur.011630511214.50,David,Knowles,Michael,Co-PI,,,,,,,,
grant.8101373,ur.01132551664.20,Timothy,Barraclough,Giles,PI,,,,,,,,
grant.8104152,ur.010746752767.99,Yoann,Levy,,PI,,,,,,,,
grant.8104152,ur.01102251204.45,Usman,Sapaev,,PI,,,,,,,,
grant.8104152,ur.0771373502.38,Oleg,Romanov,,PI,,,,,,,,
grant.8104152,ur.013066462031.40,Krystof,Hlinomaz,,PI,,,,,,,,
grant.8104152,ur.013762220101.11,Sergei,Lizunov,,PI,,,,,,,,
grant.8104152,ur.013232025463.91,Tatsiana,Smirnova,,PI,,,,,,,,
grant.8104152,ur.013223706440.16,Tzveta,Apostolova,,PI,,,,,,,,
grant.8104152,ur.012227206605.30,Oleg,Khasanov,,PI,,,,,,,,
grant.8104152,ur.014624766463.13,Alexander,Fedotov,,PI,,,,,,,,
grant.8104152,ur.013577733563.48,Olga,Fedotova,,PI,,,,,,,,
grant.8104152,ur.013761272663.06,Cristian G.,Sanchez,,PI,,,,,,,,
grant.8104152,ur.011637064463.49,Sergey,Starinskiy,,PI,,,,,,,,
grant.8104152,ur.01245312772.76,Thibault,Derrien,,PI,,,,,,,,
grant.8104152,ur.016217727463.43,Ryhor,Rusetski,,PI,,,,,,,,
grant.7820054,ur.014020512363.12,Alessandro,Chioino,,PI,,,,,,,,
grant.7820054,ur.016211033763.74,Flavio,Tomasi,,PI,,,,,,,,
grant.7820054,ur.015413453363.45,Manuela,Rizzi,,PI,,,,,,,,
grant.7820054,ur.014616072763.17,Loredana,Cumpana,,PI,,,,,,,,
grant.7820054,ur.07505762563.72,Laura,Upton,,PI,,,,,,,,
grant.7924647,ur.01323037066.07,Darshini,Mahadevia,,Co-PI,,,,,,,,
grant.7924647,ur.011107447005.13,Miguel,Esteban,,Co-PI,,,,,,,,
grant.7924647,ur.014502420624.46,Minal,Pathak,,Co-PI,,,,,,,,
grant.7924647,ur.016105451025.91,Lars,Nilsson,J,Co-PI,,,,,,,,
grant.7924647,ur.011456472625.59,Jamil,Khan,,Co-PI,,,,,,,,
grant.7924647,ur.010633652133.00,Joana,Portugal Pereira,,Co-PI,,,,,,,,
grant.7924943,ur.01310704760.35,David,Hannah,Meldrum,Co-PI,,,,,,,,
grant.7924943,ur.016230006547.33,Nicholas,Barrand,E.,Co-PI,,,,,,,,
grant.8469932,ur.01257237134.52,Toby,Basey-Fisher,,PI,,,,,,,,
grant.7925346,ur.0624500641.54,Daniel,Burgarth,Klaus,PI,,,,,,,,
grant.7925073,ur.016013764665.25,Christopher,Wallis,,PI,,Polymateria  Limited,,,,,London,
grant.8101594,ur.01276756214.02,Hala,Ghattas,,Co-PI,,,,,,,,
grant.8101594,ur.01116070533.59,Bassam,Abu Hamad,A,Co-PI,,,,,,,,
grant.8469966,ur.015522612573.81,Reza,Razavi,,PI,grid.13097.3c,King's College London,,London,GB,2643743,,United Kingdom
grant.7849326,ur.0734602122.55,Alexander,Cruden,,PI,,,,,,,,
grant.7849326,ur.012156630102.72,Christopher,Jackson,,Co-PI,,,,,,,,
grant.7849326,ur.010636423645.63,Andrew,Bunger,,Co-PI,,,,,,,,
grant.7849326,ur.01103271552.55,Stephen,Barnes,,Co-PI,,,,,,,,
grant.7849326,ur.01214623352.08,Marco,Fiorentini,,Co-PI,,,,,,,,
grant.8640119,,Andrew,Ball,,PI,,,,,,,,
grant.8640119,,Laura-lee,Innes,,Co-PI,,,,,,,,
grant.8640119,,Jason,Dwyer,,Co-PI,,,,,,,,
grant.8640119,,Geoffrey,Richards,,Co-PI,,,,,,,,
grant.8640119,,Elliot,Lee,,Co-PI,,,,,,,,
grant.8640119,,Judy,Blackbeard,,Co-PI,,,,,,,,
grant.8640119,,Aravind,Surapaneni,,Co-PI,,,,,,,,
grant.8640119,,Alexandra,Keegan,,Co-PI,,,,,,,,
grant.8640119,,Stephen,Smith,,Co-PI,,,,,,,,
grant.8640119,,Ian,Pepper,,Co-PI,,,,,,,,
grant.8640119,,Denis,O'Carroll,,Co-PI,,,,,,,,
grant.8640119,,Lauren,Rickards,,Co-PI,,,,,,,,
grant.8640119,,Susanne,Schmidt,,Co-PI,,,,,,,,
grant.8640119,,Stuart,Khan,,Co-PI,,,,,,,,
grant.8640119,,Sarvesh,Soni,,Co-PI,,,,,,,,
grant.8640119,,Thomas,Wiedmann,,Co-PI,,,,,,,,
grant.8640119,,Michael,Burton,,Co-PI,,,,,,,,
grant.8640119,,Anas,Ghadouani,,Co-PI,,,,,,,,
grant.8640119,,Richard,Stuetz,,Co-PI,,,,,,,,
grant.8640119,,Megan,Ryan,,Co-PI,,,,,,,,
grant.8640119,,Damien,Batstone,,Co-PI,,,,,,,,
grant.8640119,,Kalpit,Shah,,Co-PI,,,,,,,,
grant.7836298,ur.01265713147.31,Julian,Downward,,Co-PI,,,,,,,,
grant.7836298,ur.0766010320.19,Cory,Ocasio,Antonio,Co-PI,,,,,,,,
grant.7836298,ur.010305452733.48,Alexander,Leveringhaus,Christoph,Co-PI,,,,,,,,
grant.7848930,ur.014444476147.42,Phil,Hansbro,,PI,,,,,,,,
grant.7848930,ur.016037437147.38,Luke,O'Neill,,Co-PI,,,,,,,,
grant.7848930,ur.015242056547.36,Ian,Adcock,,Co-PI,,,,,,,,
grant.7849271,ur.010324315607.41,Christopher,McNeill,,PI,,,,,,,,
grant.7849271,ur.012514637207.21,Michael,Sommer,,Co-PI,,,,,,,,
grant.7849271,ur.011717256607.69,Martin,Heeney,,Co-PI,,,,,,,,
grant.7849271,ur.011121676207.77,David,Huang,,Co-PI,,,,,,,,
grant.7849130,ur.0724076502.12,Roland,Goecke,,PI,,,,,,,,
grant.7849130,ur.0774477414.98,Louis-Philippe,Morency,,Co-PI,,,,,,,,
grant.7849130,ur.011624061005.54,Björn,Schuller,,Co-PI,,,,,,,,
grant.7849130,ur.01173412015.55,Jeffrey,Cohn,,Co-PI,,,,,,,,
grant.7849130,ur.016144437411.06,Munawar,Hayat,,Co-PI,,,,,,,,
grant.7849393,ur.012352005247.28,Chun,Wang,,PI,,,,,,,,
grant.7849393,ur.014542326647.33,Francis,Rose,,Co-PI,,,,,,,,
grant.7849393,ur.013744746247.14,Anthony,Kinloch,,Co-PI,,,,,,,,
grant.7849393,ur.013147365647.50,Shuying,Wu,,Co-PI,,,,,,,,
grant.8470010,ur.0743066457.50,Robert,Slade,Charles,Co-PI,,,,,,,,
grant.8470010,ur.01355263764.44,Martin,Dove,Travis,Co-PI,,,,,,,,
grant.8470010,ur.01174617071.86,Qiong,Cai,,Co-PI,,,,,,,,
grant.8470010,ur.01140230677.72,Alan,Drew,John,Co-PI,,,,,,,,
grant.7924930,ur.010671423125.70,Kate,Holligon,,PI,,Breedr  Limited,,,,,Chichester,
grant.7849188,ur.014256576507.44,Julio,Soria,,PI,,,,,,,,
grant.7849188,ur.016447120107.18,Peter,Schmid,,Co-PI,,,,,,,,
grant.7849188,ur.015651537507.57,Javier,Jimenez,,Co-PI,,,,,,,,
grant.7849188,ur.015054157107.05,Callum,Atkinson,,Co-PI,,,,,,,,
grant.7924677,ur.01022126514.38,Alexander,Bismarck,,Co-PI,,,,,,,,
grant.8517009,ur.01255763236.10,Kazuhiro,Nogita,,PI,,,,,,,,
grant.8517009,ur.01062314110.19,Christopher,Gourlay,,Co-PI,,,,,,,,
grant.8517009,ur.010736222767.01,Keith,Sweatman,,Co-PI,,,,,,,,
grant.8530067,ur.01025221742.51,Dea,Stenbæk,Siggaard,PI,,,,,,,,
grant.8530068,ur.01251230075.13,Jane,Bøtkjær,Alrø,PI,,,,,,,,
grant.7924590,ur.01357061311.10,Jyoti,Choudhary,,Co-PI,,,,,,,,
grant.7819600,ur.012034771563.67,Aman,Rastogi,,PI,,,,,,,,
grant.7819600,ur.014754560363.39,Massimiliano,Zecchetto,,PI,,,,,,,,
grant.7819600,ur.012632352163.15,Arnesh,PALANISAMY,,PI,,,,,,,,
grant.7819600,ur.010442030563.36,Sina,ZINATLOU AJABSHIR,,PI,,,,,,,,
grant.7819600,ur.016347521363.15,Balaji,SOUNDARARAJAN,,PI,,,,,,,,
grant.7819600,ur.014225313163.63,Alexandre,Bobillier,,PI,,,,,,,,
grant.7612169,ur.01357727723.75,Kim,Jonas,Carol,PI,,,,,,,,
grant.7870453,ur.016343777562.93,Alex,Cazacu,,PI,grid.424534.0,Granta Design Limited,,East Midlands,GB,2653941,Cambridge,
grant.7836040,ur.013745647427.38,Ahmed,Elyamani,,Co-PI,,,,,,,,
grant.7836040,ur.013150267027.35,Sherif,Mourad,,Co-PI,,,,,,,,
grant.7924637,ur.015711624173.24,Chitkamon,Pradapkon,,PI,grid.1121.3,Rolls-Royce PLC,,London,GB,2651347,,United Kingdom
grant.7836648,ur.015251333255.73,Nick,Housby,,PI,,Accunea Ltd.,,,,,London,
grant.7829058,ur.01145146322.32,Raimondo,Ascione,,Co-PI,,,,,,,,
grant.7612013,ur.014033567641.19,Frederic,Leymarie,,Co-PI,,,,,,,,
grant.7612013,ur.0651433363.80,William,Latham,,Co-PI,,,,,,,,
grant.8101201,ur.012000330525.07,Peter,Chapman,,PI,grid.428062.a,Chelsea and Westminster NHS Foundation Trust,,,GB,2643743,London,
grant.7444348,ur.0612501550.00,Paul G.,Tucker,,Co-PI,,,,,,,,
grant.7444348,ur.01171402310.25,Neil David,Sandham,,Co-PI,,,,,,,,
grant.7444348,ur.01140125570.08,Alistair,Revell,James,Co-PI,,,,,,,,
grant.7444348,ur.0630475610.63,David,Emerson,,Co-PI,,,,,,,,
grant.7924977,ur.012762407301.05,Krunal,Kumpavat,,PI,,Nissan Motor (Gb) Limited,,,,,Maple Cross,
grant.7836437,ur.013475462567.78,Liam,Hill,,PI,grid.422993.7,Aston Martin Lagonda Limited,,West Midlands,GB,2636713,Warwick,United Kingdom
grant.7870390,ur.01262414665.28,John,Holloway,,Co-PI,,,,,,,,
grant.7870390,ur.013267550027.54,Heather,Zar,,Co-PI,,,,,,,,
grant.7870390,ur.01255430366.85,Mark,Nicol,Patrick,Co-PI,,,,,,,,
grant.7870390,ur.01362263454.17,Alexander John,Henderson,,Co-PI,,,,,,,,
grant.7870390,ur.0627614723.01,Dan,Stein,,Co-PI,,,,,,,,
grant.7870390,ur.01007156724.20,Diane M,Gray,,Co-PI,,,,,,,,
grant.7444720,ur.016217051602.86,Ingemar,Cox,Johansson,Co-PI,,,,,,,,
grant.7444720,ur.0773104535.38,Rachel,McKendry,Anne,Co-PI,,,,,,,,
grant.8469877,ur.0715147654.72,Philip,Taylor,C,PI,grid.1006.7,Newcastle University,,North East,GB,2641673,,United Kingdom
grant.8469877,ur.012500462442.36,Furong,Li,,Co-PI,grid.7340.0,University of Bath,,South West,GB,2656173,,United Kingdom
grant.8469877,ur.0652147560.05,Peter,Taylor,,Co-PI,grid.9909.9,University of Leeds,,Yorkshire and The Humber,GB,2644688,,United Kingdom
grant.8469877,ur.016076470507.32,Robin,Preece,,Co-PI,grid.5379.8,University of Manchester,,North West,GB,2643123,Manchester,United Kingdom
grant.8469877,ur.012237577263.05,Vladimir,Terzija,,Co-PI,grid.5379.8,University of Manchester,,North West,GB,2643123,Manchester,United Kingdom
grant.8469877,ur.016300672317.32,Sara,Walker,Louise,Co-PI,grid.1006.7,Newcastle University,,North East,GB,2641673,,United Kingdom
grant.8469877,ur.0705427560.83,Jianzhong,Wu,,Co-PI,grid.5600.3,Cardiff University,,Wales,GB,2653822,,United Kingdom
grant.7747398,ur.012425355535.16,Tse-Hui,Teh,,Co-PI,,,,,,,,
grant.7747398,ur.011361536257.04,Christopher,Jackson,Robert,Co-PI,,,,,,,,
grant.7747398,ur.011527423426.15,Helen,Bonsor,,Co-PI,,,,,,,,
grant.7747398,ur.010412703121.92,Andrew,Hughes,Graham,Co-PI,,,,,,,,
grant.7747398,ur.0601756120.05,Sarah,Bell,Jayne,Co-PI,,,,,,,,
grant.7747398,ur.01315750530.52,Carl,Watson,James,Co-PI,,,,,,,,
grant.7747398,ur.012463164075.07,Stephanie,Bricker,,Co-PI,,,,,,,,
grant.7747398,ur.0604221520.18,Simon,Dadson,James,Co-PI,,,,,,,,
grant.7747398,ur.010706331273.98,Nici,Zimmermann,,Co-PI,,,,,,,,
grant.7612924,ur.014474366063.35,Maria,Ruiz Ortega,,PI,,,,,,,,
grant.7612924,ur.01351704043.74,Erdem,Sanal,,PI,,,,,,,,
grant.7612924,ur.016616574263.91,HoChan,Cheon,,PI,,,,,,,,
grant.7612924,ur.07627473345.71,Daniel Felipe,Luque Duque,,PI,,,,,,,,
grant.7612924,ur.015223633263.15,Laura,Mora Bitria,,PI,,,,,,,,
grant.7612924,ur.013101425063.70,Noor,Kherreh,,PI,,,,,,,,
grant.7612924,ur.016021213663.05,Van Thuy,Truong,,PI,,,,,,,,
grant.7612924,ur.010113523063.08,Carina,Bruckmaier,,PI,,,,,,,,
grant.7612924,ur.011506464063.10,Giulia,Belluccini,,PI,,,,,,,,
grant.7612924,ur.012304044463.68,Lea,Sta,,PI,,,,,,,,
grant.7612924,ur.010711103463.43,Elena,de Dios Panal,,PI,,,,,,,,
grant.7612924,ur.014737603545.39,Alessandro,Greco,,PI,,,,,,,,
grant.7612924,ur.014426252663.46,Flavia,Feliciangeli,,PI,,,,,,,,
grant.7746913,ur.015202111227.53,Stoyan,Smoukov,,PI,grid.4868.2,"Queen Mary, University of London",,London,GB,2643743,,United Kingdom
grant.7611963,ur.0733506756.00,Shehan,Hettiaratchy,,Co-PI,,,,,,,,
grant.8101276,ur.01027642754.06,Michael,Fairweather,,Co-PI,,,,,,,,
grant.7836286,ur.016065041443.05,Timothy,Davies,,PI,grid.1121.3,Rolls-Royce PLC,,London,GB,2651347,,United Kingdom
grant.7747104,ur.013370442145.41,Peter,Shearman,,PI,grid.433277.6,Cisco International Limited,,Wales,GB,2643743,CARDIFF,
grant.7837111,ur.01134404432.08,Graham,Oakes,,PI,,Upside Energy Ltd,,North West,,,NORTHWICH,
grant.7746061,ur.0611617270.36,Eoin,O'Gorman,,Co-PI,,,,,,,,
grant.7748515,ur.011545231260.27,Adrian,Teo,Kee Keong,Co-PI,,,,,,,,
grant.7747912,ur.010443157514.44,Mark,Wildig,,PI,,Ovationdata Limited,,South East,,,ORPINGTON,
grant.7444071,ur.0744052747.28,Nikolaos,Zygouras,,PI,grid.7372.1,University of Warwick,,West Midlands,GB,2652221,,United Kingdom
grant.7747018,ur.01063334514.37,Umberto,D'Alessandro,,Co-PI,,,,,,,,
grant.7747018,ur.01334277123.91,Coumba,TOURE KANE,,Co-PI,,,,,,,,
grant.7747018,ur.010643570334.08,CHEMIN,Isabelle,,Co-PI,,,,,,,,
grant.7672881,ur.016446715145.96,Mohammed,Maqbool,,PI,grid.412603.2,Qatar University,,,QA,290030,,Qatar
grant.7672881,ur.0710045657.55,Aboubakr,Abdullah,,PI,grid.412603.2,Qatar University,,,QA,290030,,Qatar
grant.7672881,ur.010377564376.95,Nicholas,Laycock,,PI,grid.498653.5,Qatar Shell Research & Technology Center QSTP LLC,,,QA,290030,,Qatar
grant.7672881,ur.010463562074.14,Marwa,al-Ansary,,Co-PI,grid.498653.5,Qatar Shell Research & Technology Center QSTP LLC,,,QA,290030,,Qatar
grant.8481929,ur.015260145172.05,TC,Murray,,Co-PI,grid.1008.9,University of Melbourne,AU-VIC,,AU,2158177,,
grant.8481937,ur.01343374154.43,DM,Harwood,,Co-PI,grid.24434.35,University of Nebraska-Lincoln,US-NE,,US,5072006,,
grant.8481937,ur.016302063671.73,L,De Santis,,Co-PI,,National Institute of Oceanography & Experimental Geophysics,,,IT,3165185,,
grant.8481937,ur.013527541317.96,JAP,Bendle,,Co-PI,grid.6572.6,University of Birmingham,,,GB,2655603,,
grant.8481937,ur.015170615517.77,J,Müller,,Co-PI,,Alfred Wegener Instiute,,,,,,
grant.8481937,ur.012406457401.26,O,Seki,,Co-PI,grid.39158.36,Hokkaido University,,,JP,2128295,,
grant.8481937,ur.013017771363.06,G,Cortese,,Co-PI,grid.15638.39,GNS Science,,,NZ,2188164,,
grant.8481937,ur.011601610721.33,F,Sangiorgi,,Co-PI,grid.5477.1,University of Utrecht,,,NL,2745912,,
grant.8481937,ur.010012372117.79,RM,DeConto,,Co-PI,grid.266683.f,University of Massachusetts Amherst,US-MA,,US,4929023,,
grant.8481937,ur.015634751266.69,BJ,Duncan,,Co-PI,grid.267827.e,Victoria University of Wellington,,,NZ,2179537,,
grant.8481937,ur.01233204652.79,AE,Shevenell,,Co-PI,grid.170693.a,University of South Florida,US-FL,,US,4174757,,
grant.8481937,ur.01346270104.81,A,Condron,,Co-PI,grid.56466.37,Woods Hole Oceanographic Institution,US-MA,,US,4936174,,
grant.7747672,ur.012570700134.83,Christoph,Sele,,PI,grid.434434.0,Eight19 Limited,,,GB,2653941,Cambridge,
grant.7444185,ur.010116517233.22,David,Acreman,Matthew,Co-PI,,,,,,,,
grant.7444185,ur.011356701632.40,Daniel,Ruprecht,,Co-PI,,,,,,,,
grant.7444185,ur.012460135322.19,Martin,Schreiber,,Co-PI,,,,,,,,
grant.7444185,ur.011530526667.18,Beth,Wingate,,Co-PI,,,,,,,,
grant.7746870,ur.0672361162.46,Sarah,Kiguli,,Co-PI,,,,,,,,
grant.7746870,ur.01267053653.06,Victor,Musiime,,Co-PI,,,,,,,,
grant.7612184,ur.016412144710.24,David,Moxey,Christopher,Co-PI,,,,,,,,
grant.7612184,ur.012404653211.80,Patrick,Farrell,Emmet,Co-PI,,,,,,,,
grant.7747302,ur.0747024546.90,Martie,Van Tongeren,Josephus,Co-PI,grid.5379.8,University of Manchester,,North West,GB,2643123,Manchester,United Kingdom
grant.7747302,ur.0754274002.97,Andrew,McIntosh,Mark,Co-PI,grid.4305.2,University of Edinburgh,,Scotland,GB,2650225,,United Kingdom
grant.7747302,ur.01371504405.32,Ronan,Lyons,Anthony,Co-PI,grid.4827.9,Swansea University,,Wales,GB,2636432,,United Kingdom
grant.7747302,ur.0614233036.16,Kate,Hunt,,Co-PI,,,,,,,,
grant.7748626,ur.01026477030.03,Enass,Abo-Hamed,,PI,,H2go Power Ltd,,East of England,,,London,
grant.7388821,ur.014052710707.23,Matthew,Apps,,PI,grid.4991.5,University of Oxford,,South East,GB,2640729,,United Kingdom
grant.7747425,ur.01323033713.85,Ali,Salehi-Reyhani,,PI,grid.13097.3c,King's College London,,London,GB,2643743,,United Kingdom
grant.7748646,ur.013462574105.86,Susan Andrea,Bernal Lopez,,PI,grid.9909.9,University of Leeds,,Yorkshire and The Humber,GB,2644688,,United Kingdom
grant.7920872,ur.01022255644.17,Simak,Ali,,PI,,,,,,,,
grant.7920872,ur.016317642343.15,Philippe,JUIN,,Co-PI,,,,,,,,
grant.7920872,ur.013410565122.88,Stephen,Johnston,,Co-PI,,,,,,,,
grant.7920872,ur.015776405257.84,Mitch,Dowsett,,Co-PI,,,,,,,,
grant.7920872,ur.010672274364.82,Laki,Buluwela,,Co-PI,,,,,,,,
grant.7920872,ur.01240757057.65,Lesley-Ann,Martin,,Co-PI,,,,,,,,
grant.8457317,ur.014423710663.55,Richard,Zeifman,,PI,,,,,,,,
grant.8457317,ur.015221271263.76,Candice,Monson,,Co-PI,,,,,,,,
grant.7570877,ur.013451063505.40,Rajesh,MADHU,,PI,,,,,,,,
grant.7612931,ur.016371760363.50,Olivier,Hubert,,PI,,,,,,,,
grant.7612931,ur.07666707163.78,Arya,ASLANI,,PI,,,,,,,,
grant.7612931,ur.013452171563.43,Gokul,Murali,,PI,,,,,,,,
grant.7612931,ur.014510357221.06,Babak,Fazlali,,PI,,,,,,,,
grant.7612931,ur.014201436763.08,Jaganath,Thirunavukkarasu,,PI,,,,,,,,
grant.7612931,ur.015717525745.45,Guillaume,Broggi,,PI,,,,,,,,
grant.7612931,ur.013715206457.46,Sina,AhmadvashAghbash,,PI,,,,,,,,
grant.7612931,ur.010464267563.01,Rajnish,Kumar,,PI,,,,,,,,
grant.7612931,ur.013404056363.12,Alexios,Argyropoulos,,PI,,,,,,,,
grant.7612931,ur.015122145345.70,Salvatore Giacomo,Marino,,PI,,,,,,,,
grant.7612931,ur.012057230563.12,Camilo,Rojas,,PI,,,,,,,,
grant.7612931,ur.014777017363.78,Paul,Woody,,PI,,,,,,,,
grant.7612931,ur.015574377763.01,Tahreem,Tahreem,,PI,,,,,,,,
grant.7444629,ur.01225535146.79,Joerg,Albert,Thaddaeus,PI,grid.83440.3b,University College London,,London,GB,2643743,,United Kingdom
grant.7444629,ur.01136653512.39,Matthew,Topping,,Co-PI,grid.83440.3b,University College London,,London,GB,2643743,,United Kingdom
grant.7746763,ur.015612614024.91,Lawrence,Moon,,Co-PI,,,,,,,,
grant.7746839,ur.0667357472.49,Ashwin,Dhanda,,Co-PI,grid.11201.33,University of Plymouth,,South West,GB,2640194,,United Kingdom
grant.7746839,ur.01106635510.14,David,Adams,Harvey,Co-PI,grid.6572.6,University of Birmingham,,West Midlands,GB,2655603,,United Kingdom
grant.7746839,ur.01240123415.54,Stuart,Forbes,John,Co-PI,grid.4305.2,University of Edinburgh,,Scotland,GB,2650225,,United Kingdom
grant.7746839,ur.010427513764.23,William,Rosenberg,Malcolm,Co-PI,grid.83440.3b,University College London,,London,GB,2643743,,United Kingdom
grant.7746839,ur.01301202003.61,Paul,Newcombe,,Co-PI,grid.5335.0,University of Cambridge,,East of England,GB,2653941,,United Kingdom
grant.7444334,ur.01116567054.48,Nick,Chater,,Co-PI,,,,,,,,
grant.7389248,ur.012143456537.23,Xiaowei,Zhao,,PI,grid.7372.1,University of Warwick,,West Midlands,GB,2652221,,United Kingdom
grant.7745949,ur.01243315040.73,Rachel Pei-Jen,Lai,,PI,grid.451388.3,The Francis Crick Institute,,,GB,2643743,,
grant.7612146,ur.015275015710.05,Maria,Tanjala,,PI,,Big Couch Ltd,,London,,,LONDON,
grant.7611980,ur.01043732127.31,Christina,Redfield,,PI,grid.4991.5,University of Oxford,,South East,GB,2640729,,United Kingdom
grant.7611980,ur.01012104774.41,Jason,Schnell,Ronald,Co-PI,grid.4991.5,University of Oxford,,South East,GB,2640729,,United Kingdom
grant.7611980,ur.01166471571.04,Andrew,Baldwin,James,Co-PI,grid.4991.5,University of Oxford,,South East,GB,2640729,,United Kingdom
grant.7611980,ur.01022070144.54,Tim,Claridge,,Co-PI,grid.4991.5,University of Oxford,,South East,GB,2640729,,United Kingdom
grant.7611980,ur.01012123523.60,Ioannis,Vakonakis,,Co-PI,grid.4991.5,University of Oxford,,South East,GB,2640729,,United Kingdom
grant.7611266,ur.010131467454.48,Alexander,Fergusson,,PI,,Fergusson's Advanced Composite Technology Limited,,London,GB,,Albert Embankment,United Kingdom
grant.7157022,ur.014300056102.08,Mohammad,Rahmati,,PI,grid.42629.3b,Northumbria University,,North East,GB,2641673,,United Kingdom
grant.7611391,ur.01222615241.37,Etienne,Ntagwirumugara,,Co-PI,,,,,,,,
grant.7746292,ur.013625325774.69,Steve,Gledden,,PI,,"Aipod, Ltd",,,,,London,
grant.7444830,ur.01226756210.82,James,McCullagh,,PI,grid.4991.5,University of Oxford,,South East,GB,2640729,,United Kingdom
grant.7444830,ur.01316271563.85,John,MacKay,James,Co-PI,grid.4991.5,University of Oxford,,South East,GB,2640729,,United Kingdom
grant.7444830,ur.011632210747.10,Benjamin,Davis,,Co-PI,,,,,,,,
grant.7444830,ur.0623743164.72,Akane,Kawamura,,Co-PI,grid.4991.5,University of Oxford,,South East,GB,2640729,,United Kingdom
grant.7444830,ur.01222526354.00,Renier,Van Der Hoorn,,Co-PI,grid.4991.5,University of Oxford,,South East,GB,2640729,,United Kingdom
grant.7444830,ur.01057347543.23,Skirmantas,Kriaucionis,,Co-PI,grid.4991.5,University of Oxford,,South East,GB,2640729,,United Kingdom
grant.7444830,ur.07512676162.86,Philip,Poole,Simon,Co-PI,grid.4991.5,University of Oxford,,South East,GB,2640729,,United Kingdom
grant.7444830,ur.01175113332.59,Richard George,Ratcliffe,,Co-PI,grid.4991.5,University of Oxford,,South East,GB,2640729,,United Kingdom
grant.7444830,ur.01236533525.33,Kieran,Clarke,,Co-PI,grid.4991.5,University of Oxford,,South East,GB,2640729,,United Kingdom
grant.7444830,ur.01037404765.29,Lee,Sweetlove,James,Co-PI,grid.4991.5,University of Oxford,,South East,GB,2640729,,United Kingdom
grant.7444830,ur.01022740437.12,Nicholas,Kruger,John,Co-PI,grid.4991.5,University of Oxford,,South East,GB,2640729,,United Kingdom
grant.7444830,ur.01225607615.78,Christopher Joseph,Schofield,,Co-PI,grid.4991.5,University of Oxford,,South East,GB,2640729,,United Kingdom
grant.7444830,ur.011401336761.43,Rosalind Emily Mayors,Rickaby,,Co-PI,grid.4991.5,University of Oxford,,South East,GB,2640729,,United Kingdom
grant.7444830,ur.01112135725.18,Gail,Preston,Margaret,Co-PI,grid.4991.5,University of Oxford,,South East,GB,2640729,,United Kingdom
grant.7444830,ur.0751517735.15,Emily,Flashman,,Co-PI,grid.4991.5,University of Oxford,,South East,GB,2640729,,United Kingdom
grant.7444830,ur.07744374412.60,Tom,Brown,,Co-PI,grid.4991.5,University of Oxford,,South East,GB,2640729,,United Kingdom
grant.7444830,ur.01002540611.70,Heidi,De Wet,,Co-PI,grid.4991.5,University of Oxford,,South East,GB,2640729,,United Kingdom
grant.7611094,ur.0741464325.49,Rachel,Williams,,Co-PI,,,,,,,,
grant.7611094,ur.01326114165.13,Alvaro,Mata,,Co-PI,,,,,,,,
grant.7611094,ur.01346333533.37,Jonathan,Dawson,Ian,Co-PI,,,,,,,,
grant.7611094,ur.07661315457.67,Richard,Oreffo,,Co-PI,,,,,,,,
grant.7611094,ur.07714345177.42,Kevin,Shakesheff,,Co-PI,,,,,,,,
grant.7611094,ur.01360335141.16,Mark,Bradley,,Co-PI,,,,,,,,
grant.7611094,ur.01240123415.54,Stuart,Forbes,John,Co-PI,,,,,,,,
grant.7611094,ur.010540447237.70,Felicity,Rose,Rosamari,Co-PI,,,,,,,,
grant.7611094,ur.0721507574.02,Nicholas,Evans,David,Co-PI,,,,,,,,
grant.7611094,ur.0662137470.32,Ricky,Wildman,Darren,Co-PI,,,,,,,,
grant.7611094,ur.016312052452.22,Andrew,Carr,,Co-PI,,,,,,,,
grant.7611094,ur.01361312545.49,Manuel,Salmeron-Sanchez,,Co-PI,,,,,,,,
grant.7611094,ur.0702706047.20,Alberto,Saiani,,Co-PI,,,,,,,,
grant.7611094,ur.0664165517.21,Lisa,White,Jane,Co-PI,,,,,,,,
grant.7611094,ur.01306634725.94,Robin,Ali,Raihan,Co-PI,,,,,,,,
grant.7747868,ur.012561175734.66,Vladimir,Yufit,,PI,,Rfc Power Limited,,,,,London,
grant.7747362,ur.01232300360.53,Emma,Bunce,J,PI,grid.9918.9,University of Leicester,,East Midlands,GB,2644668,,United Kingdom
grant.7157044,ur.01013431410.16,Mark,Birkinshaw,,PI,grid.5337.2,University of Bristol,,South West,GB,2654675,,United Kingdom
grant.7157044,ur.01310744160.04,Malcolm,Bremer,Neal,Co-PI,grid.5337.2,University of Bristol,,South West,GB,2654675,,United Kingdom
grant.7157044,ur.01321471560.17,Benjamin,Maughan,John,Co-PI,grid.5337.2,University of Bristol,,South West,GB,2654675,,United Kingdom
grant.7389415,ur.015416040220.04,Michael,Hughes,,PI,grid.9759.2,University of Kent,,South East,GB,2653877,,United Kingdom
grant.7611890,ur.0767366100.45,Thomas,Parks,Edward,Co-PI,,,,,,,,
grant.7611546,ur.016322550050.51,Fenton,Mann,,PI,,Torr Scientific Limited,,South East,,,Bexhill On Sea,
grant.8470208,ur.010203314317.54,Debbie,Lawlor,,PI,grid.5337.2,University of Bristol,,South West,GB,2654675,,United Kingdom
grant.7611169,ur.016531203545.68,Dietmar,Lang,,PI,grid.418707.d,Unilever U.K. Central Resources Limited,,East of England,GB,2643743,Bedford,
grant.7611238,ur.014321541705.47,Stelios,Mores,,PI,,Heath Scientific Company Ltd,,,,,Bletchley,
grant.7156030,ur.0753716365.19,Thomas,Headen,Fraser,PI,grid.14467.30,STFC - Laboratories,,South East,GB,2636389,,United Kingdom
grant.7611413,ur.01203522437.45,Giuliano,Russo,,PI,grid.4868.2,"Queen Mary, University of London",,London,GB,2643743,,United Kingdom
grant.7611413,ur.013350057645.91,Mario,Scheffer,Cesar,Co-PI,,,,,,,,
grant.7611413,ur.010016703574.95,Maria Teresa,Seabra Soares De Britto E Alves,,Co-PI,,,,,,,,
grant.7611413,ur.0700455745.05,David,McCoy,,Co-PI,grid.4868.2,"Queen Mary, University of London",,London,GB,2643743,,United Kingdom
grant.7611413,ur.012413334650.38,Daniel,Wang,Wei,Co-PI,grid.4868.2,"Queen Mary, University of London",,London,GB,2643743,,United Kingdom
grant.8469514,ur.01042477353.58,Frederick,Warren,James,PI,grid.40368.39,Institute of Food Research,,East of England,GB,2641181,,United Kingdom
grant.8469514,ur.01025404644.74,Arjan,Narbad,,Co-PI,grid.40368.39,Institute of Food Research,,East of England,GB,2641181,,United Kingdom
grant.8469514,ur.01041110150.43,Peter,Wilde,James,Co-PI,grid.40368.39,Institute of Food Research,,East of England,GB,2641181,,United Kingdom
grant.8469514,ur.0612200006.15,Cathrina,Edwards,Hansen,Co-PI,grid.40368.39,Institute of Food Research,,East of England,GB,2641181,,United Kingdom
grant.8469514,ur.0772334607.36,Nathalie,Juge,,Co-PI,grid.40368.39,Institute of Food Research,,East of England,GB,2641181,,United Kingdom
grant.8469514,ur.01134447512.47,Paul,Kroon,Antony,Co-PI,grid.40368.39,Institute of Food Research,,East of England,GB,2641181,,United Kingdom
grant.8469514,ur.01213047447.50,Richard,Mithen,,Co-PI,grid.40368.39,Institute of Food Research,,East of England,GB,2641181,,United Kingdom
grant.8470042,ur.0612200006.15,Cathrina,Edwards,Hansen,PI,grid.40368.39,Institute of Food Research,,East of England,GB,2641181,,United Kingdom
grant.8470042,ur.010475147445.30,Brittany,Hazard,,Co-PI,grid.40368.39,Institute of Food Research,,East of England,GB,2641181,,United Kingdom
grant.8470042,ur.01042477353.58,Frederick,Warren,James,Co-PI,grid.40368.39,Institute of Food Research,,East of England,GB,2641181,,United Kingdom
grant.8470782,ur.01044575154.76,Mark,Pallen,John,PI,grid.40368.39,Institute of Food Research,,East of England,GB,2641181,,United Kingdom
grant.8470782,ur.01220046325.39,Mark,Webber,Alexander,Co-PI,grid.40368.39,Institute of Food Research,,East of England,GB,2641181,,United Kingdom
grant.8470782,ur.0622537266.95,Alison,Mather,,Co-PI,grid.40368.39,Institute of Food Research,,East of England,GB,2641181,,United Kingdom
grant.8470782,ur.01265557304.29,Justin,O'Grady,,Co-PI,grid.40368.39,Institute of Food Research,,East of England,GB,2641181,,United Kingdom
grant.8470782,ur.0614450141.30,Robert,Kingsley,,Co-PI,grid.40368.39,Institute of Food Research,,East of England,GB,2641181,,United Kingdom
grant.8470782,ur.0626517551.54,Brendan,Wren,,Co-PI,grid.8991.9,London Sch of Hygiene and Trop Medicine,,London,GB,2643743,,United Kingdom
grant.8470782,ur.0773673131.20,Andrew,Grant,James,Co-PI,,,,,,,,
grant.7611500,ur.016106415645.67,TIAGO,LINS,SALESSI,Co-PI,,,,,,,,
grant.7611500,ur.0605057770.16,Davide,Rasella,,Co-PI,,,,,,,,
grant.7611500,ur.010000345547.42,Felipe,De Oliveira De Souza Santos,,Co-PI,,,,,,,,
grant.7611500,ur.013445233350.28,Mauro,Niskier Sanchez,,Co-PI,grid.7632.0,University of Brasilia,,Outside UK,BR,3469058,,Brazil
grant.7611500,ur.07771467662.84,Ricardo,Soares,,Co-PI,,,,,,,,
grant.7611500,ur.015567441550.05,Wallace,Dos Santos,,Co-PI,,,,,,,,
grant.7611500,ur.014424336413.66,Felipe,Oliveira,Proenço De,Co-PI,,,,,,,,
grant.7611500,ur.01272554554.09,Timothy,Powell Jackson,,Co-PI,,,,,,,,
grant.7611500,ur.0661127665.95,Leonor Maria Pacheco,Santos,,Co-PI,grid.7632.0,University of Brasilia,,Outside UK,BR,3469058,,Brazil
grant.7611500,ur.01060233325.21,Everton,Silva,,Co-PI,grid.7632.0,University of Brasilia,,Outside UK,BR,3469058,,Brazil
grant.7746852,ur.01330710500.42,Beate,Kampmann,,PI,grid.8991.9,London Sch of Hygiene and Trop Medicine,,London,GB,2643743,,United Kingdom
grant.7746852,ur.01226112464.02,Christine,Jones,,Co-PI,,,,,,,,
grant.7746702,ur.01027121051.13,Andrew,Pollard,J,Co-PI,grid.4991.5,University of Oxford,,South East,GB,2640729,,United Kingdom
grant.7746130,ur.01334755643.19,Helen,McShane,,PI,grid.4991.5,University of Oxford,,South East,GB,2640729,,United Kingdom
grant.7746130,ur.01116212654.21,Helen,Fletcher,,Co-PI,grid.8991.9,London Sch of Hygiene and Trop Medicine,,London,GB,2643743,,United Kingdom
grant.7444454,ur.013073276343.63,Thomas,Kelly,,PI,,Perkins Engines Company Limited,,East of England,,,PETERBOROUGH,
grant.7444838,ur.01320161130.16,David,Cunningham,,Co-PI,,,,,,,,
grant.7444838,ur.01311647137.99,Charles,Coombes,,Co-PI,,,,,,,,
grant.7444838,ur.016450652232.09,Paul,French,,Co-PI,,,,,,,,
grant.7444838,ur.01163213515.11,John,Westwick,,Co-PI,,,,,,,,
grant.7444838,ur.0670264415.41,Lynne,Murray,,Co-PI,,,,,,,,
grant.7444428,ur.010235217662.66,Stephen,Ward,,PI,grid.48004.38,Liverpool School of Tropical Medicine,,North West,GB,2644210,,
grant.7444428,ur.0603517252.09,Miles,Carroll,William,Co-PI,,,,,,,,
grant.7444428,ur.0751102271.80,Simon,Draper,,Co-PI,,,,,,,,
grant.7444428,ur.01223741130.06,Simon,Croft,,Co-PI,,,,,,,,
grant.7444428,ur.01221736263.00,Giancarlo,Biagini,Augusto,Co-PI,grid.48004.38,Liverpool School of Tropical Medicine,,North West,GB,2644210,,
grant.7610955,ur.016044704122.16,Harini,Hewa Dewage,,PI,,M-Kopa UK Limited,,,,,London,
grant.7507315,ur.01163310753.96,Julian,GARGIULO,,PI,,,,,,,,
grant.7611939,ur.011063151210.19,Richard,Kemp-Harper,,PI,grid.431958.2,Arcola Energy Limited,,London,GB,2643743,London,United Kingdom
grant.7611220,ur.01221547630.67,Paul,Kelly,,Co-PI,grid.4868.2,"Queen Mary, University of London",,London,GB,2643743,,United Kingdom
grant.7611220,ur.01153675730.19,Douglas,Morrison,,Co-PI,,,,,,,,
grant.7611220,ur.01021612636.36,Tom,Preston,,Co-PI,,,,,,,,
grant.7611220,ur.0612200006.15,Cathrina,Edwards,Hansen,Co-PI,,,,,,,,
grant.7611220,ur.01331053710.73,Claire,Domoney,,Co-PI,grid.14830.3e,John Innes Centre,,East of England,GB,2641181,,United Kingdom
grant.7611220,ur.01041110150.43,Peter,Wilde,James,Co-PI,,,,,,,,
grant.7611220,ur.013407301017.86,Anura,Kurpad,,Co-PI,,,,,,,,
grant.7611795,ur.01323645132.33,Vanessa,Garcia Larsen,,Co-PI,,,,,,,,
grant.6944718,ur.01076432630.06,Chris,Stokes,Richard,PI,grid.8250.f,Durham University,,,GB,2650628,,United Kingdom
grant.6944718,ur.07474670037.19,Stewart,Jamieson,Scott,Co-PI,grid.8250.f,Durham University,,,GB,2650628,,United Kingdom
grant.6711239,ur.01165511256.59,Erica,Bickerton,Jane,PI,grid.63622.33,The Pirbright Institute,,South East,GB,2633709,,United Kingdom
grant.6711239,ur.0765754102.06,Paolo,Ribeca,,Co-PI,,,,,,,,
grant.7084495,ur.016712764723.60,Chung-Tse,Shao,Arick,PI,grid.4868.2,"Queen Mary, University of London",,London,GB,2643743,,United Kingdom
grant.6945448,ur.0746500543.97,Luning,Liu,,PI,grid.10025.36,University of Liverpool,,,GB,2644210,,United Kingdom
grant.7389254,ur.015271677004.27,James,Ajioka,Warren,PI,grid.5335.0,University of Cambridge,,East of England,GB,2653941,,United Kingdom
grant.7389254,ur.016132245360.98,Steven,Hussey,Grant,Co-PI,,,,,,,,
grant.7389254,ur.0754526214.03,Ian,Goodfellow,Gordon,Co-PI,grid.5335.0,University of Cambridge,,East of England,GB,2653941,,United Kingdom
grant.7389254,ur.011022135160.57,Kevin,Land,John,Co-PI,,,,,,,,
grant.7389254,ur.014467014464.27,James,Haseloff,Phillip,Co-PI,grid.5335.0,University of Cambridge,,East of England,GB,2653941,,United Kingdom
grant.7389145,ur.01120042642.03,Malcolm,Granat,,Co-PI,grid.8752.8,University of Salford,,North West,GB,2638671,,United Kingdom
grant.7158053,ur.010776671032.96,Jacqueline,Shaw,Amanda,Co-PI,,,,,,,,
grant.7444331,ur.014664022222.16,Philippa,Norman,,PI,,Filigree Technologies Limited,,,,,London,
grant.7443510,ur.01355477547.03,Brian,Hendrich,,PI,grid.5335.0,University of Cambridge,,East of England,GB,2653941,,United Kingdom
grant.7443510,ur.01361363411.89,Ernest,Laue,Douglas,Co-PI,grid.5335.0,University of Cambridge,,East of England,GB,2653941,,United Kingdom
grant.7083637,ur.01206735310.03,Mark,Girolami,,PI,,,,,,,,
grant.7443926,ur.01256656667.00,Ik,Heng,Siong,PI,grid.8756.c,University of Glasgow,,Scotland,GB,2648579,,United Kingdom
grant.7443926,ur.0577650320.98,Alberto,Vecchio,,Co-PI,grid.6572.6,University of Birmingham,,West Midlands,GB,2655603,,United Kingdom
grant.7443926,ur.013456760662.37,Zebing,Zhou,,Co-PI,,Huazhong University of Sci and Tech,,Outside UK,CN,1791247,,
grant.7443926,ur.014013375411.20,Xiuhua,Fu,,Co-PI,,,,,,,,
grant.7443926,ur.014206226062.86,Junwei,Cao,,Co-PI,,,,,,,,
grant.7443926,ur.01140564611.05,Desmond Robert,Gibson,,Co-PI,grid.15756.30,University of the West of Scotland,,Scotland,GB,2640677,,United Kingdom
grant.7443926,ur.01050600704.72,Patrick,Sutton,James,Co-PI,grid.5600.3,Cardiff University,,Wales,GB,2653822,,United Kingdom
grant.7443926,ur.015311333247.24,Stuart,Reid,,Co-PI,grid.11984.35,University of Strathclyde,,Scotland,GB,2648579,,United Kingdom
grant.7443926,ur.01366352750.88,Nils,Andersson,,Co-PI,grid.5491.9,University of Southampton,,South East,GB,2637487,,United Kingdom
grant.7443926,ur.0653773570.56,Edward,Daw,John,Co-PI,grid.11835.3e,University of Sheffield,,Yorkshire and The Humber,GB,2638077,,United Kingdom
grant.7443926,ur.011266437262.43,Zhanshan,Wang,,Co-PI,grid.24516.34,Tongji University,,Outside UK,CN,1796236,,China
grant.7443926,ur.01105255320.03,Giles,Hammond,Dominic,Co-PI,grid.8756.c,University of Glasgow,,Scotland,GB,2648579,,United Kingdom
grant.7443926,ur.01325622504.14,Martin,Hendry,,Co-PI,grid.8756.c,University of Glasgow,,Scotland,GB,2648579,,United Kingdom
grant.7443926,ur.012661400262.18,Jun,Luo,,Co-PI,,,,,,,,
grant.7443926,ur.016376547462.74,Xiong,Fan,,Co-PI,grid.440776.6,Hubei University of Education,,,CN,1791247,,
grant.7443926,ur.07673476262.12,Baoqing,Sun,,Co-PI,grid.27255.37,Shandong University,,Outside UK,CN,1805753,,China
grant.7443926,ur.015737726374.76,Zonghong,Zhu,,Co-PI,,,,,,,,
grant.7031414,ur.014055506163.04,Ahmed Abdelrahman,Ali,,PI,,,,,,,,
grant.7031414,ur.010125760305.47,Vanessa,Jungbluth,,PI,,,,,,,,
grant.7031414,ur.012073470552.89,Jeremy,Georges-Filteau,,PI,,,,,,,,
grant.7031414,ur.014670045610.48,Yagmur,Yildizhan,,PI,,,,,,,,
grant.7031414,ur.012274654515.55,Haris,Babacic,,PI,,,,,,,,
grant.7031414,ur.014440510105.58,Ana Belen,Diaz Mendez,,PI,,,,,,,,
grant.7031414,ur.016033451105.98,Birbal,Prasad,,PI,,,,,,,,
grant.7031414,ur.016631031505.55,Mina,Safarzadeh,,PI,,,,,,,,
grant.7031414,ur.010723340705.82,Erik,Samuelsson,,PI,,,,,,,,
grant.7031414,ur.013643127505.60,Xiaoyu,Zhang,,PI,,,,,,,,
grant.7031414,ur.012462545163.92,Aira Patrice,Ong,,PI,,,,,,,,
grant.7031414,ur.011665164563.41,Raquel,Fonseca,,PI,,,,,,,,
grant.7031414,ur.013045547105.72,Cristian,Ruiz-Moreno,,PI,,,,,,,,
grant.7031414,ur.016501777245.70,Meenu,Selvaraj,,PI,,,,,,,,
grant.7084720,ur.01215242510.95,Thomas,Keal,William,PI,grid.14467.30,STFC - Laboratories,,South East,GB,2636389,,United Kingdom
grant.7084720,ur.01226323130.06,Richard,Catlow,,Co-PI,,,,,,,,
grant.7084720,ur.01007607402.01,Richard,Strange,,Co-PI,,,,,,,,
grant.7084720,ur.01175704503.33,Hans,Senn,Martin,Co-PI,,,,,,,,
grant.7084720,ur.01036626425.01,Paul,Sherwood,,Co-PI,,,,,,,,
grant.7084720,ur.0725572570.29,Andrew,Beale,,Co-PI,,,,,,,,
grant.7084720,ur.01151266431.56,Chin Weng,Yong,,Co-PI,grid.14467.30,STFC - Laboratories,,South East,GB,2636389,,United Kingdom
grant.7506305,ur.011340010273.30,Stavros,Papadokonstantakis,,PI,,,,,,,,
grant.7506305,ur.013615326763.58,Daniel,Krska,,PI,,,,,,,,
grant.7506305,ur.011573734241.37,Cathleen,Kmezik,,PI,,,,,,,,
grant.7506305,ur.010020041305.71,Franjo,Cecelja,,PI,,,,,,,,
grant.7506305,ur.011141144455.18,Paraskevi,Karka,,PI,,,,,,,,
grant.7506305,ur.016277166145.23,Rafael,Amorim Leandro de Castro Amoedo,,PI,,,,,,,,
grant.7506305,ur.01073643013.05,Eirini,Velliou,,PI,,,,,,,,
grant.7506305,ur.014344574163.23,Pawel,Piatek,,PI,,,,,,,,
grant.7506305,ur.016042661665.67,Theodoros,Damartzis,,PI,,,,,,,,
grant.7506305,ur.013017746363.86,Tao,Chen,,PI,,,,,,,,
grant.7506305,ur.01301776255.32,Madeleine,Bussemaker,,PI,,,,,,,,
grant.7506305,ur.07735561333.64,Olivia Ana,Perederic,,PI,,,,,,,,
grant.7506305,ur.014003561462.35,Ib,Johannsen,,PI,,,,,,,,
grant.7506305,ur.010226643405.78,Christian,Langner,,PI,,,,,,,,
grant.7506305,ur.012222365763.01,Oleksiy,Klymenko,,PI,,,,,,,,
grant.7506305,ur.013214545405.05,Antonios,Kokosis,,PI,,,,,,,,
grant.7870742,ur.01046022476.32,Rebecca,Playle,Anne,Co-PI,,,,,,,,
grant.7870742,ur.013373672163.86,Gail,Ter Haar,Reinette,Co-PI,,,,,,,,
grant.7870742,ur.01313177264.15,Ian,Rivens,Henry,Co-PI,,,,,,,,
grant.7870742,ur.01271523063.65,Julia,Townson,,Co-PI,,,,,,,,
grant.7870742,ur.0706312101.42,Dino,Giussani,A,Co-PI,,,,,,,,
grant.7389348,ur.01161536535.76,Patricia,Lockwood,,PI,grid.4991.5,University of Oxford,,South East,GB,2640729,,United Kingdom
grant.7389444,ur.011165071762.23,Michael,Thomas,S. C.,Co-PI,,,,,,,,
grant.7389444,ur.01157543473.04,John,Gulliver,,Co-PI,,,,,,,,
grant.7389444,ur.01020475111.80,Benjamin,Barratt,,Co-PI,,,,,,,,
grant.7389444,ur.01156636211.61,Ian,Mudway,Stanley,Co-PI,,,,,,,,
grant.7389444,ur.01042302216.08,Sean,Beevers,David,Co-PI,,,,,,,,
grant.7085361,ur.0720732776.02,Sharon Marie,Weldon,,Co-PI,,,,,,,,
grant.7157445,ur.011432653200.51,Athanasios,Angeloudis,,PI,grid.4305.2,University of Edinburgh,,Scotland,GB,2650225,,United Kingdom
grant.7156160,ur.01351225114.61,Imre,Berger,,Co-PI,,,,,,,,
grant.7156160,ur.01261727120.03,Charalampos,Makatsoris,,Co-PI,,,,,,,,
grant.7156160,ur.01335735615.31,Gordon,Dougan,,Co-PI,,,,,,,,
grant.7156160,ur.0655507567.45,Cameron,Alexander,,Co-PI,,,,,,,,
grant.7083392,ur.0644450002.36,Jeremy,Webb,Stephen,PI,grid.5491.9,University of Southampton,,South East,GB,2637487,,United Kingdom
grant.7083392,ur.01045511467.08,Jonas,Emsley,,Co-PI,grid.4563.4,University of Nottingham,,East Midlands,GB,2641170,,United Kingdom
grant.7083392,ur.012563110624.23,Peter,Smith,John,Co-PI,grid.5491.9,University of Southampton,,South East,GB,2637487,,United Kingdom
grant.7083392,ur.01243656315.16,Michael,Stocks,John,Co-PI,grid.4563.4,University of Nottingham,,East Midlands,GB,2641170,,United Kingdom
grant.7083392,ur.01124624431.46,Charles William,Keevil,,Co-PI,grid.5491.9,University of Southampton,,South East,GB,2637487,,United Kingdom
grant.7083392,ur.01316722264.07,Paul,Stoodley,,Co-PI,grid.5491.9,University of Southampton,,South East,GB,2637487,,United Kingdom
grant.7083392,ur.01250606173.06,Alexander,Morozov,,Co-PI,grid.4305.2,University of Edinburgh,,Scotland,GB,2650225,,United Kingdom
grant.7083392,ur.016166171257.21,Tiffany,Wood,,Co-PI,grid.4305.2,University of Edinburgh,,Scotland,GB,2650225,,United Kingdom
grant.7083392,ur.015357415732.56,Wilson,Poon,,Co-PI,grid.4305.2,University of Edinburgh,,Scotland,GB,2650225,,United Kingdom
grant.7083392,ur.0636174052.79,Guy,Poppy,,Co-PI,grid.5491.9,University of Southampton,,South East,GB,2637487,,United Kingdom
grant.7083392,ur.01352327357.65,Nicola,Stanley-Wall,,Co-PI,grid.8241.f,University of Dundee,,Scotland,GB,2650752,,United Kingdom
grant.7083392,ur.01062660311.82,Rosalind,Allen,Jane,Co-PI,grid.4305.2,University of Edinburgh,,Scotland,GB,2650225,,United Kingdom
grant.7083392,ur.01371043215.34,Kim,Hardie,Rachael,Co-PI,grid.4563.4,University of Nottingham,,East Midlands,GB,2641170,,United Kingdom
grant.7083392,ur.0727576315.70,Saul,Faust,Nicholas,Co-PI,grid.5491.9,University of Southampton,,South East,GB,2637487,,United Kingdom
grant.7083392,ur.01222673326.54,Luisa,Martinez-Pomares,,Co-PI,grid.4563.4,University of Nottingham,,East Midlands,GB,2641170,,United Kingdom
grant.7083392,ur.0701505711.10,Morgan,Alexander,Russell,Co-PI,grid.4563.4,University of Nottingham,,East Midlands,GB,2641170,,United Kingdom
grant.7083392,ur.01334310153.82,Aidan,Brown,,Co-PI,grid.4305.2,University of Edinburgh,,Scotland,GB,2650225,,United Kingdom
grant.7083392,ur.013302165352.70,Paul,Williams,,Co-PI,grid.4563.4,University of Nottingham,,East Midlands,GB,2641170,,United Kingdom
grant.7083392,ur.01263267755.66,Bartlomiej,Waclaw,,Co-PI,grid.4305.2,University of Edinburgh,,Scotland,GB,2650225,,United Kingdom
grant.7083392,ur.0655635636.47,Timothy G,Leighton,,Co-PI,grid.5491.9,University of Southampton,,South East,GB,2637487,,United Kingdom
grant.7156595,ur.012375510135.07,Martin,Sweeting,,PI,grid.5475.3,University of Surrey,,South East,GB,2647793,,United Kingdom
grant.7156595,ur.014616357651.32,Yang,Gao,,Co-PI,grid.5475.3,University of Surrey,,South East,GB,2647793,,United Kingdom
grant.7156595,ur.015275210333.48,Zhibin,Li,,Co-PI,grid.4305.2,University of Edinburgh,,Scotland,GB,2650225,,United Kingdom
grant.7156595,ur.07351156743.27,Terrence,Fernando,,Co-PI,grid.8752.8,University of Salford,,North West,GB,2638671,,United Kingdom
grant.7156595,ur.012334316442.09,Samia,Nefti-Meziani,,Co-PI,grid.8752.8,University of Salford,,North West,GB,2638671,,United Kingdom
grant.7156595,ur.014476665713.60,Tim,Watson,,Co-PI,grid.7372.1,University of Warwick,,West Midlands,GB,2652221,,United Kingdom
grant.7156595,ur.013263731323.91,Saber,Fallah,,Co-PI,grid.5475.3,University of Surrey,,South East,GB,2647793,,United Kingdom
grant.7156595,ur.01263516044.80,Alexey,Lisitsa,,Co-PI,grid.10025.36,University of Liverpool,,,GB,2644210,,United Kingdom
grant.7156595,ur.012646156553.82,Steve,Davis,,Co-PI,grid.8752.8,University of Salford,,North West,GB,2638671,,United Kingdom
grant.7156595,ur.07603025707.32,Louise,Dennis,,Co-PI,grid.10025.36,University of Liverpool,,,GB,2644210,,United Kingdom
grant.7156595,ur.013261755073.46,Carsten,Maple,,Co-PI,grid.7372.1,University of Warwick,,West Midlands,GB,2652221,,United Kingdom
grant.7156595,ur.014461474623.70,Michael,Fisher,,Co-PI,grid.10025.36,University of Liverpool,,,GB,2644210,,United Kingdom
grant.7156595,ur.07506631041.18,Clare,Dixon,,Co-PI,grid.10025.36,University of Liverpool,,,GB,2644210,,United Kingdom
grant.7156595,ur.01126037624.57,Sethu,Vijayakumar,,Co-PI,grid.4305.2,University of Edinburgh,,Scotland,GB,2650225,,United Kingdom
grant.7155306,ur.01104460675.05,Roger,Barker,,Co-PI,,,,,,,,
grant.7155306,ur.010657566517.60,Thomas,Foltynie,,Co-PI,,,,,,,,
grant.7157598,ur.016335750454.47,Kirsty,Marsland,,PI,grid.7545.3,QinetiQ Limited,,South East,GB,2649672,Farnborough,
grant.7389424,ur.014132140705.94,Emma,Day,,PI,grid.434866.b,Highland Biosciences Ltd,,Scotland,GB,2646088,DINGWALL,
grant.7443738,ur.01176172324.51,Andrew,Crabtree,,Co-PI,,,,,,,,
grant.7443738,ur.012754221527.19,Thomas,Rodden,,Co-PI,,,,,,,,
grant.7443738,ur.01317070524.87,Derek,McAuley,,Co-PI,,,,,,,,
grant.7443738,ur.01244305524.70,Chris,Greenhalgh,,Co-PI,,,,,,,,
grant.7443738,ur.010524534374.43,Richard,Mortier,,Co-PI,grid.5335.0,University of Cambridge,,East of England,GB,2653941,,United Kingdom
grant.7443867,ur.014567160657.10,JUDY,MAUNDRELL,,PI,grid.498418.8,Impression Technologies Limited,,London,GB,2652221,Knightsbridge,
grant.7085158,ur.016022375765.20,Philip,Withers,,PI,grid.5379.8,University of Manchester,,North West,GB,2643123,Manchester,United Kingdom
grant.7085158,ur.0671545240.22,Allan,Matthews,,Co-PI,grid.5379.8,University of Manchester,,North West,GB,2643123,Manchester,United Kingdom
grant.7085158,ur.01250331650.68,Anne,Neville,,Co-PI,grid.9909.9,University of Leeds,,Yorkshire and The Humber,GB,2644688,,United Kingdom
grant.7085158,ur.0742072251.26,Robert,Lindsay,,Co-PI,grid.5379.8,University of Manchester,,North West,GB,2643123,Manchester,United Kingdom
grant.7085158,ur.0662624150.93,Robert,Akid,,Co-PI,grid.5379.8,University of Manchester,,North West,GB,2643123,Manchester,United Kingdom
grant.7085158,ur.01352331144.90,M. Grace,Burke,,Co-PI,grid.5379.8,University of Manchester,,North West,GB,2643123,Manchester,United Kingdom
grant.7085158,ur.012560257535.09,Ardian,Morina,,Co-PI,grid.9909.9,University of Leeds,,Yorkshire and The Humber,GB,2644688,,United Kingdom
grant.7085158,ur.0610165304.63,Brian,Connolly,Joseph,Co-PI,grid.5379.8,University of Manchester,,North West,GB,2643123,Manchester,United Kingdom
grant.7085158,ur.0640764466.41,Colin,Pulham,,Co-PI,grid.4305.2,University of Edinburgh,,Scotland,GB,2650225,,United Kingdom
grant.7085158,ur.01067670251.94,Stuart,Clarke,Matthew,Co-PI,grid.5335.0,University of Cambridge,,East of England,GB,2653941,,United Kingdom
grant.7085158,ur.0705126667.13,Philip,Camp,James,Co-PI,grid.4305.2,University of Edinburgh,,Scotland,GB,2650225,,United Kingdom
grant.7070229,ur.014432117645.30,Saba,Ezazi Erdi,,PI,,,,,,,,
grant.7070229,ur.013704671505.03,Stavroula,Zagkou,,PI,,,,,,,,
grant.7070229,ur.015756745445.50,Guillem,Jorba Argemí,,PI,,,,,,,,
grant.7070229,ur.012154042230.61,Mariya,Licheva,,PI,,,,,,,,
grant.7070229,ur.016622441245.11,Alexandros,Mesaris,,PI,,,,,,,,
grant.7070229,ur.013037156645.64,Ana,Lapâo,,PI,,,,,,,,
grant.7070229,ur.010171643723.03,Federica,Roccio,,PI,,,,,,,,
grant.7070229,ur.07374263323.02,Celine,Deneubourg,,PI,,,,,,,,
grant.7070229,ur.016025060645.66,Ines,Maestro,,PI,,,,,,,,
grant.7070229,ur.010646635245.74,Hans Gerhard Mauricio,Ramm,,PI,,,,,,,,
grant.7070229,ur.012241576245.89,Yasmina,Filali- Mouncef Lazcano,,PI,,,,,,,,
grant.7070229,ur.011444215645.37,Babu,Raman,,PI,,,,,,,,
grant.7070229,ur.013634537245.86,Nemanja,Subic,,PI,,,,,,,,
grant.7070229,ur.016554326045.41,Muhammed,Kocak,,PI,,,,,,,,
grant.7070229,ur.015227500245.83,Petra,Teresak,,PI,,,,,,,,
grant.7157165,ur.013524075145.03,Darren,Wilson,,PI,grid.437995.5,Smith & Nephew UK Limited,,London,GB,2643743,,
grant.7156830,ur.01351434011.32,Anna,Hansell,L,PI,,,,,,,,
grant.7156830,ur.01222236413.88,Gary,Fuller,William,Co-PI,,,,,,,,
grant.7156830,ur.010711013677.02,Nishi,Chaturvedi,,Co-PI,,,,,,,,
grant.7085533,ur.01064461110.15,Piers,Forster,Maxwell,PI,grid.9909.9,University of Leeds,,Yorkshire and The Humber,GB,2644688,,United Kingdom
grant.7085533,ur.0731354770.96,Emily,Shuckburgh,,Co-PI,,,,,,,,
grant.7085533,ur.013673121523.67,Rosemarie,Leigh,,Co-PI,,,,,,,,
grant.7085533,ur.011505327263.52,Harriett,Richardson,,Co-PI,,,,,,,,
grant.7085533,ur.015347541401.64,Catherine Louise,Muller,,Co-PI,,,,,,,,
grant.7085533,ur.013075541123.87,Alice,Bell,Rose,Co-PI,,,,,,,,
grant.7085533,ur.015636322107.31,Stuart,Capstick,Bryce,Co-PI,,,,,,,,
grant.7085533,ur.015324042216.44,Samuel,Illingworth,Michael,Co-PI,,,,,,,,
grant.7085533,ur.01227341311.36,Adam,Corner,,Co-PI,,,,,,,,
grant.7157046,ur.0756176143.04,David,Lane,,PI,grid.9531.e,Heriot-Watt University,,Scotland,GB,2650225,,United Kingdom
grant.7157046,ur.014100714535.35,Valentin,Robu,,Co-PI,grid.9531.e,Heriot-Watt University,,Scotland,GB,2650225,,United Kingdom
grant.7157046,ur.0673776457.30,Adam Andrew,Stokes,,Co-PI,grid.4305.2,University of Edinburgh,,Scotland,GB,2650225,,United Kingdom
grant.7157046,ur.014531666535.03,Subramanian,Ramamoorthy,,Co-PI,grid.4305.2,University of Edinburgh,,Scotland,GB,2650225,,United Kingdom
grant.7157046,ur.014545637317.55,Ioannis,Havoutis,,Co-PI,grid.4991.5,University of Oxford,,South East,GB,2640729,,United Kingdom
grant.7157046,ur.016350205543.71,Timothy,Hospedales,Miguel,Co-PI,grid.4305.2,University of Edinburgh,,Scotland,GB,2650225,,United Kingdom
grant.7157046,ur.013637342253.81,Aristides,Kiprakis,,Co-PI,grid.4305.2,University of Edinburgh,,Scotland,GB,2650225,,United Kingdom
grant.7157046,ur.015752257761.27,Mauro,Dragone,,Co-PI,grid.9531.e,Heriot-Watt University,,Scotland,GB,2650225,,United Kingdom
grant.7157046,ur.016177025345.02,Michael,Jump,,Co-PI,grid.10025.36,University of Liverpool,,,GB,2644210,,United Kingdom
grant.7157046,ur.012716126514.01,Sen,Wang,,Co-PI,grid.9531.e,Heriot-Watt University,,Scotland,GB,2650225,,United Kingdom
grant.7157046,ur.010456700363.28,Yvan,Petillot,,Co-PI,grid.9531.e,Heriot-Watt University,,Scotland,GB,2650225,,United Kingdom
grant.7157046,ur.016470163501.67,Ronald,Petrick,,Co-PI,grid.9531.e,Heriot-Watt University,,Scotland,GB,2650225,,United Kingdom
grant.7157046,ur.014743143067.09,Mustafa Suphi,Erden,,Co-PI,grid.9531.e,Heriot-Watt University,,Scotland,GB,2650225,,United Kingdom
grant.7157046,ur.016033075465.29,Katrin,Lohan,Solveig,Co-PI,grid.9531.e,Heriot-Watt University,,Scotland,GB,2650225,,United Kingdom
grant.7157046,ur.0623357060.53,David,Ingram,Mark,Co-PI,grid.4305.2,University of Edinburgh,,Scotland,GB,2650225,,United Kingdom
grant.7157046,ur.015360506745.39,David,Flynn,,Co-PI,grid.9531.e,Heriot-Watt University,,Scotland,GB,2650225,,United Kingdom
grant.7157046,ur.010240526162.66,Chris,Williams,,Co-PI,grid.4305.2,University of Edinburgh,,Scotland,GB,2650225,,United Kingdom
grant.7157046,ur.01202644074.09,Mike,Chantler,,Co-PI,grid.9531.e,Heriot-Watt University,,Scotland,GB,2650225,,United Kingdom
grant.7157046,ur.014664645547.31,Maurice,Fallon,,Co-PI,grid.4991.5,University of Oxford,,South East,GB,2640729,,United Kingdom
grant.7157046,ur.011422051703.59,Michael,Mistry,,Co-PI,grid.4305.2,University of Edinburgh,,Scotland,GB,2650225,,United Kingdom
grant.7157046,ur.016402363431.78,Helen,Hastie,Frances,Co-PI,grid.9531.e,Heriot-Watt University,,Scotland,GB,2650225,,United Kingdom
grant.7157046,ur.014210712316.12,Charles,Patchett,,Co-PI,grid.10025.36,University of Liverpool,,,GB,2644210,,United Kingdom
grant.7031442,ur.014747002505.42,Marc,Artola,,PI,,,,,,,,
grant.7031442,ur.016273630305.51,Seyedeh Fatemeh,Sharifi,,PI,,,,,,,,
grant.7031442,ur.07570557105.10,Pietro,Lorenzetti,,PI,,,,,,,,
grant.7031442,ur.013650124404.87,Mir,Mamunuzzaman,,PI,,,,,,,,
grant.7031442,ur.011163520105.02,Shantanu,Singh,,PI,,,,,,,,
grant.7031442,ur.011115404705.68,Borjan,Geshkovski,,PI,,,,,,,,
grant.7031442,ur.012510345705.79,Andrea,Mattioni,,PI,,,,,,,,
grant.7031442,ur.012556461105.63,Jincheng,Zhang,,PI,,,,,,,,
grant.7031442,ur.013305726305.00,Vikram,Rout,,PI,,,,,,,,
grant.7031442,ur.016341743505.25,Charlotte,Rodriguez,,PI,,,,,,,,
grant.7031442,ur.014632554105.83,Gaston,Vergara Hermosilla,,PI,,,,,,,,
grant.7031442,ur.013354041505.64,Arturo,Munoz Simon,,PI,,,,,,,,
grant.7031442,ur.016225515105.25,Pei,Su,,PI,,,,,,,,
grant.7031442,ur.07522443705.14,Nathanael,Skrepek,,PI,,,,,,,,
grant.7031442,ur.013237613105.28,Juan,Li,,PI,,,,,,,,
grant.7156413,ur.01205244674.14,Julian,Gunn,,Co-PI,,,,,,,,
grant.7156413,ur.01015503407.47,Mike,Biggs,,Co-PI,,,,,,,,
grant.7156413,ur.01240070400.74,David,Adlam,,Co-PI,,,,,,,,
grant.7083431,ur.0741076223.97,Paul,Shearing,,Co-PI,,,,,,,,
grant.7083431,ur.01174167761.05,Charles,Monroe,William,Co-PI,,,,,,,,
grant.7083431,ur.01244422234.87,Rohit,Bhagat,,Co-PI,,,,,,,,
grant.7083431,ur.013323463055.41,David,Howey,,Co-PI,,,,,,,,
grant.7083431,ur.014400717543.30,David,Greenwood,,Co-PI,,,,,,,,
grant.6945060,ur.011076776373.12,Michael,Ruzhansky,,PI,,,,,,,,
grant.6945087,ur.011442421231.57,Byron,Byrne,Walter,Co-PI,,,,,,,,
grant.6945087,ur.011674671537.41,Ross,McAdam,,Co-PI,,,,,,,,
grant.6619627,ur.015671760064.37,Peter,Munro,Robert,PI,grid.83440.3b,University College London,,London,GB,2643743,,United Kingdom
grant.6619627,ur.01116525244.13,Simon,Arridge,Robert,Co-PI,grid.83440.3b,University College London,,London,GB,2643743,,United Kingdom
grant.7389432,ur.0611545110.09,Brian,Collins,,PI,grid.83440.3b,University College London,,London,GB,2643743,,United Kingdom
grant.7389432,ur.0777750010.48,Paul,Jeffrey,,Co-PI,grid.12026.37,Cranfield University,,East of England,GB,2652087,,United Kingdom
grant.7389432,ur.01230574420.04,Christopher David Foss,Rogers,,Co-PI,grid.6572.6,University of Birmingham,,West Midlands,GB,2655603,,United Kingdom
grant.7389432,ur.01314266240.56,David,Richards,John,Co-PI,grid.5491.9,University of Southampton,,South East,GB,2637487,,United Kingdom
grant.7389432,ur.0750463276.35,William,Powrie,,Co-PI,grid.5491.9,University of Southampton,,South East,GB,2637487,,United Kingdom
grant.7083301,ur.0651756431.74,David,Worsley,,PI,grid.4827.9,Swansea University,,Wales,GB,2636432,,United Kingdom
grant.7083301,ur.016400325763.16,Surya Prakash,Singh,,Co-PI,,,,,,,,
grant.7083301,ur.011452613021.10,Trystan,Watson,,Co-PI,grid.4827.9,Swansea University,,Wales,GB,2636432,,United Kingdom
grant.7083301,ur.010526663275.65,Matthew John,Carnie,,Co-PI,grid.4827.9,Swansea University,,Wales,GB,2636432,,United Kingdom
grant.7083301,ur.012724351004.41,Satishchandra,Ogale,,Co-PI,,IISER Pune,,Outside UK,,,,
grant.7083301,ur.011222102363.40,Ramanuj,Narayan,,Co-PI,,,,,,,,
grant.7083301,ur.010463114402.68,Cécile,Charbonneau,,Co-PI,grid.4827.9,Swansea University,,Wales,GB,2636432,,United Kingdom
grant.7083301,ur.014540617333.67,Richard,Friend,,Co-PI,grid.5335.0,University of Cambridge,,East of England,GB,2653941,,United Kingdom
grant.7083301,ur.07627141363.00,Ashish,Garg,,Co-PI,,,,,,,,
grant.7083301,ur.011751347563.49,Suresh,Chand,,Co-PI,,,,,,,,
grant.7083301,ur.015602745363.47,Asit,Patra,,Co-PI,,,,,,,,
grant.7083301,ur.013107635717.46,Ashok,Shukla,,Co-PI,grid.34980.36,Indian Institute of Science Bangalore,,Outside UK,IN,1277333,,India
grant.7083301,ur.0670133107.57,James,Durrant,,Co-PI,grid.4827.9,Swansea University,,Wales,GB,2636432,,United Kingdom
grant.7083301,ur.015534632163.34,Harjit,Singh,,Co-PI,,,,,,,,
grant.7083301,ur.01012411644.25,Giribabu,Lingamallu,,Co-PI,,,,,,,,
grant.7083301,ur.014737251563.02,Ashok Kumar,Bhattacharya,,Co-PI,,,,,,,,
grant.7083301,ur.012017462763.34,VIRESH,DUTTA,,Co-PI,grid.417967.a,Indian Institute of Technology Delhi,,Outside UK,IN,1261481,,India
grant.7083301,ur.010424521763.05,K.,Narayan,S.,Co-PI,,,,,,,,
grant.7083301,ur.01134543266.51,Satish,Patil,,Co-PI,grid.34980.36,Indian Institute of Science Bangalore,,Outside UK,IN,1277333,,India
grant.7083301,ur.01312154520.59,Hari,Upadhyaya,Mohan,Co-PI,grid.4756.0,London South Bank University,,London,GB,2643743,,United Kingdom
grant.7083301,ur.01331337147.50,Matthew Lloyd,Davies,,Co-PI,grid.4827.9,Swansea University,,Wales,GB,2636432,,United Kingdom
grant.7083301,ur.015333747273.29,Stuart,Irvine,,Co-PI,grid.4827.9,Swansea University,,Wales,GB,2636432,,United Kingdom
grant.7083301,ur.01047000525.87,Henry,Snaith,James,Co-PI,grid.4991.5,University of Oxford,,South East,GB,2640729,,United Kingdom
grant.6621914,ur.0761477320.55,Munir,Iqbal,,PI,grid.63622.33,The Pirbright Institute,,South East,GB,2633709,,United Kingdom
grant.6621914,ur.0654473121.16,John,McCauley,William,Co-PI,,,,,,,,
grant.6621914,ur.01225762650.91,Holly,Shelton,,Co-PI,grid.63622.33,The Pirbright Institute,,South East,GB,2633709,,United Kingdom
grant.6711169,ur.01001560151.93,Alfonso,Jaramillo,,Co-PI,,,,,,,,
grant.7084308,ur.013533016723.15,Paul,Rinne,,PI,,Gripable Limited,,London,,,London,
grant.7083698,ur.0710236232.25,Steven,Neale,Leonard,PI,grid.8756.c,University of Glasgow,,Scotland,GB,2648579,,United Kingdom
grant.7083698,ur.01260062563.77,Leroy,Cronin,,Co-PI,grid.8756.c,University of Glasgow,,Scotland,GB,2648579,,United Kingdom
grant.7084434,ur.012562576723.64,Barbara,Adolph,,PI,grid.425205.4,International Institute for Env and Dev,,London,GB,2643743,,United Kingdom
grant.7084434,ur.015677307323.67,Moses,Osiru,Omongin,Co-PI,,,,,,,,
grant.7084434,ur.01361624414.67,Elizabeth J Z,Robinson,,Co-PI,,,,,,,,
grant.7084434,ur.07366560746.45,Jacob,Mwitwa,,Co-PI,grid.442672.1,Copperbelt University,,Outside UK,ZM,911148,,
grant.7084434,ur.010440370523.70,Phil,Franks,,Co-PI,grid.425205.4,International Institute for Env and Dev,,London,GB,2643743,,United Kingdom
grant.7084434,ur.01007000367.06,Tim,Newbold,,Co-PI,grid.83440.3b,University College London,,London,GB,2643743,,United Kingdom
grant.7084434,ur.01042321373.57,Nathalie,Seddon,,Co-PI,grid.4991.5,University of Oxford,,South East,GB,2640729,,United Kingdom
grant.7084434,ur.014753120323.85,Dora,Neina,,Co-PI,grid.8652.9,University of Ghana,,Outside UK,GH,2306104,,Ghana
grant.7084434,ur.0641505144.45,Adrienne,Martin,Mary,Co-PI,grid.36316.31,University of Greenwich,,London,GB,2643743,,United Kingdom
grant.7084434,ur.01225201707.74,Tagel,Gebrehiwot,,Co-PI,grid.463254.2,Ethiopian Development Research Institute,,,ET,344979,,
grant.7673036,ur.012066612010.64,Maryam,Saifaldeen,,PI,grid.5491.9,University of Southampton,,,GB,2637487,,
grant.7673051,ur.015720207610.58,Meshaal,al-Saffar,,PI,grid.1008.9,University of Melbourne,AU-VIC,,AU,2158177,,
grant.7155369,ur.01324542110.71,Siobhan,Quenby,,PI,grid.7372.1,University of Warwick,,West Midlands,GB,2652221,,United Kingdom
grant.7155369,ur.01242750405.06,Theodoros,Arvanitis,,Co-PI,grid.7372.1,University of Warwick,,West Midlands,GB,2652221,,United Kingdom
grant.7155369,ur.015516522722.52,Edward,Johnstone,,Co-PI,,,,,,,,
grant.7155369,ur.01255237555.20,Arri,Coomarasamy,Aravinthan,Co-PI,grid.6572.6,University of Birmingham,,West Midlands,GB,2655603,,United Kingdom
grant.7155369,ur.01204256360.12,Jane,Norman,Elizabeth,Co-PI,,,,,,,,
grant.7155369,ur.0772205543.36,Rachel,Tribe,Marie,Co-PI,grid.13097.3c,King's College London,,London,GB,2643743,,United Kingdom
grant.7072238,ur.011500171177.91,TIMOTHY,HALLETT,,Co-PI,,,,,,,,
grant.6945232,ur.012313177517.09,Anthony,Kenyon,Joseph,Co-PI,,,,,,,,
grant.6945232,ur.01223133710.28,Imre,Lengyel,,Co-PI,,,,,,,,
grant.6945232,ur.01353130062.76,Philip,Blower,,Co-PI,,,,,,,,
grant.6945232,ur.01254510621.44,Sergio,Bertazzo,,Co-PI,,,,,,,,
grant.7922025,ur.01276302761.88,Mauro,Oddo,,PI,grid.9851.5,University of Lausanne,,,CH,2659994,,
grant.7922025,ur.01162225133.59,Sandra,Magnoni,,Co-PI,grid.4708.b,University of Milan,,,IT,3173435,,
grant.7922025,ur.016145044257.10,Daniel,Roy,,Co-PI,grid.8515.9,Neurosurgery CHUV,,,CH,2659994,,
grant.7922025,ur.0752552617.39,Reto Antoine,Meuli,,Co-PI,grid.8515.9,Département de radiologie médicale Centre Hospitalier Universitaire Vaudois University of Lausanne,,,CH,2659994,,
grant.7922025,ur.010024252713.03,Adriano,Bernini,,Co-PI,,,,,,,,
grant.7922025,ur.013273370657.67,Henrik,Zetterberg,,Co-PI,,"UCL Institute of Neurology, London",,,GB,2643743,,
grant.7922025,ur.07510106257.03,Guido,Bertolini,,Co-PI,,"Mario Negri Institute, Bergamo",,,IT,3173435,,
grant.7084921,ur.012660124163.63,John,Phair,,PI,,Pyreos Limited,,Scotland,,,EDINBURGH,
grant.6945397,ur.011347647035.87,Daniel,Verscharen,,PI,grid.83440.3b,University College London,,London,GB,2643743,,United Kingdom
grant.7083267,ur.0624437744.49,Rachel,Chambers,Clare,PI,grid.83440.3b,University College London,,London,GB,2643743,,United Kingdom
grant.7083267,ur.07747644667.37,Geoffrey,Bellingan,John,Co-PI,grid.83440.3b,University College London,,London,GB,2643743,,United Kingdom
grant.7083267,ur.016040610317.75,Danny,McAuley,,Co-PI,,,,,,,,
grant.7083209,ur.012307571433.05,Philip,Metcalfe,,PI,,Biopower Technologies Limited,,South East,,,Milton Keynes,
grant.7084849,ur.010415626263.01,Javier,Rubio,,PI,,Sweetgen Limited,,London,,,London,
grant.7084059,ur.01027651142.85,Daniela,Kirwan,,PI,grid.264200.2,St George's University of London,,London,GB,2643743,,United Kingdom
grant.8528292,ur.07766622043.89,Iain,McNeish,,PI,,,,,,,,
grant.6814246,ur.0757117404.62,Damian,LOBATO-MARQUEZ,,PI,,,,,,,,
grant.8528293,ur.012157143443.19,Bob,Brown,,PI,,,,,,,,
grant.8528296,ur.013620217643.72,James,Flanagan,,PI,,,,,,,,
grant.7085500,ur.014721157123.40,Alan,Day,,PI,,Eastern Waste Disposal Limited,,East of England,,,ESSEX,
grant.6711606,ur.014661724572.21,Ann,Walker,Sarah,PI,grid.4991.5,University of Oxford,,South East,GB,2640729,,United Kingdom
grant.6711606,ur.01365775010.55,Sarah,Tonkin-Crine,Kate,Co-PI,grid.4991.5,University of Oxford,,South East,GB,2640729,,United Kingdom
grant.6711606,ur.01311775326.30,Michael,Moore,,Co-PI,grid.5491.9,University of Southampton,,South East,GB,2637487,,United Kingdom
grant.6711606,ur.0652465564.00,Susan,Hopkins,,Co-PI,grid.271308.f,Public Health England,,South West,GB,2643743,,United Kingdom
grant.6711606,ur.01123570563.32,Sarah,Wordsworth,,Co-PI,grid.4991.5,University of Oxford,,South East,GB,2640729,,United Kingdom
grant.6711606,ur.01103323427.11,Julie,Robotham,,Co-PI,grid.271308.f,Public Health England,,South West,GB,2643743,,United Kingdom
grant.6711606,ur.011523647557.28,Laurence,Roope,Stanley,Co-PI,grid.4991.5,University of Oxford,,South East,GB,2640729,,United Kingdom
grant.6711606,ur.014541066757.90,Christopher,Butler,C,Co-PI,grid.4991.5,University of Oxford,,South East,GB,2640729,,United Kingdom
grant.6946011,ur.012143456537.23,Xiaowei,Zhao,,Co-PI,,,,,,,,
grant.7211608,ur.012464514400.21,SJS,Cranefield,,PI,grid.29980.3a,University of Otago,,,NZ,2191562,,
grant.6621695,ur.012010503457.08,Ronald,Lee,Demos,Co-PI,,,,,,,,
grant.6621695,ur.01352021500.95,Martin,Weale,,Co-PI,,,,,,,,
grant.6621695,ur.013403444457.57,David Glen,McCarthy,,Co-PI,,,,,,,,
grant.7084955,ur.01331204646.02,Theresa,Lamagni,,Co-PI,grid.271308.f,Public Health England,,South West,GB,2643743,,United Kingdom
grant.7084955,ur.0706742105.09,Vicki,Chalker,,Co-PI,grid.271308.f,Public Health England,,South West,GB,2643743,,United Kingdom
grant.6945341,ur.0650761066.59,Erik,Sahai,,Co-PI,,,,,,,,
grant.6945341,ur.01273667403.05,Chris,Bakal,,Co-PI,,,,,,,,
grant.6945446,ur.014323772477.17,Manos,Hatiris,,PI,,Tantalum Corporation Limited,,London,,,Uxbridge,
grant.6711253,ur.01312007011.03,Robert,Scott,Henry,PI,grid.14467.30,STFC - Laboratories,,South East,GB,2636389,,United Kingdom
grant.7084178,ur.01072452167.78,David,Burger,,Co-PI,grid.5590.9,Radboud University Nijmegen,,Outside UK,NL,2750053,,Netherlands
grant.7084178,ur.014661724572.21,Ann,Walker,Sarah,Co-PI,,,,,,,,
grant.7084178,ur.01025635067.97,Rob,Ter Heine,,Co-PI,grid.5590.9,Radboud University Nijmegen,,Outside UK,NL,2750053,,Netherlands
grant.6945985,ur.01064475034.66,David Michael,Reiner,,Co-PI,,,,,,,,
grant.6945985,ur.0642040453.49,Cameron,Hepburn,,Co-PI,,,,,,,,
grant.6945985,ur.01072122531.45,Paul,Dodds,Edward,Co-PI,,,,,,,,
grant.6945985,ur.01330131060.14,Paul,Ekins,,Co-PI,,,,,,,,
grant.6945985,ur.0600474550.17,Myles,Allen,Robert,Co-PI,,,,,,,,
grant.6945985,ur.016365665175.85,Dabo,Guan,,Co-PI,,,,,,,,
grant.6621762,ur.01120511215.70,Jeff,Ollerton,,Co-PI,,,,,,,,
grant.6621762,ur.01041406075.23,Yannick,Wurm,,Co-PI,,,,,,,,
grant.6542248,ur.015214774552.04,Bruce,Griffin,,PI,grid.5475.3,University of Surrey,,South East,GB,2647793,,United Kingdom
grant.6542248,ur.01136601155.27,Barbara,Fielding,,Co-PI,grid.5475.3,University of Surrey,,South East,GB,2647793,,United Kingdom
grant.6542248,ur.01353573223.77,Margaret,Robertson,Denise,Co-PI,grid.5475.3,University of Surrey,,South East,GB,2647793,,United Kingdom
grant.6542442,ur.01013011745.64,Julie,Lovegrove,Anne,PI,grid.9435.b,University of Reading,,South East,GB,2639577,,United Kingdom
grant.6542442,ur.011316672277.23,Glenn,Gibson,Robinson,Co-PI,grid.9435.b,University of Reading,,South East,GB,2639577,,United Kingdom
grant.6542442,ur.01051602536.96,Kim,Jackson,Geraldine,Co-PI,grid.9435.b,University of Reading,,South East,GB,2639577,,United Kingdom
grant.6944723,ur.07723417637.00,Areti,Kampyli,,PI,,Alice Si Ltd,,London,,,London,
grant.6619523,ur.01112523715.08,Desmond,Higham,,Co-PI,,,,,,,,
grant.6619523,ur.0642431744.08,Mike,Giles,,Co-PI,,,,,,,,
grant.6619523,ur.015505160674.36,Nicholas,Higham,John,Co-PI,,,,,,,,
grant.4107041,ur.012443507705.45,Ake,Fagereng,,Co-PI,,,,,,,,
grant.4107041,ur.01305624770.47,Lisa,McNeill,,Co-PI,,,,,,,,
grant.6711444,ur.01130546231.41,Ehecatl,Del Rio Chanona,Antonio,PI,grid.5335.0,University of Cambridge,,East of England,GB,2653941,,United Kingdom
grant.6711113,ur.07456730077.42,Mohamed,LEBCIR,Reda,Co-PI,grid.5846.f,University of Hertfordshire,,East of England,GB,2647349,,United Kingdom
grant.6711113,ur.0751765273.95,Nick,Sevdalis,,Co-PI,,,,,,,,
grant.6711113,ur.0756274025.48,Carolyn,Tarrant,Clare,Co-PI,grid.9918.9,University of Leicester,,East Midlands,GB,2644668,,United Kingdom
grant.6711113,ur.0700033754.47,Sanjeev,Singh,,Co-PI,,,,,,,,
grant.6711113,ur.010254310477.91,Jules,Ndoli Minega,,Co-PI,,,,,,,,
grant.6711113,ur.01002704250.29,Marc,Mendelson,,Co-PI,,,,,,,,
grant.6711113,ur.0762745775.00,Ewan,Ferlie,Balfour,Co-PI,,,,,,,,
grant.6711113,ur.011051671077.79,Puneet,Dhar,,Co-PI,,,,,,,,
grant.6711113,ur.011601136277.92,Mark Ian,Hampton,,Co-PI,,,,,,,,
grant.6711113,ur.01177326154.71,Andy,Leather,,Co-PI,,,,,,,,
grant.6622220,ur.015706362725.53,Namanu,Panayanthatta,,PI,,,,,,,,
grant.6622220,ur.014245306525.73,Akshayaa,Pandiyan,,PI,,,,,,,,
grant.6622220,ur.015640247525.72,Gabriel Antonio,Barrientos Rodriguez,,PI,,,,,,,,
grant.6622220,ur.014313421725.20,Giacomo,Clementi,,PI,,,,,,,,
grant.6622220,ur.012123100325.33,Luis Arturo,ORTIZ BRUNICARDI,,PI,,,,,,,,
grant.6622220,ur.016435630125.60,Nishant,Peddagopu,,PI,,,,,,,,
grant.6622220,ur.015042667125.17,Giulia,LOMBARDI,,PI,,,,,,,,
grant.6622220,ur.015111002325.64,Neetu,Kumari,,PI,,,,,,,,
grant.6622220,ur.015273110233.35,Arun,Ichangi,,PI,,,,,,,,
grant.6622220,ur.011325517725.46,Faraz,Habib,,PI,,,,,,,,
grant.6622220,ur.012720460725.67,Anjneya,Verma,,PI,,,,,,,,
grant.6622220,ur.07732556725.29,Quentin,Micard,,PI,,,,,,,,
grant.6622220,ur.0721125365.64,Ioannis,Nikiforidis,,PI,,,,,,,,
grant.6805088,ur.01124763747.96,Jean-Louis,Scartezzini,,PI,grid.5333.6,EPF Lausanne,,,CH,2659994,,
grant.6805088,ur.012310412441.66,Mikhail,Kanevski,,PI,grid.9851.5,Geomatics group IDYST Institute University of Lausanne,,,CH,2659994,,
grant.6805088,ur.015166535247.24,Nahid,Mohajeri Pour Rayeni,,PI,,Sustainable Urban Development Department for Continuing Education University of Oxford,,,GB,2640729,,
grant.6805088,ur.012062466217.75,Saman,Halgamuge,,Co-PI,,Department of Mechanical Engineering,,,BE,2792482,,
grant.6805088,ur.07410472351.09,Alina,Walch,,Co-PI,,,,,,,,
grant.6805088,ur.012014353017.65,Vasily,V. Demyanov,,Co-PI,grid.9531.e,Heriot-Watt University,,,GB,2650225,,
grant.6805088,ur.010206052751.93,Roberto,Castello,,Co-PI,grid.5333.6,Laboratoire d'énergie solaire et physique du bâtiment EPFL - ENAC - IIC - LESO-PB,,,CH,2659994,,
grant.6805088,ur.010171347501.22,Antonino,Marvuglia,,Co-PI,,Institute of Science and Technology,,,DE,2867714,,
grant.6805088,ur.015401512253.86,Fabian,Guignard,,Co-PI,,,,,,,,
grant.6805088,ur.014136561217.03,Gilles,Desthieux,,Co-PI,,"leea, laboratoire énergie environnement arch inPACT, institut paysage architecture constr hepia // Hes-so",,,,,,
grant.6711145,ur.01365432070.21,Jim,Watson,,PI,,,,,,,,
grant.6944970,ur.01231515605.55,James,Fawcett,,PI,grid.5335.0,University of Cambridge,,East of England,GB,2653941,,United Kingdom
grant.6503036,ur.01314703660.60,Tim,Mays,,Co-PI,,,,,,,,
grant.6503036,ur.015111371413.69,John,Irvine,,Co-PI,,,,,,,,
grant.6503036,ur.01303763374.12,David,Book,,Co-PI,,,,,,,,
grant.6503036,ur.0641475140.40,Ian,Metcalfe,,Co-PI,,,,,,,,
grant.6503036,ur.01246570460.00,Robert,Steinberger-Wilckens,,Co-PI,,,,,,,,
grant.6503036,ur.01363017060.52,Vladimir,Molkov,,Co-PI,,,,,,,,
grant.6711150,ur.01336450310.78,Richard,Horne,Bertram,PI,grid.478592.5,NERC British Antarctic Survey,,East of England,GB,2653941,,United Kingdom
grant.6711150,ur.01270335110.65,Mark,Clilverd,,Co-PI,grid.478592.5,NERC British Antarctic Survey,,East of England,GB,2653941,,United Kingdom
grant.6711150,ur.011570126647.38,Nigel,Meredith,Peter,Co-PI,grid.478592.5,NERC British Antarctic Survey,,East of England,GB,2653941,,United Kingdom
grant.6711150,ur.014621400561.36,Sarah,Glauert,,Co-PI,grid.478592.5,NERC British Antarctic Survey,,East of England,GB,2653941,,United Kingdom
grant.6945120,ur.012113740051.46,Branko,Marovic,,Co-PI,,,,,,,,
grant.6945120,ur.0765500701.54,Vasa,Curcin,,Co-PI,,,,,,,,
grant.6944643,ur.01012231500.35,Safari,Kinung'hi,Methusela,Co-PI,,,,,,,,
grant.6944643,ur.01304315514.21,Aidan,Emery,,Co-PI,,,,,,,,
grant.6944643,ur.016465102037.50,Feleke Zewge,Beshah,,Co-PI,,,,,,,,
grant.6503171,ur.01223223440.37,Paul,Soler,,PI,grid.8756.c,University of Glasgow,,Scotland,GB,2648579,,United Kingdom
grant.6711365,ur.012530104225.33,Susana,Ochoa-Rodriguez,,Co-PI,,,,,,,,
grant.6711365,ur.010601155620.38,Li-Pen,Wang,,Co-PI,,,,,,,,
grant.6711365,ur.012161734057.29,Andrew,Johnston,Andy,Co-PI,,,,,,,,
grant.6623766,ur.015146450711.59,Erik,VAN SEBILLE,,PI,grid.5477.1,UNIVERSITEIT UTRECHT,,,NL,2745912,UTRECHT,NL
grant.7748081,ur.01003236610.53,Wolf,Reik,,PI,grid.418195.0,Babraham Institute,,East of England,GB,2653941,,United Kingdom
grant.7748081,ur.0672376571.50,Maria,Casanueva,Olivia,Co-PI,grid.418195.0,Babraham Institute,,East of England,GB,2653941,,United Kingdom
grant.7748081,ur.01122441016.75,Myriam,Hemberger,,Co-PI,,,,,,,,
grant.7748081,ur.0753615740.01,Peter,Rugg-Gunn,,Co-PI,grid.418195.0,Babraham Institute,,East of England,GB,2653941,,United Kingdom
grant.7748081,ur.01156363511.90,Jonathan,Houseley,Mark,Co-PI,grid.418195.0,Babraham Institute,,East of England,GB,2653941,,United Kingdom
grant.7748081,ur.0774101324.23,Gavin,Kelsey,,Co-PI,grid.5335.0,University of Cambridge,,East of England,GB,2653941,,United Kingdom
grant.7748473,ur.015517057174.99,Michael,Johnson,,PI,grid.63622.33,The Pirbright Institute,,South East,GB,2633709,,United Kingdom
grant.7748473,ur.014721476574.42,Andrew,White,,Co-PI,grid.63622.33,The Pirbright Institute,,South East,GB,2633709,,United Kingdom
grant.7748473,ur.014124116174.25,David,Shadwell,,Co-PI,,,,,,,,
grant.7747241,ur.0733133564.31,Simon,Carpenter,Thomas,PI,grid.63622.33,The Pirbright Institute,,South East,GB,2633709,,United Kingdom
grant.7747241,ur.0774074362.23,Philippa,Hawes,Catherine,Co-PI,grid.63622.33,The Pirbright Institute,,South East,GB,2633709,,United Kingdom
grant.7747241,ur.01124573434.49,Tobias,Tuthill,,Co-PI,grid.63622.33,The Pirbright Institute,,South East,GB,2633709,,United Kingdom
grant.7747241,ur.01350024110.41,John,Hammond,Anthony,Co-PI,grid.63622.33,The Pirbright Institute,,South East,GB,2633709,,United Kingdom
grant.7083724,ur.0747372175.19,Henrik,Zetterberg,,Co-PI,grid.83440.3b,University College London,,London,GB,2643743,,United Kingdom
grant.6619687,ur.011560367445.43,Stefan,Olsson Robbie,,PI,grid.421049.a,M-Squared Lasers Limited,,Scotland,GB,2648579,Maryhill Road,
grant.6944686,ur.0633575560.45,Bart,De Strooper,,PI,grid.83440.3b,University College London,,London,GB,2643743,,United Kingdom
grant.6944927,ur.016062032414.10,Julie,Williams,,PI,grid.5600.3,Cardiff University,,Wales,GB,2653822,,United Kingdom
grant.6945295,ur.016150671433.40,Peter,York,,PI,grid.498159.8,Crystec Limited,,Yorkshire and The Humber,GB,2654993,BRADFORD,
grant.7747496,ur.01105060736.13,Ewa,Paluch,,PI,grid.5335.0,University of Cambridge,,East of England,GB,2653941,,United Kingdom
grant.6945069,ur.014453261137.59,Marc,Stettler,,PI,,Howden Joinery Limited,,London,,,London,
grant.6945867,ur.01066305213.57,Neil,Pearce,E,PI,grid.8991.9,London Sch of Hygiene and Trop Medicine,,London,GB,2643743,,United Kingdom
grant.6945867,ur.01302111327.46,Liam,Smeeth,,Co-PI,grid.8991.9,London Sch of Hygiene and Trop Medicine,,London,GB,2643743,,United Kingdom
grant.6945867,ur.0640556760.88,Vivekanand,Jha,,Co-PI,,,,,,,,
grant.6945867,ur.01327565771.62,Jason,Glaser,Robert,Co-PI,,,,,,,,
grant.6945867,ur.0614637572.44,Cristina,O'Callaghan-Gordo,,Co-PI,,,,,,,,
grant.6945867,ur.01024513032.33,Dorairaj,Prabhakaran,,Co-PI,,,,,,,,
grant.6945867,ur.01364216341.53,Moffat,Nyirenda,,Co-PI,,,,,,,,
grant.6945867,ur.01340107071.47,Dorothea,Nitsch,,Co-PI,grid.8991.9,London Sch of Hygiene and Trop Medicine,,London,GB,2643743,,United Kingdom
grant.6945867,ur.016557071437.12,Benjamin,Caplin,,Co-PI,grid.83440.3b,University College London,,London,GB,2643743,,United Kingdom
grant.6945867,ur.0627466542.27,Antonio,Bernabe-Ortiz,,Co-PI,,,,,,,,
grant.7748486,ur.010475147445.30,Brittany,Hazard,,PI,grid.40368.39,Institute of Food Research,,East of England,GB,2641181,,United Kingdom
grant.7748486,ur.01365633457.00,Alison,Smith,,Co-PI,,,,,,,,
grant.7748486,ur.01321177601.11,Janneke,Balk,,Co-PI,,,,,,,,
grant.7748486,ur.01331053710.73,Claire,Domoney,,Co-PI,,,,,,,,
grant.6944558,ur.0754050311.85,Hugo,Turner,,Co-PI,grid.4991.5,University of Oxford,,South East,GB,2640729,,United Kingdom
grant.6944558,ur.01135151135.80,Guy,Thwaites,,Co-PI,grid.4991.5,University of Oxford,,South East,GB,2640729,,United Kingdom
grant.6944558,ur.012157567677.07,Eleanor,Barnes,,Co-PI,grid.4991.5,University of Oxford,,South East,GB,2640729,,United Kingdom
grant.6944558,ur.01332073522.49,Nicholas,White,,Co-PI,,,,,,,,
grant.6944558,ur.01240642751.30,Jeremy,Day,,Co-PI,grid.4991.5,University of Oxford,,South East,GB,2640729,,United Kingdom
grant.6944558,ur.01235502325.05,Nguyen Van,Vinh Chau,,Co-PI,,,,,,,,
grant.8470217,ur.01257100063.27,Donald,King,,PI,grid.63622.33,The Pirbright Institute,,South East,GB,2633709,,United Kingdom
grant.8470217,ur.01335513133.31,Dalan,Bailey,,Co-PI,grid.63622.33,The Pirbright Institute,,South East,GB,2633709,,United Kingdom
grant.8470217,ur.0624513203.52,Philippa,Beard,,Co-PI,grid.63622.33,The Pirbright Institute,,South East,GB,2633709,,United Kingdom
grant.8470217,ur.01110236672.58,Bryan,Charleston,,Co-PI,grid.63622.33,The Pirbright Institute,,South East,GB,2633709,,United Kingdom
grant.8470217,ur.0761477320.55,Munir,Iqbal,,Co-PI,grid.63622.33,The Pirbright Institute,,South East,GB,2633709,,United Kingdom
grant.8470217,ur.0774373200.39,Andrew,Broadbent,James,Co-PI,grid.63622.33,The Pirbright Institute,,South East,GB,2633709,,United Kingdom
grant.8470217,ur.01041302760.13,Christopher,Netherton,Lewis,Co-PI,grid.63622.33,The Pirbright Institute,,South East,GB,2633709,,United Kingdom
grant.8470217,ur.0627276327.18,Karin,Darpel,,Co-PI,grid.63622.33,The Pirbright Institute,,South East,GB,2633709,,United Kingdom
grant.8470217,ur.01165511256.59,Erica,Bickerton,Jane,Co-PI,grid.63622.33,The Pirbright Institute,,South East,GB,2633709,,United Kingdom
grant.8470217,ur.01261423660.52,Satya,Parida,,Co-PI,grid.63622.33,The Pirbright Institute,,South East,GB,2633709,,United Kingdom
grant.8470217,ur.0663673306.67,Venugopal,Nair,,Co-PI,grid.63622.33,The Pirbright Institute,,South East,GB,2633709,,United Kingdom
grant.7748124,ur.01075052317.93,Graham,Moore,,Co-PI,,,,,,,,
grant.7748124,ur.01162335230.71,Cristobal,Uauy,,Co-PI,,,,,,,,
grant.7748487,ur.012503163047.69,David,Jackson,,PI,grid.4991.5,University of Oxford,,South East,GB,2640729,,United Kingdom
grant.7748488,ur.01334123457.74,Daniel,Cutler,,PI,grid.83440.3b,University College London,,London,GB,2643743,,United Kingdom
grant.8469968,ur.07744410433.45,Isabelle,Dietrich,,Co-PI,,,,,,,,
grant.8469968,ur.01207726760.30,Julian,Seago,Ernest,Co-PI,grid.63622.33,The Pirbright Institute,,South East,GB,2633709,,United Kingdom
grant.8469968,ur.01133263421.44,Simon,Gubbins,,Co-PI,grid.63622.33,The Pirbright Institute,,South East,GB,2633709,,United Kingdom
grant.8469968,ur.01257100063.27,Donald,King,,Co-PI,grid.63622.33,The Pirbright Institute,,South East,GB,2633709,,United Kingdom
grant.8469968,ur.0753266047.27,Luke,Alphey,,Co-PI,grid.63622.33,The Pirbright Institute,,South East,GB,2633709,,United Kingdom
grant.8469968,ur.01024261702.39,Elma,Tchilian,Zaven,Co-PI,grid.63622.33,The Pirbright Institute,,South East,GB,2633709,,United Kingdom
grant.8469968,ur.014312213373.21,Linda,Dixon,,Co-PI,grid.63622.33,The Pirbright Institute,,South East,GB,2633709,,United Kingdom
grant.8469968,ur.014426441773.63,Nicholas,Lyons,Anthony,Co-PI,grid.63622.33,The Pirbright Institute,,South East,GB,2633709,,United Kingdom
grant.8469604,ur.0624513203.52,Philippa,Beard,,PI,grid.63622.33,The Pirbright Institute,,South East,GB,2633709,,United Kingdom
grant.8469604,ur.07744410433.45,Isabelle,Dietrich,,Co-PI,grid.4991.5,University of Oxford,,South East,GB,2640729,,United Kingdom
grant.8469604,ur.01271657630.49,Mark,Fife,Stewart,Co-PI,,,,,,,,
grant.8469604,ur.0627147361.60,Shahriar,Behboudi,,Co-PI,grid.63622.33,The Pirbright Institute,,South East,GB,2633709,,United Kingdom
grant.8469604,ur.01015743355.18,Simon,Graham,Paul,Co-PI,grid.63622.33,The Pirbright Institute,,South East,GB,2633709,,United Kingdom
grant.8469604,ur.013020135473.28,Linda,Dixon,,Co-PI,grid.63622.33,The Pirbright Institute,,South East,GB,2633709,,United Kingdom
grant.8470091,ur.01350024110.41,John,Hammond,Anthony,PI,grid.63622.33,The Pirbright Institute,,South East,GB,2633709,,United Kingdom
grant.8470091,ur.012246126033.45,Linda,Dixon,,Co-PI,grid.63622.33,The Pirbright Institute,,South East,GB,2633709,,United Kingdom
grant.7924629,ur.015544641737.16,Linda,Dixon,,Co-PI,grid.63622.33,The Pirbright Institute,,South East,GB,2633709,,United Kingdom
grant.7924629,ur.01255356033.23,Muhammad,Munir,,Co-PI,,,,,,,,
grant.7924629,ur.0715143444.61,Helena,Maier,Jane,Co-PI,grid.63622.33,The Pirbright Institute,,South East,GB,2633709,,United Kingdom
grant.7924629,ur.0760347561.41,Javier,Castillo-Olivares,,Co-PI,grid.63622.33,The Pirbright Institute,,South East,GB,2633709,,United Kingdom
grant.6944672,ur.0754563731.66,Valeria,Saraceni,,Co-PI,,,,,,,,
grant.6944672,ur.012565773207.13,Daniel,Villela,Antunes,Co-PI,,,,,,,,
grant.6944672,ur.014164173137.84,Kenneth,"Rochel De Camargo, Jr",,Co-PI,,,,,,,,
grant.6944672,ur.01173016413.96,Anete,Trajman,,Co-PI,grid.8536.8,Federal University of Rio de Janeiro,,Outside UK,BR,3451190,,Brazil
grant.6944672,ur.01276270421.43,Marcia,Pinto,,Co-PI,,,,,,,,
grant.6944672,ur.01032443536.25,Johanna,Hanefeld,,Co-PI,,,,,,,,
grant.6944672,ur.0661524171.03,Betina,Durovni,,Co-PI,,,,,,,,
grant.6944672,ur.011773651537.45,Claudia,Medina Coeli,,Co-PI,grid.8536.8,Federal University of Rio de Janeiro,,Outside UK,BR,3451190,,Brazil
grant.6944672,ur.01004162042.49,Adriana Cavalcanti De,Aguiar,,Co-PI,,,,,,,,
grant.6621742,ur.013367027547.57,Tomoki,Arichi,,PI,grid.13097.3c,King's College London,,London,GB,2643743,,United Kingdom
grant.6622815,ur.013215206743.83,Cristina,Cecchetti,,PI,,,,,,,,
grant.6622815,ur.011475350345.57,Claudia,Stohrer,,PI,,,,,,,,
grant.6622815,ur.013070311345.36,Diogo,Melo,,PI,,,,,,,,
grant.6622815,ur.016056213345.36,Elham,Vahdatahar,,PI,,,,,,,,
grant.6622815,ur.07662542623.36,Jessica,Ames,,PI,,,,,,,,
grant.6622815,ur.013431025401.48,Sofia,Jaho,,PI,,,,,,,,
grant.6622815,ur.014463252345.10,Cromarte,Rogers,,PI,,,,,,,,
grant.6622815,ur.016653573745.75,Swati,Aggarwal,,PI,,,,,,,,
grant.6622815,ur.010677767745.07,Virginia,Apostolopoulou,,PI,,,,,,,,
grant.6622815,ur.012272730745.70,Jannik,Strauss,,PI,,,,,,,,
grant.6622815,ur.013665671745.47,Thi Thanh My,Nguyen,,PI,,,,,,,,
grant.6622815,ur.016613627125.79,Sofia,Trampari,,PI,,,,,,,,
grant.6622815,ur.016070127767.41,Samuel,Hjorth-Jensen,,PI,,,,,,,,
grant.6381113,ur.014645377241.63,Christopher,McCabe,,PI,grid.13097.3c,King's College London,,London,GB,2643743,,United Kingdom
grant.6620230,ur.0603517252.09,Miles,Carroll,William,Co-PI,grid.271308.f,Public Health England,,South West,GB,2643743,,United Kingdom
grant.6620230,ur.0751102271.80,Simon,Draper,,Co-PI,grid.4991.5,University of Oxford,,South East,GB,2640729,,United Kingdom
grant.6620230,ur.01223741130.06,Simon,Croft,,Co-PI,grid.8991.9,London Sch of Hygiene and Trop Medicine,,London,GB,2643743,,United Kingdom
grant.6503710,ur.011476510537.69,Andrea,Zocca,,PI,,,,,,,,
grant.6503710,ur.014562474625.69,Kai,Zheng,,PI,,,,,,,,
grant.6503710,ur.015314761413.50,Paolo,Scanferla,,PI,,,,,,,,
grant.6503710,ur.012146774263.14,Enrique,Juste,,PI,,,,,,,,
grant.6503710,ur.010622146463.23,Anthony,Maçon,,PI,,,,,,,,
grant.6503710,ur.012506401625.26,Sarah,Diener,,PI,,,,,,,,
grant.6503710,ur.01037162565.90,MALIKA,SAADAOUI,,PI,,,,,,,,
grant.6503710,ur.014745036425.87,Stéphane,Richaud,,PI,,,,,,,,
grant.6503710,ur.016337777425.11,Anthony,Maçon,,PI,,,,,,,,
grant.6503710,ur.012565755003.22,Amin,M'Barki,,PI,,,,,,,,
grant.6503710,ur.010024566063.95,FABRICE,ROSSIGNOL,,PI,,,,,,,,
grant.6503710,ur.016527637263.20,Hugo,CURTO,,PI,,,,,,,,
grant.6503710,ur.015732256663.68,JULIE,BOURRET,,PI,,,,,,,,
grant.6503710,ur.015007071711.40,Fahd,KHALDOUN,,PI,,,,,,,,
grant.6503710,ur.015134676263.00,Imane,TOUAIHER,,PI,,,,,,,,
grant.6503710,ur.014101342625.31,Filippo,Gobbin,,PI,,,,,,,,
grant.6503710,ur.07520477625.82,Sarah,Diener,,PI,,,,,,,,
grant.6503710,ur.014337315663.05,Andreas,Burghardt,,PI,,,,,,,,
grant.6503710,ur.013001330725.28,Sarah,Diener,,PI,,,,,,,,
grant.6503710,ur.013541735263.27,Karine,Goulart de Oliveira,,PI,,,,,,,,
grant.6503710,ur.016075036017.04,Joan Josep,Roa Rovira,,PI,,,,,,,,
grant.6503710,ur.014463150511.14,Bartolomeo,Coppola,,PI,,,,,,,,
grant.6503710,ur.010247745025.95,Katharina,Schuhladen,,PI,,,,,,,,
grant.6503710,ur.012744354663.67,Dominique,Hautcoeur,,PI,,,,,,,,
grant.6503710,ur.0761234142.75,Paolo,Colombo,,PI,,,,,,,,
grant.6503710,ur.016466047122.96,Johanna,Schmidt,,PI,,,,,,,,
grant.6503710,ur.010145642141.40,Giorgia,Franchin,,PI,,,,,,,,
grant.6503710,ur.013713137725.04,Mehdi,Mohammadi,,PI,,,,,,,,
grant.6503710,ur.012113160261.80,Jens,Günster,,PI,,,,,,,,
grant.6503710,ur.016035346125.17,Mélanie,WYNN,,PI,,,,,,,,
grant.6503710,ur.015672550441.24,Janka,Wilbig,,PI,,,,,,,,
grant.6503710,ur.011351413663.70,Jérôme,ADRIEN,,PI,,,,,,,,
grant.6503710,ur.010657122525.52,Philippe,CHAMPAGNE,,PI,,,,,,,,
grant.6503710,ur.010554033263.15,Ludmila,Hodasova,,PI,,,,,,,,
grant.6945359,ur.014256626047.55,Matthew,Wood,John,PI,grid.4991.5,University of Oxford,,South East,GB,2640729,,United Kingdom
grant.6622065,ur.014047052545.12,Lakshminarayana,Tamatam,,PI,,,,,,,,
grant.6622065,ur.014644433145.01,Steven,Klaassen,,PI,,,,,,,,
grant.6622065,ur.07466207545.51,Clement,Foyer,,PI,,,,,,,,
grant.6622065,ur.012536114511.23,Sivasankar,Arul,,PI,,,,,,,,
grant.6622065,ur.011061150545.84,Jiri,Blahos,,PI,,,,,,,,
grant.6622065,ur.012454111545.97,Hendrik,Andresen,,PI,,,,,,,,
grant.6622065,ur.012645373734.98,Guilherme,Jenovencio,,PI,,,,,,,,
grant.6622065,ur.07534322745.20,Anilraj,Sudhakar,,PI,,,,,,,,
grant.6622065,ur.014576317745.91,Hatem,Elshazly,,PI,,,,,,,,
grant.6622065,ur.011737172264.19,Alfredo,Fantetti,,PI,,,,,,,,
grant.6622065,ur.015373700345.90,Ranjit Annasaheb,Patil,,PI,,,,,,,,
grant.6622065,ur.016171260745.07,Fabia,TUBITA,,PI,,,,,,,,
grant.6622065,ur.014731226707.43,Ayse,Bagbaba,,PI,,,,,,,,
grant.6622065,ur.013251472145.59,Zeeshan,Saeed,,PI,,,,,,,,
grant.6622065,ur.010371204401.85,Pierlauro,Sciarelli,,PI,,,,,,,,
grant.5498672,ur.015616500461.57,Laura,Bocchi,,PI,grid.9759.2,University of Kent,,South East,GB,2653877,,United Kingdom
grant.6945587,ur.013735042305.40,Pete,James,,PI,,Lyra Electronics Limited,,West Midlands,,,Wellesbourne,
grant.6944980,ur.01075517714.00,Roch,Dabire,Kounbobr,Co-PI,,,,,,,,
grant.6944980,ur.01046417324.26,Maggy,Sikulu,,Co-PI,,,,,,,,
grant.6620594,ur.07641325777.11,David,Mabey,,PI,grid.8991.9,London Sch of Hygiene and Trop Medicine,,London,GB,2643743,,United Kingdom
grant.6620594,ur.0716606764.88,Anna,Last,,Co-PI,grid.8991.9,London Sch of Hygiene and Trop Medicine,,London,GB,2643743,,United Kingdom
grant.6620594,ur.015476113652.05,Brian,Greenwood,Mellor,Co-PI,grid.8991.9,London Sch of Hygiene and Trop Medicine,,London,GB,2643743,,United Kingdom
grant.6620594,ur.0631621653.00,James,Logan,George,Co-PI,grid.8991.9,London Sch of Hygiene and Trop Medicine,,London,GB,2643743,,United Kingdom
grant.6620594,ur.011557354737.89,Robin,Bailey,L,Co-PI,grid.8991.9,London Sch of Hygiene and Trop Medicine,,London,GB,2643743,,United Kingdom
grant.6620594,ur.01165470413.48,Meno,Nabicassa,,Co-PI,,,,,,,,
grant.6620594,ur.01307027646.18,Amabelia,Rodrigues,,Co-PI,,,,,,,,
grant.6620594,ur.0630111303.57,Nicholas,Thomson,R,Co-PI,,,,,,,,
grant.6620594,ur.014720264617.16,Katy,Greenland,,Co-PI,,,,,,,,
grant.6620594,ur.01063334514.37,Umberto,D'Alessandro,,Co-PI,grid.8991.9,London Sch of Hygiene and Trop Medicine,,London,GB,2643743,,United Kingdom
grant.6620594,ur.01073375566.05,Jane,Achan,,Co-PI,grid.8991.9,London Sch of Hygiene and Trop Medicine,,London,GB,2643743,,United Kingdom
grant.5498695,ur.01366043734.68,Ferenc,Mueller,,Co-PI,grid.6572.6,University of Birmingham,,West Midlands,GB,2655603,,United Kingdom
grant.5498695,ur.0654056334.56,Fiona,Wardle,Claire,Co-PI,grid.13097.3c,King's College London,,London,GB,2643743,,United Kingdom
grant.6542409,ur.011110713123.46,Leo,Murray,,PI,grid.500989.d,The 10:10 Foundation,,London,GB,2643743,LONDON,
grant.7692463,ur.015500527230.96,Guillermo,Francia,,PI,grid.257992.2,Jacksonville State University,US-AL,Alabama,US,4069553,Jacksonville,United States
grant.6504068,ur.010620511525.44,Elizabeth,Diemer,,PI,,,,,,,,
grant.6504068,ur.016113163525.50,Sabrina Carmen,Doering,,PI,,,,,,,,
grant.6504068,ur.015573202777.70,Andrea,Allegrini,,PI,,,,,,,,
grant.6504068,ur.07754533447.21,Laura,Schellhas,,PI,,,,,,,,
grant.6504068,ur.016642430725.80,Elis,Haan,,PI,,,,,,,,
grant.6504068,ur.014452107325.08,Kratika,Agarwal,,PI,,,,,,,,
grant.6504068,ur.07651310475.54,Omowonuola,Akingbuwa,,PI,,,,,,,,
grant.6504068,ur.015201354525.02,Eshim,Shahid,,PI,,,,,,,,
grant.6504068,ur.013011033125.77,Marica,Leone,,PI,,,,,,,,
grant.6504068,ur.010125703772.38,Hema Sekhar Reddy,Rajula,,PI,,,,,,,,
grant.6504068,ur.015154651745.75,Ville,Karhunen,,PI,,,,,,,,
grant.6504068,ur.013722642125.70,Ashley,Thompson,,PI,,,,,,,,
grant.6619584,ur.01072421523.37,Mark Howard,Wilson,,Co-PI,,,,,,,,
grant.6383460,ur.01261727120.03,Charalampos,Makatsoris,,PI,,,,,,,,
grant.6383460,ur.016341670061.28,Paul Robert,Raithby,,Co-PI,,,,,,,,
grant.5498619,ur.016320432267.22,Xiangbing,Zeng,,PI,grid.11835.3e,University of Sheffield,,Yorkshire and The Humber,GB,2638077,,United Kingdom
grant.5498619,ur.01006540274.70,Goran,Ungar,,Co-PI,grid.11835.3e,University of Sheffield,,Yorkshire and The Humber,GB,2638077,,United Kingdom
grant.6712522,ur.01372243376.30,Philip,Hall,,PI,,,,,,,,
grant.6712522,ur.0740563570.88,Spencer,Sherwin,,Co-PI,,,,,,,,
grant.6712522,ur.015054203737.32,Hugh,Blackburn,,Co-PI,,,,,,,,
grant.6502889,ur.0644371476.95,Kevin,Ronald,,PI,grid.11984.35,University of Strathclyde,,Scotland,GB,2648579,,United Kingdom
grant.6502889,ur.0621027451.37,Colin,Whyte,,Co-PI,grid.11984.35,University of Strathclyde,,Scotland,GB,2648579,,United Kingdom
grant.6712114,ur.012461233253.06,Andrew,Tomkins,,PI,,,,,,,,
grant.6712114,ur.07662301636.03,Matthew,Genge,,Co-PI,,,,,,,,
grant.6712114,ur.010402020217.59,James,Kasting,,Co-PI,,,,,,,,
grant.6712368,ur.0704137774.75,Ian,Wright,,PI,,,,,,,,
grant.6712368,ur.01205603561.53,Iain,Prentice,,Co-PI,,,,,,,,
grant.6712262,ur.0731040064.96,Philip,Bland,,PI,,,,,,,,
grant.6712262,ur.016436551717.95,Mark,Rutten,,Co-PI,,,,,,,,
grant.6712262,ur.01202635230.74,William,Bottke,,Co-PI,,,,,,,,
grant.6712262,ur.01040723010.30,Gretchen,Benedix,,Co-PI,,,,,,,,
grant.6712262,ur.015472177475.40,Peter,Jenniskens,,Co-PI,,,,,,,,
grant.6712262,ur.010664742547.57,Timothy,Swindle,,Co-PI,,,,,,,,
grant.6712262,ur.07627505317.13,Jonathan,Horner,,Co-PI,,,,,,,,
grant.6712262,ur.0622150470.26,Gareth,Collins,,Co-PI,,,,,,,,
grant.6712582,ur.013653452357.55,Yvonne,Pendleton,,Co-PI,,,,,,,,
grant.6712582,ur.014540705335.31,Christopher,Herd,,Co-PI,,,,,,,,
grant.6712582,ur.010665550357.48,Peter,Brown,,Co-PI,,,,,,,,
grant.6712582,ur.016573241157.32,Hasnaa,Chennaoui,,Co-PI,,,,,,,,
grant.6712582,ur.015775660557.76,Jean-Pierre,Macquart,,Co-PI,,,,,,,,
grant.6712582,ur.015200300157.35,Andrew,Tomkins,,Co-PI,,,,,,,,
grant.6712582,ur.012537602125.84,Tracy,Rushmer,,Co-PI,,,,,,,,
grant.6712582,ur.012212376157.67,Trevor,Ireland,,Co-PI,,,,,,,,
grant.6712408,ur.0603324354.80,Andrey,Miroshnichenko,,PI,,,,,,,,
grant.6712408,ur.0652737645.65,Stefan,Maier,,Co-PI,,,,,,,,
grant.6712408,ur.01070033534.70,Isabelle,Staude,,Co-PI,,,,,,,,
grant.6712408,ur.0603446735.55,Mohsen,Rahmani,,Co-PI,,,,,,,,
grant.6712566,ur.0736561673.02,Robert,Trengove,,PI,,,,,,,,
grant.6712566,ur.012024145322.68,Elaine,Holmes,,Co-PI,,,,,,,,
grant.6712566,ur.0747132251.27,Robert,Plumb,,Co-PI,,,,,,,,
grant.6712566,ur.01365402465.34,Jeremy,Nicholson,,Co-PI,,,,,,,,
grant.6712566,ur.015720043157.26,Merrilee,Needham,,Co-PI,,,,,,,,
grant.6712566,ur.01243741525.55,John,Pluske,,Co-PI,,,,,,,,
grant.6712566,ur.014325102157.42,John,Mamo,,Co-PI,,,,,,,,
grant.6712566,ur.0742035120.04,Caroline,Rae,,Co-PI,,,,,,,,
grant.6712566,ur.01026065310.36,Sarah,Kenderdine,,Co-PI,,,,,,,,
grant.6712566,ur.0606414521.08,Kingsley,Dixon,,Co-PI,,,,,,,,
grant.6712566,ur.011361712512.11,Andrew,Millar,,Co-PI,,,,,,,,
grant.6712566,ur.01235056531.85,Peter,Leedman,,Co-PI,,,,,,,,
grant.6712566,ur.01306372351.29,David,Sampson,,Co-PI,,,,,,,,
grant.6712566,ur.01070727074.20,Jonathan,Carapetis,,Co-PI,,,,,,,,
grant.6712566,ur.01140423003.13,David,Broadhurst,,Co-PI,,,,,,,,
grant.6503178,ur.01213426560.50,Kenneth,Long,,PI,,,,,,,,
grant.6711939,ur.0714741014.04,Boris,Baer,,PI,,,,,,,,
grant.6711939,ur.013110033157.79,Anne,Dell,,Co-PI,,,,,,,,
grant.6711939,ur.01335773561.25,Jacobus,Boomsma,,Co-PI,,,,,,,,
grant.6541921,ur.01017372752.47,Tanzi,Besant,,PI,grid.498353.0,Hiflux Limited,,London,GB,2643743,LONDON,
grant.6382344,ur.010004122627.27,Ramanarayanan,Balachandran,,Co-PI,,,,,,,,
grant.6712000,ur.0772563437.88,Irene,Yarovsky,,PI,,,,,,,,
grant.6712000,ur.01345761165.50,Molly,Stevens,,Co-PI,,,,,,,,
grant.6621710,ur.01162451745.77,Alexander,Frater,John,PI,grid.4991.5,University of Oxford,,South East,GB,2640729,,United Kingdom
grant.6621710,ur.015550130537.09,Matthew,Pace,James,Co-PI,grid.4991.5,University of Oxford,,South East,GB,2640729,,United Kingdom
grant.6382338,ur.01251450761.15,Yadvinder,Malhi,Singh,Co-PI,,,,,,,,
grant.6502855,ur.014446402161.08,Nicholas,Warrior,,PI,grid.4563.4,University of Nottingham,,East Midlands,GB,2641170,,United Kingdom
grant.6502855,ur.016223662205.26,Carwyn,Ward,,Co-PI,grid.5337.2,University of Bristol,,South West,GB,2654675,,United Kingdom
grant.6502855,ur.01123007270.58,Andrew,Mills,Robert,Co-PI,grid.12026.37,Cranfield University,,East of England,GB,2652087,,United Kingdom
grant.6502855,ur.0627346264.46,Andrew,Long,,Co-PI,grid.4563.4,University of Nottingham,,East Midlands,GB,2641170,,United Kingdom
grant.6502855,ur.0607344630.35,Ivana,Partridge,Katherine,Co-PI,grid.5337.2,University of Bristol,,South West,GB,2654675,,United Kingdom
grant.6502855,ur.01131777564.59,Stephen,Pickering,John,Co-PI,grid.4563.4,University of Nottingham,,East Midlands,GB,2641170,,United Kingdom
grant.6502855,ur.01355164047.01,Ian,Sinclair,,Co-PI,grid.5491.9,University of Southampton,,South East,GB,2637487,,United Kingdom
grant.6502855,ur.01224213360.35,Kevin,Potter,,Co-PI,grid.5337.2,University of Bristol,,South West,GB,2654675,,United Kingdom
grant.6502855,ur.014471636017.66,Thomas,Turner,,Co-PI,grid.4563.4,University of Nottingham,,East Midlands,GB,2641170,,United Kingdom
grant.6502855,ur.010201177616.71,Prasad,Potluri,,Co-PI,grid.5379.8,University of Manchester,,North West,GB,2643123,Manchester,United Kingdom
grant.5498267,ur.0755150721.75,Yulong,Ding,,Co-PI,,,,,,,,
grant.5498267,ur.011043102141.95,T,Karayiannis,,Co-PI,,,,,,,,
grant.5498267,ur.01213332130.39,Laura,Torrente Murciano,,Co-PI,grid.5335.0,University of Cambridge,,East of England,GB,2653941,,United Kingdom
grant.5498267,ur.01137161270.78,Alexander,White,John,Co-PI,grid.5335.0,University of Cambridge,,East of England,GB,2653941,,United Kingdom
grant.6542160,ur.01206735310.03,Mark,Girolami,,PI,grid.5335.0,University of Cambridge,,East of England,GB,2653941,,United Kingdom
grant.7212997,ur.01330327501.82,Julian,marchesi,,PI,grid.5600.3,Cardiff University,,,GB,2653822,Cardiff,United Kingdom
grant.7212997,ur.01100643525.73,Ailsa,Hart,Louise,Co-PI,,"Imperial College of Science, Technology and Medicine",,Does Not Apply,US,,London,United States
grant.7212997,ur.0701017254.00,Nik,Ding,Sheng,Co-PI,grid.413105.2,St. Vincent's Hospital (Melbourne) Limited,AU-VIC,Does Not Apply,AU,2158177,Melbourne,Australia
grant.7212997,ur.01024506242.99,Sergio,Uzzau,,Co-PI,grid.11450.31,Università degli Studi di Sassari,,Does Not Apply,IT,3167096,Sassari,Italy
grant.7212997,ur.01007751237.54,Naila,Arebi,,Co-PI,grid.416510.7,St Marks Hospital,,Does Not Apply,GB,2643743,London,United Kingdom
grant.7612118,ur.0674073264.24,Jessica,Barrett,,PI,grid.5335.0,University of Cambridge,,East of England,GB,2653941,,United Kingdom
grant.6541785,ur.016533157023.01,Michael,Reid,,PI,,Solar Polar Limited,,East of England,,,CAMBRIDGESHIRE,
grant.6503285,ur.0743051442.75,Andrea,Sottoriva,,PI,grid.18886.3f,Institute of Cancer Research,,London,GB,2643743,,United Kingdom
grant.6503285,ur.01264261302.03,Darryl,Shibata,,Co-PI,,,,,,,,
grant.6503285,ur.01347562145.63,Trevor,Graham,A,Co-PI,grid.4868.2,"Queen Mary, University of London",,London,GB,2643743,,United Kingdom
grant.6383750,ur.01033231420.20,Gianluca,Sarri,,PI,grid.4777.3,Queen's University of Belfast,,Northern Ireland,GB,2655984,,United Kingdom
grant.6383750,ur.01171550634.28,Marco,Borghesi,,Co-PI,grid.4777.3,Queen's University of Belfast,,Northern Ireland,GB,2655984,,United Kingdom
grant.6383750,ur.01063751751.50,Brian,Reville,,Co-PI,grid.4777.3,Queen's University of Belfast,,Northern Ireland,GB,2655984,,United Kingdom
grant.4850269,ur.0656143031.53,Michelangelo,Campanella,,PI,grid.20931.39,Royal Veterinary College,,London,GB,2643743,,United Kingdom
grant.6620186,ur.01227725471.01,Verity,McClelland,Maria,PI,grid.13097.3c,King's College London,,London,GB,2643743,,United Kingdom
grant.6541934,ur.012130022205.13,David,Currier,,PI,grid.1121.3,Rolls-Royce PLC,,London,GB,2651347,,United Kingdom
grant.6502960,ur.011334043725.03,Andrew,Buchan,George,Co-PI,,,,,,,,
grant.6383376,ur.0723254711.43,Mike,Clare,,PI,grid.418022.d,National Oceanography Centre,,South East,GB,2637487,,United Kingdom
grant.6383376,ur.01011542260.18,Peter,Talling,,Co-PI,,,,,,,,
grant.6383376,ur.011712543667.39,Mattieu,Cartigny,Jean Baptist,Co-PI,,,,,,,,
grant.6382994,ur.01002660523.47,Matteo,Carpentieri,,PI,grid.5475.3,University of Surrey,,South East,GB,2647793,,United Kingdom
grant.5125389,ur.016245763417.01,David,Burt,William,PI,grid.4305.2,University of Edinburgh,,Scotland,GB,2650225,,United Kingdom
grant.5125389,ur.0647361322.10,Alan,Archibald,,PI,grid.4305.2,University of Edinburgh,,Scotland,GB,2650225,,United Kingdom
grant.6381184,,Gillian,Winters,,PI,,Greencore Prepared Meals Limited,,East Midlands,,,LINKS BUSINESS PK BARLBOROUGH,
grant.6445785,ur.01332742377.51,Miao,Guo,,PI,grid.13097.3c,King's College London,,London,GB,2643743,,United Kingdom
grant.6445680,ur.016135674605.36,Amiera,Sawas,,PI,,,,,,,,
grant.6445680,ur.010531554371.68,Nausheen,Anwar,Hafeeza,Co-PI,,,,,,,,
grant.6621838,ur.01005533051.52,Mina,Ryten,,PI,grid.83440.3b,University College London,,London,GB,2643743,,United Kingdom
grant.5071787,ur.01144601074.52,Claire Louise,Corkhill,,PI,grid.11835.3e,University of Sheffield,,Yorkshire and The Humber,GB,2638077,,United Kingdom
grant.5071787,ur.01275442174.23,Susan,Molyneux-Hodgson,,Co-PI,,,,,,,,
grant.6384185,ur.011721003245.45,Osama Hussein Mohamed Mahmoud,BEKHET,,PI,,,,,,,,
grant.6384185,ur.011767116445.97,Luca,Pellegrino,,PI,,,,,,,,
grant.6384185,ur.015530437724.09,Xabier,Villanueva,,PI,,,,,,,,
grant.6384185,ur.014271752354.38,Abhishek,Shastry,,PI,,,,,,,,
grant.6384185,ur.016301646245.48,Lukas,Kriem,,PI,,,,,,,,
grant.6384185,ur.01110004207.07,Hugo Manuel Matias,DUARTE,,PI,,,,,,,,
grant.6384185,ur.010326042245.80,Helena,Mateos Cuadrado,,PI,,,,,,,,
grant.6384185,ur.07530461645.40,Alessandra,Valentini,,PI,,,,,,,,
grant.6384185,ur.014073774042.55,Silvia,Ruscigno,,PI,,,,,,,,
grant.6384185,ur.011737016637.40,Artemis,Tsiaprazi-Stamou,,PI,,,,,,,,
grant.6384185,ur.014111324645.03,Gabriele,Cimmarusti,,PI,,,,,,,,
grant.6384185,ur.013313744245.71,Lili,Zhen,,PI,,,,,,,,
grant.6384185,ur.012516363645.69,Kamila,Jankowska,,PI,,,,,,,,
grant.6384185,ur.016233533045.05,Joana,Silva Pinto,,PI,,,,,,,,
grant.6384185,ur.01217427277.35,Valeria,Angarano,,PI,,,,,,,,
grant.6384319,ur.013604167625.49,Luca,Martulli,,PI,,,,,,,,
grant.6384319,ur.015177130625.69,Jan,Rojek,,PI,,,,,,,,
grant.6384319,ur.010720742305.14,Martinus Putra,Widjaja,,PI,,,,,,,,
grant.6384319,ur.014144034334.13,Erich,Schoberl,,PI,,,,,,,,
grant.6384319,ur.011327212517.30,Carol,Rodricks,,PI,,,,,,,,
grant.6384319,ur.010360551734.44,Arsen,Melnikov,,PI,,,,,,,,
grant.6384319,ur.07515056134.07,Christian,Breite,,PI,,,,,,,,
grant.6384319,ur.013054722425.00,Francisco,Gonçalves Mesquita,,PI,,,,,,,,
grant.6384319,ur.013652303025.37,Lorenzo,Mencatelli,,PI,,,,,,,,
grant.6384319,ur.014447663425.43,Marco Alexandre,Da Costa Alves,,PI,,,,,,,,
grant.6384319,ur.014401550225.32,Faisal,Islam,,PI,,,,,,,,
grant.6384319,ur.016572071625.19,Fabio,Malgioglio,,PI,,,,,,,,
grant.6384319,ur.013006607225.24,Ashok,Rajpurohit,,PI,,,,,,,,
grant.5125670,ur.01363325152.32,Jack,Mellor,,PI,grid.5337.2,University of Bristol,,South West,GB,2654675,,United Kingdom
grant.5073071,ur.0746430675.50,Mark,Gross,,Co-PI,,,,,,,,
grant.5073071,ur.0777153264.30,Miles,Reid,,Co-PI,,,,,,,,
grant.6382963,ur.013274055265.05,Christopher,Chen,,PI,grid.4868.2,"Queen Mary, University of London",,London,GB,2643743,,United Kingdom
grant.6446112,ur.0742364052.59,Neil,Wilson,,PI,,Camfridge Limited,,East of England,,,Cambridge,
grant.6445802,ur.012040720367.85,Reza Sarvghad,Razavi,,Co-PI,,,,,,,,
grant.6445802,ur.0757566607.90,Alison,Noble,,Co-PI,,,,,,,,
grant.6445802,ur.01256647205.03,Julia,Schnabel,Anne,Co-PI,,,,,,,,
grant.6445802,ur.01146703411.37,Andrew,King,Peter,Co-PI,,,,,,,,
grant.6445802,ur.01237451276.26,Giovanni,Montana,,Co-PI,,,,,,,,
grant.6445802,ur.01114645311.08,Claudia,Prieto,,Co-PI,,,,,,,,
grant.6445802,ur.01260403352.81,Rene,Botnar,Michael,Co-PI,,,,,,,,
grant.6445802,ur.01034050664.77,Steffen,Petersen,Erhard,Co-PI,,,,,,,,
grant.6503571,ur.01026517073.58,Roger,Gunn,N,Co-PI,,,,,,,,
grant.6619672,ur.0733077231.20,Thierry,Allafort-Duverger,,Co-PI,,,,,,,,
grant.6619672,ur.014512352057.46,Nicole Anne Margaret,Blackwell,,Co-PI,grid.1003.2,University of Queensland,AU-QLD,Outside UK,AU,2174003,,Australia
grant.6619672,ur.01347652062.00,Charles,Engoru,,Co-PI,,,,,,,,
grant.6619672,ur.0711401620.27,David,Harrison,Antony,Co-PI,,,,,,,,
grant.6619672,ur.0667577064.15,Patricia,Njuguna,Wambui,Co-PI,,,,,,,,
grant.6619672,ur.013620463264.64,Kathy,Rowan,,Co-PI,,,,,,,,
grant.6619672,ur.010203463357.22,Isabelle,Defourney,,Co-PI,,,,,,,,
grant.6502890,ur.01240044370.21,Sheila,Rowan,,PI,,,,,,,,
grant.6502890,ur.01052736044.97,Ian,MacLaren,,Co-PI,grid.8756.c,University of Glasgow,,Scotland,GB,2648579,,United Kingdom
grant.6502890,ur.0707224374.30,Angus,Bell,Sutherland,Co-PI,grid.8756.c,University of Glasgow,,Scotland,GB,2648579,,United Kingdom
grant.6502890,ur.01211374104.77,James,Hough,,Co-PI,grid.8756.c,University of Glasgow,,Scotland,GB,2648579,,United Kingdom
grant.6502890,ur.01256656667.00,Ik,Heng,Siong,Co-PI,grid.8756.c,University of Glasgow,,Scotland,GB,2648579,,United Kingdom
grant.6502890,ur.015417601577.19,Henry,Ward,,Co-PI,grid.8756.c,University of Glasgow,,Scotland,GB,2648579,,United Kingdom
grant.6502890,ur.0623142360.11,Kenneth,Strain,Alexander,Co-PI,grid.8756.c,University of Glasgow,,Scotland,GB,2648579,,United Kingdom
grant.6502890,ur.0610027454.83,Graham,Woan,,Co-PI,grid.8756.c,University of Glasgow,,Scotland,GB,2648579,,United Kingdom
grant.6502890,ur.0676764434.22,Iain,Martin,William,Co-PI,grid.8756.c,University of Glasgow,,Scotland,GB,2648579,,United Kingdom
grant.6502890,ur.0645255534.66,Stefan,Hild,,Co-PI,grid.8756.c,University of Glasgow,,Scotland,GB,2648579,,United Kingdom
grant.6502890,ur.01011207460.59,Norna Anne,Robertson,,Co-PI,grid.8756.c,University of Glasgow,,Scotland,GB,2648579,,United Kingdom
grant.6503000,ur.01050600704.72,Patrick,Sutton,James,PI,grid.5600.3,Cardiff University,,Wales,GB,2653822,,United Kingdom
grant.6503000,ur.01200134270.59,Stephen,Fairhurst,,Co-PI,grid.5600.3,Cardiff University,,Wales,GB,2653822,,United Kingdom
grant.6503000,ur.010452601353.09,Bernard,Schutz,,Co-PI,grid.5600.3,Cardiff University,,Wales,GB,2653822,,United Kingdom
grant.6503000,ur.01176275641.92,Mark,Hannam,Douglas,Co-PI,grid.5600.3,Cardiff University,,Wales,GB,2653822,,United Kingdom
grant.6621205,ur.013745315422.71,Derrick,Crook,,PI,grid.4991.5,University of Oxford,,South East,GB,2640729,,United Kingdom
grant.5498332,ur.0622575435.67,Nuria,Garcia-Araez,,PI,grid.5491.9,University of Southampton,,South East,GB,2637487,,United Kingdom
grant.6446441,ur.0636402347.18,Angelos,Michaelides,,PI,grid.83440.3b,University College London,,London,GB,2643743,,United Kingdom
grant.6446441,ur.0650104421.30,Scott,Woodley,Marcus,Co-PI,grid.83440.3b,University College London,,London,GB,2643743,,United Kingdom
grant.6446441,ur.01264713506.43,Jorge,Kohanoff,,Co-PI,grid.4777.3,Queen's University of Belfast,,Northern Ireland,GB,2655984,,United Kingdom
grant.6446441,ur.011213542234.13,Christopher,Pickard,James,Co-PI,grid.5335.0,University of Cambridge,,East of England,GB,2653941,,United Kingdom
grant.6446441,ur.01211135330.20,George,Booth,Henry,Co-PI,grid.13097.3c,King's College London,,London,GB,2643743,,United Kingdom
grant.6446441,ur.01252344725.26,Jonathan,Doye,Peter,Co-PI,grid.4991.5,University of Oxford,,South East,GB,2640729,,United Kingdom
grant.6446441,ur.01355263764.44,Martin,Dove,Travis,Co-PI,grid.4868.2,"Queen Mary, University of London",,London,GB,2643743,,United Kingdom
grant.6446441,ur.01226323130.06,Richard,Catlow,,Co-PI,grid.83440.3b,University College London,,London,GB,2643743,,United Kingdom
grant.6446441,ur.01262122314.64,Linnea,Alfredsson,Maria,Co-PI,grid.9759.2,University of Kent,,South East,GB,2653877,,United Kingdom
grant.6446441,ur.01150700232.87,OWAIN,KENWAY,,Co-PI,grid.83440.3b,University College London,,London,GB,2643743,,United Kingdom
grant.6446441,ur.01141222144.47,Simon,Cox,James,Co-PI,grid.5491.9,University of Southampton,,South East,GB,2637487,,United Kingdom
grant.6446441,ur.01302545505.37,Alessandro,De Vita,,Co-PI,grid.13097.3c,King's College London,,London,GB,2643743,,United Kingdom
grant.6501969,ur.07551317665.55,James,Bashford,,PI,grid.13097.3c,King's College London,,London,GB,2643743,,United Kingdom
grant.5498168,ur.01351165067.52,Tim,Albrecht,,PI,,,,,,,,
grant.5498445,ur.01070012513.22,Daniel,Bebber,Patrick,PI,grid.8391.3,University of Exeter,,South West,GB,2649808,,United Kingdom
grant.5498445,ur.014156245055.02,Steve,McCorriston,,Co-PI,grid.8391.3,University of Exeter,,South West,GB,2649808,,United Kingdom
grant.5498445,ur.01161542353.47,Sarah,Gurr,Jane,Co-PI,grid.8391.3,University of Exeter,,South West,GB,2649808,,United Kingdom
grant.5498445,ur.01032272617.04,Gero,Steinberg,,Co-PI,grid.8391.3,University of Exeter,,South West,GB,2649808,,United Kingdom
grant.6500856,ur.01100537224.48,SRDJAN D,ANTIC,,Co-PI,,,,,,,,
grant.6500856,ur.01166141120.03,VLADISLAV,VERKHUSHA,,Co-PI,,,,,,,,
grant.5071838,ur.016436572371.10,Lizzie,Coles-Kemp,,PI,grid.4970.a,"Royal Holloway, University of London",,South East,GB,2650188,,United Kingdom
grant.5498575,ur.0653476220.72,Steve,Tobias,,PI,grid.9909.9,University of Leeds,,Yorkshire and The Humber,GB,2644688,,United Kingdom
grant.5498708,ur.01171402310.25,Neil David,Sandham,,PI,grid.5491.9,University of Southampton,,South East,GB,2637487,,United Kingdom
grant.5125288,ur.015640706163.37,Matthew,Juniper,,PI,grid.5335.0,University of Cambridge,,East of England,GB,2653941,,United Kingdom
grant.5125288,ur.01332213240.57,Paul,Linden,F,Co-PI,grid.5335.0,University of Cambridge,,East of England,GB,2653941,,United Kingdom
grant.5071537,ur.013367572466.93,Weijun,Xu,,PI,grid.7372.1,University of Warwick,,West Midlands,GB,2652221,,United Kingdom
grant.5071470,ur.013373672163.86,Gail,Ter Haar,Reinette,PI,grid.18886.3f,Institute of Cancer Research,,London,GB,2643743,,United Kingdom
grant.5071470,ur.010356565620.91,Nader,Saffari,,Co-PI,grid.83440.3b,University College London,,London,GB,2643743,,United Kingdom
grant.5071470,ur.0722352614.00,Steven,Freear,,Co-PI,grid.9909.9,University of Leeds,,Yorkshire and The Humber,GB,2644688,,United Kingdom
grant.5071470,ur.01243764767.10,Eleanor,Stride,,Co-PI,grid.4991.5,University of Oxford,,South East,GB,2640729,,United Kingdom
grant.6382347,ur.014321455545.19,Sarah,Ball,,PI,grid.13515.33,Johnson Matthey Plc,,London,GB,2643743,LONDON,
grant.4106954,ur.01154440463.32,Vassilis,Sboros,,PI,grid.9531.e,Heriot-Watt University,,Scotland,GB,2650225,,United Kingdom
grant.4106954,ur.01237307217.89,Weiping,Lu,,Co-PI,grid.9531.e,Heriot-Watt University,,Scotland,GB,2650225,,United Kingdom
grant.4106954,ur.01276762510.61,Paul,Dalgarno,,Co-PI,grid.9531.e,Heriot-Watt University,,Scotland,GB,2650225,,United Kingdom
grant.6542196,ur.016364160523.89,Puja,Shakya,,Co-PI,,,,,,,,
grant.6542196,ur.012476254125.15,Dinanath,Bhandari,,Co-PI,,,,,,,,
grant.6542196,ur.015156420205.98,Jibok,Chatterjee,,Co-PI,,,,,,,,
grant.6542196,ur.015341755715.05,Jagat,Bhusal,Kumar,Co-PI,,,,,,,,
grant.6542196,ur.014761036153.41,Robert,Supper,,Co-PI,,,,,,,,
grant.6542196,ur.014173637123.42,Paul,Smith,J,Co-PI,,,,,,,,
grant.6542196,ur.012003315523.13,Sumit,Dugar,,Co-PI,,,,,,,,
grant.6542196,ur.013376256523.12,Anuj,Joshi,,Co-PI,,,,,,,,
grant.6542196,ur.012600676123.53,Joanne,Bayer,,Co-PI,,,,,,,,
grant.6542196,ur.013473573675.36,Megh Raj,Dhital,,Co-PI,,,,,,,,
grant.6542196,ur.010204337135.02,Arnulf,Schiller,,Co-PI,,,,,,,,
grant.6542196,ur.07661107323.51,Janak,Nayava,Lal,Co-PI,,,,,,,,
grant.6542196,ur.015566600123.18,Wei,Liu,,Co-PI,,,,,,,,
grant.6542196,ur.0703225633.65,Bhanu,Neupane,,Co-PI,,,,,,,,
grant.6445527,ur.0707622314.63,Kate,Pickett,Elizabeth,PI,grid.5685.e,University of York,,Yorkshire and The Humber,GB,2633352,,United Kingdom
grant.6445527,ur.01230130361.23,Mark,Mon-Williams,,Co-PI,,,,,,,,
grant.6445527,ur.07565741002.60,John,Wright,,Co-PI,,,,,,,,
grant.6445527,ur.01145402210.22,Mohammed,Mohammed,Amin,Co-PI,,,,,,,,
grant.6445527,ur.010203314317.54,Debbie,Lawlor,,Co-PI,,,,,,,,
grant.6445527,ur.01336462613.46,Rosie,McEachan,,Co-PI,,,,,,,,
grant.6445527,ur.01067232712.44,Jane,West,,Co-PI,,,,,,,,
grant.6445527,ur.0702362363.88,Neil,Small,,Co-PI,,,,,,,,
grant.5125697,ur.01263246634.34,Fumiya,Iida,,PI,grid.5335.0,University of Cambridge,,East of England,GB,2653941,,United Kingdom
grant.4888557,ur.01035501300.08,Julie,Prytulak,,PI,,,,,,,,
grant.5125812,ur.07630716511.22,Tim,Acott,,PI,grid.36316.31,University of Greenwich,,London,GB,2643743,,United Kingdom
grant.5125812,ur.01131145444.03,Peter,Coates,,Co-PI,,,,,,,,
grant.5125812,ur.0750325170.22,Neil,Ravenscroft,,Co-PI,,,,,,,,
grant.5125812,ur.010042543253.23,Anil,Graves,Robert,Co-PI,,,,,,,,
grant.5125812,ur.01275133034.50,Gabriella,Gibson,,Co-PI,grid.36316.31,University of Greenwich,,London,GB,2643743,,United Kingdom
grant.5125812,ur.01364712130.64,Andrew,Church,,Co-PI,,,,,,,,
grant.5125812,ur.0653032662.52,Robert,Cheke,Alexander,Co-PI,grid.36316.31,University of Greenwich,,London,GB,2643743,,United Kingdom
grant.4849899,ur.01371216257.33,Oliver O,Henrich,,PI,grid.11984.35,University of Strathclyde,,Scotland,GB,2648579,,United Kingdom
grant.5498781,ur.01013300437.26,Naveed,Sarwar,,Co-PI,,,,,,,,
grant.5498781,ur.01176346361.46,Adam,Waldman,,Co-PI,,,,,,,,
grant.5072431,ur.0601570760.98,Daniel,Rogers,James,Co-PI,,,,,,,,
grant.7083262,ur.0630773754.17,Colin,Baigent,,PI,grid.4991.5,University of Oxford,,South East,GB,2640729,,United Kingdom
grant.5071544,ur.01325532551.15,Robert,Cooper,,PI,grid.83440.3b,University College London,,London,GB,2643743,,United Kingdom
grant.7084535,ur.013655001637.39,Zhengming,Chen,,PI,grid.4991.5,University of Oxford,,South East,GB,2640729,,United Kingdom
grant.6380074,ur.01136203455.61,Tomas,Hanke,,PI,grid.4991.5,University of Oxford,,South East,GB,2640729,,United Kingdom
grant.6380074,ur.0704460202.65,Benedikt,Kessler,Mathias,Co-PI,grid.4991.5,University of Oxford,,South East,GB,2640729,,United Kingdom
grant.6446397,ur.0604060474.92,Suzanna,Francis,Carter,PI,grid.8991.9,London Sch of Hygiene and Trop Medicine,,London,GB,2643743,,United Kingdom
grant.6446397,ur.01141733414.14,Janet,Seeley,Anne,Co-PI,grid.8991.9,London Sch of Hygiene and Trop Medicine,,London,GB,2643743,,United Kingdom
grant.6446397,ur.0730510047.44,Anatoli,Kamali,,Co-PI,grid.8991.9,London Sch of Hygiene and Trop Medicine,,London,GB,2643743,,United Kingdom
grant.6446397,ur.01312211707.22,Janneke,Van De Wijgert,,Co-PI,grid.10025.36,University of Liverpool,,,GB,2644210,,United Kingdom
grant.6378950,ur.01046503074.52,Gordon,Brown,,PI,grid.7107.1,University of Aberdeen,,Scotland,GB,2657832,,United Kingdom
grant.5498384,ur.015015450065.16,Michael,Herzog,,PI,grid.5335.0,University of Cambridge,,East of England,GB,2653941,,United Kingdom
grant.5498384,ur.015042643636.02,Nathan Luke,Abraham,,Co-PI,grid.5335.0,University of Cambridge,,East of England,GB,2653941,,United Kingdom
grant.4849857,ur.01052165751.88,Lord Robert,Mair,,PI,grid.5335.0,University of Cambridge,,East of England,GB,2653941,,United Kingdom
grant.4849857,ur.0633366127.59,Ashwin,Seshia,,Co-PI,grid.5335.0,University of Cambridge,,East of England,GB,2653941,,United Kingdom
grant.4849857,ur.01067533354.17,Mohammed,Elshafie,Zein Elabidin,Co-PI,grid.5335.0,University of Cambridge,,East of England,GB,2653941,,United Kingdom
grant.4849857,ur.01236777520.34,Kenichi,Soga,,Co-PI,grid.47840.3f,"University of California, Berkeley",US-CA,Outside UK,US,5327684,,
grant.4849857,ur.01026720371.59,Daping,Chu,,Co-PI,grid.5335.0,University of Cambridge,,East of England,GB,2653941,,United Kingdom
grant.4849857,ur.011552501264.80,Giulia,Viggiani,,Co-PI,grid.5335.0,University of Cambridge,,East of England,GB,2653941,,United Kingdom
grant.4849857,ur.013520007271.08,Ruchi,Choudhary,,Co-PI,grid.5335.0,University of Cambridge,,East of England,GB,2653941,,United Kingdom
grant.4849857,ur.01234252330.14,Campbell,Middleton,,Co-PI,grid.5335.0,University of Cambridge,,East of England,GB,2653941,,United Kingdom
grant.4849857,ur.01120323250.60,Ying,Jin,,Co-PI,grid.5335.0,University of Cambridge,,East of England,GB,2653941,,United Kingdom
grant.4849857,ur.011535470143.90,Duncan,McFarlane,,Co-PI,grid.5335.0,University of Cambridge,,East of England,GB,2653941,,United Kingdom
grant.4849857,ur.07717500065.97,Ajith Kumar Narayanan,Parlikad,,Co-PI,grid.5335.0,University of Cambridge,,East of England,GB,2653941,,United Kingdom
grant.4849857,ur.013747266765.05,Matthew,DeJong,Justin,Co-PI,grid.47840.3f,"University of California, Berkeley",US-CA,Outside UK,US,5327684,,
grant.4849857,ur.011044204645.67,Giovanna,Biscontin,,Co-PI,grid.5335.0,University of Cambridge,,East of England,GB,2653941,,United Kingdom
grant.4849857,ur.01321313011.21,James,Talbot,Peter,Co-PI,grid.5335.0,University of Cambridge,,East of England,GB,2653941,,United Kingdom
grant.4849857,ur.01344340454.93,Roberto,Cippola,,Co-PI,grid.5335.0,University of Cambridge,,East of England,GB,2653941,,United Kingdom
grant.4849857,ur.010646711461.58,Elisabete,Silva,A.,Co-PI,grid.5335.0,University of Cambridge,,East of England,GB,2653941,,United Kingdom
grant.4849857,ur.012756534573.50,John,Orr,Joseph,Co-PI,grid.5335.0,University of Cambridge,,East of England,GB,2653941,,United Kingdom
grant.4850449,ur.0762376375.25,Philip,Burnet,William,PI,grid.4991.5,University of Oxford,,South East,GB,2640729,,United Kingdom
grant.4850449,ur.01042427326.77,Edward,Mann,Oliver,Co-PI,grid.4991.5,University of Oxford,,South East,GB,2640729,,United Kingdom
grant.4849969,ur.0754135775.80,Paul,Chadderton,Thomas,Co-PI,,,,,,,,
grant.5494382,ur.011103127725.24,Vishnu,Satheesh Kumar Nair,,PI,,,,,,,,
grant.5494382,ur.016213240125.13,Tai,Wada,,PI,,,,,,,,
grant.5494382,ur.013225336125.61,Johannes,Guettler,,PI,,,,,,,,
grant.5494382,ur.016375601725.18,Antonio,Ibanez,,PI,,,,,,,,
grant.5494382,ur.0766407542.57,Guus,Bertens,,PI,,,,,,,,
grant.5494382,ur.012014736725.82,Mina,Golshan Koviji,,PI,,,,,,,,
grant.5494382,ur.014137145125.28,Marco,Boetti,,PI,,,,,,,,
grant.5494382,ur.011746623525.15,Moein,Mohammadi,,PI,,,,,,,,
grant.5494382,ur.014666412325.98,Miryam Elizabeth,Paredes Quintanilla,,PI,,,,,,,,
grant.5494382,ur.0656437727.81,Duc Tung,Bui,,PI,,,,,,,,
grant.5494382,ur.014523473240.21,Emmanuel,Akinlabi,,PI,,,,,,,,
grant.5494382,ur.012305451012.57,Tessa Chiara,Basso,,PI,,,,,,,,
grant.5494382,ur.012476070725.91,Sara,SHAMEKH,,PI,,,,,,,,
grant.5494382,ur.016327466525.86,Taraprasad,Bhowmick,,PI,,,,,,,,
grant.5064232,ur.0653750150.81,Irene,Ng,Cheng,PI,grid.7372.1,University of Warwick,,West Midlands,GB,2652221,,United Kingdom
grant.5064232,ur.011475632525.05,Ganna,Pogrebna,,Co-PI,,,,,,,,
grant.5064232,ur.010633222741.20,Jon,Crowcroft,,Co-PI,,,,,,,,
grant.5064232,ur.01337243754.01,Xiao,Ma,,Co-PI,grid.7372.1,University of Warwick,,West Midlands,GB,2652221,,United Kingdom
grant.5064232,ur.015041276006.47,Glenn,Parry,Charles,Co-PI,,,,,,,,
grant.5064232,ur.013613040701.18,Joshua,Ignatius,,Co-PI,grid.7372.1,University of Warwick,,West Midlands,GB,2652221,,United Kingdom
grant.5064232,ur.010524534374.43,Richard,Mortier,,Co-PI,,,,,,,,
grant.5073388,ur.012447701244.48,Alexander,Kasprzyk,Mieczyslaw,PI,grid.4563.4,University of Nottingham,,East Midlands,GB,2641170,,United Kingdom
grant.5498061,ur.0623552110.44,Anne,Juel,,PI,grid.5379.8,University of Manchester,,North West,GB,2643123,Manchester,United Kingdom
grant.5498290,ur.013770115445.03,Paul,Jones,,PI,,Kite Power Systems Limited,,East of England,,,Chelmsford,
grant.5072430,ur.013334450373.53,Markus,Frey,Michael,PI,grid.478592.5,NERC British Antarctic Survey,,East of England,GB,2653941,,United Kingdom
grant.5072430,ur.0652617537.14,Robert,Mulvaney,,Co-PI,,,,,,,,
grant.5072430,ur.010037470225.37,Xin,Yang,,Co-PI,grid.478592.5,NERC British Antarctic Survey,,East of England,GB,2653941,,United Kingdom
grant.5498175,ur.014513521545.94,Gregory,Wells,,PI,grid.1121.3,Rolls-Royce PLC,,London,GB,2651347,,United Kingdom
grant.4850061,ur.01177741240.50,Stephen,McArthur,,Co-PI,,,,,,,,
grant.4850061,ur.01350752660.60,Simon,Rowland,Mark,Co-PI,,,,,,,,
grant.5071614,ur.0765500701.54,Vasa,Curcin,,PI,grid.13097.3c,King's College London,,London,GB,2643743,,United Kingdom
grant.5498418,ur.01070073652.39,Xavier,Didelot,,PI,,,,,,,,
grant.5072675,ur.01157572310.71,Andrew,Brown,David,PI,grid.5491.9,University of Southampton,,South East,GB,2637487,,United Kingdom
grant.5072675,ur.0637600030.49,Terrence,Mak,,Co-PI,grid.5491.9,University of Southampton,,South East,GB,2637487,,United Kingdom
grant.5072675,ur.07403221776.86,Tom,Kazmierski,,Co-PI,grid.5491.9,University of Southampton,,South East,GB,2637487,,United Kingdom
grant.5072675,ur.0576252620.47,Alexandre,Yakovlev,,Co-PI,grid.1006.7,Newcastle University,,North East,GB,2641673,,United Kingdom
grant.5072675,ur.01032015644.78,Simon,Moore,,Co-PI,,,,,,,,
grant.5072675,ur.011621724201.00,Jeffrey,Reeve,,Co-PI,grid.5491.9,University of Southampton,,South East,GB,2637487,,United Kingdom
grant.5072675,ur.016225767603.58,Andrey,Mokhov,,Co-PI,grid.1006.7,Newcastle University,,North East,GB,2641673,,United Kingdom
grant.5072675,ur.012660120577.40,Timothy,Jones,Martin,Co-PI,,,,,,,,
grant.5167479,ur.01166644614.05,Anne,Houdusse,,PI,grid.418596.7,Institut Curie,,,FR,2988507,Paris,France
grant.5167479,ur.01271611310.50,David,Kovar,,PI,grid.170205.1,The University of Chicago,US-IL,,US,4887398,,Usa
grant.5167479,ur.0621671735.62,Friedrich,Frischknecht,,PI,grid.7700.0,University of Heidelberg Medical School,,,DE,2907911,,Germany
grant.5072758,ur.0615221050.31,Andrew,Chadwick,,PI,grid.474329.f,NERC British Geological Survey,,East Midlands,GB,2641170,,United Kingdom
grant.5072758,ur.015566351567.32,Gareth,Williams,Anthony,Co-PI,grid.474329.f,NERC British Geological Survey,,East Midlands,GB,2641170,,United Kingdom
grant.5072758,ur.016025155141.28,James,White,Christopher,Co-PI,grid.474329.f,NERC British Geological Survey,,East Midlands,GB,2641170,,United Kingdom
grant.4888851,ur.01371706446.23,Jenny,Clark,,PI,grid.11835.3e,University of Sheffield,,Yorkshire and The Humber,GB,2638077,,United Kingdom
grant.4843061,ur.0642423710.56,Paul,Shepherd,,Co-PI,,,,,,,,
grant.4843061,ur.0733766030.10,Richard,Ball,James,Co-PI,,,,,,,,
grant.4843061,ur.013660050602.62,Mandayam,Srinivasan,A,Co-PI,,,,,,,,
grant.4843061,ur.013006644240.22,Robert,Stuart-Smith,,Co-PI,,,,,,,,
grant.5125899,ur.010662123745.54,Torquil,Ross-Martin,,PI,,Autord Limited,,South West,,,BRIDPORT,
grant.5071511,ur.012531243517.16,Meysam,Qadrdan,,Co-PI,,,,,,,,
grant.5071511,ur.0660003271.12,Guy,Ziv,,Co-PI,,,,,,,,
grant.5051068,ur.012231261463.73,Filip,Škola,,PI,,,,,,,,
grant.5051068,ur.010636320463.16,Yiannis,Christidis,,PI,,,,,,,,
grant.5051068,ur.016544011263.38,Nikolaos,Grammalidis,,PI,,,,,,,,
grant.5051068,ur.014434372751.42,Eftychios,Protopapadakis,,PI,,,,,,,,
grant.5051068,ur.011536347750.55,Athanasios,Voulodimos,,PI,,,,,,,,
grant.5051068,ur.07376164225.32,Stephanos,Camarinopoulos,,PI,,,,,,,,
grant.5051068,ur.015151050263.12,Florian,Koller,,PI,,,,,,,,
grant.5051068,ur.013556107263.33,Zuzana,Ferková,,PI,,,,,,,,
grant.5051068,ur.012163146263.94,Nicolas,Tsapatsoulis,,PI,,,,,,,,
grant.5051068,ur.016624641525.04,Ioannis,Rallis,,PI,,,,,,,,
grant.5051068,ur.010570205263.37,Constantinos,Tziouvas,,PI,,,,,,,,
grant.5051068,ur.016475676063.00,Bojan,Kerouš,,PI,,,,,,,,
grant.5051068,ur.015102735063.30,Yiannis,Christidis,,PI,,,,,,,,
grant.5051068,ur.016027261125.33,Anastasios,Lambropoulos,,PI,,,,,,,,
grant.5051068,ur.013507774063.38,Fotios,Liarokapis,,PI,,,,,,,,
grant.5051068,ur.012115033063.70,Iris,Kico,,PI,,,,,,,,
grant.5051068,ur.010522072063.48,Nicolas,Tsapatsoulis,,PI,,,,,,,,
grant.5051068,ur.014434320125.40,Milan,Doležal,,PI,,,,,,,,
grant.5051068,ur.016427562663.85,Jan,Čejka,,PI,,,,,,,,
grant.5051068,ur.015034621663.27,Filip,Škola,,PI,,,,,,,,
grant.5051068,ur.013041357125.07,Constantinos,Tziouvas,,PI,,,,,,,,
grant.5051068,ur.014502433325.98,Yiannis,Christidis,,PI,,,,,,,,
grant.5051068,ur.015300013725.27,Nikolaos,Grammalidis,,PI,,,,,,,,
grant.5051068,ur.015231700525.06,Fotios,Liarokapis,,PI,,,,,,,,
grant.5051068,ur.013441660663.42,Iris,Kico,,PI,,,,,,,,
grant.5051068,ur.012046717663.81,Nicolas,Tsapatsoulis,,PI,,,,,,,,
grant.5051068,ur.010121570325.34,Yiannis,Christidis,,PI,,,,,,,,
grant.5051068,ur.010453756663.44,Iris,Kico,,PI,,,,,,,,
grant.5051068,ur.012312111725.57,Sofia,Soile,,PI,,,,,,,,
grant.5051068,ur.015163565325.89,Athina,Grammatikopoulou,,PI,,,,,,,,
grant.5051068,ur.011514531325.67,Tianrui,Liu,,PI,,,,,,,,
grant.5051068,ur.011446416125.47,Charalabos,Ioannidis,,PI,,,,,,,,
grant.5051068,ur.010717150725.93,Athanasios,Giamas,,PI,,,,,,,,
grant.5051068,ur.016361447463.69,Christian,Sovis,,PI,,,,,,,,
grant.5051068,ur.012243776525.42,Panagiotis-Alexios,Camarinopoulos,,PI,,,,,,,,
grant.5051068,ur.012773243725.89,Florian,Koller,,PI,,,,,,,,
grant.5051068,ur.014766506463.96,Konstantin,Hoebart,,PI,,,,,,,,
grant.5051068,ur.013373545463.15,Dora,Szegedi,,PI,,,,,,,,
grant.5051068,ur.010053455125.26,Konstantin,Hoebart,,PI,,,,,,,,
grant.5051068,ur.012000604463.67,Iris,Haubner,,PI,,,,,,,,
grant.5051068,ur.016556526325.83,Günter,Becker,,PI,,,,,,,,
grant.5051068,ur.015761145725.70,Ulrich,Hussels,,PI,,,,,,,,
grant.5051068,ur.014366204725.78,Christian,Sovis,,PI,,,,,,,,
grant.5051068,ur.013570624325.45,Panagiotis,Terzopoulos,,PI,,,,,,,,
grant.5051068,ur.012175663325.44,Stephanos,Camarinopoulos,,PI,,,,,,,,
grant.5051068,ur.010405643463.38,Sheba Celina,Schilk,,PI,,,,,,,,
grant.5051068,ur.010651035525.22,Nikolaos,Bakalos,,PI,,,,,,,,
grant.5051068,ur.011442653221.56,Stamatios,Giannoulakis,,PI,,,,,,,,
grant.5051068,ur.013705052725.86,Junjie,Huang,,PI,,,,,,,,
grant.5051068,ur.013636737525.03,Jan,Čejka,,PI,,,,,,,,
grant.5073016,ur.015050722745.45,Celine,Roche,,PI,grid.1121.3,Rolls-Royce PLC,,London,GB,2651347,,United Kingdom
grant.4888960,ur.01116702706.22,Silvia,Schievano,,PI,grid.83440.3b,University College London,,London,GB,2643743,,United Kingdom
grant.4888960,ur.01133233052.20,Gaetano,Burriesci,,Co-PI,grid.83440.3b,University College London,,London,GB,2643743,,United Kingdom
grant.4843068,ur.01336236121.11,David,Dupret,,PI,grid.4991.5,University of Oxford,,South East,GB,2640729,,United Kingdom
grant.4843068,ur.01304024400.81,Ole,Paulsen,,Co-PI,,,,,,,,
grant.4850391,ur.014424135664.53,Alastair,Smith,Gavin,PI,grid.5379.8,University of Manchester,,North West,GB,2643123,Manchester,United Kingdom
grant.4850391,ur.016713302327.38,Alick,Deacon,Neil,Co-PI,grid.5379.8,University of Manchester,,North West,GB,2643123,Manchester,United Kingdom
grant.4850391,ur.01034436552.36,Jonathan,Billowes,,Co-PI,grid.5379.8,University of Manchester,,North West,GB,2643123,Manchester,United Kingdom
grant.5073029,ur.0731066174.36,Dino Anthony,Jaroszynski,,PI,grid.11984.35,University of Strathclyde,,Scotland,GB,2648579,,United Kingdom
grant.5073029,ur.01066520253.83,Marie,Boyd,,Co-PI,grid.11984.35,University of Strathclyde,,Scotland,GB,2648579,,United Kingdom
grant.5073029,ur.012150216172.63,Zheng-Ming,Sheng,,Co-PI,grid.11984.35,University of Strathclyde,,Scotland,GB,2648579,,United Kingdom
grant.5073029,ur.07400676763.07,David,Ireland,,Co-PI,,,,,,,,
grant.5073029,ur.01330537004.73,Robert,Cairns,Alan,Co-PI,grid.11914.3c,University of St Andrews,,Scotland,GB,2638864,,United Kingdom
grant.5073029,ur.0776454630.97,Jonathan,Gratus,,Co-PI,,,,,,,,
grant.5073029,ur.013773111655.16,Robin,Tucker,,Co-PI,,,,,,,,
grant.5073029,ur.0637160371.37,Bernhard,Hidding,,Co-PI,grid.11984.35,University of Strathclyde,,Scotland,GB,2648579,,United Kingdom
grant.5073029,ur.013774224176.85,Valentine,O'Shea,,Co-PI,grid.8756.c,University of Glasgow,,Scotland,GB,2648579,,United Kingdom
grant.5073029,ur.01240527477.94,Paul,McKenna,,Co-PI,grid.11984.35,University of Strathclyde,,Scotland,GB,2648579,,United Kingdom
grant.5073029,ur.01272417605.18,Sally,Pimlott,,Co-PI,grid.8756.c,University of Glasgow,,Scotland,GB,2648579,,United Kingdom
grant.5073029,ur.015343422621.04,David,Burton,Antony,Co-PI,,,,,,,,
grant.4843046,ur.014715756100.23,Mark,Lester,,PI,grid.9918.9,University of Leicester,,East Midlands,GB,2644668,,United Kingdom
grant.4843046,ur.01362255450.44,Thomas,Stallard,Stephen,Co-PI,grid.9918.9,University of Leicester,,East Midlands,GB,2644668,,United Kingdom
grant.4843046,ur.01302110024.24,Jonathan,Nichols,David,Co-PI,grid.9918.9,University of Leicester,,East Midlands,GB,2644668,,United Kingdom
grant.4843046,ur.07376030157.56,Suzanne,Imber,,Co-PI,grid.9918.9,University of Leicester,,East Midlands,GB,2644668,,United Kingdom
grant.4843046,ur.016226257644.92,Stephen,Milan,,Co-PI,grid.9918.9,University of Leicester,,East Midlands,GB,2644668,,United Kingdom
grant.4843046,ur.0636651350.06,Timothy,Yeoman,Kenneth,Co-PI,grid.9918.9,University of Leicester,,East Midlands,GB,2644668,,United Kingdom
grant.4843046,ur.01174052550.42,John,Bridges,Charles,Co-PI,grid.9918.9,University of Leicester,,East Midlands,GB,2644668,,United Kingdom
grant.4843046,ur.01232300360.53,Emma,Bunce,J,Co-PI,grid.9918.9,University of Leicester,,East Midlands,GB,2644668,,United Kingdom
grant.4843046,ur.010645260001.39,Stanley,Cowley,William,Co-PI,grid.9918.9,University of Leicester,,East Midlands,GB,2644668,,United Kingdom
grant.4888926,ur.01057142164.92,Peter,Hobson,Robert,PI,,,,,,,,
grant.4888926,ur.01072455400.54,Paul,Kyberd,,PI,grid.7728.a,Brunel University,,,GB,2643743,,United Kingdom
grant.5498627,ur.07670675637.59,Antonio,De Marvao,,PI,grid.14105.31,MRC London Institute of Medical Sciences,,London,GB,2643743,,United Kingdom
grant.6381133,ur.0677075327.72,Malcolm,Macleod,Robert,PI,grid.4305.2,University of Edinburgh,,Scotland,GB,2650225,,United Kingdom
grant.6381133,ur.013365141024.91,James,Thomas,,Co-PI,,,,,,,,
grant.6381133,ur.01366355320.67,Emily,Sena,Shamiso,Co-PI,grid.4305.2,University of Edinburgh,,Scotland,GB,2650225,,United Kingdom
grant.6381133,ur.01266103515.73,Sophia,Ananiadou,,Co-PI,,,,,,,,
grant.4576273,ur.01047164033.37,Caroline,Colijn,,Co-PI,,,,,,,,
grant.5071746,ur.0665535255.69,Diego,Gomez Jorquera,Esteban,Co-PI,,,,,,,,
grant.5071746,ur.01365664320.74,Daniel,Lapworth,Joseph,Co-PI,,,,,,,,
grant.5071746,ur.01236123730.11,Dragan,Savic,,Co-PI,,,,,,,,
grant.5071746,ur.01351770170.16,Slobodan,Djordjevic,,Co-PI,,,,,,,,
grant.5071746,ur.0633762440.20,Alan,MacDonald,Mackenzie,Co-PI,,,,,,,,
grant.5125314,ur.01310403470.61,Colin,Prentice,,PI,,,,,,,,
grant.5064306,ur.0664120055.37,Jorge,Osorio,,Co-PI,grid.14003.36,University of Wisconsin Madison,US-WI,Outside UK,US,5261457,,United States
grant.5064306,ur.01334754406.54,Pierre,Nouvellet,,Co-PI,,,,,,,,
grant.5064306,ur.01305160526.54,Christl A.,Donnelly,,Co-PI,,,,,,,,
grant.5072995,ur.01065541011.59,William,Kwok,W,Co-PI,grid.4367.6,Washington University in St. Louis,US-MO,,US,4407066,,
grant.4891028,ur.0576043157.43,Marcelo,Castier,,PI,grid.412392.f,Texas A&M University at Qatar,,,QA,290030,,Qatar
grant.4891028,ur.01274160327.36,Ioannis,Economou,,PI,grid.412392.f,Texas A&M University at Qatar,,,QA,290030,,Qatar
grant.5072328,ur.013056603462.60,William Gillies,McKenna,,Co-PI,grid.4991.5,University of Oxford,,South East,GB,2640729,,United Kingdom
grant.5072328,ur.01237242640.10,Stephen,Kennedy,,Co-PI,grid.4991.5,University of Oxford,,South East,GB,2640729,,United Kingdom
grant.5072328,ur.0770507720.65,John,Bell,,Co-PI,grid.4991.5,University of Oxford,,South East,GB,2640729,,United Kingdom
grant.5072328,ur.01250254774.88,Glyn,Humphreys,,Co-PI,grid.4991.5,University of Oxford,,South East,GB,2640729,,United Kingdom
grant.5072328,ur.0651111653.12,Hugh,Watkins,Christian,Co-PI,grid.4991.5,University of Oxford,,South East,GB,2640729,,United Kingdom
grant.5072328,ur.01245453273.36,Georg,Holländer,Andreas,Co-PI,grid.4991.5,University of Oxford,,South East,GB,2640729,,United Kingdom
grant.5072328,ur.01167271464.36,Chas,Bountra,,Co-PI,grid.4991.5,University of Oxford,,South East,GB,2640729,,United Kingdom
grant.5072328,ur.0575731053.18,Peter,Robbins,Alistair,Co-PI,grid.4991.5,University of Oxford,,South East,GB,2640729,,United Kingdom
grant.5072328,ur.016312052452.22,Andrew,Carr,,Co-PI,grid.4991.5,University of Oxford,,South East,GB,2640729,,United Kingdom
grant.5072328,ur.01357644024.35,Mark,Brouard,,Co-PI,grid.4991.5,University of Oxford,,South East,GB,2640729,,United Kingdom
grant.5072328,ur.010131654245.13,Donal,Bradley,Donat,Co-PI,grid.4991.5,University of Oxford,,South East,GB,2640729,,United Kingdom
grant.5072328,ur.01312176715.31,Richard,Hobbs,,Co-PI,grid.4991.5,University of Oxford,,South East,GB,2640729,,United Kingdom
grant.5072328,ur.01261373533.30,N,Emptage,,Co-PI,grid.4991.5,University of Oxford,,South East,GB,2640729,,United Kingdom
grant.5072328,ur.0641770103.91,Rory,Collins,,Co-PI,grid.4991.5,University of Oxford,,South East,GB,2640729,,United Kingdom
grant.5072328,ur.01002554561.66,Peter,Ratcliffe,John,Co-PI,grid.4991.5,University of Oxford,,South East,GB,2640729,,United Kingdom
grant.5072328,ur.01276733402.24,Alastair,Buchan,M,Co-PI,grid.4991.5,University of Oxford,,South East,GB,2640729,,United Kingdom
grant.5072328,ur.01225276523.52,Matthew,Freeman,,Co-PI,grid.4991.5,University of Oxford,,South East,GB,2640729,,United Kingdom
grant.5072328,ur.016116245104.05,Freddie,Hamdy,,Co-PI,grid.4991.5,University of Oxford,,South East,GB,2640729,,United Kingdom
grant.5072328,ur.01071224115.14,Mark,Samson,,Co-PI,grid.4991.5,University of Oxford,,South East,GB,2640729,,United Kingdom
grant.5072328,ur.010743477572.37,John,Geddes,Richard,Co-PI,grid.4991.5,University of Oxford,,South East,GB,2640729,,United Kingdom
grant.5072328,ur.0757566607.90,Alison,Noble,,Co-PI,grid.4991.5,University of Oxford,,South East,GB,2640729,,United Kingdom
grant.5072328,ur.01215026665.66,Keith,Channon,,Co-PI,grid.4991.5,University of Oxford,,South East,GB,2640729,,United Kingdom
grant.5072328,ur.01323545221.70,Lionel,Tarassenko,,Co-PI,grid.4991.5,University of Oxford,,South East,GB,2640729,,United Kingdom
grant.5072328,ur.01067137240.25,Christopher,Kennard,,Co-PI,grid.4991.5,University of Oxford,,South East,GB,2640729,,United Kingdom
grant.5072407,ur.01233227217.27,Nicholas,Greene,,PI,grid.83440.3b,University College London,,London,GB,2643743,,United Kingdom
grant.5072407,ur.0660262416.01,Andrew,Copp,John,Co-PI,grid.83440.3b,University College London,,London,GB,2643743,,United Kingdom
grant.4576861,ur.016301653054.57,Carola-Bibiane,Schoenlieb,,PI,grid.5335.0,University of Cambridge,,East of England,GB,2653941,,United Kingdom
grant.4576861,ur.013131746614.68,Athanassios,Fokas,,Co-PI,grid.5335.0,University of Cambridge,,East of England,GB,2653941,,United Kingdom
grant.4576861,ur.01224531032.55,Stefanie,Reichelt,,Co-PI,grid.5335.0,University of Cambridge,,East of England,GB,2653941,,United Kingdom
grant.4576861,ur.012151713471.44,Anders,Hansen,,Co-PI,grid.5335.0,University of Cambridge,,East of England,GB,2653941,,United Kingdom
grant.4576861,ur.01154303302.35,Guy,Williams,Barnett,Co-PI,grid.5335.0,University of Cambridge,,East of England,GB,2653941,,United Kingdom
grant.4576861,ur.01175226024.05,Richard,Samworth,John,Co-PI,grid.5335.0,University of Cambridge,,East of England,GB,2653941,,United Kingdom
grant.4576861,ur.012340260407.34,John,Aston,Alexander,Co-PI,grid.5335.0,University of Cambridge,,East of England,GB,2653941,,United Kingdom
grant.4576861,ur.01364156010.55,Sarah,Bohndiek,Elizabeth,Co-PI,grid.5335.0,University of Cambridge,,East of England,GB,2653941,,United Kingdom
grant.4576861,ur.01347671306.88,James,Rudd,,Co-PI,grid.5335.0,University of Cambridge,,East of England,GB,2653941,,United Kingdom
grant.4576861,ur.012107656642.57,Edward,Bullmore,,Co-PI,grid.5335.0,University of Cambridge,,East of England,GB,2653941,,United Kingdom
grant.4576861,ur.01213146614.77,Graham,Treece,Michael,Co-PI,grid.5335.0,University of Cambridge,,East of England,GB,2653941,,United Kingdom
grant.4576861,ur.01262407463.92,Fiona,Gilbert,Jane,Co-PI,grid.5335.0,University of Cambridge,,East of England,GB,2653941,,United Kingdom
grant.4576861,ur.012406066067.16,Rajesh,Jena,,Co-PI,grid.5335.0,University of Cambridge,,East of England,GB,2653941,,United Kingdom
grant.4576861,ur.0636075530.15,Neil,Burnet,Gunn,Co-PI,grid.5379.8,University of Manchester,,North West,GB,2643123,Manchester,United Kingdom
grant.5071501,ur.014373120362.40,Stanley,Kaye,,Co-PI,,,,,,,,
grant.5498157,ur.01351551133.35,Klea,Katsouyanni,,PI,grid.13097.3c,King's College London,,London,GB,2643743,,United Kingdom
grant.5498157,ur.01125543116.56,Mark,Ashworth,,Co-PI,grid.13097.3c,King's College London,,London,GB,2643743,,United Kingdom
grant.5498157,ur.01261465106.72,Richard,Atkinson,,Co-PI,grid.264200.2,St George's University of London,,London,GB,2643743,,United Kingdom
grant.5498157,ur.01042302216.08,Sean,Beevers,David,Co-PI,grid.13097.3c,King's College London,,London,GB,2643743,,United Kingdom
grant.5498157,ur.016300320567.31,Evangelia,Samoli,,Co-PI,grid.5216.0,University of Athens,,Outside UK,GR,264371,,Greece
grant.5498157,ur.01020475111.80,Benjamin,Barratt,,Co-PI,grid.13097.3c,King's College London,,London,GB,2643743,,United Kingdom
grant.4891012,ur.01107373704.31,Kivilcim,Gucuyener,,PI,grid.25769.3f,Gazi University,,,TR,323786,,Turkey
grant.4891012,ur.01011770502.88,Samawal,Lutfi,,PI,grid.413548.f,Hamad Medical Corporation,,,QA,290030,,Qatar
grant.4891012,ur.01163444432.36,Ugur,Dilmen,,PI,grid.414146.2,Zekai Tahir Burak Maternity and Teaching Hospital,,,TR,323786,,Turkey
grant.5495629,ur.015201051265.70,Silvia,Raineri,,PI,,,,,,,,
grant.5495629,ur.010070741065.63,Michael,Maher,,PI,,,,,,,,
grant.5495629,ur.07517454567.91,Iva,Guberovic,,PI,,,,,,,,
grant.5495629,ur.015215633147.41,Salvador,Casaní Galdón,,PI,,,,,,,,
grant.5495629,ur.0637001014.25,Evangelia,Tzika,,PI,,,,,,,,
grant.5495629,ur.012327375665.56,JOAN,MIRÓ BLANCH,,PI,,,,,,,,
grant.5495629,ur.013245045765.83,ORTEGA PRIETO,Paula,,PI,,,,,,,,
grant.5495629,ur.01234175317.81,Raian Eduardo,Contreras-Cardone,,PI,,,,,,,,
grant.5495629,ur.012354267040.10,Berta,Font Cunill,,PI,,,,,,,,
grant.5495629,ur.015367254165.51,Yang,Chih-Hsiang,,PI,,,,,,,,
grant.5495629,ur.013176732565.06,Laura,Sardon Puig,,PI,,,,,,,,
grant.5495629,ur.011006411165.62,Tia,Tyrsett Kuo,,PI,,,,,,,,
grant.5495629,ur.010224435556.62,Magdalini,Serefidou,,PI,,,,,,,,
grant.5495629,ur.014517717265.55,Haris,Khan,,PI,,,,,,,,
grant.5495629,ur.01356631075.15,Miriam,Valera-Alberni,,PI,,,,,,,,
grant.5072446,ur.01035024365.18,William,Alazawi,,PI,grid.4868.2,"Queen Mary, University of London",,London,GB,2643743,,United Kingdom
grant.4850450,ur.014405601741.23,David,De Roure,,PI,grid.4991.5,University of Oxford,,South East,GB,2640729,,United Kingdom
grant.4850450,ur.015031603611.12,Luciano,Floridi,,Co-PI,grid.4991.5,University of Oxford,,South East,GB,2640729,,United Kingdom
grant.4850497,ur.0672754331.06,Jeremy,Watson,Daniel,PI,grid.83440.3b,University College London,,London,GB,2643743,,United Kingdom
grant.4850497,ur.01334043170.84,Stephen,Hailes,,Co-PI,grid.83440.3b,University College London,,London,GB,2643743,,United Kingdom
grant.4850497,ur.014405743070.41,Irina,Brass,,Co-PI,grid.83440.3b,University College London,,London,GB,2643743,,United Kingdom
grant.4850497,ur.01217636240.23,Andrew,Hudson-Smith,,Co-PI,grid.83440.3b,University College London,,London,GB,2643743,,United Kingdom
grant.4850497,ur.01123431331.98,Jason,Blackstock,,Co-PI,grid.83440.3b,University College London,,London,GB,2643743,,United Kingdom
grant.4850497,ur.013543572007.52,Sarah,Meiklejohn,,Co-PI,grid.83440.3b,University College London,,London,GB,2643743,,United Kingdom
grant.4456345,ur.0652044735.27,Syma,Khalid,,PI,grid.5491.9,University of Southampton,,South East,GB,2637487,,United Kingdom
grant.4850039,ur.012731531117.28,Victor,Dillard,,PI,grid.498192.f,Desktop Genetics Ltd,,London,GB,2643743,LONDON,
grant.4888736,ur.011005222677.36,Helen,Brindley,,PI,,,,,,,,
grant.4294780,ur.01177225220.86,Shahin,Rahimifard,,Co-PI,,,,,,,,
grant.4294780,ur.016537551767.08,Joel,Fischer,,Co-PI,,,,,,,,
grant.4294780,ur.01172474714.17,Martin,Flintham,,Co-PI,,,,,,,,
grant.5495347,ur.010061670730.13,Nitish,Mital,,PI,,,,,,,,
grant.5495347,ur.016433150740.42,Mehmet Emre,Ozfatura,,PI,,,,,,,,
grant.5495347,ur.010613233225.98,Ibrahim,Fawaz,,PI,,,,,,,,
grant.5495347,ur.016567037225.19,Filipe,Conceicao,,PI,,,,,,,,
grant.5495347,ur.07460435454.32,Vianney,Anis,,PI,,,,,,,,
grant.5495347,ur.010536051067.02,Pavlos,Triantaris,,PI,,,,,,,,
grant.5495347,ur.015174076225.10,Marco,Zambianco,,PI,,,,,,,,
grant.5495347,ur.013261131355.56,Nicola,Piovesan,,PI,,,,,,,,
grant.5495347,ur.015117737600.43,Hoang Duy,Trinh,,PI,,,,,,,,
grant.5495347,ur.07635316703.89,Dagnachew Azene,Temesgene,,PI,,,,,,,,
grant.5495347,ur.014143056666.22,Ioana,Suciu,,PI,,,,,,,,
grant.5495347,ur.010661346425.19,Thembelihle Lihle,Dlamini,,PI,,,,,,,,
grant.5495347,ur.011712423343.40,Angel,Fernandez Gambin,,PI,,,,,,,,
grant.5495347,ur.010063766025.50,Soheil,Rostami,,PI,,,,,,,,
grant.5495347,ur.012477721164.85,Elvina,Gindullina,,PI,,,,,,,,
grant.5064261,ur.015714416545.64,John,Collins,,PI,grid.421689.0,C-Tech Innovation Limited,,North West,GB,2653228,Chester,United Kingdom
grant.4888193,ur.012752265643.22,Chenguang,Yang,,PI,,,,,,,,
grant.4888717,ur.01011164747.58,Ricky,Nellas,,Co-PI,,,,,,,,
grant.4888717,ur.016450401540.68,Portia,Sabido,Mahal,Co-PI,,,,,,,,
grant.4888717,ur.01044231657.86,Neil Andrew,Bascos,David,Co-PI,,,,,,,,
grant.4888717,ur.0661670057.31,Darwin,Gomez,,Co-PI,,,,,,,,
grant.4888717,ur.0644050301.30,Eizadora,Yu,,Co-PI,,,,,,,,
grant.5072631,ur.013335113737.65,Alexandra,Lewin,,PI,,,,,,,,
grant.5072631,ur.01145774021.52,Sylvia,Richardson,,Co-PI,,,,,,,,
grant.5072631,ur.0661050226.01,Leonardo,Bottolo,,Co-PI,,,,,,,,
grant.4849826,ur.01150065243.94,Raynoo,Thanan,,Co-PI,grid.9786.0,Khon Kaen University,,Outside UK,TH,1609776,,
grant.4849826,ur.01365502203.53,Kulthida,Vaeteewoottacharn,,Co-PI,grid.9786.0,Khon Kaen University,,Outside UK,TH,1609776,,
grant.4849826,ur.01212620476.48,Chaisiri,Wongkham,,Co-PI,grid.9786.0,Khon Kaen University,,Outside UK,TH,1609776,,
grant.4849826,ur.01313103674.22,Vor,Luvira,,Co-PI,grid.9786.0,Khon Kaen University,,Outside UK,TH,1609776,,
grant.4849826,ur.01123760607.06,Yaovalux,Chamgramol,,Co-PI,grid.9786.0,Khon Kaen University,,Outside UK,TH,1609776,,
grant.4849826,ur.0605272721.37,Ake,PugKhem,,Co-PI,grid.9786.0,Khon Kaen University,,Outside UK,TH,1609776,,
grant.4849826,ur.01135025203.36,Kanlayanee,Sawanyawisuth,,Co-PI,grid.9786.0,Khon Kaen University,,Outside UK,TH,1609776,,
grant.4849826,ur.01150746616.10,Sakda,Waraasawapati,,Co-PI,grid.9786.0,Khon Kaen University,,Outside UK,TH,1609776,,
grant.4849826,ur.0744701643.38,Somchai,Pinlaor,,Co-PI,grid.9786.0,Khon Kaen University,,Outside UK,TH,1609776,,
grant.4849826,ur.01340000617.20,WUNCHANA,SEUBWAI,,Co-PI,grid.9786.0,Khon Kaen University,,Outside UK,TH,1609776,,
grant.4849826,ur.01214062446.80,Chawalit,Pairojkul,,Co-PI,grid.9786.0,Khon Kaen University,,Outside UK,TH,1609776,,
grant.4849826,ur.01014761247.89,Sopit,Wongkham,,Co-PI,grid.9786.0,Khon Kaen University,,Outside UK,TH,1609776,,
grant.4888836,ur.0737025353.22,VITOR,MATI,LUIS,Co-PI,,,,,,,,
grant.4888836,ur.01163444504.23,Silvio Santana,Dolabella,,Co-PI,,,,,,,,
grant.4888836,ur.01273147526.99,Pedro Henrique,Gazzinelli Guimarães,,Co-PI,,,,,,,,
grant.4888836,ur.01024173605.45,Stefan,Geiger,Michael,Co-PI,,,,,,,,
grant.4888836,ur.015521444625.34,Michelle N,Clements,,Co-PI,,,,,,,,
grant.4888836,ur.01275212117.07,Karina,Karina,,Co-PI,,,,,,,,
grant.4888230,ur.0614453657.39,Juthathip,Mongkolsapaya,,PI,,,,,,,,
grant.4888230,ur.01340057757.23,Thaneeya,Duangchinda,,Co-PI,,,,,,,,
grant.4888230,ur.0705770147.53,Prapat,Suriyaphol,,Co-PI,,,,,,,,
grant.4888230,ur.0747430756.47,Panisadee,Avirutnan,,Co-PI,,,,,,,,
grant.4888230,ur.01330740467.20,Sansanee,Noisakran,,Co-PI,,,,,,,,
grant.4888230,ur.01050177001.35,Chunya,Puttikhunt,,Co-PI,,,,,,,,
grant.4888230,ur.01306451453.84,Prida,Malasit,,Co-PI,,,,,,,,
grant.4888230,ur.01270724624.36,Dumrong,Mairiang,,Co-PI,,,,,,,,
grant.4295121,ur.01361053000.27,Tim,Jackson,,PI,grid.5475.3,University of Surrey,,South East,GB,2647793,,United Kingdom
grant.4295121,ur.01065405710.65,Andrew,Dobson,,Co-PI,,,,,,,,
grant.4295121,ur.01077726143.83,Ian Peter,Christie,,Co-PI,grid.5475.3,University of Surrey,,South East,GB,2647793,,United Kingdom
grant.4295121,ur.01216146060.83,Fergus,Lyon,,Co-PI,,,,,,,,
grant.4295121,ur.014252234003.53,Bronwyn,Hayward,Mary,Co-PI,,,,,,,,
grant.4295121,ur.01072514744.25,William,Davies,James,Co-PI,,,,,,,,
grant.4295121,ur.015605547717.84,Aled,Jones,,Co-PI,,,,,,,,
grant.4295121,ur.01220067717.33,Birgitta,Gatersleben,,Co-PI,grid.5475.3,University of Surrey,,South East,GB,2647793,,United Kingdom
grant.4295121,ur.01324236603.76,Oliver,Dudok Van Heel,Lodewijk,Co-PI,,,,,,,,
grant.4295121,ur.01056671624.07,Kate,Oakley,,Co-PI,,,,,,,,
grant.4295121,ur.01074665664.38,Kate,Burningham,,Co-PI,grid.5475.3,University of Surrey,,South East,GB,2647793,,United Kingdom
grant.4295121,ur.01307456442.98,Peter,Victor,Alan,Co-PI,,,,,,,,
grant.4295121,ur.013567736451.12,Angela,Druckman,,Co-PI,grid.5475.3,University of Surrey,,South East,GB,2647793,,United Kingdom
grant.4576169,ur.07512676162.86,Philip,Poole,Simon,Co-PI,,,,,,,,
grant.4576169,ur.01371104060.56,Raymond Alan,Dixon,,Co-PI,,,,,,,,
grant.5050735,ur.012233771065.15,Yanfeng,Miao,,PI,,,,,,,,
grant.5050735,ur.010641030065.39,Wei,Zou,,PI,,,,,,,,
grant.5050735,ur.016546520665.15,Jie,Cao,,PI,,,,,,,,
grant.5050735,ur.015153557665.60,Chang,Yi,,PI,,,,,,,,
grant.5050735,ur.011755233523.54,Paul,Stavrinou,,PI,,,,,,,,
grant.5050735,ur.010362272523.60,Jie,Yang,,PI,,,,,,,,
grant.5050735,ur.012165655665.14,Natalie,Stingelin,,PI,,,,,,,,
grant.5050735,ur.010572714665.04,Martin,Heeney,,PI,,,,,,,,
grant.5050735,ur.016267763323.26,Mei,Yang,,PI,,,,,,,,
grant.5050735,ur.016500405465.38,Roberto,Sorrentino,,PI,,,,,,,,
grant.5050735,ur.015105444465.82,Marina,Gandini,,PI,,,,,,,,
grant.5050735,ur.014743135523.05,Martyn,McLachlan,,PI,,,,,,,,
grant.5050735,ur.0732053124.34,Feng,Gao,,PI,,,,,,,,
grant.5050735,ur.013560616665.41,Paul,Stavrinou,,PI,,,,,,,,
grant.5050735,ur.014675022323.72,Yan,Xu,,PI,,,,,,,,
grant.5050735,ur.013302061323.03,Martina,Congiu,,PI,,,,,,,,
grant.5050735,ur.010524601465.50,Hongling,Yu,,PI,,,,,,,,
grant.5050735,ur.016432272265.15,Chaoyang,Kuang,,PI,,,,,,,,
grant.5050735,ur.011403122415.56,Zhongcheng,Yuan,,PI,,,,,,,,
grant.5050735,ur.012647007665.11,Yuxin,Xia,,PI,,,,,,,,
grant.5050735,ur.011254046665.60,Yuming,Wang,,PI,,,,,,,,
grant.5050735,ur.013416307723.30,Wojciech,Mróz,,PI,,,,,,,,
grant.5050735,ur.07661105665.52,Qingzhen,Bian,,PI,,,,,,,,
grant.5050735,ur.012023346723.69,Jian,Qing,,PI,,,,,,,,
grant.5050735,ur.010430405723.94,Huotian,Zhang,,PI,,,,,,,,
grant.5050735,ur.015566576465.61,Heyong,Wang,,PI,,,,,,,,
grant.5050735,ur.014173635465.34,Fuxiang,Ji,,PI,,,,,,,,
grant.5050735,ur.012600674465.43,Deping,Qian,,PI,,,,,,,,
grant.5050735,ur.0713550432.29,Chunxiong,Bao,,PI,,,,,,,,
grant.5050735,ur.011205733465.20,Chen,Tao,,PI,,,,,,,,
grant.5050735,ur.07612772465.89,Weihua,Ning,,PI,,,,,,,,
grant.5050735,ur.01304322020.75,Weidong,Xu,,PI,,,,,,,,
grant.5050735,ur.013512503465.15,Martyn,McLachlan,,PI,,,,,,,,
grant.5050735,ur.013350174523.79,Daniele,Cortecchia,,PI,,,,,,,,
grant.5050735,ur.014723102665.10,Ziyu,Gao,,PI,,,,,,,,
grant.5050735,ur.014125522265.50,Jinyi,Lin,,PI,,,,,,,,
grant.5050735,ur.013330141665.06,Jianpu,Wang,,PI,,,,,,,,
grant.5050735,ur.015520463265.52,Mengyun,Chen,,PI,,,,,,,,
grant.5050735,ur.013626732065.16,Yang,Zhou,,PI,,,,,,,,
grant.4274163,ur.014102431145.64,Ruomu,Tan,,PI,,,,,,,,
grant.4274163,ur.014174073025.24,Marta,Zagorowska,,PI,,,,,,,,
grant.4274163,ur.012360213744.93,Francesco,Borghesan,,PI,,,,,,,,
grant.4274163,ur.011712107545.52,Frederik,Schulze Spüntrup,,PI,,,,,,,,
grant.4274163,ur.011114527145.36,Eric,Bradford,,PI,,,,,,,,
grant.4274163,ur.013702565333.35,Matthieu,Lucke,,PI,,,,,,,,
grant.4274163,ur.012374304766.23,Giancarlo,Dalle Ave,,PI,,,,,,,,
grant.4274163,ur.016224637345.86,Anibal Santiago,Galan,,PI,,,,,,,,
grant.4274163,ur.013306613672.64,Egidio,Leo,,PI,,,,,,,,
grant.4274163,ur.015000271060.18,Indrajeet,Prasad,,PI,,,,,,,,
grant.4274163,ur.010254207740.55,Ouyang,Wu,,PI,,,,,,,,
grant.4274163,ur.012441354745.00,Ruomu,Tan,,PI,,,,,,,,
grant.4274163,ur.014700011545.53,Juan Guillermo,Londono Loaiza,,PI,,,,,,,,
grant.4274163,ur.015247300544.05,Anna,Stief,,PI,,,,,,,,
grant.4274163,ur.011046413745.27,Jesús David,Hernández Ortiz,,PI,,,,,,,,
grant.4274163,ur.07670160660.49,Tian,Cong,,PI,,,,,,,,
grant.5050987,ur.07536306563.83,Vinay,Kashyap,,PI,,,,,,,,
grant.5050987,ur.014646416763.30,Devina,Misra,,PI,,,,,,,,
grant.5050987,ur.0630645336.77,Andreas,Zezas,,PI,,,,,,,,
grant.5050987,ur.013205342563.87,Xixi,Yu,,PI,,,,,,,,
grant.5050987,ur.07733365425.14,Sara,Algieri,,PI,,,,,,,,
grant.5050987,ur.011226057221.38,Konstantina,Anastasopoulou,,PI,,,,,,,,
grant.5050987,ur.014137651126.17,Gozde,Saral,,PI,,,,,,,,
grant.5050987,ur.010252147323.46,Vasileios,Stampoulis,,PI,,,,,,,,
grant.5050987,ur.014246115225.20,Konstantinos,Kovlakas,,PI,,,,,,,,
grant.5050987,ur.010230526127.80,Konstantinos,Kouroumpatzakis,,PI,,,,,,,,
grant.5050987,ur.013450534625.50,James,McKay,,PI,,,,,,,,
grant.5050987,ur.012327726646.26,Hikmatali,Shariff,,PI,,,,,,,,
grant.5050987,ur.010031235663.36,Simone Sergio,Bavera,,PI,,,,,,,,
grant.5050987,ur.015736726463.46,Paolo,Bonfini,,PI,,,,,,,,
grant.5050987,ur.014343765463.67,Vallia,Antoniou,,PI,,,,,,,,
grant.5050987,ur.012751024463.25,David,Stenning,,PI,,,,,,,,
grant.5050987,ur.011356063463.42,Kaisey,Mandel,,PI,,,,,,,,
grant.5050987,ur.07763122463.81,Aneta,Siemiginowska,,PI,,,,,,,,
grant.5050987,ur.015670613263.39,Michael,Zevin,,PI,,,,,,,,
grant.5050987,ur.014275652263.42,Chase,Kimball,,PI,,,,,,,,
grant.5050987,ur.012702711263.30,Pablo,Marchant,,PI,,,,,,,,
grant.5050987,ur.011307750263.02,Vasiliki,Pavlidou,,PI,,,,,,,,
grant.5050987,ur.014314230425.94,Ying,Qin,,PI,,,,,,,,
grant.5050987,ur.015111611025.04,Mads,Sorensen,,PI,,,,,,,,
grant.5050987,ur.015707171425.75,Jeffrey,Andrews,,PI,,,,,,,,
grant.5050987,ur.0622572567.27,Anastasios,Fragkos,,PI,,,,,,,,
grant.5050987,ur.012123707025.65,David,van Dyk,,PI,,,,,,,,
grant.5050987,ur.07715007263.35,Alexandros,Spiliotis,,PI,,,,,,,,
grant.5050987,ur.015441433056.55,Alexandros,Maragkoudakis,,PI,,,,,,,,
grant.5050987,ur.011326326425.03,David,van Dyk,,PI,,,,,,,,
grant.5050987,ur.013516650025.36,Jeffrey,Andrews,,PI,,,,,,,,
grant.4850336,ur.01372403631.20,Ivana,Barbaric,,Co-PI,,,,,,,,
grant.4843146,ur.01302017644.12,Michele,Vendruscolo,,Co-PI,grid.5335.0,University of Cambridge,,East of England,GB,2653941,,United Kingdom
grant.4843146,ur.010711366177.43,Christopher,Dobson,,Co-PI,grid.5335.0,University of Cambridge,,East of England,GB,2653941,,United Kingdom
grant.4575740,ur.010343357551.27,Nick,Gill,,PI,grid.410658.e,University of South Wales,,Wales,GB,2640104,Rhondda,
grant.4456348,ur.0621244234.50,Jason,Smith,Michael,PI,grid.4991.5,University of Oxford,,South East,GB,2640729,,United Kingdom
grant.4456348,ur.012543015423.51,Susannah,Speller,,Co-PI,grid.4991.5,University of Oxford,,South East,GB,2640729,,United Kingdom
grant.4456348,ur.013105011644.40,Peter,Nellist,David,Co-PI,grid.4991.5,University of Oxford,,South East,GB,2640729,,United Kingdom
grant.4456348,ur.01213207213.34,Michael,Moody,Patrick,Co-PI,grid.4991.5,University of Oxford,,South East,GB,2640729,,United Kingdom
grant.4456348,ur.01307750605.42,Neil,Young,Philip,Co-PI,grid.4991.5,University of Oxford,,South East,GB,2640729,,United Kingdom
grant.4456348,ur.01074426416.65,Angus,Kirkland,,Co-PI,grid.4991.5,University of Oxford,,South East,GB,2640729,,United Kingdom
grant.4456348,ur.01353424504.09,Maurice,Skolnick,,Co-PI,grid.11835.3e,University of Sheffield,,Yorkshire and The Humber,GB,2638077,,United Kingdom
grant.4456348,ur.016117036027.47,Roger,Reed,Charles,Co-PI,grid.4991.5,University of Oxford,,South East,GB,2640729,,United Kingdom
grant.4456348,ur.01176002317.34,Sergio,Lozano-Perez,,Co-PI,grid.4991.5,University of Oxford,,South East,GB,2640729,,United Kingdom
grant.4456348,ur.0621021000.95,Angus,Wilkinson,J,Co-PI,grid.4991.5,University of Oxford,,South East,GB,2640729,,United Kingdom
grant.4456348,ur.014644645314.38,Chris,Grovenor,,Co-PI,grid.4991.5,University of Oxford,,South East,GB,2640729,,United Kingdom
grant.4456348,ur.0771415144.80,Matthias,Keller,Karl,Co-PI,,,,,,,,
grant.4456348,ur.0664654755.52,Claire,Vallance,,Co-PI,grid.4991.5,University of Oxford,,South East,GB,2640729,,United Kingdom
grant.4456348,ur.010245116704.21,Paul,Bagot,Alexander,Co-PI,grid.4991.5,University of Oxford,,South East,GB,2640729,,United Kingdom
grant.5498096,ur.01200203330.64,Jonathan,Gibbins,,PI,grid.11835.3e,University of Sheffield,,Yorkshire and The Humber,GB,2638077,,United Kingdom
grant.5498096,ur.012462020151.32,Mathieu,Lucquiaud,Serge,Co-PI,,,,,,,,
grant.5498096,ur.015144705107.60,William,Nimmo,,Co-PI,grid.11835.3e,University of Sheffield,,Yorkshire and The Humber,GB,2638077,,United Kingdom
grant.5498096,ur.0775622510.96,Colin,Snape,Edward,Co-PI,,,,,,,,
grant.5498096,ur.01204564534.09,Samuel,Holloway,,Co-PI,,,,,,,,
grant.5498096,ur.014475746304.04,Hannah,Chalmers,,Co-PI,,,,,,,,
grant.5498096,ur.012220137613.71,Simon,Shackley,,Co-PI,,,,,,,,
grant.5498096,ur.01366150060.31,Julia,Race,,Co-PI,,,,,,,,
grant.5498096,ur.01206264410.37,John,Oakey,,Co-PI,grid.12026.37,Cranfield University,,East of England,GB,2652087,,United Kingdom
grant.5498096,ur.014372366472.36,Stefano,Brandani,,Co-PI,,,,,,,,
grant.5498096,ur.0722227040.92,Jeremy,Blackford,,Co-PI,,,,,,,,
grant.5498096,ur.0615221050.31,Andrew,Chadwick,,Co-PI,,,,,,,,
grant.5498096,ur.01255015230.32,Stuart,Scott,Ashley,Co-PI,,,,,,,,
grant.5498096,ur.012731223377.65,Trevor,Drage,,Co-PI,,,,,,,,
grant.5498096,ur.0740510610.93,Jon,Gluyas,,Co-PI,,,,,,,,
grant.5498096,ur.0755743127.45,M,Pourkashanian,,Co-PI,grid.11835.3e,University of Sheffield,,Yorkshire and The Humber,GB,2638077,,United Kingdom
grant.5498096,ur.0675756670.96,Stuart,Haszeldine,,Co-PI,,,,,,,,
grant.5127674,ur.013140031427.12,Ebinazar,Namdas,,PI,,,,,,,,
grant.5127674,ur.0622017707.34,Thomas,Anthopoulos,,Co-PI,,,,,,,,
grant.5127674,ur.0613644705.36,Chihaya,Adachi,,Co-PI,,,,,,,,
grant.5127674,ur.01267207231.22,Shih-Chun,Lo,,Co-PI,,,,,,,,
grant.3956374,ur.011334043725.03,Andrew,Buchan,George,PI,grid.4868.2,"Queen Mary, University of London",,London,GB,2643743,,United Kingdom
grant.4274041,ur.011320145260.28,Roberta,Guagliardo,,PI,,,,,,,,
grant.4274041,ur.014100050725.41,Molood,Shariati,,PI,,,,,,,,
grant.4274041,ur.07441550265.02,Arianna,Oddo,,PI,,,,,,,,
grant.4274041,ur.015347241065.03,Mike,Wels,,PI,,,,,,,,
grant.4274041,ur.013420401673.09,Mahsa,Bagheri,,PI,,,,,,,,
grant.4274041,ur.01052073161.97,Chun Yin,Lau,,PI,,,,,,,,
grant.4274041,ur.07507663465.40,Roxane,Ridolfo,,PI,,,,,,,,
grant.4274041,ur.015415354265.42,Mona,Abdelghani,,PI,,,,,,,,
grant.4274041,ur.014022413265.35,Shoupeng,Cao,,PI,,,,,,,,
grant.4274041,ur.015275264565.95,Esra,Aydinlioglu,,PI,,,,,,,,
grant.4274041,ur.01101031602.84,Evangelos,Georgilis,,PI,,,,,,,,
grant.4274041,ur.013315445344.18,Jaleesa,Bresseleers,,PI,,,,,,,,
grant.4274041,ur.0775203454.14,Jelle,Penders,,PI,,,,,,,,
grant.4274041,ur.014070526465.57,Vijayabhaskar,Reddy Junnuthula,,PI,,,,,,,,
grant.4274041,ur.016261050065.66,Shirin,Tavakoli,,PI,,,,,,,,
grant.4274041,ur.0604711053.49,Conor,Horgan,,PI,,,,,,,,
grant.4274041,ur.07373435065.91,Mona,Abdelghani,,PI,,,,,,,,
grant.4274041,ur.016072645165.16,Shoupeng,Cao,,PI,,,,,,,,
grant.4274041,ur.010766376065.50,Roxane,Ridolfo,,PI,,,,,,,,
grant.4274053,ur.07412641465.57,Souvik,Ghosh,,PI,,,,,,,,
grant.4274053,ur.011603163065.12,Fabio Naddei,Fabio Naddei,,PI,,,,,,,,
grant.4274053,ur.013773504465.41,Javier,Garcia Bautista,,PI,,,,,,,,
grant.4274053,ur.016164026065.04,Catherine,Drysdale,,PI,,,,,,,,
grant.4274053,ur.014160267336.72,Henrique,Raposo,,PI,,,,,,,,
grant.4274053,ur.016342526565.99,Thibaut,Appel,,PI,,,,,,,,
grant.4274053,ur.012625357365.10,Prabhat,Chandra,,PI,,,,,,,,
grant.4274053,ur.014220320365.63,Ivan,Padilla,,PI,,,,,,,,
grant.4274053,ur.012176575125.25,Alejandro,Martinez Cava,,PI,,,,,,,,
grant.4274053,ur.0660260117.52,Andres,Rueda Ramirez,,PI,,,,,,,,
grant.4274053,ur.016076333233.08,Yinzhu,Wang,,PI,,,,,,,,
grant.4274053,ur.012260453765.01,Petr,Kungurtsev,,PI,,,,,,,,
grant.4274053,ur.014450775365.12,Francesco,Tocci,,PI,,,,,,,,
grant.4274053,ur.015314471165.90,Julian,Marcon,,PI,,,,,,,,
grant.4274053,ur.016250556723.83,Andrés Mateo Gabín,Mateo Gabín,,PI,,,,,,,,
grant.4274053,ur.012034461776.07,Luigi,Criscuolo,,PI,,,,,,,,
grant.4274053,ur.013113137015.90,Guillaume,Chauvat,,PI,,,,,,,,
grant.4106868,ur.014420234341.09,Ricardo,Henriques,,PI,grid.83440.3b,University College London,,London,GB,2643743,,United Kingdom
grant.5128440,ur.01366113223.01,Chun,Wang,,PI,,,,,,,,
grant.5128440,ur.01330005463.79,Marion,Merklein,,Co-PI,,,,,,,,
grant.5128440,ur.01213557063.45,Paul,Sanders,,Co-PI,,,,,,,,
grant.5128440,ur.01025050723.69,Michael,Wisnom,,Co-PI,,,,,,,,
grant.5128440,ur.0642507123.07,Anthony,Kinloch,,Co-PI,,,,,,,,
grant.5128440,ur.0646653463.34,Albert,Sedlmaier,,Co-PI,,,,,,,,
grant.5128440,ur.0600540263.90,Brian,Oxley,,Co-PI,,,,,,,,
grant.5128440,ur.01265533363.39,Edward,Albert,,Co-PI,,,,,,,,
grant.5128440,ur.0710622323.96,Richard,Axe,,Co-PI,,,,,,,,
grant.5128440,ur.0763102063.17,Carl De,Koning,,Co-PI,,,,,,,,
grant.5128440,ur.01103171563.12,Brian,Hughes,,Co-PI,,,,,,,,
grant.5128440,ur.01371754323.41,Henry,Wolfkamp,,Co-PI,,,,,,,,
grant.5128440,ur.01151304763.49,Richard,Evans,,Co-PI,,,,,,,,
grant.5128440,ur.0720627763.58,Russell,Varley,,Co-PI,,,,,,,,
grant.5128440,ur.01207412523.95,Adam,Best,,Co-PI,,,,,,,,
grant.5128440,ur.0652514563.48,Nia,Harrison,,Co-PI,,,,,,,,
grant.5128440,ur.01010057465.16,Bita,Ghaffari,,Co-PI,,,,,,,,
grant.5128440,ur.01077330463.72,Richard,Taube,,Co-PI,,,,,,,,
grant.5128440,ur.01073164123.33,Luke,Henderson,,Co-PI,,,,,,,,
grant.5128440,ur.01353663005.93,Minoo,Naebe,,Co-PI,,,,,,,,
grant.5128440,ur.01141277323.21,Matthias,Weiss,,Co-PI,,,,,,,,
grant.5128440,ur.01031215263.46,Bernard,Rolfe,,Co-PI,,,,,,,,
grant.5128440,ur.01035056363.47,Matthew,Barnett,,Co-PI,,,,,,,,
grant.5128440,ur.01333646563.24,Matthew,Doolan,,Co-PI,,,,,,,,
grant.5128440,ur.01255525723.51,Paul,Compston,,Co-PI,,,,,,,,
grant.5128440,ur.014150256347.60,Michael,Cardew-Hall,,Co-PI,,,,,,,,
grant.5128440,ur.01261672263.16,Martin,Leary,,Co-PI,,,,,,,,
grant.5128440,ur.0756735523.12,Milan,Brandt,,Co-PI,,,,,,,,
grant.5128440,ur.0714766663.18,Mark,Easton,,Co-PI,,,,,,,,
grant.5128440,ur.0766743163.04,Stuart,Bateman,,Co-PI,,,,,,,,
grant.5128440,ur.011077334331.57,Adrian,Mouritz,,Co-PI,,,,,,,,
grant.4575988,ur.015514773151.40,Peter,Turner,S,PI,grid.5337.2,University of Bristol,,South West,GB,2654675,,United Kingdom
grant.4456389,ur.01200134270.59,Stephen,Fairhurst,,PI,grid.5600.3,Cardiff University,,Wales,GB,2653822,,United Kingdom
grant.4456389,ur.0605634660.33,Bangalore,Sathyaprakash,,Co-PI,grid.5600.3,Cardiff University,,Wales,GB,2653822,,United Kingdom
grant.4850076,ur.0755130054.66,Andrew,Blagborough,Michael,PI,,,,,,,,
grant.4849965,ur.0647656644.41,Kesinee,Chotivanich,,Co-PI,grid.10223.32,Mahidol University,,,TH,1609350,,
grant.4849965,ur.0767420531.33,Sasithon,Pukrittayakamee,,Co-PI,grid.10223.32,Mahidol University,,,TH,1609350,,
grant.5129312,ur.013434705037.37,Andrew,Roberts,,PI,,,,,,,,
grant.5129312,ur.014425510607.47,Adrian,Muxworthy,,Co-PI,,,,,,,,
grant.5129312,ur.011011441005.33,Richard,Harrison,,Co-PI,,,,,,,,
grant.4575430,ur.01332213240.57,Paul,Linden,F,PI,grid.5335.0,University of Cambridge,,East of England,GB,2653941,,United Kingdom
grant.4575430,ur.013116550502.24,Douglas,Brown,Crawford,Co-PI,grid.5335.0,University of Cambridge,,East of England,GB,2653941,,United Kingdom
grant.4575430,ur.013347604445.04,Alan,Robins,,Co-PI,grid.5475.3,University of Surrey,,South East,GB,2647793,,United Kingdom
grant.4575430,ur.0604150510.23,Koen,Steemers,,Co-PI,grid.5335.0,University of Cambridge,,East of England,GB,2653941,,United Kingdom
grant.4575430,ur.01132076343.26,Gary,Hunt,,Co-PI,grid.5335.0,University of Cambridge,,East of England,GB,2653941,,United Kingdom
grant.4575430,ur.01236535477.43,Adam,Boies,,Co-PI,grid.5335.0,University of Cambridge,,East of England,GB,2653941,,United Kingdom
grant.4575430,ur.01255722330.39,Alan,Short,,Co-PI,grid.5335.0,University of Cambridge,,East of England,GB,2653941,,United Kingdom
grant.4575430,ur.01003640450.69,David,Birch,M,Co-PI,grid.5475.3,University of Surrey,,South East,GB,2647793,,United Kingdom
grant.4575430,ur.0705045564.27,Ian,Leslie,,Co-PI,grid.5335.0,University of Cambridge,,East of England,GB,2653941,,United Kingdom
grant.4575430,ur.01002660523.47,Matteo,Carpentieri,,Co-PI,grid.5475.3,University of Surrey,,South East,GB,2647793,,United Kingdom
grant.4575430,ur.07775416117.97,Elsa,Aristodemou,,Co-PI,,,,,,,,
grant.4575430,ur.0765215127.16,Peter,Guthrie,,Co-PI,grid.5335.0,University of Cambridge,,East of England,GB,2653941,,United Kingdom
grant.4575430,ur.015015450065.16,Michael,Herzog,,Co-PI,grid.5335.0,University of Cambridge,,East of England,GB,2653941,,United Kingdom
grant.4575430,ur.01047453020.04,Roderic,Jones,,Co-PI,grid.5335.0,University of Cambridge,,East of England,GB,2653941,,United Kingdom
grant.4849990,ur.0751443050.07,Shuisheng,He,,Co-PI,,,,,,,,
grant.4697814,ur.0601573454.39,Lei,Su,,PI,grid.4868.2,"Queen Mary, University of London",,London,GB,2643743,,United Kingdom
grant.4295470,ur.01271010220.18,Fiona,Meldrum,,PI,grid.9909.9,University of Leeds,,Yorkshire and The Humber,GB,2644688,,United Kingdom
grant.4295470,ur.01303656174.59,Hugo Kjell,Christenson,,Co-PI,grid.9909.9,University of Leeds,,Yorkshire and The Humber,GB,2644688,,United Kingdom
grant.3957052,ur.01054511575.08,Anastasia,Callaghan,Jane,PI,grid.4701.2,University of Portsmouth,,South East,GB,2639996,,United Kingdom
grant.4456268,ur.01261406274.31,Judith,Driscoll,Louise,PI,grid.5335.0,University of Cambridge,,East of England,GB,2653941,,United Kingdom
grant.4576493,ur.0611617270.36,Eoin,O'Gorman,,PI,,,,,,,,
grant.4576920,ur.01303152760.56,David,Spurgeon,Jonathon,PI,grid.494924.6,NERC Centre for Ecology and Hydrology,,South East,GB,2634869,,United Kingdom
grant.4576920,ur.01106515334.69,Claus,Svendsen,,Co-PI,grid.494924.6,NERC Centre for Ecology and Hydrology,,South East,GB,2634869,,United Kingdom
grant.4576920,ur.0635770542.38,Stephen,Lofts,,Co-PI,grid.494924.6,NERC Centre for Ecology and Hydrology,,South East,GB,2634869,,United Kingdom
grant.4576920,ur.01254170533.28,Alan,Lawlor,,Co-PI,grid.494924.6,NERC Centre for Ecology and Hydrology,,South East,GB,2634869,,United Kingdom
grant.4293573,ur.01000451565.38,Vincent,Cunliffe,Trevor,PI,grid.11835.3e,University of Sheffield,,Yorkshire and The Humber,GB,2638077,,United Kingdom
grant.4293573,ur.012425113624.86,Harry,Burns,,Co-PI,grid.11984.35,University of Strathclyde,,Scotland,GB,2648579,,United Kingdom
grant.4293573,ur.0720355440.39,Gwilym,Pryce,Benjamin,Co-PI,grid.11835.3e,University of Sheffield,,Yorkshire and The Humber,GB,2638077,,United Kingdom
grant.4293573,ur.01354253237.14,Jill,Pell,,Co-PI,grid.8756.c,University of Glasgow,,Scotland,GB,2648579,,United Kingdom
grant.4293573,ur.0662557060.10,Kate,Weiner,,Co-PI,grid.11835.3e,University of Sheffield,,Yorkshire and The Humber,GB,2638077,,United Kingdom
grant.4293573,ur.0636434421.34,Paul,Shiels,,Co-PI,grid.8756.c,University of Glasgow,,Scotland,GB,2648579,,United Kingdom
grant.4293573,ur.0663334007.43,Soojin,Ryu,,Co-PI,grid.5802.f,Johannes Gutenberg University of Mainz,,Outside UK,DE,2874225,,Germany
grant.4293573,ur.01154062363.33,Ilke,Turkmendag,,Co-PI,,,,,,,,
grant.4293573,ur.01330034606.36,Marysia,Placzek,,Co-PI,grid.11835.3e,University of Sheffield,,Yorkshire and The Humber,GB,2638077,,United Kingdom
grant.4293573,ur.01147577356.39,Penelope Jane,Watt,,Co-PI,grid.11835.3e,University of Sheffield,,Yorkshire and The Humber,GB,2638077,,United Kingdom
grant.4293573,ur.01236652311.77,Silvia,Stringhini,,Co-PI,,,,,,,,
grant.4293573,ur.0721202023.73,Maurizio,Meloni,,Co-PI,,,,,,,,
grant.4293573,ur.01074452465.05,Simon,Williams,Johnson,Co-PI,,,,,,,,
grant.4293573,ur.01330357523.11,Darren,Grafham,,Co-PI,,,,,,,,
grant.4293573,ur.01312166355.88,William,Norton,Howard,Co-PI,grid.9918.9,University of Leicester,,East Midlands,GB,2644668,,United Kingdom
grant.4293573,ur.0765400526.04,Paul,Martin,,Co-PI,grid.11835.3e,University of Sheffield,,Yorkshire and The Humber,GB,2638077,,United Kingdom
grant.4293573,ur.01053327673.48,Enrico,Petretto,,Co-PI,,,,,,,,
grant.4843081,ur.011245122005.33,Alan,Carlton,,PI,grid.498462.5,Interdigital UK Inc,,London,GB,2643743,,
grant.4576283,ur.014202761657.20,Z,Fan,,PI,grid.7728.a,Brunel University,,,GB,2643743,,United Kingdom
grant.4576283,ur.010660643362.46,Brian,McKay,,Co-PI,grid.7728.a,Brunel University,,,GB,2643743,,United Kingdom
grant.4576283,ur.015251557545.08,Luiz,Wrobel,Carlos,Co-PI,grid.7728.a,Brunel University,,,GB,2643743,,United Kingdom
grant.4576283,ur.0674414450.41,Yan,Huang,,Co-PI,grid.7728.a,Brunel University,,,GB,2643743,,United Kingdom
grant.4576283,ur.0607506350.63,Hari Babu,Nadendla,,Co-PI,grid.7728.a,Brunel University,,,GB,2643743,,United Kingdom
grant.4576283,ur.012477035413.41,Andrew,Mullis,Martin,Co-PI,,,,,,,,
grant.4576283,ur.013450502473.06,Ian,Stone,,Co-PI,grid.7728.a,Brunel University,,,GB,2643743,,United Kingdom
grant.4576283,ur.013663670027.26,Dmitry,Eskin,,Co-PI,grid.7728.a,Brunel University,,,GB,2643743,,United Kingdom
grant.4576283,ur.013535317217.11,Xiaorong,Zhou,,Co-PI,,,,,,,,
grant.4576283,ur.0626301250.43,Shouxun,Ji,,Co-PI,grid.7728.a,Brunel University,,,GB,2643743,,United Kingdom
grant.4576283,ur.015536525757.40,Peter,Jimack,Kane,Co-PI,,,,,,,,
grant.4576283,ur.01347150320.87,Patrick,Grant,,Co-PI,,,,,,,,
grant.4576283,ur.011255444337.65,Geoffrey,Scamans,Mack,Co-PI,grid.7728.a,Brunel University,,,GB,2643743,,United Kingdom
grant.4576465,ur.01111504322.17,William,Nuttall,James,Co-PI,,,,,,,,
grant.4576465,ur.010777377565.67,David,Smith,,Co-PI,,,,,,,,
grant.4575575,ur.01326470360.86,Anthony,Laing,,PI,grid.5337.2,University of Bristol,,South West,GB,2654675,,United Kingdom
grant.4576177,ur.0672743065.21,Edmund,Tarleton,,PI,grid.4991.5,University of Oxford,,South East,GB,2640729,,United Kingdom
grant.4273475,ur.012345470325.64,Aqeel,AHMED,,PI,,,,,,,,
grant.4273475,ur.010741466612.75,Giovanni,Tretola,,PI,,,,,,,,
grant.4273475,ur.010155146725.57,Marko,Fistler,,PI,,,,,,,,
grant.4273475,ur.07357566325.46,Jiayi,Zhou,,PI,,,,,,,,
grant.4273475,ur.011111464672.01,Nikolaos,Bempedelis,,PI,,,,,,,,
grant.4273475,ur.016056776425.08,Daniel,Dias Loureiro,,PI,,,,,,,,
grant.4273475,ur.015261416025.18,Georgia,Nykteri,,PI,,,,,,,,
grant.4273475,ur.014464035425.25,Theodoros,Lyras,,PI,,,,,,,,
grant.4273475,ur.013666455025.72,Surya Kiran,Peravali,,PI,,,,,,,,
grant.4273475,ur.013071074425.24,Milad,Heidari Koochi,,PI,,,,,,,,
grant.4273475,ur.012273514025.03,Eduardo,Gomez Santos,,PI,,,,,,,,
grant.4273475,ur.010450746525.57,Stavros Rafail,Fostiropoulos,,PI,,,,,,,,
grant.4273475,ur.010700553025.90,Dionysios,Stefanitsis,,PI,,,,,,,,
grant.4273475,ur.010103172425.70,Yasir Hayat,Nazeer,,PI,,,,,,,,
grant.4273475,ur.012151172440.36,Fakhry,ABUZAHRA,,PI,,,,,,,,
grant.4273475,ur.011550107725.46,Anirudh,ASURI MUKUNDAN,,PI,,,,,,,,
grant.4274104,ur.015535747225.22,Mark,Jones,,PI,,,,,,,,
grant.4274104,ur.014006531657.61,Alireza,Ehsani,,PI,,,,,,,,
grant.4274104,ur.011175521745.96,Héctor Alexánder,Forero Hernández,,PI,,,,,,,,
grant.4274104,ur.013277312425.99,Simon,Olofsson,,PI,,,,,,,,
grant.4274104,ur.015467634025.47,Antonio Carlos,Martins de Jesus Lima Grilo,,PI,,,,,,,,
grant.4274104,ur.014374670653.73,Johanna,Dragan,,PI,,,,,,,,
grant.4274104,ur.07725647124.49,Resul,Al,,PI,,,,,,,,
grant.4274104,ur.011123052515.37,Łukasz,Ruszczynski,,PI,,,,,,,,
grant.4274104,ur.011342465557.51,Frederico,Montes,,PI,,,,,,,,
grant.4274104,ur.012541224232.95,Chrysoula Dimitra,Kappatou,,PI,,,,,,,,
grant.4274104,ur.015054615225.26,Eduardo dos Santos,Schultz,,PI,,,,,,,,
grant.4274104,ur.012664273625.98,Puneet,Mishra,,PI,,,,,,,,
grant.4274104,ur.012053432543.70,Mattia,Turchi,,PI,,,,,,,,
grant.4274104,ur.014412355223.15,Atakan,Sahin,,PI,,,,,,,,
grant.4274104,ur.016143467203.95,Tanmoy Kanti,DEB,,PI,,,,,,,,
grant.4274104,ur.07571651007.65,Behnam,Khadem Hamedani,,PI,,,,,,,,
grant.4294441,ur.01216055502.09,Zeeshan,Ahmad,,PI,grid.48815.30,De Montfort University,,East Midlands,GB,2644668,,United Kingdom
grant.4294441,ur.01312100167.07,Mohan,Edirisinghe,,Co-PI,grid.83440.3b,University College London,,London,GB,2643743,,United Kingdom
grant.4576923,ur.01261706214.00,Gunter,Schumann,,PI,grid.13097.3c,King's College London,,London,GB,2643743,,United Kingdom
grant.4576923,ur.01145553245.73,Christine-Johanna,Macare,,Co-PI,grid.13097.3c,King's College London,,London,GB,2643743,,United Kingdom
grant.4576923,ur.0757414436.07,Vivek,Benegal,,Co-PI,,,,,,,,
grant.4576923,ur.01235360610.43,Debasish,Basu,,Co-PI,,,,,,,,
grant.4576923,ur.0634726306.30,Jonathan,Mill,,Co-PI,,,,,,,,
grant.4576923,ur.0602235115.81,Pratibha,Dwarkanath,,Co-PI,,,,,,,,
grant.4576923,ur.01017054363.29,Sunita,Simon Kurpad,,Co-PI,,,,,,,,
grant.4576923,ur.01300762053.51,Murali,Krishna,,Co-PI,,,,,,,,
grant.4576923,ur.01201416163.89,Amit,Chakrabarti,,Co-PI,,,,,,,,
grant.4576923,ur.01115452766.26,Kalyanaraman,Kumaran,,Co-PI,grid.5491.9,University of Southampton,,South East,GB,2637487,,United Kingdom
grant.4576923,ur.0761023160.47,Abhijit,Nadkarni,,Co-PI,,,,,,,,
grant.4576923,ur.0755507603.47,Tianye,Jia,,Co-PI,grid.13097.3c,King's College London,,London,GB,2643743,,United Kingdom
grant.4576923,ur.01013213263.29,Anna,Cattrell,,Co-PI,grid.13097.3c,King's College London,,London,GB,2643743,,United Kingdom
grant.4576923,ur.013110353602.50,Sanjeev,Jain,,Co-PI,,,,,,,,
grant.4576923,ur.01245120067.49,Sylvane,Desrivieres,,Co-PI,grid.13097.3c,King's College London,,London,GB,2643743,,United Kingdom
grant.4576923,ur.01306373467.45,Mathew,Varghese,,Co-PI,,,,,,,,
grant.4576923,ur.0657576666.95,Gareth,Barker,John,Co-PI,grid.13097.3c,King's College London,,London,GB,2643743,,United Kingdom
grant.4576923,ur.0713701076.38,Vikram,Patel,,Co-PI,,,,,,,,
grant.4576923,ur.011455216157.73,Caroline,Fall,,Co-PI,grid.5491.9,University of Southampton,,South East,GB,2637487,,United Kingdom
grant.4576923,ur.011332446357.50,Matthew,Hickman,,Co-PI,grid.5337.2,University of Bristol,,South West,GB,2654675,,United Kingdom
grant.3956874,ur.010710713614.18,Bruce,Turnbull,,PI,grid.9909.9,University of Leeds,,Yorkshire and The Humber,GB,2644688,,United Kingdom
grant.3957658,ur.01353072406.36,William,Baker,John,Co-PI,,,,,,,,
grant.4849882,ur.01355362651.45,Liam,Heaney,,PI,grid.4777.3,Queen's University of Belfast,,Northern Ireland,GB,2655984,,United Kingdom
grant.4849882,ur.01230163250.10,Christine Elisabeth,Bucknall,,Co-PI,,,,,,,,
grant.4849882,ur.01131720075.18,Andrew,Menzies-Gow,Neil,Co-PI,,,,,,,,
grant.4849882,ur.0735246600.87,Adel,Mansur,H,Co-PI,grid.415924.f,Heart of England NHS Foundation Trust,,West Midlands,GB,2655603,,United Kingdom
grant.4849882,ur.01023436131.69,Robert,Niven,,Co-PI,grid.5379.8,University of Manchester,,North West,GB,2643123,Manchester,United Kingdom
grant.4849882,ur.01031610232.70,Peter,Coyle,,Co-PI,grid.4777.3,Queen's University of Belfast,,Northern Ireland,GB,2655984,,United Kingdom
grant.4849882,ur.01152341013.17,Peter,Howarth,,Co-PI,grid.5491.9,University of Southampton,,South East,GB,2637487,,United Kingdom
grant.4849882,ur.01033162764.65,Ian,Pavord,,Co-PI,grid.4991.5,University of Oxford,,South East,GB,2640729,,United Kingdom
grant.4849882,ur.01271111500.75,Ashley,Woodcock,,Co-PI,grid.5379.8,University of Manchester,,North West,GB,2643123,Manchester,United Kingdom
grant.4849882,ur.0652420203.33,Samantha,Walker,,Co-PI,grid.453156.0,Asthma UK,,London,GB,2643743,,
grant.4849882,ur.015332730704.60,Chris,Corrigan,,Co-PI,grid.13097.3c,King's College London,,London,GB,2643743,,United Kingdom
grant.4849882,ur.07637241647.83,James,Lordan,,Co-PI,,,,,,,,
grant.4849882,ur.01004060472.12,Peter,Bradding,,Co-PI,grid.9918.9,University of Leicester,,East Midlands,GB,2644668,,United Kingdom
grant.4849882,ur.01076774743.43,Ratko,Djukanovic,,Co-PI,grid.5491.9,University of Southampton,,South East,GB,2637487,,United Kingdom
grant.4849882,ur.0753625404.77,Ian,Sabroe,,Co-PI,,,,,,,,
grant.4849882,ur.01371535227.23,Rekha,Chaudhuri,,Co-PI,,,,,,,,
grant.4849882,ur.012236424557.53,Christopher,Brightling,,Co-PI,grid.9918.9,University of Leicester,,East Midlands,GB,2644668,,United Kingdom
grant.4849882,ur.0770433243.78,Timothy,Harrison,,Co-PI,,,,,,,,
grant.5498537,ur.0774373200.39,Andrew,Broadbent,James,PI,grid.63622.33,The Pirbright Institute,,South East,GB,2633709,,United Kingdom
grant.5498537,ur.01031260366.97,Paul,Britton,,Co-PI,grid.63622.33,The Pirbright Institute,,South East,GB,2633709,,United Kingdom
grant.7388512,ur.01347364735.25,James,Flanagan,,PI,,,,,,,,
grant.7388512,ur.010450733662.68,Paolo,Vineis,,Co-PI,,,,,,,,
grant.4161139,ur.011005000415.39,Florian,Wiegandt,,PI,,,,,,,,
grant.4161139,ur.016413674365.98,Sucheta,Sharma,,PI,,,,,,,,
grant.4161139,ur.012740501656.30,Vittorio,Di Pietro,,PI,,,,,,,,
grant.4161139,ur.012524466231.17,Aurelien,Sanchez,,PI,,,,,,,,
grant.4161139,ur.011303564165.02,Singh,Tajinder,,PI,,,,,,,,
grant.4161139,ur.010655413305.07,Sebastian,Jarosch,,PI,,,,,,,,
grant.4161139,ur.015516043051.18,Kaloyan,Zlatanov,,PI,,,,,,,,
grant.4161139,ur.014223352765.90,Xavier,Laforgue Marin,,PI,,,,,,,,
grant.4161139,ur.015616313765.56,Salvatore,Bruschetta,,PI,,,,,,,,
grant.4161139,ur.014122507423.05,Elgiva,White,,PI,,,,,,,,
grant.5240539,ur.01103156304.32,Mirjam,Christ-Crain,,PI,grid.6612.3,University of Basel,,,CH,2661604,,
grant.5240539,ur.013252523437.32,Mia,Caspar,,Co-PI,,,,,,,,
grant.5240539,ur.011556327423.35,Nina,Cupa,,Co-PI,,,,,,,,
grant.5240539,ur.07535354237.18,Matthias,Betz,,Co-PI,grid.410567.1,"Abteilung Endokrinologie, Diabetologie und Metabolismus Universitätsspital Basel",,,CH,2661604,,
grant.5240539,ur.01245104124.57,Sandrine Andrea,Urwyler,,Co-PI,grid.410567.1,"Abteilung Endokrinologie, Diabetologie und Metabolismus Universitätsspital Basel",,,CH,2661604,,
grant.5240539,ur.010427060400.52,Ingeborg,Schnyder,,Co-PI,,,,,,,,
grant.5240539,ur.01255672043.75,Fahim,Ebrahimi,,Co-PI,grid.410567.1,"Abteilung Endokrinologie, Diabetologie und Metabolismus Universitätsspital Basel",,,CH,2661604,,
grant.5240539,ur.0640345235.31,Julie,Refardt,,Co-PI,grid.410567.1,Abteilung Endokrinologie Universitätsspital Basel,,,CH,2661604,,
grant.5240539,ur.012455143037.25,Celine Miriam,Bürgi,,Co-PI,,,,,,,,
grant.4274046,ur.010541562165.81,Sanket,More,,PI,,,,,,,,
grant.4274046,ur.014404102504.51,Alexandra,Papaioannou,,PI,,,,,,,,
grant.4274046,ur.012772366163.18,Dimitrios,Doultsinos,,PI,,,,,,,,
grant.4274046,ur.015304765467.12,Maria Livia,Sassano,,PI,,,,,,,,
grant.4274046,ur.012314200012.05,Sanket Mohan,More,,PI,,,,,,,,
grant.4274046,ur.014210616165.99,Akash,Mathew,,PI,,,,,,,,
grant.4274046,ur.015133347704.94,Antonio,Carlesso,,PI,,,,,,,,
grant.4274046,ur.012213561104.70,Nicole,McCarthy,,PI,,,,,,,,
grant.4274046,ur.0652736566.27,Chetan,Chintha,,PI,,,,,,,,
grant.4274046,ur.010620620104.05,Brian,Leuzzi,,PI,,,,,,,,
grant.4274046,ur.012547541765.94,Aitor,Almanza Goikoetxea,,PI,,,,,,,,
grant.4274046,ur.010132063151.30,Josip,Skoko,,PI,,,,,,,,
grant.4274046,ur.011626736547.55,Franziska,Püschel,,PI,,,,,,,,
grant.4274046,ur.016264711165.91,Andreia,Veríssimo Luís,,PI,,,,,,,,
grant.4274046,ur.016526310704.16,Stuart,Creedican,,PI,,,,,,,,
grant.4274046,ur.014266013152.19,Luigi,Montibeller,,PI,,,,,,,,
grant.3959518,ur.0735615760.93,Deborah,Greaves,,PI,grid.11201.33,University of Plymouth,,South West,GB,2640194,,United Kingdom
grant.3959518,ur.0644207274.44,Shiqiang,Yan,,Co-PI,grid.28577.3f,City University London,,London,GB,2643743,,United Kingdom
grant.3959518,ur.0711204070.08,Qingwei,Ma,,Co-PI,grid.28577.3f,City University London,,London,GB,2643743,,United Kingdom
grant.3959518,ur.01353645510.43,Gavin,Tabor,,Co-PI,grid.8391.3,University of Exeter,,South West,GB,2649808,,United Kingdom
grant.3959518,ur.01164427250.43,Ling,Qian,,Co-PI,grid.25627.34,Manchester Metropolitan University,,North West,GB,2643123,,United Kingdom
grant.3959518,ur.0626234324.91,David Ian,Graham,,Co-PI,grid.11201.33,University of Plymouth,,South West,GB,2640194,,United Kingdom
grant.3959518,ur.01034674550.19,Jun,Zang,,Co-PI,grid.7340.0,University of Bath,,South West,GB,2656173,,United Kingdom
grant.3959518,ur.01125426543.94,Catherine,Jones,,Co-PI,,,,,,,,
grant.3959518,ur.016427244601.50,Clive,Mingham,,Co-PI,grid.25627.34,Manchester Metropolitan University,,North West,GB,2643123,,United Kingdom
grant.3959518,ur.010761637357.52,Gemma,Poulter,,Co-PI,,,,,,,,
grant.3959518,ur.0620470150.28,Christopher,Greenough,,Co-PI,,,,,,,,
grant.3959518,ur.0704646450.50,Derek,Causon,Malcolm,Co-PI,grid.25627.34,Manchester Metropolitan University,,North West,GB,2643123,,United Kingdom
grant.3959518,ur.014615705671.83,Adam,Kyte,,Co-PI,grid.11201.33,University of Plymouth,,South West,GB,2640194,,United Kingdom
grant.4849915,ur.064477252.38,Robert,Plomin,,PI,grid.13097.3c,King's College London,,London,GB,2643743,,United Kingdom
grant.4849915,ur.0654201533.32,Gerome,Breen,Daniel,Co-PI,grid.13097.3c,King's College London,,London,GB,2643743,,United Kingdom
grant.4849915,,Mark,Pennington,,Co-PI,grid.13097.3c,King's College London,,London,GB,2643743,,United Kingdom
grant.4849915,ur.0761127543.04,Philip,Dale,,Co-PI,,,,,,,,
grant.4849915,ur.01170353232.59,Paul,McCrone,,Co-PI,grid.13097.3c,King's College London,,London,GB,2643743,,United Kingdom
grant.4849915,ur.01074125377.60,Emily,Simonoff,,Co-PI,grid.13097.3c,King's College London,,London,GB,2643743,,United Kingdom
grant.4849915,ur.01123332230.30,Thalia,Eley,Catherine,Co-PI,grid.13097.3c,King's College London,,London,GB,2643743,,United Kingdom
grant.4107261,ur.015613735407.30,Jan,Zika,,PI,grid.1005.4,University of New South Wales,AU-NSW,Outside UK,AU,2147714,,Australia
grant.3957608,ur.012763241624.52,Sarah,Butcher,Anne,Co-PI,,,,,,,,
grant.4575809,ur.01213332130.39,Laura,Torrente Murciano,,PI,grid.5335.0,University of Cambridge,,East of England,GB,2653941,,United Kingdom
grant.4576322,ur.014604203622.97,Robert,Gilbert,John,PI,grid.4991.5,University of Oxford,,South East,GB,2640729,,United Kingdom
grant.4576322,ur.01277444141.22,Sergi,Padilla-Parra,,Co-PI,grid.4991.5,University of Oxford,,South East,GB,2640729,,United Kingdom
grant.4576322,ur.01043732127.31,Christina,Redfield,,Co-PI,grid.4991.5,University of Oxford,,South East,GB,2640729,,United Kingdom
grant.4576322,ur.01023610430.99,Yvonne,Jones,,Co-PI,grid.4991.5,University of Oxford,,South East,GB,2640729,,United Kingdom
grant.4576544,ur.01056241220.67,Alexina,Mason,Jane,Co-PI,,,,,,,,
grant.4576544,ur.01351434011.32,Anna,Hansell,L,Co-PI,,,,,,,,
grant.2756035,ur.0755551740.36,Jamie,Wilkinson,John,Co-PI,,,,,,,,
grant.4850380,ur.01125407243.72,Colin,Drummond,,Co-PI,,,,,,,,
grant.4850380,ur.011332446357.50,Matthew,Hickman,,Co-PI,,,,,,,,
grant.4107221,ur.01174215071.47,Kevin J,Purdy,,Co-PI,,,,,,,,
grant.4107221,ur.01133710220.09,Alexander,Milner,,Co-PI,,,,,,,,
grant.4107221,ur.0627443135.31,Lee,Brown,Eric,Co-PI,,,,,,,,
grant.4107221,ur.011036476504.34,Steve,Brooks,,Co-PI,,,,,,,,
grant.4106830,ur.01135324431.20,Laszlo,Bogre,,PI,grid.4970.a,"Royal Holloway, University of London",,South East,GB,2650188,,United Kingdom
grant.4106830,ur.01247067766.15,Alberto,Paccanaro,,Co-PI,grid.4970.a,"Royal Holloway, University of London",,South East,GB,2650188,,United Kingdom
grant.5072313,ur.01362263454.17,Alexander John,Henderson,,Co-PI,grid.5337.2,University of Bristol,,South West,GB,2654675,,United Kingdom
grant.5072313,ur.0702667226.21,Graham,Roberts,,Co-PI,grid.5491.9,University of Southampton,,South East,GB,2637487,,United Kingdom
grant.5072313,ur.016157753217.24,Stephen,Turner,William,Co-PI,grid.7107.1,University of Aberdeen,,Scotland,GB,2657832,,United Kingdom
grant.5072313,ur.01156663240.67,Iain,Buchan,Edward,Co-PI,,,,,,,,
grant.5072313,ur.01262414665.28,John,Holloway,,Co-PI,grid.5491.9,University of Southampton,,South East,GB,2637487,,United Kingdom
grant.5072313,ur.01043270405.10,Graham,Devereux,,Co-PI,,,,,,,,
grant.5072313,ur.01210534043.20,Syed,Arshad,Hasan,Co-PI,grid.5491.9,University of Southampton,,South East,GB,2637487,,United Kingdom
grant.5072313,ur.01074246365.22,Angela,Simpson,,Co-PI,,,,,,,,
grant.7700982,ur.015403262114.58,Junaid,Zaman,Ahmed Bakhtiyar,PI,grid.168010.e,Stanford University,US-CA,California,US,5398563,Stanford,United States
grant.4273788,ur.07767247265.23,Hazem,Bakr,,PI,,,,,,,,
grant.4273788,ur.010161255322.54,Denys,Priadko,,PI,,,,,,,,
grant.4273788,ur.012714426377.47,Eirini,Lariou,,PI,,,,,,,,
grant.4273788,ur.014440213365.14,Marta,Ruscello,,PI,,,,,,,,
grant.4273788,ur.011362210265.66,Jongmin,Kim,,PI,,,,,,,,
grant.4273788,ur.012157570665.30,Cecilia,Vona,,PI,,,,,,,,
grant.4273788,ur.013620645065.90,Nikolaos,Droseros,,PI,,,,,,,,
grant.4273788,ur.015075604604.05,Tanmoy,Sarkar,,PI,,,,,,,,
grant.4273788,ur.01032751237.09,Benedikt,Dänekamp,,PI,,,,,,,,
grant.4273788,ur.014301777065.15,Nikolaos,Droseros,,PI,,,,,,,,
grant.4273788,ur.010334477775.57,Matthew,Dyson,,PI,,,,,,,,
grant.4273788,ur.013552531665.24,Shyantan,Dasgupta,,PI,,,,,,,,
grant.4273788,ur.014350112265.69,Xiao,Ma,,PI,,,,,,,,
grant.4273788,ur.01106655362.90,Qianqian,Lin,,PI,,,,,,,,
grant.4273788,ur.012314607717.75,Sabrina,Sterzl,,PI,,,,,,,,
grant.4273788,ur.01035635631.79,Silvia,Motti,,PI,,,,,,,,
grant.4273788,ur.010035362465.18,Vittal,Thanjavur Prakasam,,PI,,,,,,,,
grant.4273788,ur.010632743065.10,David,Poussin,,PI,,,,,,,,
grant.4273788,ur.012172120720.50,Giovanni Maria,Matrone,,PI,,,,,,,,
grant.4273788,ur.07646076003.66,Mihirsinh,Chauhan,,PI,,,,,,,,
grant.4274044,ur.014503545265.21,Sara,Barbosa,,PI,,,,,,,,
grant.4274044,ur.01060324635.56,Michail,Klontzas,,PI,,,,,,,,
grant.4274044,ur.012313223665.01,José Carlos,Ferreira Rodrigues de Morais,,PI,,,,,,,,
grant.4274044,ur.012560506750.61,NIKOLAOS,TSIANTIS,,PI,,,,,,,,
grant.4274044,ur.012661043214.19,JAKE,PITT,,PI,,,,,,,,
grant.4274044,ur.015233012465.47,Joana,Saldida Alves,,PI,,,,,,,,
grant.4274044,ur.013640051465.53,Maria,Masid Barcon,,PI,,,,,,,,
grant.4274044,ur.013042471065.75,Giovanni,Ranuzzi,,PI,,,,,,,,
grant.4274044,ur.013247737617.61,Enio,Gjerga,,PI,,,,,,,,
grant.4274044,ur.016427552275.47,Aurelien,Dugourd,,PI,,,,,,,,
grant.4274044,ur.014367316665.50,Roman Josef,Rainer,,PI,,,,,,,,
grant.4274044,ur.013037253046.33,Olufemi Ademola,Bolaji,,PI,,,,,,,,
grant.4274044,ur.012176775265.76,Lucien,Gomoescu,,PI,,,,,,,,
grant.4274044,ur.010604034265.88,Luis Osvaldo,Diaz Kim,,PI,,,,,,,,
grant.4274044,ur.016511525065.28,Asier,Antoranz Martinez,,PI,,,,,,,,
grant.4274044,ur.015602404421.58,Romuald,Győrgy,,PI,,,,,,,,
grant.4575816,ur.016415017434.04,Maddie,Green,,PI,,Perkins Engines Company Limited,,East of England,,,PETERBOROUGH,
grant.5064274,ur.01125671505.27,John,Gallacher,,PI,grid.4991.5,University of Oxford,,South East,GB,2640729,,United Kingdom
grant.5064274,ur.01371504405.32,Ronan,Lyons,Anthony,Co-PI,,,,,,,,
grant.5064274,ur.01104331402.29,Simon,Lovestone,,Co-PI,grid.4991.5,University of Oxford,,South East,GB,2640729,,United Kingdom
grant.5064274,ur.012532710772.19,Jean,Manson,,Co-PI,grid.4305.2,University of Edinburgh,,Scotland,GB,2650225,,United Kingdom
grant.5064274,ur.01012040600.14,Marcus,Richards,,Co-PI,grid.83440.3b,University College London,,London,GB,2643743,,United Kingdom
grant.5064274,ur.0715446716.30,Craig,Ritchie,William,Co-PI,grid.4305.2,University of Edinburgh,,Scotland,GB,2650225,,United Kingdom
grant.5064274,ur.010254226477.98,Cathie,Sudlow,,Co-PI,grid.4305.2,University of Edinburgh,,Scotland,GB,2650225,,United Kingdom
grant.5064274,ur.07535502757.16,Nick,Fox,Charles,Co-PI,grid.83440.3b,University College London,,London,GB,2643743,,United Kingdom
grant.5064274,ur.014121545367.53,Jonathan Mark,Schott,,Co-PI,grid.83440.3b,University College London,,London,GB,2643743,,United Kingdom
grant.5064274,ur.012644622355.09,Martin,Rossor,Neil,Co-PI,grid.83440.3b,University College London,,London,GB,2643743,,United Kingdom
grant.5064274,ur.01161250642.42,Carol,Brayne,,Co-PI,grid.5335.0,University of Cambridge,,East of England,GB,2653941,,United Kingdom
grant.5064274,ur.016062032414.10,Julie,Williams,,Co-PI,grid.5600.3,Cardiff University,,Wales,GB,2653822,,United Kingdom
grant.5064274,ur.011026120037.74,Ian,Deary,J.,Co-PI,grid.4305.2,University of Edinburgh,,Scotland,GB,2650225,,United Kingdom
grant.5064274,ur.01146242611.08,John,Starr,,Co-PI,grid.4305.2,University of Edinburgh,,Scotland,GB,2650225,,United Kingdom
grant.4575464,ur.0737666052.34,Sue,Chua,,Co-PI,,,,,,,,
grant.4575464,ur.0737162632.32,Helena,Earl,Margaret,Co-PI,grid.5335.0,University of Cambridge,,East of England,GB,2653941,,United Kingdom
grant.4575464,ur.0742235171.27,Gary,Cook,,Co-PI,,,,,,,,
grant.4575464,ur.01343142276.09,Franklin,Aigbirhio,Imo,Co-PI,grid.5335.0,University of Cambridge,,East of England,GB,2653941,,United Kingdom
grant.4575464,ur.0610150357.67,Janine,Mansi,,Co-PI,,,,,,,,
grant.4057592,ur.0727113472.93,Charlotte,Dodson,Anne,PI,,,,,,,,
grant.4575601,ur.011463042205.10,Peter,OCallaghan,,PI,grid.420997.1,Lonza Biologics Plc,,South East,GB,2637627,BERKSHIRE,
grant.4456235,ur.0606253242.36,Matthew,Rosseinsky,,PI,grid.10025.36,University of Liverpool,,,GB,2644210,,United Kingdom
grant.4456235,ur.01367211461.88,Dave,Adams,John,Co-PI,,,,,,,,
grant.4456235,ur.0770631357.77,Ben,Slater,,Co-PI,grid.83440.3b,University College London,,London,GB,2643743,,United Kingdom
grant.4456235,ur.0630151444.40,George,Darling,Robert,Co-PI,grid.10025.36,University of Liverpool,,,GB,2644210,,United Kingdom
grant.4456235,ur.01335327672.42,John,Claridge,Bleddyn,Co-PI,grid.10025.36,University of Liverpool,,,GB,2644210,,United Kingdom
grant.4456235,ur.0771511224.03,Furio,Cora,,Co-PI,grid.83440.3b,University College London,,London,GB,2643743,,United Kingdom
grant.4456235,ur.0747103020.54,Martinus,Zwijnenburg,Antonius,Co-PI,grid.83440.3b,University College London,,London,GB,2643743,,United Kingdom
grant.4456235,ur.0575775421.05,Andrew,Cooper,,Co-PI,grid.10025.36,University of Liverpool,,,GB,2644210,,United Kingdom
grant.4456235,ur.01056364630.41,Jonathan,Alaria,,Co-PI,grid.10025.36,University of Liverpool,,,GB,2644210,,United Kingdom
grant.4576161,ur.01347020047.71,Miles,Parkes,,PI,grid.5335.0,University of Cambridge,,East of England,GB,2653941,,United Kingdom
grant.4576161,ur.01313422073.62,Christopher,Mathew,,Co-PI,,,,,,,,
grant.4576161,ur.01244046176.00,Tariq,Ahmad,,Co-PI,,,,,,,,
grant.4576161,ur.016333155247.23,Christopher,Hawkey,,Co-PI,,,,,,,,
grant.4576161,ur.014110763752.76,James Rowland Fraser,Cummings,,Co-PI,,,,,,,,
grant.4576161,ur.01065421251.40,Alison,Simmons,,Co-PI,grid.4991.5,University of Oxford,,South East,GB,2640729,,United Kingdom
grant.4576161,ur.0753153113.56,Jack,Satsangi,,Co-PI,grid.4991.5,University of Oxford,,South East,GB,2640729,,United Kingdom
grant.4576161,ur.0612406544.12,Arthur,Kaser,,Co-PI,grid.5335.0,University of Cambridge,,East of England,GB,2653941,,United Kingdom
grant.4576161,ur.01157115371.70,Carl,Anderson,,Co-PI,grid.10306.34,The Wellcome Trust  Sanger Institute,,East of England,GB,2653941,,
grant.4576161,ur.0734001247.76,Mark,Tremelling,,Co-PI,,,,,,,,
grant.4576161,ur.0737335545.73,John,Mansfield,,Co-PI,,,,,,,,
grant.4576161,ur.0762651646.77,William,Newman,Gerard,Co-PI,,,,,,,,
grant.4576161,ur.016605250747.79,Jeffrey,Barrett,,Co-PI,grid.10306.34,The Wellcome Trust  Sanger Institute,,East of England,GB,2653941,,
grant.4576161,ur.016125655002.34,David,Wilson,,Co-PI,grid.4305.2,University of Edinburgh,,Scotland,GB,2650225,,United Kingdom
grant.4576161,ur.01174441124.34,James,Lee,,Co-PI,,,,,,,,
grant.4576161,ur.010656455271.52,Charles,Lees,W,Co-PI,grid.4305.2,University of Edinburgh,,Scotland,GB,2650225,,United Kingdom
grant.4576161,ur.01015442527.89,Georgina,Hold,,Co-PI,,,,,,,,
grant.4456422,ur.012704117234.03,Paul,Elkington,,PI,grid.5491.9,University of Southampton,,South East,GB,2637487,,United Kingdom
grant.4106973,ur.01155421015.28,Mark,Huckvale,Andrew,Co-PI,grid.83440.3b,University College London,,London,GB,2643743,,United Kingdom
grant.4106973,ur.0620260765.65,Stuart,Rosen,,Co-PI,grid.83440.3b,University College London,,London,GB,2643743,,United Kingdom
grant.7673286,ur.01053002370.64,Imed,Gallouzi,,Co-PI,grid.452146.0,Hamad Bin Khalifa University,,,QA,290030,,Qatar
grant.3957880,ur.01031260366.97,Paul,Britton,,PI,grid.63622.33,The Pirbright Institute,,South East,GB,2633709,,United Kingdom
grant.3957164,ur.01013117407.72,Andy,Purvis,J,PI,grid.35937.3b,The Natural History Museum,,London,GB,2643743,,United Kingdom
grant.3958087,ur.0632360650.98,Yun,Fan,,PI,grid.6572.6,University of Birmingham,,West Midlands,GB,2655603,,United Kingdom
grant.4295652,ur.014204037722.00,Claus,Andersen,Yding,Co-PI,grid.4973.9,Copenhagen University Hospital,,Outside UK,DK,2618425,,
grant.4456219,ur.01330477041.11,Kirill,Volynski,E,PI,grid.83440.3b,University College London,,London,GB,2643743,,United Kingdom
grant.4456219,ur.0771441450.33,Ivan,Pavlov,,Co-PI,grid.83440.3b,University College London,,London,GB,2643743,,United Kingdom
grant.4456219,ur.01112654530.47,Dimitri,Kullmann,Michael,Co-PI,grid.83440.3b,University College London,,London,GB,2643743,,United Kingdom
grant.3957687,ur.01127354222.87,Cornelia,Rodenburg,,Co-PI,,,,,,,,
grant.3957687,ur.010463114402.68,Cécile,Charbonneau,,Co-PI,,,,,,,,
grant.3957687,ur.0667715006.54,David George,Lidzey,,Co-PI,,,,,,,,
grant.3957687,ur.014165571635.34,Alan,Dunbar,David,Co-PI,,,,,,,,
grant.3957687,ur.01031516736.72,Wing Chung,Tsoi,,Co-PI,,,,,,,,
grant.3959389,ur.0650170064.23,Douglas,Paul,J,Co-PI,,,,,,,,
grant.3959389,ur.01360315310.41,Stephen,Thoms,,Co-PI,,,,,,,,
grant.4295297,ur.012732052405.60,Simon,Buckley,,PI,,Magnetic Systems Technology Limited,,Yorkshire and The Humber,,,SHEFFIELD,
grant.3958855,ur.016245763417.01,David,Burt,William,Co-PI,grid.4305.2,University of Edinburgh,,Scotland,GB,2650225,,United Kingdom
grant.4294409,ur.01016241104.68,Alexandra,Santos,,PI,grid.13097.3c,King's College London,,London,GB,2643743,,United Kingdom
grant.4294554,ur.01015332114.66,Miren,Iturriza-Gomara,,PI,grid.10025.36,University of Liverpool,,,GB,2644210,,United Kingdom
grant.4294554,ur.0654763303.80,Melita,Gordon,Alison,Co-PI,grid.10025.36,University of Liverpool,,,GB,2644210,,United Kingdom
grant.4294554,ur.01027117463.99,Nigel,Cunliffe,,Co-PI,grid.10025.36,University of Liverpool,,,GB,2644210,,United Kingdom
grant.4294554,ur.0625011365.10,Queen,Dube,,Co-PI,,,,,,,,
grant.4294554,ur.0641510562.06,Gagandeep,Kang,,Co-PI,,Christian Medical College Vellore,,,IN,1253286,,
grant.4294554,ur.01167156320.88,Valsan Philip,Verghese,,Co-PI,,Christian Medical College Vellore,,,IN,1253286,,
grant.4294554,ur.0703722507.71,Ira,Praharaj,,Co-PI,,Christian Medical College Vellore,,,IN,1253286,,
grant.4294554,ur.0611414047.08,Alistair,Darby,,Co-PI,grid.10025.36,University of Liverpool,,,GB,2644210,,United Kingdom
grant.7388487,ur.0616101163.21,Ernesto,Yague,,PI,,,,,,,,
grant.7388487,ur.016553472737.90,Eric,Lam,,Co-PI,,,,,,,,
grant.4161361,ur.01316261572.05,Lena,Maier-Hein,,PI,grid.7497.d,DEUTSCHES KREBSFORSCHUNGSZENTRUM HEIDELBERG,,,DE,2907911,HEIDELBERG,DE
grant.7073254,ur.0761270077.73,SE,Mikaloff-Fletcher,,PI,grid.419676.b,NIWA - The National Institute of Water and Atmospheric Research Ltd,,,NZ,2190324,,
grant.7073254,ur.012702301272.35,JC,Turnbull,,PI,grid.15638.39,GNS Science,,,NZ,2188164,,
grant.7073254,ur.011212714212.45,MW,Norris,,Co-PI,grid.15638.39,GNS Science,,,NZ,2188164,,
grant.7073254,ur.011371410207.09,GW,Brailsford,,Co-PI,grid.419676.b,NIWA - The National Institute of Water and Atmospheric Research Ltd,,,NZ,2190324,,
grant.7073254,ur.012663303076.16,Q,Hua,,Co-PI,,Australian Nuclear Science & Technology Organisation,,,AU,2147714,,
grant.7073254,ur.013311027364.22,AM,Smith,,Co-PI,,Australian Nuclear Science & Technology Organisation,,,AU,2147714,,
grant.3956522,ur.0746366547.44,Jonathan,Gale,Edward,Co-PI,grid.83440.3b,University College London,,London,GB,2643743,,United Kingdom
grant.3956522,ur.01051046615.61,Andrew,Jarman,,Co-PI,,,,,,,,
grant.4294628,ur.01026517073.58,Roger,Gunn,N,PI,,,,,,,,
grant.4294628,ur.01240620461.93,Graham,Searle,Ellis,Co-PI,,,,,,,,
grant.4294628,ur.0611615252.21,Jonathan,Howard,Worth,Co-PI,,,,,,,,
grant.4294628,ur.01244226105.01,William,Hallett,Andrew,Co-PI,,,,,,,,
grant.4294628,ur.01201024454.31,Eugenii,Rabiner,Alfredovich,Co-PI,,,,,,,,
grant.3956829,ur.0673400227.12,Brian,Saunders,,PI,grid.5379.8,University of Manchester,,North West,GB,2643123,Manchester,United Kingdom
grant.3957688,ur.01022446245.51,Alfried,Vogler,,PI,,,,,,,,
grant.4295388,ur.0676557517.24,Myra S,Hunter,,Co-PI,,,,,,,,
grant.4575915,ur.0614175565.82,Kevin,Francis,,Co-PI,,,,,,,,
grant.3958186,ur.01020320100.74,Christopher,Reynolds,Arthur,PI,grid.8356.8,University of Essex,,East of England,GB,2652618,,United Kingdom
grant.4575741,ur.0772057101.97,Nazif,Alic,,Co-PI,,,,,,,,
grant.4106712,ur.0704373004.05,Ian,Bruce,Norman,PI,grid.5379.8,University of Manchester,,North West,GB,2643123,Manchester,United Kingdom
grant.4106712,ur.015662322347.73,Stephen,Young,Peter,Co-PI,grid.6572.6,University of Birmingham,,West Midlands,GB,2655603,,United Kingdom
grant.4106712,ur.01175471513.15,Paul,Emery,,Co-PI,grid.9909.9,University of Leeds,,Yorkshire and The Humber,GB,2644688,,United Kingdom
grant.4106712,ur.01174331615.31,Katherine,Payne,,Co-PI,grid.5379.8,University of Manchester,,North West,GB,2643123,Manchester,United Kingdom
grant.4106712,ur.01074637303.03,Michael,Beresford,W,Co-PI,grid.10025.36,University of Liverpool,,,GB,2644210,,United Kingdom
grant.4106712,ur.015724372342.18,Mark,Harrison,,Co-PI,grid.5379.8,University of Manchester,,North West,GB,2643123,Manchester,United Kingdom
grant.4106712,ur.01300677503.73,Li,Su,,Co-PI,grid.5335.0,University of Cambridge,,East of England,GB,2653941,,United Kingdom
grant.4106712,ur.011533762734.09,Vern,Farewell,,Co-PI,grid.5335.0,University of Cambridge,,East of England,GB,2653941,,United Kingdom
grant.4106712,ur.010556472637.30,David,Jayne,,Co-PI,grid.5335.0,University of Cambridge,,East of England,GB,2653941,,United Kingdom
grant.4106712,ur.010437702237.97,Mattia,Prosperi,,Co-PI,,,,,,,,
grant.4106712,ur.01123474711.39,Darren,Plant,,Co-PI,grid.5379.8,University of Manchester,,North West,GB,2643123,Manchester,United Kingdom
grant.4106712,ur.0710274747.47,Caroline,Gordon,Pamela,Co-PI,grid.6572.6,University of Birmingham,,West Midlands,GB,2655603,,United Kingdom
grant.4106712,ur.0641365745.01,Michael,Ehrenstein,Randolph,Co-PI,grid.83440.3b,University College London,,London,GB,2643743,,United Kingdom
grant.4106712,ur.01206605606.76,Yanick,Crow,,Co-PI,,,,,,,,
grant.4106712,ur.0765513102.59,Amin,Rostami-Hodjegan,,Co-PI,grid.5379.8,University of Manchester,,North West,GB,2643123,Manchester,United Kingdom
grant.4106712,ur.01313625457.77,David Lester,Morris,,Co-PI,grid.13097.3c,King's College London,,London,GB,2643743,,United Kingdom
grant.4106712,ur.01210215062.24,David,Isenberg,Alan,Co-PI,grid.83440.3b,University College London,,London,GB,2643743,,United Kingdom
grant.4106712,ur.01206660626.10,John,Ainsworth,David,Co-PI,grid.5379.8,University of Manchester,,North West,GB,2643123,Manchester,United Kingdom
grant.4106712,ur.01026302514.43,Miriam,Wittmann,,Co-PI,grid.9909.9,University of Leeds,,Yorkshire and The Humber,GB,2644688,,United Kingdom
grant.4106712,ur.0747625346.32,Mark,Lunt,,Co-PI,grid.5379.8,University of Manchester,,North West,GB,2643123,Manchester,United Kingdom
grant.4106712,ur.0771761660.41,Neil,McHugh,John,Co-PI,,,,,,,,
grant.4106712,ur.013463243047.71,Edward,Vital,,Co-PI,grid.9909.9,University of Leeds,,Yorkshire and The Humber,GB,2644688,,United Kingdom
grant.4106712,ur.013157712337.84,Timothy,Vyse,J,Co-PI,grid.13097.3c,King's College London,,London,GB,2643743,,United Kingdom
grant.4106712,ur.0632657727.28,David,D'Cruz,P,Co-PI,,,,,,,,
grant.4106712,ur.016707572717.43,Brian,Tom,,Co-PI,grid.5335.0,University of Cambridge,,East of England,GB,2653941,,United Kingdom
grant.4106662,ur.01013670757.09,Manu,Mathur,,PI,grid.415361.4,Public Health Foundation of India,,,IN,1261481,,
grant.4106662,ur.01173107366.95,Mathew Sunil,George,,Co-PI,grid.415361.4,Public Health Foundation of India,,,IN,1261481,,
grant.4106662,ur.01033212502.09,Monika,Arora,,Co-PI,grid.415361.4,Public Health Foundation of India,,,IN,1261481,,
grant.4106662,ur.010220256662.83,Richard,Watt,Geddie,Co-PI,,,,,,,,
grant.4106662,ur.01202175005.34,Nora,Groce,,Co-PI,,,,,,,,
grant.3959208,ur.016200410523.59,Alessandro,Mottura,,PI,grid.6572.6,University of Birmingham,,West Midlands,GB,2655603,,United Kingdom
grant.3959709,ur.014237410227.54,Richard,Dawson,James,Co-PI,,,,,,,,
grant.3959709,ur.016172274125.47,JUNG-SIK,KIM,,Co-PI,,,,,,,,
grant.3959726,ur.014412464640.50,Andrew,Crayford,Philip,Co-PI,,,,,,,,
grant.3959726,ur.010116360316.52,Philip,Bowen,,Co-PI,,,,,,,,
grant.3959726,ur.011763226674.70,Agustin,Valera-Medina,,Co-PI,,,,,,,,
grant.3959726,ur.016126546477.31,Richard,Marsh,,Co-PI,,,,,,,,
grant.4106564,ur.01362263454.17,Alexander John,Henderson,,PI,grid.5337.2,University of Bristol,,South West,GB,2654675,,United Kingdom
grant.4106564,ur.01272705116.37,Kate,Tilling,,Co-PI,grid.5337.2,University of Bristol,,South West,GB,2654675,,United Kingdom
grant.4106564,ur.01066305213.57,Neil,Pearce,E,Co-PI,,,,,,,,
grant.4106564,ur.01013452327.67,Kate,Northstone,,Co-PI,grid.5337.2,University of Bristol,,South West,GB,2654675,,United Kingdom
grant.4575744,ur.013363715321.79,David,Penney,,Co-PI,grid.4827.9,Swansea University,,Wales,GB,2636432,,United Kingdom
grant.3958995,ur.0721467622.34,Enda,Hayes,Thomas,PI,grid.6518.a,University of the West of England,,South West,GB,2654675,,United Kingdom
grant.3959047,ur.01174156643.02,Sean,Tyrrel,,PI,grid.12026.37,Cranfield University,,East of England,GB,2652087,,United Kingdom
grant.3959047,ur.010177460502.43,Simon,Pollard,James,Co-PI,grid.12026.37,Cranfield University,,East of England,GB,2652087,,United Kingdom
grant.3959047,ur.01057730243.75,Gillian,Drew,Hazel,Co-PI,grid.12026.37,Cranfield University,,East of England,GB,2652087,,United Kingdom
grant.3959757,ur.01234322633.63,Peter,Ellis,Rory,PI,grid.13097.3c,King's College London,,London,GB,2643743,,United Kingdom
grant.4901636,ur.0707047074.91,Fuzhong,Zhang,,PI,grid.4367.6,Washington University in St. Louis,US-MO,,US,4407066,,Usa
grant.4293983,ur.014433124137.56,Reuben,Carr,,PI,grid.421032.6,Ingenza Limited,,Scotland,GB,2650225,Roslin,
grant.4294878,ur.016375245305.78,Peter,Jacobs,,PI,,Onzo Limited,,London,,,,
grant.3958031,ur.01346070163.10,Simon,Jackson,,PI,grid.11201.33,University of Plymouth,,South West,GB,2640194,,United Kingdom
grant.3958031,ur.0754140565.40,Gyorgy,Fejer,,Co-PI,grid.11201.33,University of Plymouth,,South West,GB,2640194,,United Kingdom
grant.4294519,ur.014132747405.76,Nick,Barnett,,PI,,Xl Technology Limited,,South East,,,BAGSHOT,
grant.3957585,ur.0634607420.56,Jawwad,Darr,,Co-PI,,,,,,,,
grant.3959632,ur.010131654245.13,Donal,Bradley,Donat,Co-PI,,,,,,,,
grant.4294189,ur.01316442772.22,Feimatta,Conteh,,PI,grid.431958.2,Arcola Energy Limited,,London,GB,2643743,London,United Kingdom
grant.3958402,ur.0646406121.63,Michaela,Benzeval,,PI,grid.8356.8,University of Essex,,East of England,GB,2652618,,United Kingdom
grant.3958402,ur.01313573670.87,Paul,Clarke,Simon,Co-PI,grid.8356.8,University of Essex,,East of England,GB,2652618,,United Kingdom
grant.3958402,ur.01351440247.41,Meena,Kumari,,Co-PI,grid.8356.8,University of Essex,,East of England,GB,2652618,,United Kingdom
grant.3958402,ur.01254126024.54,Stephen,Pudney,,Co-PI,grid.11835.3e,University of Sheffield,,Yorkshire and The Humber,GB,2638077,,United Kingdom
grant.3958402,ur.0707064011.20,Richard,Mitchell,James,Co-PI,,,,,,,,
grant.3958402,ur.01266005746.46,Tarani,Chandola,,Co-PI,,,,,,,,
grant.3958402,ur.01005143276.04,Andrew,Jones,Michael,Co-PI,,,,,,,,
grant.4106632,ur.014037465457.11,Stephen,Gordon,Brian,PI,grid.48004.38,Liverpool School of Tropical Medicine,,North West,GB,2644210,,
grant.4106632,ur.01016511205.00,Daniela,Ferreira,M.,Co-PI,grid.48004.38,Liverpool School of Tropical Medicine,,North West,GB,2644210,,
grant.4294507,ur.011742426005.51,Lars,Landberg,,PI,grid.423685.e,Garrad Hassan & Partners Limited,,South West,GB,2648579,BRISTOL,
grant.3958133,ur.0754625733.55,Kianoush,Nazarpour,,PI,grid.1006.7,Newcastle University,,North East,GB,2641673,,United Kingdom
grant.3958133,ur.01212021575.67,Rory J,Connor,,Co-PI,grid.9909.9,University of Leeds,,Yorkshire and The Humber,GB,2644688,,United Kingdom
grant.3958133,ur.01222135174.32,Francisco,Sepulveda,,Co-PI,grid.8356.8,University of Essex,,East of England,GB,2652618,,United Kingdom
grant.3958133,ur.01046565564.01,David,Steenson,Paul,Co-PI,grid.9909.9,University of Leeds,,Yorkshire and The Humber,GB,2644688,,United Kingdom
grant.3958133,ur.016205545635.74,Liudi,Jiang,,Co-PI,grid.5491.9,University of Southampton,,South East,GB,2637487,,United Kingdom
grant.3958133,ur.015217356074.44,Edward,Chadwick,Kenneth,Co-PI,,,,,,,,
grant.4187548,ur.0710675213.03,David,Williams,,PI,grid.9654.e,University of Auckland,,,NZ,2193733,,New Zealand
grant.4187548,ur.0677562137.44,Bridget,Ingham,,PI,grid.418016.a,Callaghan Innovation,,,NZ,2179537,,New Zealand
grant.4187548,ur.01177157277.61,Margareth,Ko,Monika,PI,grid.498629.8,Quest Integrity NZL Ltd.,,,NZ,2179537,,New Zealand
grant.4187548,ur.010666210053.06,John,Burnell,,PI,grid.15638.39,GNS Science,,,NZ,2188164,,
grant.3938426,ur.014472355411.27,Flavia,Remo,,PI,,,,,,,,
grant.3938426,ur.013724233705.19,Moussa,Ndour,,PI,,,,,,,,
grant.3938426,ur.014521614305.56,Chun,Xie,,PI,,,,,,,,
grant.3938426,ur.016114555305.44,Pablo,Rodrigues Sanchez,,PI,,,,,,,,
grant.3938426,ur.016541073441.76,Daniele,Castellana,,PI,,,,,,,,
grant.3938426,ur.07347535245.35,Johannes,Lohmann,,PI,,,,,,,,
grant.3938426,ur.010145115645.10,Karl,Nyman,,PI,,,,,,,,
grant.3938426,ur.010742476245.24,Christian,Pangerl,,PI,,,,,,,,
grant.3938426,ur.011540056645.95,Kalle,Timperi,,PI,,,,,,,,
grant.3938426,ur.012335437245.62,Michael,Hartl,,PI,,,,,,,,
grant.3938426,ur.013133017645.96,Sajjad,Bakrani-Balani,,PI,,,,,,,,
grant.3938426,ur.010265112177.34,Muh-Usman,Mirza,,PI,,,,,,,,
grant.3938426,ur.012717115102.55,Iacopo,Longo,,PI,,,,,,,,
grant.3938426,ur.015466566047.58,Damian,Smug,,PI,,,,,,,,
grant.3938426,ur.012331272705.57,Courtney,Quinn,,PI,,,,,,,,
grant.3938644,ur.016675433055.87,Viacheslav,Bolnykh,,PI,,,,,,,,
grant.3938644,ur.015145144005.23,Lyu,Wenping,,PI,,,,,,,,
grant.3938644,ur.012754622405.14,Giorgia,Guccione,,PI,,,,,,,,
grant.3938644,ur.011361661405.82,Xiao,Xue,,PI,,,,,,,,
grant.3938644,ur.07766720405.26,Vanessa,Koch,,PI,,,,,,,,
grant.3938644,ur.015077030605.08,Teodor,Nikolov,,PI,,,,,,,,
grant.3938644,ur.012706507205.81,Ibrahim,Ekin Erkan,,PI,,,,,,,,
grant.3938644,ur.012321574271.56,Ian Nathan,Zwaan,,PI,,,,,,,,
grant.3938644,ur.011753536652.78,Guillaume,Tauzin,,PI,,,,,,,,
grant.3938644,ur.013142425700.84,Georgios,Margazoglou,,PI,,,,,,,,
grant.3938644,ur.014233335005.07,Felix,Milan,,PI,,,,,,,,
grant.3938644,ur.010415403503.80,Alessandro,Gabbana,,PI,,,,,,,,
grant.3938644,ur.014261760271.07,Simone,Bacchio,,PI,,,,,,,,
grant.3938644,ur.010565311650.06,Salvatore,Cali,,PI,,,,,,,,
grant.3938644,ur.015641567023.21,Aurora,Scapellato,,PI,,,,,,,,
grant.3938644,ur.015654160253.67,Thomas,Tarenzi,,PI,,,,,,,,
grant.3938644,ur.015323322770.55,Srijit,Paul,,PI,,,,,,,,
grant.3938644,ur.011774700205.42,Andrew,Brockman,,PI,,,,,,,,
grant.4106946,ur.013427467437.02,James,Wild,,PI,grid.11835.3e,University of Sheffield,,Yorkshire and The Humber,GB,2638077,,United Kingdom
grant.4106946,ur.011630627612.34,Paul,Griffiths,,Co-PI,grid.11835.3e,University of Sheffield,,Yorkshire and The Humber,GB,2638077,,United Kingdom
grant.4106946,ur.01171323204.48,Marco,Viceconti,,Co-PI,grid.11835.3e,University of Sheffield,,Yorkshire and The Humber,GB,2638077,,United Kingdom
grant.4106946,ur.0610025364.39,Nigel,Hoggard,,Co-PI,grid.11835.3e,University of Sheffield,,Yorkshire and The Humber,GB,2638077,,United Kingdom
grant.4107280,ur.01141772261.47,Tarek,Yousry,,PI,grid.83440.3b,University College London,,London,GB,2643743,,United Kingdom
grant.4107280,ur.016216667457.70,Jason,Warren,,Co-PI,grid.83440.3b,University College London,,London,GB,2643743,,United Kingdom
grant.4107280,ur.01146271656.37,Xavier,Golay,,Co-PI,grid.83440.3b,University College London,,London,GB,2643743,,United Kingdom
grant.4107280,ur.0677474733.64,Nikolaus,Weiskopf,,Co-PI,,,,,,,,
grant.4107280,ur.0633150417.41,Daniel,Alexander,,Co-PI,grid.83440.3b,University College London,,London,GB,2643743,,United Kingdom
grant.4107280,ur.0731256650.39,Sebastien,Ourselin,,Co-PI,grid.83440.3b,University College London,,London,GB,2643743,,United Kingdom
grant.4107280,ur.016674005612.53,John,Thornton,,Co-PI,grid.83440.3b,University College London,,London,GB,2643743,,United Kingdom
grant.4107216,ur.012613160437.73,Henrique,Araujo,Miguel,PI,,,,,,,,
grant.4106668,ur.07546150164.54,Vitaly,Kudryavtsev,,PI,grid.11835.3e,University of Sheffield,,Yorkshire and The Humber,GB,2638077,,United Kingdom
grant.3957233,ur.010131654245.13,Donal,Bradley,Donat,PI,,,,,,,,
grant.3956455,ur.016140423745.36,David,Arscott,,PI,,Concepture Ltd,,South East,,,GODALMING,
grant.3957732,ur.0743217024.42,Neil,Allan,Langsford,PI,grid.5337.2,University of Bristol,,South West,GB,2654675,,United Kingdom
grant.3957732,ur.010405260157.42,Timothy,Harrison,Guy,Co-PI,grid.5337.2,University of Bristol,,South West,GB,2654675,,United Kingdom
grant.3958652,ur.012164775073.20,Gareth,Harrison,Paul,Co-PI,,,,,,,,
grant.3958652,ur.0755743127.45,M,Pourkashanian,,Co-PI,,,,,,,,
grant.3958652,ur.01364617450.67,Jenny,Jones,Marie,Co-PI,,,,,,,,
grant.3958652,ur.016211125157.04,Lin,Ma,,Co-PI,,,,,,,,
grant.3958652,ur.01255107641.37,Jia,Li,,Co-PI,,,,,,,,
grant.3958652,ur.01200203330.64,Jonathan,Gibbins,,Co-PI,,,,,,,,
grant.3958888,ur.01057773560.75,Alex,Halliday,,PI,grid.4991.5,University of Oxford,,South East,GB,2640729,,United Kingdom
grant.3958888,ur.01316715030.10,Bernard,Wood,John,Co-PI,grid.4991.5,University of Oxford,,South East,GB,2640729,,United Kingdom
grant.3959022,ur.014405303052.35,Janet,Drew,Elizabeth,PI,grid.5846.f,University of Hertfordshire,,East of England,GB,2647349,,United Kingdom
grant.3959022,ur.015325065131.42,Philip,Lucas,William,Co-PI,grid.5846.f,University of Hertfordshire,,East of England,GB,2647349,,United Kingdom
grant.3959022,ur.014033643117.36,Marc,Sarzi,,Co-PI,,,,,,,,
grant.3959022,ur.010650252001.64,Jason,Stevens,Anthony,Co-PI,grid.5846.f,University of Hertfordshire,,East of England,GB,2647349,,United Kingdom
grant.3959022,ur.010026506104.19,Kristen,Coppin,,Co-PI,grid.5846.f,University of Hertfordshire,,East of England,GB,2647349,,United Kingdom
grant.3959022,ur.0755347270.87,Elias,Brinks,,Co-PI,grid.5846.f,University of Hertfordshire,,East of England,GB,2647349,,United Kingdom
grant.3959022,ur.01075742230.36,Ralf,Napiwotzki,,Co-PI,grid.5846.f,University of Hertfordshire,,East of England,GB,2647349,,United Kingdom
grant.3959022,ur.014523557601.21,Mark,Thompson,Anthony,Co-PI,grid.5846.f,University of Hertfordshire,,East of England,GB,2647349,,United Kingdom
grant.3959022,ur.014062722503.74,Timothy,Gledhill,Michael,Co-PI,grid.5846.f,University of Hertfordshire,,East of England,GB,2647349,,United Kingdom
grant.3959022,ur.012002623507.04,David,Pinfield,James,Co-PI,grid.5846.f,University of Hertfordshire,,East of England,GB,2647349,,United Kingdom
grant.3959022,ur.011607715731.70,Hugh,Jones,Richard,Co-PI,grid.5846.f,University of Hertfordshire,,East of England,GB,2647349,,United Kingdom
grant.3959022,ur.016513437525.52,Sugata,Kaviraj,,Co-PI,grid.5846.f,University of Hertfordshire,,East of England,GB,2647349,,United Kingdom
grant.3959022,ur.07517432777.66,Maria-Rosa,Cioni,,Co-PI,,,,,,,,
grant.3959022,ur.01206571620.29,Martin,Hardcastle,John,Co-PI,grid.5846.f,University of Hertfordshire,,East of England,GB,2647349,,United Kingdom
grant.3959022,ur.01353621516.29,Antonio,Chrysostomou,,Co-PI,grid.5846.f,University of Hertfordshire,,East of England,GB,2647349,,United Kingdom
grant.5498559,ur.01062632722.84,Peter,Brown,,PI,grid.4991.5,University of Oxford,,South East,GB,2640729,,United Kingdom
grant.5498559,ur.01040555260.53,Andrew,Sharott,,Co-PI,grid.4991.5,University of Oxford,,South East,GB,2640729,,United Kingdom
grant.4576548,ur.01163147650.41,Bruce,Drinkwater,,Co-PI,,,,,,,,
grant.4576548,ur.01212273150.72,Steven,Dixon,Mark,Co-PI,,,,,,,,
grant.4576548,ur.016114173523.70,Anthony,Peyton,,Co-PI,,,,,,,,
grant.4576548,ur.01274612570.42,Anthony,Gachagan,,Co-PI,,,,,,,,
grant.4576548,ur.01175301263.93,Michael,Somekh,,Co-PI,,,,,,,,
grant.3956680,ur.01004112506.57,Chris,Nicklin,,Co-PI,grid.18785.33,Diamond Light Source,,South East,GB,2651269,,United Kingdom
grant.3865186,ur.012331040403.37,Dmitry,Ivanov,,PI,grid.5337.2,University of Bristol,,South West,GB,2654675,,United Kingdom
grant.3865186,ur.01061016575.75,Ioannis,Georgilas,,Co-PI,,,,,,,,
grant.4294539,ur.07620217605.50,Damien,Szegda,,PI,grid.498418.8,Impression Technologies Limited,,London,GB,2652221,Knightsbridge,
grant.3958101,ur.01072455400.54,Paul,Kyberd,,Co-PI,grid.7728.a,Brunel University,,,GB,2643743,,United Kingdom
grant.3959655,ur.010064126425.08,Andrew,Ball,David,PI,grid.15751.37,University of Huddersfield,,Yorkshire and The Humber,GB,2646458,,United Kingdom
grant.3959655,ur.01074017225.10,Graeme,Greaves,,Co-PI,grid.15751.37,University of Huddersfield,,Yorkshire and The Humber,GB,2646458,,United Kingdom
grant.3959655,ur.07433140122.98,Stephen Eastwood,Donnelly,,Co-PI,grid.15751.37,University of Huddersfield,,Yorkshire and The Humber,GB,2646458,,United Kingdom
grant.3959655,ur.01141704510.19,Vladimir,Vishnyakov,,Co-PI,grid.15751.37,University of Huddersfield,,Yorkshire and The Humber,GB,2646458,,United Kingdom
grant.3959655,ur.015034313477.27,Jonathan,Hinks,Andrew,Co-PI,grid.15751.37,University of Huddersfield,,Yorkshire and The Humber,GB,2646458,,United Kingdom
grant.3958793,ur.0752305174.67,Steve,Wilks,,PI,grid.4827.9,Swansea University,,Wales,GB,2636432,,United Kingdom
grant.3958793,ur.07664546365.17,Ian David,Cluckie,,PI,grid.4827.9,Swansea University,,Wales,GB,2636432,,United Kingdom
grant.3958793,ur.011521450751.52,Robert,Lancaster,Joseph,Co-PI,grid.4827.9,Swansea University,,Wales,GB,2636432,,United Kingdom
grant.3958793,ur.01047207124.04,Mark,Whittaker,Thomas,Co-PI,grid.4827.9,Swansea University,,Wales,GB,2636432,,United Kingdom
grant.3958793,ur.01001073724.10,Karen,Perkins,Michelle,Co-PI,grid.4827.9,Swansea University,,Wales,GB,2636432,,United Kingdom
grant.3958793,ur.0651756431.74,David,Worsley,,Co-PI,grid.4827.9,Swansea University,,Wales,GB,2636432,,United Kingdom
grant.3958793,ur.010204031061.85,Richard,Johnston,Edward,Co-PI,grid.4827.9,Swansea University,,Wales,GB,2636432,,United Kingdom
grant.3958793,ur.01242656301.21,Cameron,Pleydell-Pearce,,Co-PI,grid.4827.9,Swansea University,,Wales,GB,2636432,,United Kingdom
grant.4106961,ur.01224430673.74,Vladimir,Buchman,L.,Co-PI,grid.5600.3,Cardiff University,,Wales,GB,2653822,,United Kingdom
grant.4106961,ur.0754126313.38,Paul Jeffrey,Kemp,,Co-PI,grid.5600.3,Cardiff University,,Wales,GB,2653822,,United Kingdom
grant.4106961,ur.01057156522.67,Andrew,Lawrence,David,Co-PI,grid.5600.3,Cardiff University,,Wales,GB,2653822,,United Kingdom
grant.4106961,ur.0653275763.29,Kim,Graham,,Co-PI,grid.5600.3,Cardiff University,,Wales,GB,2653822,,United Kingdom
grant.4106961,ur.01323017211.78,Christopher,Marshall,,Co-PI,grid.5600.3,Cardiff University,,Wales,GB,2653822,,United Kingdom
grant.4106961,ur.01224416435.31,Amy,Gerrish,,Co-PI,grid.5600.3,Cardiff University,,Wales,GB,2653822,,United Kingdom
grant.4106961,ur.0615205073.24,Emyr,Lloyd-Evans,,Co-PI,grid.5600.3,Cardiff University,,Wales,GB,2653822,,United Kingdom
grant.4106961,ur.012401125422.47,Nicholas,Allen,Denby,Co-PI,grid.5600.3,Cardiff University,,Wales,GB,2653822,,United Kingdom
grant.4106961,ur.014255227172.91,Lesley,Jones,,Co-PI,grid.5600.3,Cardiff University,,Wales,GB,2653822,,United Kingdom
grant.4107191,ur.01270627722.12,Anneke,Hesseling,Catharina,PI,grid.11956.3a,Stellenbosch University,,Outside UK,ZA,3361025,,South Africa
grant.4107191,ur.0667525735.42,Sharon,Nachman,,Co-PI,,,,,,,,
grant.4107191,ur.01175461524.37,Anthony,Garcia-Prats,Joseph,Co-PI,grid.11956.3a,Stellenbosch University,,Outside UK,ZA,3361025,,South Africa
grant.4107191,ur.012422130264.50,Hendrik Simon,Schaaf,,Co-PI,grid.11956.3a,Stellenbosch University,,Outside UK,ZA,3361025,,South Africa
grant.4107191,ur.01365570267.06,Soyeon,Kim,,Co-PI,,,,,,,,
grant.4107191,ur.0756431733.12,David,Dowdy,Wesley,Co-PI,,,,,,,,
grant.4107191,ur.0706140343.91,Neil,Martinson,,Co-PI,,,,,,,,
grant.4107191,ur.014455750101.55,Graeme,Hoddinott,,Co-PI,grid.11956.3a,Stellenbosch University,,Outside UK,ZA,3361025,,South Africa
grant.4107191,ur.01004356140.23,Mark,Cotton,Fredric,Co-PI,grid.11956.3a,Stellenbosch University,,Outside UK,ZA,3361025,,South Africa
grant.4107191,ur.01072731604.87,Lee,Fairlie,,Co-PI,,,,,,,,
grant.3958369,ur.014467331712.40,Jonathan,Matthews,,PI,grid.5337.2,University of Bristol,,South West,GB,2654675,,United Kingdom
grant.3958444,ur.011625772034.53,Michael,Lee,Richard,PI,grid.418374.d,Rothamsted Research,,East of England,GB,2647451,,United Kingdom
grant.3958444,ur.012125077462.19,Michael,Bailey,,Co-PI,grid.5337.2,University of Bristol,,South West,GB,2654675,,United Kingdom
grant.3958444,ur.01244436510.17,Tristan,Cogan,,Co-PI,grid.5337.2,University of Bristol,,South West,GB,2654675,,United Kingdom
grant.3956552,ur.011102604143.96,Giuliano,Allegri,,PI,,,,,,,,
grant.4107223,ur.01155021605.26,Debra,Skene,Jean,PI,grid.5475.3,University of Surrey,,South East,GB,2647793,,United Kingdom
grant.4107223,ur.01027430244.76,Benita,Middleton,,Co-PI,grid.5475.3,University of Surrey,,South East,GB,2647793,,United Kingdom
grant.6798405,ur.01000053751.67,Eric,Aboagye,,Co-PI,,,,,,,,
grant.5239699,ur.013335241653.30,Daia,Zwicky,,PI,grid.483301.d,University of Applied Sciences and Arts Western Switzerland,,,CH,2658576,,
grant.4293993,ur.0754756571.75,Anthony,Wilson,James,PI,grid.63622.33,The Pirbright Institute,,South East,GB,2633709,,United Kingdom
grant.3959560,ur.07441045652.15,Geoff,Parker,J,PI,grid.83440.3b,University College London,,London,GB,2643743,,United Kingdom
grant.3959560,ur.01234566610.46,Karl,Herholz,,Co-PI,grid.5379.8,University of Manchester,,North West,GB,2643123,Manchester,United Kingdom
grant.3959560,ur.0614646411.86,Julian,Matthews,Charles,Co-PI,grid.5379.8,University of Manchester,,North West,GB,2643123,Manchester,United Kingdom
grant.3959560,ur.0661413575.09,Alistair,Burns,,Co-PI,grid.5379.8,University of Manchester,,North West,GB,2643123,Manchester,United Kingdom
grant.3959560,ur.0604507573.10,Herve,Boutin,,Co-PI,grid.5379.8,University of Manchester,,North West,GB,2643123,Manchester,United Kingdom
grant.3959560,ur.014741071440.89,Stephen,Williams,Ross,Co-PI,grid.5379.8,University of Manchester,,North West,GB,2643123,Manchester,United Kingdom
grant.3959560,ur.0650755766.05,Laura,Parkes,Michelle,Co-PI,grid.5379.8,University of Manchester,,North West,GB,2643123,Manchester,United Kingdom
grant.3959560,ur.01354253135.63,Marie-Claude,Asselin,,Co-PI,grid.5379.8,University of Manchester,,North West,GB,2643123,Manchester,United Kingdom
grant.6944737,ur.014661724572.21,Ann,Walker,Sarah,PI,grid.83440.3b,University College London,,London,GB,2643743,,United Kingdom
grant.6944737,ur.010142470622.53,David,Dunn,Tyre,Co-PI,grid.83440.3b,University College London,,London,GB,2643743,,United Kingdom
grant.6944737,ur.01214465165.19,Ibrahim,Abubakar,,Co-PI,grid.83440.3b,University College London,,London,GB,2643743,,United Kingdom
grant.3938533,ur.012335645707.03,Yunpeng,Cai,,PI,,,,,,,,
grant.3938533,ur.011741625045.43,Lucia,Massi,,PI,,,,,,,,
grant.3938533,ur.01165054101.37,Marco,Sorbona,,PI,,,,,,,,
grant.3938533,ur.07551303445.48,Serdar,Capar,,PI,,,,,,,,
grant.3938533,ur.01262335160.11,Andrea,Lolli,,PI,,,,,,,,
grant.3938533,ur.014064033245.66,Bradley,Whitehead,,PI,,,,,,,,
grant.3938533,ur.016665624217.39,Florian,Barré,,PI,,,,,,,,
grant.3938533,ur.014513376352.34,Fabio,Colella,,PI,,,,,,,,
grant.3938533,ur.010166414117.31,Joao,Garcia,,PI,,,,,,,,
grant.3938533,ur.0624051671.85,Jacopo,Oieni,,PI,,,,,,,,
grant.3938533,ur.013603217241.44,Domenico,D'Atri,,PI,,,,,,,,
grant.3938533,ur.010632202735.24,Luana,Zerrillo,,PI,,,,,,,,
grant.3938533,ur.011625376445.61,Sonja,Haeckel,,PI,,,,,,,,
grant.3938533,ur.010232435445.31,Letizia,Vainieri,,PI,,,,,,,,
grant.3938533,ur.016140126245.58,Jie,Du,,PI,,,,,,,,
grant.3938533,ur.014545165245.04,Federico,Urzi,,PI,,,,,,,,
grant.3938533,ur.012422757045.22,Bernardo,Antunes,,PI,,,,,,,,
grant.7158040,ur.01025333271.38,Jayne,Tierney,,PI,grid.83440.3b,University College London,,London,GB,2643743,,United Kingdom
grant.7158040,ur.012432013277.27,Matthew,Sydes,Robert,Co-PI,grid.83440.3b,University College London,,London,GB,2643743,,United Kingdom
grant.6945614,ur.0726205741.07,Ruth,Langley,Elizabeth,PI,grid.83440.3b,University College London,,London,GB,2643743,,United Kingdom
grant.6945614,ur.01025333271.38,Jayne,Tierney,,Co-PI,grid.83440.3b,University College London,,London,GB,2643743,,United Kingdom
grant.6945614,ur.011220575527.27,Max,Parmar,,Co-PI,grid.83440.3b,University College London,,London,GB,2643743,,United Kingdom
grant.6945614,ur.01334047116.60,Louise,BROWN,C,Co-PI,grid.83440.3b,University College London,,London,GB,2643743,,United Kingdom
grant.6945614,ur.012576320452.30,Richard,Kaplan,,Co-PI,grid.83440.3b,University College London,,London,GB,2643743,,United Kingdom
grant.3957019,ur.07433140122.98,Stephen Eastwood,Donnelly,,PI,grid.15751.37,University of Huddersfield,,Yorkshire and The Humber,GB,2646458,,United Kingdom
grant.3865293,ur.01020276513.67,David,Carmichael,William,PI,,,,,,,,
grant.3959738,ur.010747023040.50,Rui,Chen,,Co-PI,,,,,,,,
grant.3956377,ur.01320540201.35,David,Poyner,Roy,PI,grid.7273.1,Aston University,,West Midlands,GB,2655603,,United Kingdom
grant.4106874,ur.0721720343.08,James,Garnett,,PI,,,,,,,,
grant.4106576,ur.0735354406.74,Leo,Carlin,Marc,PI,,,,,,,,
grant.3956865,ur.01002443151.88,Daimark,Bennett,Hamilton,PI,grid.10025.36,University of Liverpool,,,GB,2644210,,United Kingdom
grant.3956865,ur.0642714543.97,Rasmita,Raval,,Co-PI,grid.10025.36,University of Liverpool,,,GB,2644210,,United Kingdom
grant.3956865,ur.01335323157.44,Anthony,Hall,James,Co-PI,,,,,,,,
grant.3956865,ur.01030172475.81,Conrad,Mullineaux,William,Co-PI,grid.4868.2,"Queen Mary, University of London",,London,GB,2643743,,United Kingdom
grant.3956865,ur.0746500543.97,Luning,Liu,,Co-PI,grid.10025.36,University of Liverpool,,,GB,2644210,,United Kingdom
grant.3956865,ur.015040332612.46,Malcolm,Jackson,Joseph,Co-PI,grid.10025.36,University of Liverpool,,,GB,2644210,,United Kingdom
grant.3956865,ur.0607441564.05,James,Hartwell,,Co-PI,grid.10025.36,University of Liverpool,,,GB,2644210,,United Kingdom
grant.3956865,ur.0751654324.68,Raphael,Levy,,Co-PI,grid.10025.36,University of Liverpool,,,GB,2644210,,United Kingdom
grant.3956865,ur.014624240725.52,Kevin,Park,,Co-PI,grid.10025.36,University of Liverpool,,,GB,2644210,,United Kingdom
grant.3956865,ur.01173071014.45,Anthony,Hollander,,Co-PI,grid.10025.36,University of Liverpool,,,GB,2644210,,United Kingdom
grant.3956865,ur.01014474310.22,Violaine,See,,Co-PI,grid.10025.36,University of Liverpool,,,GB,2644210,,United Kingdom
grant.3956778,ur.01336666543.60,Sharon,Peacock,,PI,,,,,,,,
grant.3956778,ur.0721672702.32,Tom,Blundell,,Co-PI,grid.5335.0,University of Cambridge,,East of England,GB,2653941,,United Kingdom
grant.3956778,ur.01165376307.20,David,Ascher,Benjamin,Co-PI,grid.5335.0,University of Cambridge,,East of England,GB,2653941,,United Kingdom
grant.4456243,ur.01026256215.06,Jonathan,Underwood,Graham,PI,grid.83440.3b,University College London,,London,GB,2643743,,United Kingdom
grant.3865364,ur.01372146277.34,John,Heap,Timothy,PI,,,,,,,,
grant.3957633,ur.01212541475.56,Michael,Wakelam,,PI,grid.418195.0,Babraham Institute,,East of England,GB,2653941,,United Kingdom
grant.3957633,ur.0617016724.38,Nicolas,Le Novere,,Co-PI,grid.418195.0,Babraham Institute,,East of England,GB,2653941,,United Kingdom
grant.3957041,ur.01242674607.54,Charlotte,Williams,Katherine,Co-PI,,,,,,,,
grant.3959275,ur.011207612622.31,Peter,Kirton,George,PI,grid.11914.3c,University of St Andrews,,Scotland,GB,2638864,,United Kingdom
grant.3958333,ur.0651557313.56,Michael,Taggart,,PI,grid.1006.7,Newcastle University,,North East,GB,2641673,,United Kingdom
grant.3958333,ur.01137776367.58,Claudia,Racca,,Co-PI,grid.1006.7,Newcastle University,,North East,GB,2641673,,United Kingdom
grant.3958333,ur.01165132537.69,Lyle,Armstrong,,Co-PI,grid.1006.7,Newcastle University,,North East,GB,2641673,,United Kingdom
grant.3958333,ur.0624230205.94,Mark,Cunningham,,Co-PI,grid.1006.7,Newcastle University,,North East,GB,2641673,,United Kingdom
grant.3958333,ur.015316513742.69,Doug,Turnbull,,Co-PI,grid.1006.7,Newcastle University,,North East,GB,2641673,,United Kingdom
grant.3958333,ur.01075233121.02,Kathryn,White,,Co-PI,grid.1006.7,Newcastle University,,North East,GB,2641673,,United Kingdom
grant.3958333,ur.01303112463.30,Frances,Rind,Claire,Co-PI,grid.1006.7,Newcastle University,,North East,GB,2641673,,United Kingdom
grant.3956959,ur.01213653051.67,Robert,Davey,,Co-PI,,,,,,,,
grant.3956959,ur.01145537651.18,Timothy,Stitt,,Co-PI,,,,,,,,
grant.3956959,ur.01253400240.91,Michael,Watson,Bryan,Co-PI,grid.4305.2,University of Edinburgh,,Scotland,GB,2650225,,United Kingdom
grant.3956959,ur.01237641305.48,Federica,Di Palma,,Co-PI,,,,,,,,
grant.3956959,ur.013426120122.82,Andrew,Law,Stephen,Co-PI,grid.4305.2,University of Edinburgh,,Scotland,GB,2650225,,United Kingdom
grant.3956959,ur.0764542450.95,Paul,Flicek,,Co-PI,grid.225360.0,EMBL - European Bioinformatics Institute,,East of England,GB,2653941,,United Kingdom
grant.3956959,ur.0603017050.12,Mario,Caccamo,Jose,Co-PI,,,,,,,,
grant.3864768,ur.0635417117.92,Susanna,Sansone,Assunta,PI,grid.4991.5,University of Oxford,,South East,GB,2640729,,United Kingdom
grant.5128678,ur.010020755616.77,Jock,Given,,PI,,,,,,,,
grant.5128678,ur.01371171243.62,Erik,Bohlin,,Co-PI,,,,,,,,
grant.5128678,ur.012605162115.42,Martin,Cave,,Co-PI,,,,,,,,
grant.3956407,ur.01251030053.44,Marc,Pradas,,Co-PI,,,,,,,,
grant.4294076,ur.013152244563.40,Chris,Lenton,,PI,,Perkins Engines Company Limited,,East of England,,,PETERBOROUGH,
grant.5129008,ur.01251725053.27,Yiu-Wing,Mai,,PI,,,,,,,,
grant.5129008,ur.01160552763.60,Gordon,Williams,,Co-PI,,,,,,,,
grant.5129008,ur.015756141557.18,Li,Chang,,Co-PI,,,,,,,,
grant.3958308,ur.016360717770.13,Stuart,Galloway,,Co-PI,,,,,,,,
grant.3958308,ur.0652006040.31,Ivana,Kockar,,Co-PI,,,,,,,,
grant.3958308,ur.013167206105.71,Carlos,Ugalde Loo,Ernesto,Co-PI,,,,,,,,
grant.3958308,ur.0705427560.83,Jianzhong,Wu,,Co-PI,,,,,,,,
grant.3958308,ur.016354237127.30,Jovica,Milanovic,V,Co-PI,,,,,,,,
grant.3958308,ur.010110624660.14,Graeme,Burt,Marshall,Co-PI,,,,,,,,
grant.3958308,ur.016076470507.32,Robin,Preece,,Co-PI,,,,,,,,
grant.3940729,ur.07367641217.36,Domen,Blenkus,,PI,,,,,,,,
grant.3940729,ur.013114725205.02,Jure,Zmrzlikar,,PI,,,,,,,,
grant.3940729,ur.016664431717.36,Luka,Jeran,,PI,,,,,,,,
grant.3940729,ur.0671210672.12,Oumarou,Ouedraogo,,PI,,,,,,,,
grant.3940729,ur.016700207605.09,Mireille,Ouedraogo,,PI,,,,,,,,
grant.3940729,ur.011022311557.14,Noelie,Henry Bere,,PI,,,,,,,,
grant.3940729,ur.010200777505.16,Greta,Immobile Molaro,,PI,,,,,,,,
grant.3940729,ur.012127264423.80,Luisa Roxana,Minuz,,PI,,,,,,,,
grant.3940729,ur.011331704023.42,Paola,Pollegioni,,PI,,,,,,,,
grant.3940729,ur.010534323423.89,Tania,Persampieri,,PI,,,,,,,,
grant.3940729,ur.016316142737.76,Alessia,Cagnetti,,PI,,,,,,,,
grant.3940729,ur.0757123015.85,Marco,Bruttini,,PI,,,,,,,,
grant.3940729,ur.0625114101.68,Matjaz,Zganec,,PI,,,,,,,,
grant.3940729,ur.015346007527.60,Nace,Kranjc,,PI,,,,,,,,
grant.3940729,ur.0633265011.98,Luisa,Nunziangeli,,PI,,,,,,,,
grant.3940729,ur.01276517663.24,Roberto,Galizi,,PI,,,,,,,,
grant.3940729,ur.014441553005.26,Federica,Bernardini,,PI,,,,,,,,
grant.3940729,ur.07613071537.27,Rocco,D'Amato,,PI,,,,,,,,
grant.3940729,ur.07736743023.72,Alessandro,Trusso,,PI,,,,,,,,
grant.3940729,ur.016442014223.41,Christopher,Bamikole,,PI,,,,,,,,
grant.3940729,ur.014373437605.29,Dario,Meacci,,PI,,,,,,,,
grant.3940729,ur.0716317470.23,Francesco,Carpi,,PI,,,,,,,,
grant.3940729,ur.010060710005.84,Sara Rosas,Martins,,PI,,,,,,,,
grant.3940729,ur.01211170701.43,Valentina,Cisnetto,,PI,,,,,,,,
grant.3940729,ur.01034617712.80,Andrea,Crisanti,,PI,,,,,,,,
grant.3940729,ur.010012574605.68,Federica,Bernardini,,PI,,,,,,,,
grant.3940729,ur.016034514005.55,Valentina,Mangano,,PI,,,,,,,,
grant.3940729,ur.01332367145.68,Issa Nebie,OUEDRAOGO,,PI,,,,,,,,
grant.4295021,ur.01064220453.53,Efrain,Guzman,,PI,grid.63622.33,The Pirbright Institute,,South East,GB,2633709,,United Kingdom
grant.3956514,ur.01265713720.34,Lee,Margetts,,Co-PI,,,,,,,,
grant.3956514,ur.01135361044.28,Andrew,Richards,,Co-PI,,,,,,,,
grant.3956514,ur.0576250650.41,Mike,Ashworth,,Co-PI,,,,,,,,
grant.3864015,ur.07577501157.29,Christopher,Quine,,Co-PI,,,,,,,,
grant.3864015,ur.01145420464.88,Julie,Barnett,,Co-PI,,,,,,,,
grant.3861269,ur.01144325131.75,Julia,Weinstein,A.,PI,grid.11835.3e,University of Sheffield,,Yorkshire and The Humber,GB,2638077,,United Kingdom
grant.3861269,ur.01371706446.23,Jenny,Clark,,Co-PI,grid.11835.3e,University of Sheffield,,Yorkshire and The Humber,GB,2638077,,United Kingdom
grant.3861269,ur.01223345624.80,Mark,Fox,,Co-PI,grid.11835.3e,University of Sheffield,,Yorkshire and The Humber,GB,2638077,,United Kingdom
grant.3861269,ur.07501626047.14,Ahmed,Iraqi,,Co-PI,grid.11835.3e,University of Sheffield,,Yorkshire and The Humber,GB,2638077,,United Kingdom
grant.3861269,ur.01034303101.98,Peter,Portius,,Co-PI,grid.11835.3e,University of Sheffield,,Yorkshire and The Humber,GB,2638077,,United Kingdom
grant.3861269,ur.01336357525.40,James,Thomas,Antony,Co-PI,grid.11835.3e,University of Sheffield,,Yorkshire and The Humber,GB,2638077,,United Kingdom
grant.3861269,ur.0655725361.23,Matthew,Johnson,,Co-PI,grid.11835.3e,University of Sheffield,,Yorkshire and The Humber,GB,2638077,,United Kingdom
grant.3861269,ur.01264005360.65,Neil,Hunter,,Co-PI,grid.11835.3e,University of Sheffield,,Yorkshire and The Humber,GB,2638077,,United Kingdom
grant.3861269,ur.0735417154.06,Mike,Ward,,Co-PI,,,,,,,,
grant.3861269,ur.011222610300.18,Anthony,Ryan,John,Co-PI,grid.11835.3e,University of Sheffield,,Yorkshire and The Humber,GB,2638077,,United Kingdom
grant.3861269,ur.0667715006.54,David George,Lidzey,,Co-PI,grid.11835.3e,University of Sheffield,,Yorkshire and The Humber,GB,2638077,,United Kingdom
grant.3861269,ur.0607723050.14,Tao,Wang,,Co-PI,grid.11835.3e,University of Sheffield,,Yorkshire and The Humber,GB,2638077,,United Kingdom
grant.3861269,ur.01222414740.34,Alastair,Buckley,Robert,Co-PI,grid.11835.3e,University of Sheffield,,Yorkshire and The Humber,GB,2638077,,United Kingdom
grant.3861269,ur.01031203060.34,Ashley,Cadby,James,Co-PI,grid.11835.3e,University of Sheffield,,Yorkshire and The Humber,GB,2638077,,United Kingdom
grant.3957444,ur.01312154520.59,Hari,Upadhyaya,Mohan,PI,,,,,,,,
grant.3957444,ur.0677537471.53,Neil,Robertson,,Co-PI,grid.4305.2,University of Edinburgh,,Scotland,GB,2650225,,United Kingdom
grant.3865340,ur.01014532271.21,Benjamin,Goddard,,Co-PI,,,,,,,,
grant.3864449,ur.01245746147.86,Ioan,Notingher,,PI,grid.4563.4,University of Nottingham,,East Midlands,GB,2641170,,United Kingdom
grant.3865154,ur.016645654751.83,Fabrice,Pierron,,PI,grid.5491.9,University of Southampton,,South East,GB,2637487,,United Kingdom
grant.3862726,ur.01054173630.11,Timothy,Bugg,David Howard,PI,grid.7372.1,University of Warwick,,West Midlands,GB,2652221,,United Kingdom
grant.3862726,ur.01016666756.03,Alexander,Cameron,David,Co-PI,grid.7372.1,University of Warwick,,West Midlands,GB,2652221,,United Kingdom
grant.4057538,ur.0733241352.16,Simon,Pitchford,Charles,Co-PI,,,,,,,,
grant.3863088,ur.01100507327.00,Alessio,Delogu,,PI,grid.13097.3c,King's College London,,London,GB,2643743,,United Kingdom
grant.5228555,ur.01352313667.29,Maher,Kayal,,PI,grid.5333.6,Institut de génie électrique et électronique EPFL - STI - IEL,,,CH,2659994,,
grant.5228555,ur.0634042641.60,Elena,Dubikovskaya,,PI,grid.5333.6,EPF Lausanne,,,CH,2659994,,
grant.5228555,ur.012530567745.61,Anzhelika,Vorobyeva,,Co-PI,grid.8993.b,Rudbeck Laboratory Department of Genetics and Pathology Uppsala University,,,SE,2666199,,
grant.5228555,ur.014343267337.45,Aleksandra,Konovalova,,Co-PI,grid.5801.c,Molekulare Gesundheitswissenschaften Departement Biologie ETH Zürich,,,CH,2657896,,
grant.5228555,ur.0670241364.73,Georgy,Mikhaylov,,Co-PI,,Laboratoire de chimie bio-organique et d'imagerie moléculaire EPFL - SB - ISIC - LCBIM,,,FR,2996944,,
grant.5228555,ur.07727012607.86,Paul Stanislas,Gosselin,,Co-PI,,,,,,,,
grant.3959324,ur.01265026261.41,Anthony,De Soyza,,PI,grid.1006.7,Newcastle University,,North East,GB,2641673,,United Kingdom
grant.3959324,ur.01365166035.44,Anita,Sullivan,,Co-PI,grid.412563.7,University Hospitals Birmingham NHS Foundation Trust,,West Midlands,GB,2655603,Birmingham,
grant.3959324,ur.01054173561.22,Jamie,Duckers,,Co-PI,,,,,,,,
grant.3959324,ur.01351122061.40,Colin,Muirhead,Robert,Co-PI,grid.1006.7,Newcastle University,,North East,GB,2641673,,United Kingdom
grant.3959324,ur.01055015714.93,Adam,Hill,,Co-PI,grid.4305.2,University of Edinburgh,,Scotland,GB,2650225,,United Kingdom
grant.3959324,ur.013510243602.25,Jeff,Pearson,,Co-PI,grid.1006.7,Newcastle University,,North East,GB,2641673,,United Kingdom
grant.3959324,ur.01314260350.09,Alistair,McGuire,James,Co-PI,,,,,,,,
grant.3959324,ur.013171042362.71,Richard,Hubbard,Brian,Co-PI,,,,,,,,
grant.3959324,ur.0645540273.01,Craig,Winstanley,,Co-PI,grid.10025.36,University of Liverpool,,,GB,2644210,,United Kingdom
grant.3959324,ur.01200667163.51,Jeremy,Brown,Stuart,Co-PI,grid.83440.3b,University College London,,London,GB,2643743,,United Kingdom
grant.3959324,ur.013650673312.24,Tom,Wilkinson,,Co-PI,grid.5491.9,University of Southampton,,South East,GB,2637487,,United Kingdom
grant.3959324,ur.01001341525.14,Rodrigo,Floto,Andres,Co-PI,,,,,,,,
grant.3959324,ur.0703425356.25,David,Denning,,Co-PI,,,,,,,,
grant.3959324,ur.01061124417.85,Joseph,Elborn,Stuart,Co-PI,grid.4777.3,Queen's University of Belfast,,Northern Ireland,GB,2655984,,United Kingdom
grant.3959324,ur.07750154464.17,Michael,Loebinger,Richard,Co-PI,,,,,,,,
grant.3863068,ur.01265637765.90,Till,Bartke,,Co-PI,,,,,,,,
grant.3958466,ur.0717077741.71,Tom,McMillan,,Co-PI,grid.8756.c,University of Glasgow,,Scotland,GB,2648579,,United Kingdom
grant.3958466,ur.01020276734.19,Johannes,Passchier,,Co-PI,,,,,,,,
grant.3958466,ur.0650764541.73,William,Stewart,,Co-PI,,,,,,,,
grant.3863356,ur.011361536257.04,Christopher,Jackson,Robert,PI,grid.474329.f,NERC British Geological Survey,,East Midlands,GB,2641170,,United Kingdom
grant.3863356,ur.07461473745.78,Majdi,Mansour,,Co-PI,grid.474329.f,NERC British Geological Survey,,East Midlands,GB,2641170,,United Kingdom
grant.3958461,ur.015453740657.72,Caroline,Sabin,Anne,PI,grid.83440.3b,University College London,,London,GB,2643743,,United Kingdom
grant.3958461,ur.014173120457.78,Andrew,Phillips,Nicholas,Co-PI,grid.83440.3b,University College London,,London,GB,2643743,,United Kingdom
grant.3958461,ur.013106534320.03,Deenan,Pillay,,Co-PI,,,,,,,,
grant.3865408,ur.0603017050.12,Mario,Caccamo,Jose,PI,,,,,,,,
grant.3865408,ur.01213653051.67,Robert,Davey,,PI,grid.421605.4,Earlham Institute,,East of England,GB,2641181,,United Kingdom
grant.3865408,ur.01155240335.87,Maria Victoria,Schneider,,Co-PI,grid.421605.4,Earlham Institute,,East of England,GB,2641181,,United Kingdom
grant.7673200,ur.014701654410.54,Fatima,al-Afifi,,PI,grid.17091.3e,University of British Columbia,CA-BC,,CA,6173331,,
grant.7673179,ur.015357145310.00,Mooza,al-Sowaidi,,PI,,,,,,,,
grant.7673207,ur.016700132010.99,Ahmed,Alghamrawi,,PI,,Texas A&M University - College Station,,,US,4682464,,
grant.7673207,ur.07637657410.99,James,Choi,,Co-PI,,,,,,,,
grant.3862641,ur.012100503713.63,Claudia,Garetto,,PI,grid.6571.5,Loughborough University,,East Midlands,GB,2643567,,United Kingdom
grant.3866246,ur.0702777020.03,Robert,Thorne,Samuel,PI,grid.83440.3b,University College London,,London,GB,2643743,,United Kingdom
grant.3866246,ur.0721545054.04,Keith,Hamilton,,Co-PI,grid.83440.3b,University College London,,London,GB,2643743,,United Kingdom
grant.3866246,ur.012612571730.15,Frank,Deppisch,Franz,Co-PI,grid.83440.3b,University College London,,London,GB,2643743,,United Kingdom
grant.3956616,ur.013027334433.10,Stephen,Clare,,PI,,Ventec-Option Limited,,North West,,,LANCASTER,
grant.3865732,ur.010103141245.15,James,Field,,PI,grid.498475.3,Labgenius Limited,,London,GB,2643743,LONDON,
grant.3864941,ur.01263453502.39,George,Lomonossoff,Peter,PI,grid.14830.3e,John Innes Centre,,East of England,GB,2641181,,United Kingdom
grant.3865218,ur.01336656672.53,Daniel,Pomerleano,,PI,,,,,,,,
grant.3861428,ur.013662257305.54,Clive,Smith,,PI,,Sphere Fluidics Limited,,East of England,,,CAMBRIDGE,
grant.3865254,ur.011307677345.70,Alexander,Peschkoff,,PI,,,,,,,,
grant.3958764,ur.0637221217.39,Peter,Norreys,Andrew,PI,grid.4991.5,University of Oxford,,South East,GB,2640729,,United Kingdom
grant.3958764,ur.01262423604.34,Robert,Bingham,,Co-PI,grid.11984.35,University of Strathclyde,,Scotland,GB,2648579,,United Kingdom
grant.3958764,ur.012005437034.93,Raoul,Trines,Milan,Co-PI,,,,,,,,
grant.3959266,ur.016007144766.50,Lars,Eklund,,PI,grid.8756.c,University of Glasgow,,Scotland,GB,2648579,,United Kingdom
grant.3957410,ur.012501072145.67,Pedro,Barbosa,,PI,,Scottishpower Renewable Energy Limited,,Scotland,,,Glasgow,
grant.3863875,ur.012227643275.94,Katsuichiro,Goda,,PI,grid.39381.30,University of Western Ontario,CA-ON,Outside UK,CA,6058560,,Canada
grant.3863875,ur.010743140767.89,Tiziana,Rossetto,,Co-PI,,,,,,,,
grant.3862355,ur.0610560022.32,Shanta,Persaud,,Co-PI,,,,,,,,
grant.3958976,ur.01011771526.93,Hector,Garcia,Hugo,PI,grid.11100.31,Peruvian University Cayetano Heredia,,,PE,3936456,,
grant.3958976,ur.01263220261.24,Viterbo,Ayvar Polo,,Co-PI,grid.11100.31,Peruvian University Cayetano Heredia,,,PE,3936456,,
grant.3958976,ur.01302111327.46,Liam,Smeeth,,Co-PI,,,,,,,,
grant.3958976,ur.01026470601.14,Simon,Shorvon,,Co-PI,,,,,,,,
grant.3958976,ur.01104006121.52,MARIA,CARDENAS,KATHIA,Co-PI,grid.11100.31,Peruvian University Cayetano Heredia,,,PE,3936456,,
grant.3958976,ur.0765131624.18,Javier,Bustos,A.,Co-PI,grid.11100.31,Peruvian University Cayetano Heredia,,,PE,3936456,,
grant.3958976,ur.0745544335.22,Luz Maria,Moyano,,Co-PI,,,,,,,,
grant.3958976,ur.0770340551.95,Victor,Sal Y Rosas,,Co-PI,grid.11100.31,Peruvian University Cayetano Heredia,,,PE,3936456,,
grant.3958739,ur.01154133415.68,Carol,Dezateux,,PI,,,,,,,,
grant.3958739,ur.01147560730.45,Peter,Elias,,Co-PI,,,,,,,,
grant.3958364,ur.012323752451.84,Marcus,Munafo,Robert,Co-PI,,,,,,,,
grant.3863209,ur.0611617270.36,Eoin,O'Gorman,,PI,grid.8356.8,University of Essex,,East of England,GB,2652618,,United Kingdom
grant.3862531,ur.0640573312.97,Simon,Walker,Milnes,PI,grid.9909.9,University of Leeds,,Yorkshire and The Humber,GB,2644688,,United Kingdom
grant.3861732,ur.0742275564.44,Paul,Bryant,Martin,PI,grid.10025.36,University of Liverpool,,,GB,2644210,,United Kingdom
grant.3866159,ur.013334676765.44,Lie,Xu,,Co-PI,,,,,,,,
grant.3862675,ur.01171336076.51,Christoforos,Anagnostopoulos,,PI,,,,,,,,
grant.3802407,ur.0601373373.32,SIMON,CAUCHEMEZ,,Co-PI,,,,,,,,
grant.3802407,ur.01264302000.51,STEVEN S,RILEY,,Co-PI,,,,,,,,
grant.3802407,ur.01117563357.14,CHRISTOPHE,FRASER,,Co-PI,,,,,,,,
grant.3865535,ur.014367533162.35,Sarah,Knowles,Catherine,PI,grid.4991.5,University of Oxford,,South East,GB,2640729,,United Kingdom
grant.3559879,ur.01345446037.86,Charles,Tyler,,PI,grid.8391.3,University of Exeter,,South West,GB,2649808,,United Kingdom
grant.3559879,ur.01016775542.28,Tamara Susan,Galloway,,Co-PI,grid.8391.3,University of Exeter,,South West,GB,2649808,,United Kingdom
grant.3559879,ur.01010025705.66,Tetsuhiro,Kudoh,,Co-PI,grid.8391.3,University of Exeter,,South West,GB,2649808,,United Kingdom
grant.5232872,ur.0726674744.81,Auke Jan,Ijspeert,,PI,grid.5333.6,EPF Lausanne,,,CH,2659994,,
grant.5232872,ur.010346750634.58,Daniela,Rus,,Co-PI,,,,,,,,
grant.5232872,ur.0676306060.54,Mark,Yim,,Co-PI,,,,,,,,
grant.5232872,ur.011145124273.31,Simon,Hauser,,Co-PI,grid.5333.6,Biorobotics Laboratory Institute of Bioengineering EPFL,,,CH,2659994,,
grant.5232872,ur.010347173414.65,Massimo,Vespignani,,Co-PI,grid.5333.6,Laboratoire de biorobotique EPFL - STI - IBI - BIOROB,,,CH,2659994,,
grant.5232872,ur.0712240171.12,Gregory,Chirikjian,,Co-PI,,,,,,,,
grant.5232872,ur.012337563141.36,Stéphane,Bonardi,,Co-PI,grid.5333.6,Laboratoire de biorobotique EPFL - STI - IBI - BIOROB,,,CH,2659994,,
grant.5232872,ur.014610725037.49,Chris,Paredis,,Co-PI,,,,,,,,
grant.5232872,ur.01163022573.34,Eric,Klavins,,Co-PI,,,,,,,,
grant.5232872,ur.013105762777.11,Robert,Fitch,,Co-PI,grid.1013.3,University of Sydney,AU-NSW,,AU,2147714,,
grant.5232872,ur.014013344437.74,Michal,Lipson,,Co-PI,,,,,,,,
grant.3959118,ur.01132620261.24,Upasana,Tayal,,PI,grid.417895.6,Imperial College Healthcare NHS Trust,,London,GB,2643743,,United Kingdom
grant.3862012,ur.07724135305.93,Michael,Millea,,PI,,Sentric Music Limited,,North West,,,LIVERPOOL,
grant.3957879,ur.014147111212.20,Fiona,Watt,M,PI,grid.13097.3c,King's College London,,London,GB,2643743,,United Kingdom
grant.3957879,ur.0674553217.40,Giovanna,Lombardi,,Co-PI,grid.13097.3c,King's College London,,London,GB,2643743,,United Kingdom
grant.3957879,ur.0623247475.68,Frederic,Geissmann,,Co-PI,,,,,,,,
grant.3957879,ur.0612370375.58,Francesco,Dazzi,,Co-PI,grid.13097.3c,King's College London,,London,GB,2643743,,United Kingdom
grant.3957879,ur.013402375017.15,Steven,Sacks,H,Co-PI,grid.13097.3c,King's College London,,London,GB,2643743,,United Kingdom
grant.3957879,ur.01051364020.48,Paul,Fairchild,Jonathan,Co-PI,,,,,,,,
grant.3957879,ur.012756120517.09,Philip,Newsome,N,Co-PI,,,,,,,,
grant.3957879,ur.011045004232.86,James,Shaw,,Co-PI,,,,,,,,
grant.3957879,ur.01176433105.23,Fiona,Powrie,,Co-PI,,,,,,,,
grant.3865142,ur.011250157125.56,Jonathan,Halket,,PI,grid.73263.33,Institute for Fiscal Studies,,London,GB,2643743,,United Kingdom
grant.3865142,ur.0700342340.93,Lars,Nesheim,Patrick,Co-PI,grid.73263.33,Institute for Fiscal Studies,,London,GB,2643743,,United Kingdom
grant.3865380,ur.016602351345.50,Alan,Clement,,PI,grid.498077.5,Cfms Services Limited,,South West,GB,2654675,BRISTOL,
grant.3865005,ur.014513025643.40,Michael,Pollitt,G,Co-PI,,,,,,,,
grant.3959313,ur.016704245502.43,Mark,Maccarthy,,PI,grid.4991.5,University of Oxford,,South East,GB,2640729,,United Kingdom
grant.3959313,ur.012766272254.47,Timothy,Frayling,Mark,Co-PI,,,,,,,,
grant.3959313,ur.01241135033.40,Fredrik,Karpe,,Co-PI,grid.4991.5,University of Oxford,,South East,GB,2640729,,United Kingdom
grant.3959313,ur.01330361724.23,Andrew,Hattersley,,Co-PI,,,,,,,,
grant.3959313,ur.0624025103.35,Guy,Rutter,Allen,Co-PI,,,,,,,,
grant.3959313,ur.0624763146.01,Anna,Gloyn,L,Co-PI,grid.4991.5,University of Oxford,,South East,GB,2640729,,United Kingdom
grant.3959313,ur.0613626466.18,Patrik,Rorsman,,Co-PI,grid.4991.5,University of Oxford,,South East,GB,2640729,,United Kingdom
grant.3862527,ur.0601573454.39,Lei,Su,,PI,,,,,,,,
grant.3865199,ur.01372146277.34,John,Heap,Timothy,Co-PI,,,,,,,,
grant.7673176,ur.011002143410.98,Sara,al-Misnad,,PI,,,,,,,,
grant.7673201,ur.01255676551.19,Isra,Marei,,PI,grid.416973.e,Weill Cornell Medical College in Qatar,,,QA,290030,,
grant.7673201,ur.01017045017.05,Adrian,Chester,,Co-PI,,,,,,,,
grant.7388511,ur.015214272603.40,Luca,Magnani,,Co-PI,,,,,,,,
grant.7388511,ur.01105230171.70,Gillian,Weaver,,Co-PI,,,,,,,,
grant.7388511,ur.013621331603.12,Natalie,Shenker,,Co-PI,,,,,,,,
grant.7388511,ur.0772733310.78,Robert,Brown,,Co-PI,,,,,,,,
grant.3801040,ur.015537707423.47,Henning,Sirringhaus,,PI,,,,,,,,
grant.3801040,ur.07455640550.10,Henning,Sirringhaus,,PI,,,,,,,,
grant.3801040,ur.0666535375.65,Henning,Sirringhaus,,PI,grid.5335.0,THE CHANCELLOR MASTERS AND SCHOLARS OF THE UNIVERSITY OF CAMBRIDGE,,,GB,2653941,CAMBRIDGE,UK
grant.3958736,ur.0623703607.60,Lorenzo,Fabrizi,,PI,grid.83440.3b,University College London,,London,GB,2643743,,United Kingdom
grant.3862209,ur.01300622370.56,Ian,Jones,Samuel,Co-PI,grid.4425.7,Liverpool John Moores University,,North West,GB,2644210,,United Kingdom
grant.3862209,ur.0655444774.71,Ian,Thompson,,Co-PI,,,,,,,,
grant.3862209,ur.01232507170.39,Alexander,Movchan,,Co-PI,,,,,,,,
grant.3862209,ur.0770165104.53,Natasha,Movchan,,Co-PI,,,,,,,,
grant.3864496,ur.01130057124.65,Catherine,Mulligan,Ellen,Co-PI,,,,,,,,
grant.3861400,ur.012005607225.48,Nick,Jenkins,,Co-PI,,,,,,,,
grant.3861400,ur.014631032306.38,Li,Ran,,Co-PI,,,,,,,,
grant.8481391,ur.01243455766.30,RM,Empson,,PI,grid.29980.3a,University of Otago,,,NZ,2191562,,
grant.8481391,ur.0667145370.15,AN,Clarkson,,Co-PI,grid.29980.3a,University of Otago,,,NZ,2191562,,
grant.3799671,ur.01345761165.50,Molly,Stevens,,PI,,,,,,,,
grant.3864285,ur.01052117232.96,Andrew,McConnell,,PI,,"Ovation Data Services, Inc.",,Outside UK,,,HOUSTON,
grant.3861795,ur.014463501005.66,Christopher,Ullman,,PI,,Isogenica Limited,,East of England,,,SAFFRON WALDEN,
grant.4576182,ur.015377475326.90,David,Coggon,,PI,grid.5491.9,University of Southampton,,South East,GB,2637487,,United Kingdom
grant.4576182,ur.01345411306.76,Karen,Walker-Bone,,PI,grid.5491.9,University of Southampton,,South East,GB,2637487,,United Kingdom
grant.3865055,ur.01112664762.12,Tahir,Yaqub,,Co-PI,,,,,,,,
grant.3865055,ur.01253644614.10,Khalid,Naeem,,Co-PI,,,,,,,,
grant.3865055,ur.01017435657.14,To,Thanh,Long,Co-PI,,,,,,,,
grant.3865055,ur.01310503203.66,Juliet,Bryant,Evelyn,Co-PI,grid.4991.5,University of Oxford,,South East,GB,2640729,,United Kingdom
grant.3865055,ur.01303734420.99,Maciej,Boni,Filip,Co-PI,,,,,,,,
grant.3862525,ur.01007343554.07,Tao,Dong,,PI,grid.4991.5,University of Oxford,,South East,GB,2640729,,United Kingdom
grant.3862525,ur.01317237465.63,Christian,Eggeling,,Co-PI,grid.4991.5,University of Oxford,,South East,GB,2640729,,United Kingdom
grant.3862525,ur.01306767130.11,Jan,Rehwinkel,,Co-PI,grid.4991.5,University of Oxford,,South East,GB,2640729,,United Kingdom
grant.3862961,ur.010354417134.78,Luca,Di Mare,,Co-PI,,,,,,,,
grant.3560009,ur.01147725461.48,Nigel,Raine,,Co-PI,,,,,,,,
grant.3866226,ur.013145245776.71,Bill,Leithead,,PI,grid.11984.35,University of Strathclyde,,Scotland,GB,2648579,,United Kingdom
grant.3866226,ur.01365770754.49,Feargal,Brennan,Peter,Co-PI,grid.11984.35,University of Strathclyde,,Scotland,GB,2648579,,United Kingdom
grant.3866226,ur.07537275100.38,Simon,Watson,,Co-PI,,,,,,,,
grant.3866226,ur.0642555723.91,Sinisa,Durovic,,Co-PI,grid.5379.8,University of Manchester,,North West,GB,2643123,Manchester,United Kingdom
grant.3866226,ur.0676022535.97,Ottone,Caretta,,Co-PI,,,,,,,,
grant.3866226,ur.01071140550.31,Andrew Geoffrey,Dutton,,Co-PI,,,,,,,,
grant.3866226,ur.015167622475.75,Olimpo,Anaya-Lara,,Co-PI,grid.11984.35,University of Strathclyde,,Scotland,GB,2648579,,United Kingdom
grant.3866226,ur.011217270263.13,Anthony,Brown,,Co-PI,grid.5379.8,University of Manchester,,North West,GB,2643123,Manchester,United Kingdom
grant.3866226,ur.07567324777.07,Sandy,Smith,,Co-PI,grid.5379.8,University of Manchester,,North West,GB,2643123,Manchester,United Kingdom
grant.3866226,ur.0632702534.06,Jim,Halliday,A,Co-PI,,,,,,,,
grant.3866226,ur.0656202464.19,Simon,Hogg,Ian,Co-PI,grid.8250.f,Durham University,,,GB,2650628,,United Kingdom
grant.3866226,ur.013614235137.89,Christopher,Crabtree,James,Co-PI,grid.8250.f,Durham University,,,GB,2650628,,United Kingdom
grant.3866226,ur.0644630110.17,Mike,Barnes,,Co-PI,grid.5379.8,University of Manchester,,North West,GB,2643123,Manchester,United Kingdom
grant.3866226,ur.014514407431.43,Tristan,Davenne,Richard,Co-PI,,,,,,,,
grant.3866226,ur.0777332370.57,Peter,McGregor,,Co-PI,grid.11984.35,University of Strathclyde,,Scotland,GB,2648579,,United Kingdom
grant.3866226,ur.011672011515.43,Constantinos,Soutis,,Co-PI,grid.5379.8,University of Manchester,,North West,GB,2643123,Manchester,United Kingdom
grant.3863546,ur.0671310334.31,John,Rarity,,PI,grid.5337.2,University of Bristol,,South West,GB,2654675,,United Kingdom
grant.3863546,ur.01153366734.10,Jeremy,O'Brien,Lloyd,Co-PI,grid.5337.2,University of Bristol,,South West,GB,2654675,,United Kingdom
grant.3863546,ur.01326470360.86,Anthony,Laing,,Co-PI,grid.5337.2,University of Bristol,,South West,GB,2654675,,United Kingdom
grant.3863546,ur.01210452114.33,Gerald,Buller,,Co-PI,grid.9531.e,Heriot-Watt University,,Scotland,GB,2650225,,United Kingdom
grant.3863546,ur.01142336714.78,Robert,Hadfield,Hugh,Co-PI,grid.8756.c,University of Glasgow,,Scotland,GB,2648579,,United Kingdom
grant.3863546,ur.01105253534.38,Mark,Thompson,Gerard,Co-PI,grid.5337.2,University of Bristol,,South West,GB,2654675,,United Kingdom
grant.3863546,ur.0650170064.23,Douglas,Paul,J,Co-PI,grid.8756.c,University of Glasgow,,Scotland,GB,2648579,,United Kingdom
grant.3864291,ur.07667372240.28,Gareth,Williams,Richard,PI,grid.83440.3b,University College London,,London,GB,2643743,,United Kingdom
grant.3795748,,Zoltan,Takats,,PI,,,,,,,,
grant.5234822,ur.01242434547.52,Erik Christian,Böttger,,PI,grid.7400.3,Institut für Medizinische Mikrobiologie Universität Zürich,,,CH,2657896,,
grant.5234822,ur.010133025037.52,Sebastien,Gagneux,,PI,grid.416786.a,Schweizerisches Tropen- und Public Health-Institut,,,CH,2661604,,
grant.5234822,ur.01335733013.54,Matthias,Egger,,PI,grid.5734.5,University of Berne,,,CH,2661552,,
grant.5234822,ur.01052513252.68,Pascal,Egloff,,Co-PI,grid.7400.3,Institut für Medizinische Mikrobiologie Universität Zürich,,,CH,2657896,,
grant.5234822,ur.015236061572.08,Margarita,Brilkova,,Co-PI,,,,,,,,
grant.5234822,ur.01307104624.36,Marie,Ballif,,Co-PI,grid.5734.5,Institut für Sozial- und Präventivmedizin Universität Bern,,,CH,2661552,,
grant.5234822,ur.01315350305.26,You Jin,Teo,,Co-PI,,,,,,,,
grant.5234822,ur.01363644712.33,Heithem,Boukari,,Co-PI,,,,,,,,
grant.5234822,ur.01156202373.36,Kathrin,Zürcher,,Co-PI,,University of Bern Institute of Social and Preventive Medicine (ISPM),,,CH,2659994,,
grant.4106988,ur.0772421162.39,Frank,Kelly,,Co-PI,grid.13097.3c,King's College London,,London,GB,2643743,,United Kingdom
grant.3862534,ur.0607507032.38,Mikhail,Soloviev,,PI,grid.4970.a,"Royal Holloway, University of London",,South East,GB,2650188,,United Kingdom
grant.3862534,ur.01032325103.52,Victor,Petrashov,T,Co-PI,grid.4970.a,"Royal Holloway, University of London",,South East,GB,2650188,,United Kingdom
grant.3863659,ur.0763126213.72,Sanjay,Purkayastha,,Co-PI,grid.417895.6,Imperial College Healthcare NHS Trust,,London,GB,2643743,,United Kingdom
grant.3863659,ur.013400760224.04,Alexandra,Blakemore,Ida,Co-PI,,,,,,,,
grant.3863659,ur.014030731527.60,Ivo,Vlaev,,Co-PI,,,,,,,,
grant.3862030,ur.01344102304.88,Magnus,Rattray,,Co-PI,,,,,,,,
grant.3862030,ur.0667141470.99,John,Curtin,Anthony,Co-PI,,,,,,,,
grant.3863678,ur.014751737657.41,Timothy,Abram,James,PI,grid.5379.8,University of Manchester,,North West,GB,2643123,Manchester,United Kingdom
grant.3863678,ur.010656230015.25,Gary,Bond,,Co-PI,,,,,,,,
grant.3863678,ur.01222737700.98,Michael,Preuss,,Co-PI,grid.5379.8,University of Manchester,,North West,GB,2643123,Manchester,United Kingdom
grant.3863678,ur.01322234504.65,Keith,Hallam,Richard,Co-PI,,,,,,,,
grant.3863678,ur.0705201250.93,Ping,Xiao,,Co-PI,grid.5379.8,University of Manchester,,North West,GB,2643123,Manchester,United Kingdom
grant.3863678,ur.01112277657.84,Clint,Sharrad,Alan,Co-PI,grid.5379.8,University of Manchester,,North West,GB,2643123,Manchester,United Kingdom
grant.3863678,ur.01356475346.68,Stephen,Faulkner,,Co-PI,,,,,,,,
grant.3863678,ur.014774771433.03,Philipp,Frankel,Gabriel,Co-PI,grid.5379.8,University of Manchester,,North West,GB,2643123,Manchester,United Kingdom
grant.3863678,ur.0613676330.65,Karl,Whittle,Rhys,Co-PI,,,,,,,,
grant.3863678,ur.010255224357.70,Eric,Fraga,,Co-PI,,,,,,,,
grant.3863678,ur.01107416400.73,Colin,Boxall,,Co-PI,,,,,,,,
grant.3863678,ur.01243450044.77,Bruce,Hanson,Christopher,Co-PI,,,,,,,,
grant.3863678,ur.01112020250.25,Neil,Hyatt,,Co-PI,,,,,,,,
grant.3863678,ur.0737265257.18,Andrew,Mount,,Co-PI,,,,,,,,
grant.3863678,ur.010046117425.92,Peter John,Heggs,,Co-PI,,,,,,,,
grant.3863678,ur.01357322307.29,Laurence,Harwood,Marius,Co-PI,,,,,,,,
grant.3863678,ur.0743217024.42,Neil,Allan,Langsford,Co-PI,,,,,,,,
grant.3863678,ur.01254257540.56,Thomas,Scott,Bligh,Co-PI,,,,,,,,
grant.3864675,ur.0646257574.66,Ioannis,Brilakis,,Co-PI,,,,,,,,
grant.3864675,ur.01124315307.73,Piotr,Skworcow,,Co-PI,,,,,,,,
grant.3864675,ur.0737545034.34,Celine,Garnier,,Co-PI,,,,,,,,
grant.3864675,ur.016300672317.32,Sara,Walker,Louise,Co-PI,,,,,,,,
grant.3865544,ur.010533032437.15,Owen,Guy,James,PI,grid.4827.9,Swansea University,,Wales,GB,2636432,,United Kingdom
grant.3865544,ur.0710636171.78,Sion,Coulman,,Co-PI,grid.5600.3,Cardiff University,,Wales,GB,2653822,,United Kingdom
grant.3865544,ur.01271523251.37,Huw,Summers,,Co-PI,grid.4827.9,Swansea University,,Wales,GB,2636432,,United Kingdom
grant.3865544,ur.014626157062.74,James,Birchall,,Co-PI,grid.5600.3,Cardiff University,,Wales,GB,2653822,,United Kingdom
grant.3863650,ur.0756662466.94,Xavier,Moya,,PI,grid.5335.0,University of Cambridge,,East of England,GB,2653941,,United Kingdom
grant.3862294,ur.015444775145.27,Timothy,Foxon,James,Co-PI,,,,,,,,
grant.3862294,ur.0715147654.72,Peter,Taylor,,Co-PI,,,,,,,,
grant.3862294,ur.014123636057.95,Nicholas,Pidgeon,,Co-PI,,,,,,,,
grant.3862294,ur.0762206200.42,Janette,Webb,,Co-PI,,,,,,,,
grant.3862294,ur.01133162354.28,Felix,Eigenbrod,,Co-PI,,,,,,,,
grant.3862294,ur.01036065410.42,John,Barrett,,Co-PI,,,,,,,,
grant.3862294,ur.01176014673.10,Christian,Brand,,Co-PI,,,,,,,,
grant.3862294,ur.0741742620.79,Mariana,Mazzucato,,Co-PI,,,,,,,,
grant.3862294,ur.014441532021.47,Nick,Eyre,,Co-PI,,,,,,,,
grant.3862294,ur.01074061134.31,Michael,Bradshaw,Joseph,Co-PI,,,,,,,,
grant.3862294,ur.013116412357.07,Sarah,Darby,Josephine,Co-PI,,,,,,,,
grant.3862294,ur.01232720475.25,Mel,Austen,,Co-PI,,,,,,,,
grant.3862294,ur.01034347640.27,Keith,Bell,Robert,Co-PI,,,,,,,,
grant.3862294,ur.01050376404.87,Gail,Taylor,,Co-PI,,,,,,,,
grant.3862294,ur.01265115350.10,Jillian,Anable,Leigh,Co-PI,,,,,,,,
grant.3862294,ur.015724502513.43,Mark,Winskel,,Co-PI,,,,,,,,
grant.3865627,ur.01233004723.90,Joanne,Santini,,Co-PI,,,,,,,,
grant.3864947,ur.01055250504.76,Paul,McMillan,Francis,PI,grid.83440.3b,University College London,,London,GB,2643743,,United Kingdom
grant.3864947,ur.010361237222.86,Daniel,Brett,,Co-PI,grid.83440.3b,University College London,,London,GB,2643743,,United Kingdom
grant.3864947,ur.0741076223.97,Paul,Shearing,,Co-PI,grid.83440.3b,University College London,,London,GB,2643743,,United Kingdom
grant.3864947,ur.01005265760.26,Andrea,Sella,,Co-PI,grid.83440.3b,University College London,,London,GB,2643743,,United Kingdom
grant.3865321,ur.01372702500.76,Paul Nicholas,Stavrinou,,Co-PI,,,,,,,,
grant.5228380,ur.0717454260.44,Derek,Vance,,PI,grid.5801.c,ETH Zurich,,,CH,2657896,,
grant.5228380,ur.013363041677.34,Timothy Mark,Conway,,Co-PI,grid.5801.c,Institut für Geochemie und Petrologie ETH Zürich,,,CH,2657896,,
grant.3791134,,Christopher,Fraser,,PI,,,,,,,,
grant.3791134,ur.01052055540.11,Christopher,Fraser,,PI,grid.4991.5,"THE CHANCELLOR, MASTERS AND SCHOLARS OF THE UNIVERSITY OF OXFORD",,,GB,2640729,OXFORD,UK
grant.3864113,ur.016007144766.50,Lars,Eklund,,Co-PI,grid.8756.c,University of Glasgow,,Scotland,GB,2648579,,United Kingdom
grant.3862930,ur.0601117615.53,Andrew,Rycroft,Nelson,PI,grid.20931.39,Royal Veterinary College,,London,GB,2643743,,United Kingdom
grant.3863418,ur.01124573434.49,Tobias,Tuthill,,PI,grid.63622.33,The Pirbright Institute,,South East,GB,2633709,,United Kingdom
grant.7156893,ur.011355711642.64,Irene,Roberts,,PI,grid.4991.5,University of Oxford,,South East,GB,2640729,,United Kingdom
grant.3862161,ur.01232044160.43,Simon Martin,Hooker,,PI,grid.4991.5,University of Oxford,,South East,GB,2640729,,United Kingdom
grant.3862161,ur.0654513574.29,Alexander,Korsunsky,M,Co-PI,grid.4991.5,University of Oxford,,South East,GB,2640729,,United Kingdom
grant.4575749,ur.016470714621.88,Michael,Fitzpatrick,,Co-PI,,,,,,,,
grant.4576174,ur.01212110124.02,Steven,Dunn,Colin,Co-PI,,,,,,,,
grant.4576174,ur.01126315206.26,Laura,Herz,Maria,Co-PI,,,,,,,,
grant.3957214,ur.01107577620.95,Christopher,Tuck,John,Co-PI,,,,,,,,
grant.3957214,ur.01150053732.91,Alexander,Velichko,,Co-PI,,,,,,,,
grant.3957214,ur.012355013052.67,Christopher,Taylor,John,Co-PI,,,,,,,,
grant.3957214,ur.0656132700.86,Stephen,Pierce,Gareth,Co-PI,,,,,,,,
grant.3957214,ur.01231263050.46,Anthony,Croxford,John,Co-PI,,,,,,,,
grant.3957214,ur.01360252170.95,Richard,O'Leary,,Co-PI,,,,,,,,
grant.3957214,ur.01277376250.95,Paul,Wilcox,David,Co-PI,,,,,,,,
grant.3957214,ur.0640176040.29,Rachel,Edwards,Sian,Co-PI,,,,,,,,
grant.3957214,ur.01063756111.24,Timothy,Cootes,Francis,Co-PI,,,,,,,,
grant.3957214,ur.01234145557.44,Patrick,Gaydecki,,Co-PI,,,,,,,,
grant.3957214,ur.01112250770.25,Anthony John,Mulholland,,Co-PI,,,,,,,,
grant.3957214,ur.01241364474.06,Duncan,Billson,Robert,Co-PI,,,,,,,,
grant.3957214,ur.0725334417.39,Steve,Sharples,David,Co-PI,,,,,,,,
grant.3957214,ur.015257644665.03,James,Windmill,Frederick,Co-PI,,,,,,,,
grant.3957214,ur.014630350737.36,Adam,Clare,Thomas,Co-PI,,,,,,,,
grant.3957214,ur.0741571171.15,Roger,Green,Julian,Co-PI,,,,,,,,
grant.3957214,ur.0656174050.99,David,Hutchins,,Co-PI,,,,,,,,
grant.3957214,ur.010602631207.06,Mohamed,Missous,,Co-PI,,,,,,,,
grant.3864548,ur.014724473457.35,Mahesh,Parmar,,PI,grid.83440.3b,University College London,,London,GB,2643743,,United Kingdom
grant.3864548,ur.01002370610.91,Paula,Williamson,,Co-PI,grid.10025.36,University of Liverpool,,,GB,2644210,,United Kingdom
grant.3864548,ur.01312515303.23,Jane,Blazeby,Miranda,Co-PI,grid.5337.2,University of Bristol,,South West,GB,2654675,,United Kingdom
grant.3864548,ur.0641614611.49,Lucinda,Billingham,,Co-PI,grid.6572.6,University of Birmingham,,West Midlands,GB,2655603,,United Kingdom
grant.3864548,ur.016004366552.32,Gordon,Murray,Douglas,Co-PI,grid.4305.2,University of Edinburgh,,Scotland,GB,2650225,,United Kingdom
grant.3864548,ur.016614073437.06,Michael,Clarke,,Co-PI,grid.4777.3,Queen's University of Belfast,,Northern Ireland,GB,2655984,,United Kingdom
grant.3864548,ur.01226005320.99,Jane,Armitage,,Co-PI,grid.4991.5,University of Oxford,,South East,GB,2640729,,United Kingdom
grant.3864548,ur.01111563455.98,Adrian,Mander,,Co-PI,,,,,,,,
grant.3864218,ur.01111572440.27,Nick,Europe-Finner,,PI,grid.1006.7,Newcastle University,,North East,GB,2641673,,United Kingdom
grant.3864218,ur.0651557313.56,Michael,Taggart,,Co-PI,grid.1006.7,Newcastle University,,North East,GB,2641673,,United Kingdom
grant.3864218,ur.0606126715.53,Achim,Treumann,,Co-PI,grid.1006.7,Newcastle University,,North East,GB,2641673,,United Kingdom
grant.3864218,ur.015662774032.68,Stephen,Robson,Courtenay,Co-PI,grid.1006.7,Newcastle University,,North East,GB,2641673,,United Kingdom
grant.3864218,ur.01072014371.33,Magdalena,Karolczak-Bayatti,,Co-PI,grid.1006.7,Newcastle University,,North East,GB,2641673,,United Kingdom
grant.3957904,ur.01017767203.44,Claire,O'Donovan,Catherine,Co-PI,,,,,,,,
grant.3957904,ur.01231511311.39,Alan A,Ashworth,,Co-PI,,,,,,,,
grant.3957904,ur.013242011034.54,Chris C,Steinbeck,,Co-PI,,,,,,,,
grant.3957904,ur.015533223602.95,Brian,Thomson,,Co-PI,,,,,,,,
grant.3957904,ur.0635417117.92,Susanna,Sansone,Assunta,Co-PI,grid.4991.5,University of Oxford,,South East,GB,2640729,,United Kingdom
grant.3861717,ur.01335621510.40,Gunnar,Schroeder,Neels,Co-PI,,,,,,,,
grant.3865547,ur.01371135447.25,Michael,White,,PI,,Pasteur Institute,,Outside UK,TN,112931,,
grant.3864676,ur.01145146322.32,Raimondo,Ascione,,PI,grid.5337.2,University of Bristol,,South West,GB,2654675,,United Kingdom
grant.3864676,ur.01266263552.34,Neil,Scolding,,Co-PI,grid.5337.2,University of Bristol,,South West,GB,2654675,,United Kingdom
grant.3864676,ur.01173071014.45,Anthony,Hollander,,Co-PI,,,,,,,,
grant.3864676,ur.01063336665.50,Joanna,Price,,Co-PI,grid.5337.2,University of Bristol,,South West,GB,2654675,,United Kingdom
grant.3864676,ur.01261634137.50,Chiara,Bucciarelli-Ducci,,Co-PI,grid.5337.2,University of Bristol,,South West,GB,2654675,,United Kingdom
grant.3864676,ur.0776264471.34,Paul,Martin,,Co-PI,grid.5337.2,University of Bristol,,South West,GB,2654675,,United Kingdom
grant.3864676,ur.0601375044.30,Paolo,Madeddu,,Co-PI,grid.5337.2,University of Bristol,,South West,GB,2654675,,United Kingdom
grant.3863140,ur.0740402264.72,Andrew,Sederman,John,PI,grid.5335.0,University of Cambridge,,East of England,GB,2653941,,United Kingdom
grant.3863140,ur.01340633040.66,Michael,Mantle,David,Co-PI,grid.5335.0,University of Cambridge,,East of England,GB,2653941,,United Kingdom
grant.3863140,ur.0774507367.06,Lynn,Gladden,,Co-PI,grid.5335.0,University of Cambridge,,East of England,GB,2653941,,United Kingdom
grant.3863508,ur.014207756305.15,Stuart,Lendrum,,PI,grid.420497.c,Sainsbury's Supermarkets Ltd,,London,GB,2643743,,
grant.4576214,ur.01331157035.20,Beatrice,Pelloni,,Co-PI,,,,,,,,
grant.4576214,ur.01272232130.60,Jennifer,Scott,Ann,Co-PI,,,,,,,,
grant.4576214,ur.0746275044.87,Jochen,Broecker,,Co-PI,,,,,,,,
grant.3559896,ur.01056715244.82,Jason,Holt,,PI,,,,,,,,
grant.3559896,ur.01303533114.75,Hedong,Liu,,Co-PI,grid.418022.d,National Oceanography Centre,,South East,GB,2637487,,United Kingdom
grant.3559896,ur.01065437220.42,Adrian Laurence,New,,Co-PI,,,,,,,,
grant.3862353,ur.01324624530.08,Jessie,Kennedy,Birnie,PI,grid.20409.3f,Edinburgh Napier University,,Scotland,GB,2650225,,United Kingdom
grant.3863373,ur.01076572331.97,Pat,Scott,,PI,grid.1003.2,University of Queensland,AU-QLD,Outside UK,AU,2174003,,Australia
grant.3861465,ur.012503163047.69,David,Jackson,,Co-PI,grid.4991.5,University of Oxford,,South East,GB,2640729,,United Kingdom
grant.3865016,ur.0724452740.07,Benjamin,Raymond,De Havilland,PI,,,,,,,,
grant.5139164,ur.01074644005.38,David,Guttery,,PI,,,,,,,,
grant.5139164,ur.01311647137.99,Charles,Coombes,,Co-PI,grid.9918.9,University of Leicester,,,GB,2644668,Leicester,United Kingdom
grant.5139164,ur.010776671032.96,Jacqueline,Shaw,,Co-PI,,,,,,,,
grant.5139164,ur.0731462645.15,Karen,Page,,Co-PI,,,,,,,,
grant.3863928,ur.01231150653.19,Peter,Skabara,John,PI,,,,,,,,
grant.3795878,,Jerome,Gauntlett,,PI,,,,,,,,
grant.3795405,,Sebastian,Van Strien,,PI,,,,,,,,
grant.3866126,ur.01020140145.26,Yanlan,Mao,,PI,grid.83440.3b,University College London,,London,GB,2643743,,United Kingdom
grant.3959170,ur.014624240725.52,Kevin,Park,,PI,grid.10025.36,University of Liverpool,,,GB,2644210,,United Kingdom
grant.3959170,ur.0630220770.36,Munir,Pirmohamed,,PI,grid.10025.36,University of Liverpool,,,GB,2644210,,United Kingdom
grant.3861694,ur.01133412650.17,Christopher,Smales,Mark,PI,grid.9759.2,University of Kent,,South East,GB,2653877,,United Kingdom
grant.3861694,ur.0757604353.67,Alan,Dickson,,Co-PI,grid.5379.8,University of Manchester,,North West,GB,2643123,Manchester,United Kingdom
grant.3560603,ur.01072045441.58,Daniel,Haydon,,Co-PI,grid.8756.c,University of Glasgow,,Scotland,GB,2648579,,United Kingdom
grant.4107001,ur.01162451745.77,Alexander,Frater,John,Co-PI,grid.4991.5,University of Oxford,,South East,GB,2640729,,United Kingdom
grant.4107001,ur.013540102327.29,Abdel GA,Babiker,,Co-PI,grid.83440.3b,University College London,,London,GB,2643743,,United Kingdom
grant.4107001,ur.01245625506.04,Mark,Wills,,Co-PI,grid.5335.0,University of Cambridge,,East of England,GB,2653941,,United Kingdom
grant.4107001,ur.0705520170.04,Martin,Fisher,,Co-PI,,,,,,,,
grant.4107001,ur.01212241014.55,Sabine,Kinloch-De-Loes,,Co-PI,,,,,,,,
grant.4107001,ur.01146756553.04,Julie,Fox,,Co-PI,grid.13097.3c,King's College London,,London,GB,2643743,,United Kingdom
grant.3560383,ur.0576250650.41,Mike,Ashworth,,PI,grid.14467.30,STFC - Laboratories,,South East,GB,2636389,,United Kingdom
grant.3560383,ur.010432366344.17,Rupert,Ford,William,Co-PI,grid.14467.30,STFC - Laboratories,,South East,GB,2636389,,United Kingdom
grant.3560383,ur.016145663353.61,Graham,Riley,Douglas,Co-PI,,,,,,,,
grant.3559837,ur.01371020214.28,Mark,Birkin,,PI,grid.9909.9,University of Leeds,,Yorkshire and The Humber,GB,2644688,,United Kingdom
grant.3559837,ur.01147574654.94,Nick,Wilson,,Co-PI,grid.9909.9,University of Leeds,,Yorkshire and The Humber,GB,2644688,,United Kingdom
grant.3559837,ur.01334535211.86,Wandi,Bruine De Bruin,,Co-PI,grid.9909.9,University of Leeds,,Yorkshire and The Humber,GB,2644688,,United Kingdom
grant.3559837,ur.0620450450.52,Ian,Shuttleworth,,Co-PI,grid.4777.3,Queen's University of Belfast,,Northern Ireland,GB,2655984,,United Kingdom
grant.3559837,ur.012734706701.07,MC,Clarke,,Co-PI,grid.9909.9,University of Leeds,,Yorkshire and The Humber,GB,2644688,,United Kingdom
grant.3559837,ur.013760213347.15,Nik,Lomax,,Co-PI,grid.9909.9,University of Leeds,,Yorkshire and The Humber,GB,2644688,,United Kingdom
grant.3559837,ur.01033346254.99,Michael,Yates,,Co-PI,,,,,,,,
grant.3559837,ur.014276225476.94,Matthew,Robson,John,Co-PI,grid.9909.9,University of Leeds,,Yorkshire and The Humber,GB,2644688,,United Kingdom
grant.3559837,ur.0604373244.32,Charles,Young,William,Co-PI,grid.9909.9,University of Leeds,,Yorkshire and The Humber,GB,2644688,,United Kingdom
grant.3559837,ur.01242545077.73,Ian,Kirkpatrick,,Co-PI,grid.9909.9,University of Leeds,,Yorkshire and The Humber,GB,2644688,,United Kingdom
grant.3559837,ur.0642375707.27,Graham,Clarke,,Co-PI,grid.9909.9,University of Leeds,,Yorkshire and The Humber,GB,2644688,,United Kingdom
grant.3559837,ur.07617753747.30,Susan,Grant-Muller,,Co-PI,grid.9909.9,University of Leeds,,Yorkshire and The Humber,GB,2644688,,United Kingdom
grant.3559837,ur.01153544574.08,Nick,Malleson,,Co-PI,grid.9909.9,University of Leeds,,Yorkshire and The Humber,GB,2644688,,United Kingdom
grant.3560559,ur.01045353772.05,Paul,Longley,Arthur,PI,grid.83440.3b,University College London,,London,GB,2643743,,United Kingdom
grant.3560559,ur.013453515753.49,Christopher,Lloyd,David,Co-PI,,,,,,,,
grant.3560559,ur.01263143544.28,James,Cheshire,Allen,Co-PI,grid.83440.3b,University College London,,London,GB,2643743,,United Kingdom
grant.3560559,ur.01053355434.40,Michael,Batty,,Co-PI,grid.83440.3b,University College London,,London,GB,2643743,,United Kingdom
grant.3560559,ur.01333246444.59,Tao,Cheng,,Co-PI,grid.83440.3b,University College London,,London,GB,2643743,,United Kingdom
grant.3560559,ur.012276603010.49,Vyacheslav,Mikhaylov,Jankin,Co-PI,grid.8356.8,University of Essex,,East of England,GB,2652618,,United Kingdom
grant.3560559,ur.016135307131.17,Thomas,Fischer,Bernward,Co-PI,grid.10025.36,University of Liverpool,,,GB,2644210,,United Kingdom
grant.3560559,ur.01130002030.87,Paul,Williamson,,Co-PI,grid.10025.36,University of Liverpool,,,GB,2644210,,United Kingdom
grant.3560559,ur.011453127213.00,Alex,Singleton,,Co-PI,grid.10025.36,University of Liverpool,,,GB,2644210,,United Kingdom
grant.3560559,ur.013660745757.25,Jonathan,Reynolds,,Co-PI,,,,,,,,
grant.3560764,ur.01307405660.41,Robert,Eason,William,PI,grid.5491.9,University of Southampton,,South East,GB,2637487,,United Kingdom
grant.3560018,ur.01052210050.50,Stefan,Scholtes,,Co-PI,grid.5335.0,University of Cambridge,,East of England,GB,2653941,,United Kingdom
grant.3560018,ur.015447554011.40,Marcial,Echenique,,Co-PI,grid.5335.0,University of Cambridge,,East of England,GB,2653941,,United Kingdom
grant.3560018,ur.010620304055.50,Cecilia,Mascolo,,Co-PI,grid.5335.0,University of Cambridge,,East of England,GB,2653941,,United Kingdom
grant.3560018,ur.015242431665.31,Jennifer,Schooling,,Co-PI,grid.5335.0,University of Cambridge,,East of England,GB,2653941,,United Kingdom
grant.3560018,ur.010633222741.20,Jon,Crowcroft,,Co-PI,grid.5335.0,University of Cambridge,,East of England,GB,2653941,,United Kingdom
grant.3560018,ur.014634315451.04,Julian,Allwood,Mark,Co-PI,grid.5335.0,University of Cambridge,,East of England,GB,2653941,,United Kingdom
grant.3560126,ur.0660565410.79,Rob,Appleby,,PI,grid.5379.8,University of Manchester,,North West,GB,2643123,Manchester,United Kingdom
grant.3560597,ur.0643035417.06,Dmitri,Tseluiko,,Co-PI,,,,,,,,
grant.3560597,ur.01274024774.55,Mark,Blyth,,Co-PI,,,,,,,,
grant.3559848,ur.0645472052.84,Peter,Gardner,,PI,grid.5379.8,University of Manchester,,North West,GB,2643123,Manchester,United Kingdom
grant.3559848,ur.01331201460.39,Matthew,Baker,James,Co-PI,grid.11984.35,University of Strathclyde,,Scotland,GB,2648579,,United Kingdom
grant.3559840,ur.01134142450.15,Tapas,Mallick,Kumar,Co-PI,,,,,,,,
grant.3559840,ur.014453340777.07,Mohammad,Abusara,,Co-PI,,,,,,,,
grant.3559840,ur.010330730701.74,Lars,Johanning,,Co-PI,,,,,,,,
grant.3845561,ur.01330322032.14,Adam,Locke,,PI,grid.420780.9,Laing O'rourke Plc.,,South East,GB,2651500,DARTFORD,
grant.5234197,ur.011052101717.97,Mirjam,Christ-Crain,,PI,grid.6612.3,University of Basel,,,CH,2661604,,
grant.5234197,ur.014205713677.17,Matthias,Betz,,Co-PI,grid.410567.1,"Abteilung Endokrinologie, Diabetologie und Metabolismus Universitätsspital Basel",,,CH,2661604,,
grant.5234197,ur.01315057526.60,Claudia,Maushart,,Co-PI,,,,,,,,
grant.5234197,ur.01103156304.32,Mirjam,Christ-Crain,,Co-PI,grid.410567.1,"Abteilung Endokrinologie, Diabetologie und Metabolismus Universitätsspital Basel",,,CH,2661604,,
grant.5234197,ur.01017337457.80,Claudine Angela,Blum,,Co-PI,grid.411656.1,Medizinische Universitätsklinik Kantonsspital Aarau Universität Basel,,,CH,2661552,,
grant.5234197,ur.014415537750.49,Lukáš,Burget,,Co-PI,,Faculty of Information Technology Brno University of Technology,,,BR,3449344,,
grant.5234197,ur.01222423434.45,Nicole,Nigro,,Co-PI,grid.410567.1,Universitätsspital Basel,,,CH,2661604,,
grant.5234197,ur.013410333277.06,Nicole,Füchslin,,Co-PI,,,,,,,,
grant.5234197,ur.014254027077.03,Julie,Refardt-Baumann,,Co-PI,,,,,,,,
grant.5234197,ur.07673164077.86,Cornelia,Müller,,Co-PI,,,,,,,,
grant.3862350,ur.012004071405.31,Waqar,Hussain,,PI,grid.433880.4,Enigma Diagnostics Limited,,South West,GB,2638664,SALISBURY,
grant.3792998,,Nikolai,Windbichler,,PI,,,,,,,,
grant.3560710,ur.01153675730.19,Douglas,Morrison,John,Co-PI,,,,,,,,
grant.3560710,ur.01174027130.52,C,Tedford,,Co-PI,,,,,,,,
grant.3559940,ur.01334262000.39,Simone,Hochgreb,,PI,grid.5335.0,University of Cambridge,,East of England,GB,2653941,,United Kingdom
grant.3559940,ur.01024123674.12,Paul,Ewart,,Co-PI,,,,,,,,
grant.3560781,ur.01352567025.27,Catherine,Merrick,Jill,PI,grid.5335.0,University of Cambridge,,East of England,GB,2653941,,United Kingdom
grant.3560409,ur.01252120574.48,John Alan,Goodacre,,PI,grid.9835.7,Lancaster University,,North West,GB,2644972,,United Kingdom
grant.3560409,ur.0763354625.04,Peter,Diggle,John,Co-PI,grid.9835.7,Lancaster University,,North West,GB,2644972,,United Kingdom
grant.3560409,ur.07746766735.70,Lik-Kwan,Shark,,Co-PI,,,,,,,,
grant.3560182,ur.0606205546.43,Andrew,Prendergast,J,PI,grid.4868.2,"Queen Mary, University of London",,London,GB,2643743,,United Kingdom
grant.3560182,ur.0642366430.06,Kusum,Nathoo,,Co-PI,grid.13001.33,University of Zimbabwe,,Outside UK,ZW,890299,,Zimbabwe
grant.3560182,ur.0576550334.05,Mutsa,Dangarembizi,Filda,Co-PI,grid.13001.33,University of Zimbabwe,,Outside UK,ZW,890299,,Zimbabwe
grant.3560182,ur.0762553033.31,Beatrice,Amadi,,Co-PI,,,,,,,,
grant.7149679,ur.01306752123.84,Søren,Faurby,,PI,,,,,,,,
grant.3560362,ur.01366043734.68,Ferenc,Mueller,,PI,grid.6572.6,University of Birmingham,,West Midlands,GB,2655603,,United Kingdom
grant.3864394,ur.07622746745.38,Jonathan,Morgan,,PI,grid.1121.3,Rolls-Royce PLC,,London,GB,2651347,,United Kingdom
grant.3930781,ur.013020003743.38,Chun,Wang,,PI,,,,,,,,
grant.3930781,ur.011767630526.54,Kamran,Ghorbani,,Co-PI,,,,,,,,
grant.3930781,ur.01315772200.94,Anthony,Kinloch,,Co-PI,,,,,,,,
grant.3930781,ur.0717110514.42,Jin,Zhang,,Co-PI,,,,,,,,
grant.3931100,ur.012454451237.20,Lachlan,Coin,,PI,,,,,,,,
grant.3931100,ur.013437577427.37,Clive,Hoggart,,Co-PI,,,,,,,,
grant.3931100,ur.0703234266.46,Nicholas,Martin,,Co-PI,,,,,,,,
grant.3931100,ur.0751347466.87,Mathieu,Lajoie,,Co-PI,,,,,,,,
grant.3931637,ur.01347402722.09,Michael,Vanner,,PI,,,,,,,,
grant.3931637,ur.01127157447.24,Myungshik,Kim,,Co-PI,,,,,,,,
grant.3930480,ur.013046721657.72,Sergei,Kuzenko,,PI,,,,,,,,
grant.3930480,ur.010550523617.13,Arkady,Tseytlin,,Co-PI,,,,,,,,
grant.3930480,ur.010043264317.16,Stefan,Theisen,,Co-PI,,,,,,,,
grant.3930480,ur.010426155177.92,Gabriele,Tartaglino-Mazzucchelli,,Co-PI,,,,,,,,
grant.3930480,ur.012116451125.13,Evgeny,Buchbinder,,Co-PI,,,,,,,,
grant.3793264,,Niamh Catherine,Nowlan,,PI,,,,,,,,
grant.3793436,,Athanasios,Mantalaris,,PI,,,,,,,,
grant.3862142,ur.01134335372.46,Sam,Mazillius,,PI,grid.7546.0,Airbus Operations Limited,,South West,GB,2654675,BRISTOL,
grant.3866150,ur.014526433063.65,David,Riordan,,PI,grid.443946.8,Short Brothers Plc,,Northern Ireland,GB,2655984,BELFAST,
grant.5128558,ur.015027536233.04,Buddhima,Indraratna,,PI,,,,,,,,
grant.5128558,ur.01325605203.41,Greg,Ryan,,Co-PI,,,,,,,,
grant.5128558,ur.0650314303.87,Philippe,Vincent,,Co-PI,,,,,,,,
grant.5128558,ur.01131247632.14,Geoffrey,McIntosh,,Co-PI,,,,,,,,
grant.5128558,ur.012366267645.65,Tapobrata,Sanyal,,Co-PI,,,,,,,,
grant.5128558,ur.011764724255.27,Richard,Kelly,,Co-PI,,,,,,,,
grant.5128558,ur.01032656103.45,David,Potts,,Co-PI,,,,,,,,
grant.5128558,ur.014432774671.16,John,Carter,,Co-PI,,,,,,,,
grant.5128558,ur.07675356143.11,Cholachat,Rujikiatkamjorn,,Co-PI,,,,,,,,
grant.5128558,ur.07737257213.96,Scott,Sloan,,Co-PI,,,,,,,,
grant.3865034,ur.07415016525.09,R,Green,,Co-PI,,,,,,,,
grant.3865034,ur.0653230006.22,Kevin,Garry,,Co-PI,,,,,,,,
grant.3865034,ur.01003763214.97,Christopher,Atkin,John,Co-PI,,,,,,,,
grant.3865034,ur.012362755305.38,Matthew,McGilvray,,Co-PI,,,,,,,,
grant.3865034,ur.010706014104.39,Holger,Babinsky,,Co-PI,,,,,,,,
grant.3865034,ur.013132165725.35,Frank,Coton,,Co-PI,,,,,,,,
grant.3865034,ur.016211624516.06,Peter,Ireland,,Co-PI,,,,,,,,
grant.3865034,ur.0665174121.55,Bharathram,Ganapathisubramani,,Co-PI,,,,,,,,
grant.3931789,ur.011507607372.72,Megan,Maher,,PI,,,,,,,,
grant.3931789,ur.0616324160.21,David,Aragao,,Co-PI,,,,,,,,
grant.3931789,ur.01337410152.19,So,Iwata,,Co-PI,,,,,,,,
grant.3931462,ur.01063715542.82,Peter,Corke,,PI,,,,,,,,
grant.3931462,ur.013372156770.67,Marc,Pollefeys,,Co-PI,,,,,,,,
grant.3931462,ur.0617252313.00,Andrew,Davison,,Co-PI,,,,,,,,
grant.3931462,ur.013341425201.56,Frank,Dellaert,,Co-PI,,,,,,,,
grant.3931462,ur.010245265473.41,Francois,Chaumette,,Co-PI,,,,,,,,
grant.3931462,ur.011757175441.72,Philip,Torr,,Co-PI,,,,,,,,
grant.3931462,ur.01163573160.70,Paul,Newman,,Co-PI,,,,,,,,
grant.3931462,ur.07656565701.55,Gustavo,Carneiro,,Co-PI,,,,,,,,
grant.3931462,ur.012312321055.20,Stephen,Gould,,Co-PI,,,,,,,,
grant.3931462,ur.0636112632.66,Hongdong,Li,,Co-PI,,,,,,,,
grant.3931462,ur.01010204714.12,Richard,Hartley,,Co-PI,,,,,,,,
grant.3931462,ur.0635441165.16,Chunhua,Shen,,Co-PI,,,,,,,,
grant.3931462,ur.0733112405.36,Anton van den,Hengel,,Co-PI,,,,,,,,
grant.3931462,ur.0633240542.54,Benjamin,Upcroft,,Co-PI,,,,,,,,
grant.3931462,ur.0656075635.89,Michael,Milford,,Co-PI,,,,,,,,
grant.3931462,ur.01154550316.51,Gordon,Wyeth,,Co-PI,,,,,,,,
grant.3931462,ur.07703652441.94,Robert,Mahony,,Co-PI,,,,,,,,
grant.3931462,ur.015237130555.37,Tom,Drummond,,Co-PI,,,,,,,,
grant.3931462,ur.016300252336.26,Ian,Reid,,Co-PI,,,,,,,,
grant.3843058,ur.014477410766.61,Lea,Marais,,PI,grid.435998.a,Ixico Technologies Limited,,London,GB,2643743,LONDON,
grant.3931418,ur.01157611106.50,Thomas,Davis,,PI,,,,,,,,
grant.3931418,ur.01177215753.55,Jason,Lewis,,Co-PI,,,,,,,,
grant.3931418,ur.01152033424.95,Ivan,Greguric,,Co-PI,,,,,,,,
grant.3931418,ur.01313444353.47,Doo Sung,Lee,,Co-PI,,,,,,,,
grant.3931418,ur.01206720153.53,Nicholas,Abbott,,Co-PI,,,,,,,,
grant.3931418,ur.01365420653.35,Keith,McLean,,Co-PI,,,,,,,,
grant.3931418,ur.0655507567.45,Cameron,Alexander,,Co-PI,,,,,,,,
grant.3931418,ur.01362172031.09,David,Haddleton,,Co-PI,,,,,,,,
grant.3931418,ur.01357552031.50,Craig,Hawker,,Co-PI,,,,,,,,
grant.3931418,ur.016102251735.18,Kenneth,Dawson,,Co-PI,,,,,,,,
grant.3931418,ur.01352707061.49,Simon,Corrie,,Co-PI,,,,,,,,
grant.3931418,ur.01043571316.45,Thomas,Nann,,Co-PI,,,,,,,,
grant.3931418,ur.0760436522.57,Pall,Thordarson,,Co-PI,,,,,,,,
grant.3931418,ur.07600460052.86,Angus,Johnston,,Co-PI,,,,,,,,
grant.3931418,ur.01110570137.51,Kristofer,Thurecht,,Co-PI,,,,,,,,
grant.3931418,ur.01024356353.91,Matthew,Kearnes,,Co-PI,,,,,,,,
grant.3931418,ur.0756243153.36,Benjamin,Boyd,,Co-PI,,,,,,,,
grant.3931418,ur.01163133027.22,Maria,Kavallaris,,Co-PI,,,,,,,,
grant.3931418,ur.0721732521.33,Robert,Parton,,Co-PI,,,,,,,,
grant.3931418,ur.016400433202.30,Stephen,Kent,,Co-PI,,,,,,,,
grant.3931418,ur.01336223100.06,Edmund,Crampin,,Co-PI,,,,,,,,
grant.3931418,ur.014174644107.96,Mark,Kendall,,Co-PI,,,,,,,,
grant.3931418,ur.01020515253.71,Nigel,Bunnett,,Co-PI,,,,,,,,
grant.3931418,ur.01225020122.08,Andrew,Whittaker,,Co-PI,,,,,,,,
grant.3931418,ur.0676735734.98,Nicolas,Voelcker,,Co-PI,,,,,,,,
grant.3931418,ur.01126655250.10,John,Gooding,,Co-PI,,,,,,,,
grant.3931418,ur.0746540753.37,Chris,Porter,,Co-PI,,,,,,,,
grant.3931418,ur.0754657675.86,Frank,Caruso,,Co-PI,,,,,,,,
grant.3560299,ur.01025375207.57,Silvia,Vignolini,,PI,grid.5335.0,University of Cambridge,,East of England,GB,2653941,,United Kingdom
grant.3560060,ur.015026432102.59,Jonathan,Wells,,Co-PI,grid.83440.3b,University College London,,London,GB,2643743,,United Kingdom
grant.3560060,ur.01214327740.66,Anna,Vignoles,,Co-PI,,,,,,,,
grant.3560060,ur.0617077157.62,Peter,Brocklehurst,,Co-PI,,,,,,,,
grant.3560060,ur.0627327341.39,David,Leon,Andrew,Co-PI,grid.8991.9,London Sch of Hygiene and Trop Medicine,,London,GB,2643743,,United Kingdom
grant.3560060,ur.0770626000.03,Simon,Burgess,,Co-PI,grid.5337.2,University of Bristol,,South West,GB,2654675,,United Kingdom
grant.3560060,ur.013774230142.80,Claire,Townsend,Louise,Co-PI,grid.83440.3b,University College London,,London,GB,2643743,,United Kingdom
grant.3560060,ur.01327517055.12,Stephan,Beck,,Co-PI,grid.83440.3b,University College London,,London,GB,2643743,,United Kingdom
grant.3560060,ur.01332520450.03,Anthony,Charman,Richard,Co-PI,grid.13097.3c,King's College London,,London,GB,2643743,,United Kingdom
grant.3560060,ur.011521440757.53,Diane,Reay,,Co-PI,,,,,,,,
grant.3560060,ur.011354543637.47,Jugnoo,Rahi,Sangeeta,Co-PI,grid.83440.3b,University College London,,London,GB,2643743,,United Kingdom
grant.3560060,ur.01332004430.90,Helen,Bedford,Elizabeth,Co-PI,grid.83440.3b,University College London,,London,GB,2643743,,United Kingdom
grant.3560060,ur.0675376044.72,Alan,Emond,Martin,Co-PI,grid.5337.2,University of Bristol,,South West,GB,2654675,,United Kingdom
grant.3560060,ur.01154357674.52,Cyrus,Cooper,,Co-PI,grid.5491.9,University of Southampton,,South East,GB,2637487,,United Kingdom
grant.3560060,ur.013054741544.94,Christopher,Dibben,John,Co-PI,,,,,,,,
grant.3560060,ur.015456700577.29,Jennifer,Kurinczuk,Jane,Co-PI,grid.4991.5,University of Oxford,,South East,GB,2640729,,United Kingdom
grant.3560060,ur.01116216416.07,Hilary,Graham,,Co-PI,grid.5685.e,University of York,,Yorkshire and The Humber,GB,2633352,,United Kingdom
grant.3560060,ur.0623610604.17,Neil,Marlow,,Co-PI,grid.83440.3b,University College London,,London,GB,2643743,,United Kingdom
grant.3560060,ur.010051533477.42,Dale,Hay,,Co-PI,grid.5600.3,Cardiff University,,Wales,GB,2653822,,United Kingdom
grant.5128809,ur.01246113411.62,Damien,Fordham,,PI,,,,,,,,
grant.2752839,ur.015613735407.30,Jan,Zika,,PI,,,,,,,,
grant.2752839,ur.01363107570.36,Robert,Marsh,,Co-PI,grid.5491.9,University of Southampton,,South East,GB,2637487,,United Kingdom
grant.3496884,ur.01006673171.95,Daniel,Eakins,,Co-PI,,,,,,,,
grant.3559809,ur.01273156023.22,Chris,Denning,,Co-PI,,,,,,,,
grant.3560423,ur.01242034070.30,Liana,CIPCIGAN,Mirela,Co-PI,,,,,,,,
grant.3560423,ur.012500462442.36,Furong,Li,,Co-PI,,,,,,,,
grant.3796501,,Cristina,Lo Celso,,PI,,,,,,,,
grant.3497484,ur.01323424174.40,Tim,Foster,,PI,grid.4563.4,University of Nottingham,,East Midlands,GB,2641170,,United Kingdom
grant.3497484,ur.01303741724.73,Elliot,Woolley,,Co-PI,,,,,,,,
grant.3497484,ur.0672771360.85,Ian,Norton,Timothy,Co-PI,grid.6572.6,University of Birmingham,,West Midlands,GB,2655603,,United Kingdom
grant.3497484,ur.01354230014.38,David,Gray,Alistair,Co-PI,grid.4563.4,University of Nottingham,,East Midlands,GB,2641170,,United Kingdom
grant.3497484,ur.015362274706.93,James,Colwill,Andrew,Co-PI,,,,,,,,
grant.3497484,ur.016666275047.71,Peter,Fryer,Jonathan,Co-PI,grid.6572.6,University of Birmingham,,West Midlands,GB,2655603,,United Kingdom
grant.3497484,ur.016016254667.12,Fotis,Spyropoulos,,Co-PI,grid.6572.6,University of Birmingham,,West Midlands,GB,2655603,,United Kingdom
grant.3497484,ur.01207212766.36,Bettina,Wolf,,Co-PI,grid.6572.6,University of Birmingham,,West Midlands,GB,2655603,,United Kingdom
grant.3497747,ur.01256651100.50,Anthony Paul,Roskilly,,PI,,,,,,,,
grant.3497112,ur.0703007213.73,Nigel,Titchener-Hooker,,PI,grid.83440.3b,University College London,,London,GB,2643743,,United Kingdom
grant.3497112,ur.010070562313.43,Anthony,Finkelstein,,PI,,,,,,,,
grant.3497112,ur.01014510052.45,Gopinathan,Sankar,,Co-PI,grid.83440.3b,University College London,,London,GB,2643743,,United Kingdom
grant.3497112,ur.01311566604.01,Daniel,Bracewell,Gilbert,Co-PI,grid.83440.3b,University College London,,London,GB,2643743,,United Kingdom
grant.3497112,ur.01055250504.76,Paul,McMillan,Francis,Co-PI,grid.83440.3b,University College London,,London,GB,2643743,,United Kingdom
grant.3497112,ur.01325514511.60,Paola,Lettieri,,Co-PI,grid.83440.3b,University College London,,London,GB,2643743,,United Kingdom
grant.3497112,ur.01244533670.42,Sean,Hanna,Peter,Co-PI,grid.83440.3b,University College London,,London,GB,2643743,,United Kingdom
grant.3497112,ur.01124300500.08,Mark,Miodownik,,Co-PI,grid.83440.3b,University College London,,London,GB,2643743,,United Kingdom
grant.3497112,ur.0673117464.95,Marc-Olivier,Coppens,,Co-PI,grid.83440.3b,University College London,,London,GB,2643743,,United Kingdom
grant.3497112,ur.012712255243.33,Asterios,Gavriilidis,,Co-PI,grid.83440.3b,University College London,,London,GB,2643743,,United Kingdom
grant.3497112,ur.015344106734.30,Alan,Penn,,Co-PI,grid.83440.3b,University College London,,London,GB,2643743,,United Kingdom
grant.3497112,ur.011202730745.66,Philip,Treleaven,,Co-PI,grid.83440.3b,University College London,,London,GB,2643743,,United Kingdom
grant.3497112,ur.01144754640.81,John,Ward,Maxim,Co-PI,grid.83440.3b,University College London,,London,GB,2643743,,United Kingdom
grant.3497112,ur.0715316367.33,Andrew,Pomiankowski,,Co-PI,grid.83440.3b,University College London,,London,GB,2643743,,United Kingdom
grant.3560670,ur.01076574615.00,Katja,Hoschler,,Co-PI,grid.271308.f,Public Health England,,South West,GB,2643743,,United Kingdom
grant.3560670,ur.0756427106.18,Maria,Zambon,,Co-PI,grid.271308.f,Public Health England,,South West,GB,2643743,,United Kingdom
grant.4186459,ur.0736023303.70,Fahmi,Khan,,PI,grid.413548.f,Hamad Medical Corporation,,,QA,290030,,Qatar
grant.4186459,ur.01236155756.78,Pankaj,Sharma,,PI,grid.4970.a,"Royal Holloway, University of London",,,GB,2650188,,United Kingdom
grant.4186459,ur.0673755321.21,Dirk,Deleu,,PI,grid.413548.f,Hamad Medical Corporation,,,QA,290030,,Qatar
grant.4186459,ur.01064730041.00,Hassan,al-Hail,,PI,grid.413548.f,Hamad Medical Corporation,,,QA,290030,,Qatar
grant.4186459,ur.015652454457.90,Philippe,Froguel,,PI,grid.452146.0,Hamad Bin Khalifa University,,,QA,290030,,Qatar
grant.4187033,ur.01247472757.29,Mohammed,al-Hashimi,,PI,grid.412392.f,Texas A&M University at Qatar,,,QA,290030,,Qatar
grant.4187033,ur.01271067663.94,Siham,Alqaradawi,,PI,grid.412603.2,Qatar University,,,QA,290030,,Qatar
grant.3495743,ur.0770111760.42,Ian,Bache,,PI,grid.11835.3e,University of Sheffield,,Yorkshire and The Humber,GB,2638077,,United Kingdom
grant.3495743,ur.01027644724.92,Karen,Scott,,Co-PI,,,,,,,,
grant.3495743,ur.0761531524.95,Charles,Seaford,,Co-PI,,,,,,,,
grant.3496986,ur.01215460023.18,Keith,Palmer,T,PI,grid.5491.9,University of Southampton,,South East,GB,2637487,,United Kingdom
grant.3496986,ur.0735027143.26,Catharine,Gale,Rose,Co-PI,grid.4305.2,University of Edinburgh,,Scotland,GB,2650225,,United Kingdom
grant.3496986,ur.015377475326.90,David,Coggon,,Co-PI,grid.5491.9,University of Southampton,,South East,GB,2637487,,United Kingdom
grant.3496986,ur.01127264412.88,Maria,Evandrou,,Co-PI,grid.5491.9,University of Southampton,,South East,GB,2637487,,United Kingdom
grant.3496986,ur.01030016621.17,Avan,Aihie Sayer,,Co-PI,,,,,,,,
grant.3797919,,Gustav Horst,Holzegel,,PI,,,,,,,,
grant.3559894,ur.0623130550.69,Roger,Powell,,Co-PI,grid.7728.a,Brunel University,,,GB,2643743,,United Kingdom
grant.3496741,ur.01103016364.02,Robert,Gatliff,William,Co-PI,,,,,,,,
grant.3496741,ur.011700437407.53,Quentin,Fisher,Jonathan,Co-PI,,,,,,,,
grant.3496741,ur.0772073570.64,M,Maroto-Valer,Mercedes,Co-PI,,,,,,,,
grant.3496741,ur.016643232676.66,Martyn,Quinn,Frank,Co-PI,,,,,,,,
grant.3499185,ur.01210400145.73,Michael,Hastings,Harvey,Co-PI,,,,,,,,
grant.3841573,ur.01257457472.01,Gemma,Aldridge,,PI,grid.437067.1,OXIS Energy Limited,,South East,GB,2657780,Abingdon,United Kingdom
grant.3498040,ur.01003713524.54,Raluca,Eftimie,,PI,grid.8241.f,University of Dundee,,Scotland,GB,2650752,,United Kingdom
grant.3498121,ur.011240751172.24,Richard John,Hayes,,PI,grid.8991.9,London Sch of Hygiene and Trop Medicine,,London,GB,2643743,,United Kingdom
grant.3498121,ur.01217404541.38,Helen,Weiss,Anne,Co-PI,grid.8991.9,London Sch of Hygiene and Trop Medicine,,London,GB,2643743,,United Kingdom
grant.3498121,ur.014471513300.52,Peter,Smith,George,Co-PI,grid.8991.9,London Sch of Hygiene and Trop Medicine,,London,GB,2643743,,United Kingdom
grant.3498121,ur.01077330530.97,Immo,Kleinschmidt,,Co-PI,grid.8991.9,London Sch of Hygiene and Trop Medicine,,London,GB,2643743,,United Kingdom
grant.3498121,ur.015776616037.35,Katherine,Fielding,,Co-PI,grid.8991.9,London Sch of Hygiene and Trop Medicine,,London,GB,2643743,,United Kingdom
grant.3560326,ur.01361677374.71,Mark,Smith,,Co-PI,,,,,,,,
grant.3560326,ur.0707731033.92,Mitul,Mehta,Ashok,Co-PI,,,,,,,,
grant.3560326,ur.01214510132.32,Fernando,Zelaya,Osmin,Co-PI,,,,,,,,
grant.3495929,ur.010241306344.39,Andrew,Brooke-Taylor,David,PI,grid.9909.9,University of Leeds,,Yorkshire and The Humber,GB,2644688,,United Kingdom
grant.3497775,ur.01263171521.12,Philip,Maini,Kumar,PI,grid.4991.5,University of Oxford,,South East,GB,2640729,,United Kingdom
grant.3497775,ur.0734733576.19,Helen,Byrne,,Co-PI,grid.4991.5,University of Oxford,,South East,GB,2640729,,United Kingdom
grant.2761834,ur.01053620570.27,Travis,Bayer,Scott,Co-PI,,,,,,,,
grant.3861931,ur.01365355071.25,Ashley,Whittington,Michael,PI,,Private Address,,,GB,,,United Kingdom
grant.7818355,ur.011331647507.94,Jakob,Runge,,PI,,,,,,,,
grant.7673135,ur.07750244710.94,Julian,Jones,,Co-PI,,,,,,,,
grant.5133998,ur.0767047363.32,Luca,Magnani,,PI,,,,,,,,
grant.5133998,ur.01013207657.94,mathieu,lupien,,Co-PI,,,,,,,,
grant.3499125,ur.0634277705.41,Mario,Falchi,,PI,,,,,,,,
grant.2756994,ur.01047164033.37,Caroline,Colijn,,PI,grid.61971.38,Simon Fraser University,CA-BC,Outside UK,CA,5911606,,Canada
grant.2773802,ur.013234615017.95,Paolo,Costa,,Co-PI,,,,,,,,
grant.3495763,ur.07764724763.26,Sam,Ladak,,PI,grid.5600.3,Cardiff University,,Wales,GB,2653822,,United Kingdom
grant.3499661,ur.016420451427.94,Lee,Buttery,David,Co-PI,,,,,,,,
grant.3560674,ur.01073351503.88,Marzena,Szymanska,Hanna,PI,grid.83440.3b,University College London,,London,GB,2643743,,United Kingdom
grant.3861341,ur.0721527626.97,Geerten,Vuister,Willem,PI,grid.9918.9,University of Leicester,,East Midlands,GB,2644668,,United Kingdom
grant.3861341,ur.01361363411.89,Ernest,Laue,Douglas,Co-PI,,,,,,,,
grant.3498557,ur.07512676162.86,Philip,Poole,Simon,PI,grid.4991.5,University of Oxford,,South East,GB,2640729,,United Kingdom
grant.3498557,ur.01371104060.56,Raymond Alan,Dixon,,Co-PI,grid.14830.3e,John Innes Centre,,East of England,GB,2641181,,United Kingdom
grant.3499569,ur.01170445650.20,Alistair,Elfick,"Philip, David",Co-PI,,,,,,,,
grant.3499569,ur.01355602150.15,Stephen,Oliver,George,Co-PI,,,,,,,,
grant.3843723,ur.0761521412.37,Susannah,Clarke,,PI,grid.498307.1,Embody Orthopaedic Limited,,London,GB,2643743,LONDON,
grant.2753341,ur.016136043077.19,Peter,Golyshin,,Co-PI,grid.7362.0,Bangor University,,Wales,GB,2656397,,United Kingdom
grant.2753341,ur.0732415720.17,Paul,Race,Raymond,Co-PI,grid.5337.2,University of Bristol,,South West,GB,2654675,,United Kingdom
grant.2753341,ur.01017463460.18,Anil,Wipat,,Co-PI,grid.1006.7,Newcastle University,,North East,GB,2641673,,United Kingdom
grant.2753341,ur.01362136307.10,Orkun,Soyer,,Co-PI,,,,,,,,
grant.2753341,ur.0713542150.20,Dek,Woolfson,Neil,Co-PI,grid.5337.2,University of Bristol,,South West,GB,2654675,,United Kingdom
grant.2753341,ur.01204034065.66,Graham,Stafford,,Co-PI,grid.11835.3e,University of Sheffield,,Yorkshire and The Humber,GB,2638077,,United Kingdom
grant.2753341,ur.01053620570.27,Travis,Bayer,Scott,Co-PI,grid.4991.5,University of Oxford,,South East,GB,2640729,,United Kingdom
grant.2753341,ur.01175444330.21,James,Murray,Augustus,Co-PI,grid.5600.3,Cardiff University,,Wales,GB,2653822,,United Kingdom
grant.2753341,ur.01163556005.73,J,Macdonald,,Co-PI,grid.7362.0,Bangor University,,Wales,GB,2656397,,United Kingdom
grant.2753341,ur.0720343774.38,Susan,Rosser,Jane,Co-PI,grid.4305.2,University of Edinburgh,,Scotland,GB,2650225,,United Kingdom
grant.2753341,ur.0643056543.15,Andrew,Turberfield,Jonathan,Co-PI,grid.4991.5,University of Oxford,,South East,GB,2640729,,United Kingdom
grant.2753341,ur.01372352200.12,Phillip Craig,Wright,,Co-PI,grid.1006.7,Newcastle University,,North East,GB,2641673,,United Kingdom
grant.2753341,ur.01011437021.26,Rudolf,Allemann,Konrad,Co-PI,grid.5600.3,Cardiff University,,Wales,GB,2653822,,United Kingdom
grant.2753341,ur.01251300532.06,Paul,Rees,,Co-PI,grid.4827.9,Swansea University,,Wales,GB,2636432,,United Kingdom
grant.2753341,ur.01170454055.93,Christine,Maggs,,Co-PI,,,,,,,,
grant.2753341,ur.011647142107.34,Timothy,Dafforn,,Co-PI,grid.6572.6,University of Birmingham,,West Midlands,GB,2655603,,United Kingdom
grant.2753341,ur.0762345750.82,Joyce,Tait,,Co-PI,grid.4305.2,University of Edinburgh,,Scotland,GB,2650225,,United Kingdom
grant.2753341,ur.01104115547.21,Gos,Micklem,,Co-PI,grid.5335.0,University of Cambridge,,East of England,GB,2653941,,United Kingdom
grant.2753341,ur.015271677004.27,James,Ajioka,Warren,Co-PI,grid.5335.0,University of Cambridge,,East of England,GB,2653941,,United Kingdom
grant.2753341,ur.01044424702.40,John,Love,,Co-PI,grid.8391.3,University of Exeter,,South West,GB,2649808,,United Kingdom
grant.3841645,ur.0735621572.00,Mark,Brazier,,PI,,PAB Coventry Limited,,West Midlands,,,Canley,
grant.2769661,ur.016067420543.14,Simon,Dietz,,PI,grid.13063.37,London School of Economics & Pol Sci,,London,GB,2643743,,United Kingdom
grant.2769661,ur.01260640600.02,Nicholas,Stern,Herbert,Co-PI,grid.13063.37,London School of Economics & Pol Sci,,London,GB,2643743,,United Kingdom
grant.2769661,ur.013751215544.40,Andrew,Gouldson,,Co-PI,grid.9909.9,University of Leeds,,Yorkshire and The Humber,GB,2644688,,United Kingdom
grant.2769661,ur.010256613621.89,Jouni,Paavola,Juhani,Co-PI,grid.9909.9,University of Leeds,,Yorkshire and The Humber,GB,2644688,,United Kingdom
grant.2769661,ur.016436320535.88,Sam,Fankhauser,,Co-PI,grid.13063.37,London School of Economics & Pol Sci,,London,GB,2643743,,United Kingdom
grant.2765033,ur.01306302353.78,Adam Bruno,Barrett,,PI,grid.12082.39,University of Sussex,,South East,GB,2654710,,United Kingdom
grant.2756243,ur.010354025227.13,J,Davies,Huw,PI,grid.5600.3,Cardiff University,,Wales,GB,2653822,,United Kingdom
grant.2783444,ur.0642653752.28,David,Grant,Malcolm,PI,grid.4563.4,University of Nottingham,,East Midlands,GB,2641170,,United Kingdom
grant.2783444,ur.011340477473.32,Salah,Ibrahim,,Co-PI,,,,,,,,
grant.2783444,ur.012624641777.82,W,Malalasekera,,Co-PI,,,,,,,,
grant.2783444,ur.0647652650.08,Gavin,Walker,Stuart,Co-PI,grid.4563.4,University of Nottingham,,East Midlands,GB,2641170,,United Kingdom
grant.2783444,ur.015762241015.36,Carol,Eastwick,Norma,Co-PI,grid.4563.4,University of Nottingham,,East Midlands,GB,2641170,,United Kingdom
grant.2761818,ur.01204371371.66,Mark,Trimmer,,Co-PI,,,,,,,,
grant.2761818,ur.01176601710.90,Carl,Sayer,Derek,Co-PI,,,,,,,,
grant.2761818,ur.01157773627.18,Mark,Ledger,Edward,Co-PI,,,,,,,,
grant.2761818,ur.0611273160.26,Alexander,Dumbrell,Joseph,Co-PI,,,,,,,,
grant.3497363,ur.012157567677.07,Eleanor,Barnes,,PI,grid.4991.5,University of Oxford,,South East,GB,2640729,,United Kingdom
grant.3497363,ur.0756336767.71,Salim,Khakoo,,Co-PI,grid.5491.9,University of Southampton,,South East,GB,2637487,,United Kingdom
grant.3497363,ur.012326765732.45,Graham,Foster,Russell,Co-PI,grid.4868.2,"Queen Mary, University of London",,London,GB,2643743,,United Kingdom
grant.3497363,ur.0605465360.18,Peter,Simmonds,,Co-PI,grid.4991.5,University of Oxford,,South East,GB,2640729,,United Kingdom
grant.3497363,ur.07502733057.17,Chris,Holmes,,Co-PI,grid.4991.5,University of Oxford,,South East,GB,2640729,,United Kingdom
grant.3497363,ur.01317371074.29,Jane,McKeating,Alison,Co-PI,grid.4991.5,University of Oxford,,South East,GB,2640729,,United Kingdom
grant.3497363,ur.01035447407.30,Jonathan,Ball,Kelvin,Co-PI,,,,,,,,
grant.3497363,ur.01004343024.60,Christopher,Spencer,Charles,Co-PI,grid.4991.5,University of Oxford,,South East,GB,2640729,,United Kingdom
grant.3497363,ur.01150064724.91,William,Irving,,Co-PI,,,,,,,,
grant.3497363,ur.01041463430.24,Richard,Riley,,Co-PI,,,,,,,,
grant.3497363,ur.013051535742.10,Natasha,Martin,,Co-PI,grid.5337.2,University of Bristol,,South West,GB,2654675,,United Kingdom
grant.3497363,ur.01247677303.20,Patricia,Cane,Ann,Co-PI,grid.271308.f,Public Health England,,South West,GB,2643743,,United Kingdom
grant.3497363,ur.0711605343.83,Alec,Miners,,Co-PI,grid.8991.9,London Sch of Hygiene and Trop Medicine,,London,GB,2643743,,United Kingdom
grant.3497363,ur.01336203056.44,John,Dillon,Francis,Co-PI,grid.8241.f,University of Dundee,,Scotland,GB,2650752,,United Kingdom
grant.3497363,ur.0717371147.34,Neil,Guha,,Co-PI,,,,,,,,
grant.3497363,ur.01366404500.15,Paul,Klenerman,,Co-PI,grid.4991.5,University of Oxford,,South East,GB,2640729,,United Kingdom
grant.3497363,ur.01115422445.14,Emma,Thomson,,Co-PI,grid.8756.c,University of Glasgow,,Scotland,GB,2648579,,United Kingdom
grant.3497363,ur.0775715415.26,Peter,Vickerman,,Co-PI,grid.5337.2,University of Bristol,,South West,GB,2654675,,United Kingdom
grant.3497363,ur.01167041445.62,John,McLauchlan,,Co-PI,grid.8756.c,University of Glasgow,,Scotland,GB,2648579,,United Kingdom
grant.3497363,ur.01133032666.03,Nicole,Zitzmann,,Co-PI,grid.4991.5,University of Oxford,,South East,GB,2640729,,United Kingdom
grant.2780172,ur.07657070633.51,Christopher,James,James,PI,,Grow Biotech PLC,,,US,4140963,,
grant.3496978,ur.0600704406.55,Michelle,West,Joanne,PI,grid.12082.39,University of Sussex,,South East,GB,2654710,,United Kingdom
grant.2780907,ur.0705641103.61,Aaron,Williamon,,PI,grid.421665.2,Royal College of Music,,London,GB,2643743,,United Kingdom
grant.2780907,ur.010764577467.46,Jane,Ginsborg,,Co-PI,,,,,,,,
grant.2780907,ur.01137677014.65,Emma,Redding,,Co-PI,,,,,,,,
grant.2780907,ur.0625100714.59,Alan,Watson,,Co-PI,,,,,,,,
grant.2780907,ur.01007442514.32,Helen,Reid,,Co-PI,,,,,,,,
grant.2780907,ur.01123671114.04,Stephen,Broad,,Co-PI,,,,,,,,
grant.2780907,ur.01315016603.73,David,Wasley,Anthony,Co-PI,,,,,,,,
grant.3795706,ur.014472445423.77,Joseph Vilmos,Hajnal,,PI,grid.13097.3c,KING'S COLLEGE LONDON,,,GB,2643743,LONDON,UK
grant.3795706,ur.015127001317.99,Joseph Vilmos,Hajnal,,PI,,,,,,,,
grant.3795706,ur.016564435622.25,Anthony David,Edwards,,PI,,,,,,,,
grant.2767353,ur.01045676050.51,Douglas,Angus,Alexander,PI,grid.9909.9,University of Leeds,,Yorkshire and The Humber,GB,2644688,,United Kingdom
grant.2767353,ur.01345107610.25,Graham,Stuart,,PI,grid.9909.9,University of Leeds,,Yorkshire and The Humber,GB,2644688,,United Kingdom
grant.2767353,ur.0652451050.03,William,Murphy,,Co-PI,grid.9909.9,University of Leeds,,Yorkshire and The Humber,GB,2644688,,United Kingdom
grant.2767353,ur.012513606153.45,Mark,Hildyard,William,Co-PI,grid.9909.9,University of Leeds,,Yorkshire and The Humber,GB,2644688,,United Kingdom
grant.3959192,ur.0774154570.43,Patrick,Chinnery,,PI,,,,,,,,
grant.3959192,ur.01171600600.58,James,Ironside,Wilson,PI,grid.4305.2,University of Edinburgh,,Scotland,GB,2650225,,United Kingdom
grant.2772364,ur.010564573121.98,Rupert,Gammon,,PI,grid.48815.30,De Montfort University,,East Midlands,GB,2644668,,United Kingdom
grant.2772364,ur.016335517377.09,Neal,Wade,Simon,Co-PI,,,,,,,,
grant.3862679,ur.011026120037.74,Ian,Deary,J.,PI,grid.4305.2,University of Edinburgh,,Scotland,GB,2650225,,United Kingdom
grant.2765219,ur.01367711150.31,John,Danesh,,PI,grid.5335.0,University of Cambridge,,East of England,GB,2653941,,United Kingdom
grant.2765219,ur.01132715706.47,Adam,Butterworth,Stuart,Co-PI,grid.5335.0,University of Cambridge,,East of England,GB,2653941,,United Kingdom
grant.2765219,ur.0624332664.74,Rajiv,Chowdhury,,Co-PI,grid.5335.0,University of Cambridge,,East of England,GB,2653941,,United Kingdom
grant.2765219,ur.015760641477.63,Daniel,Rader,,Co-PI,,,,,,,,
grant.2765219,ur.0645437504.72,Emanuele,Di Angelantonio,,Co-PI,grid.5335.0,University of Cambridge,,East of England,GB,2653941,,United Kingdom
grant.2765219,ur.0770340363.50,Danish,Saleheen,,Co-PI,,,,,,,,
grant.2765219,ur.013723776517.34,Nicholas,Wareham,John,Co-PI,grid.5335.0,University of Cambridge,,East of England,GB,2653941,,United Kingdom
grant.2765219,ur.015747463462.79,Angela,Wood,,Co-PI,grid.5335.0,University of Cambridge,,East of England,GB,2653941,,United Kingdom
grant.2765219,ur.0656556216.76,Simon,Thompson,,Co-PI,grid.5335.0,University of Cambridge,,East of England,GB,2653941,,United Kingdom
grant.2765219,ur.01237130027.85,Stephen,Kaptoge,K,Co-PI,grid.5335.0,University of Cambridge,,East of England,GB,2653941,,United Kingdom
grant.2765219,ur.01145774021.52,Sylvia,Richardson,,Co-PI,grid.5335.0,University of Cambridge,,East of England,GB,2653941,,United Kingdom
grant.2753925,ur.01226665723.45,Elizabeth,Thornley,Patricia,PI,,,,,,,,
grant.2753925,ur.01272046017.37,Ian,Shield,,Co-PI,,,,,,,,
grant.2753925,ur.01256651100.50,Anthony Paul,Roskilly,,Co-PI,,,,,,,,
grant.3862390,ur.015203326272.87,Karen,Wilson,,PI,,,,,,,,
grant.2775228,ur.01022756310.42,Ausilio,Bauen,Walter,Co-PI,grid.498245.6,E4Tech Ltd,,London,GB,2643743,,United Kingdom
grant.2775228,ur.01226665723.45,Elizabeth,Thornley,Patricia,Co-PI,,,,,,,,
grant.2775228,ur.01330513364.24,Philip,Murray,James,Co-PI,,,,,,,,
grant.2775228,ur.015436162102.21,Goetz,Richter,Michael,Co-PI,,,,,,,,
grant.2752701,ur.0611137272.32,Valentina,Escott-Price,,Co-PI,grid.5600.3,Cardiff University,,Wales,GB,2653822,,United Kingdom
grant.2752701,ur.010224574007.50,Michael,Owen,John,Co-PI,grid.5600.3,Cardiff University,,Wales,GB,2653822,,United Kingdom
grant.2752701,ur.012010266137.38,Michael,O'Donovan,Conlon,Co-PI,grid.5600.3,Cardiff University,,Wales,GB,2653822,,United Kingdom
grant.2752701,ur.01273166362.42,Peter,Holmans,,Co-PI,grid.5600.3,Cardiff University,,Wales,GB,2653822,,United Kingdom
grant.2752701,ur.01140735322.27,Denise,Harold,,Co-PI,grid.5600.3,Cardiff University,,Wales,GB,2653822,,United Kingdom
grant.2752701,ur.015322475112.46,Huw,Morris,R,Co-PI,grid.83440.3b,University College London,,London,GB,2643743,,United Kingdom
grant.2752701,ur.0653641710.40,Meng,Li,,Co-PI,grid.5600.3,Cardiff University,,Wales,GB,2653822,,United Kingdom
grant.4187199,ur.01131405437.06,Suhaila,Ghuloum,,PI,grid.413548.f,Hamad Medical Corporation,,,QA,290030,,Qatar
grant.4187199,ur.01264132250.34,Paul,Gately,,PI,grid.10346.30,Leeds Metropolitan University,,,GB,2644688,,United Kingdom
grant.4187199,ur.0721773757.36,Aziza,Alsaadi,,PI,grid.498616.4,Ministry of Education and Higher Education,,,QA,290030,,Qatar
grant.4187199,ur.0715610574.56,Hanan,al Kuwari,,PI,grid.413548.f,Hamad Medical Corporation,,,QA,290030,,Qatar
grant.4187199,ur.01070467721.92,Mohamed,al-Kuwari,,PI,grid.415515.1,Aspetar - Qatar Orthopaedic and Sports Medicine Hospital,,,QA,290030,,Qatar
grant.4187199,ur.011377402376.04,Abdelhamid,Kerkadi,,PI,grid.412603.2,Qatar University,,,QA,290030,,Qatar
grant.4187199,ur.01305505103.42,Mohamed,Ahmedna,,PI,grid.412603.2,Qatar University,,,QA,290030,,Qatar
grant.4187199,ur.010367430050.89,Peter,Fricker,,PI,grid.417586.9,Aspire Academy for Sports Excellence,,,QA,290030,,Qatar
grant.5136088,ur.01034711062.38,Naomi,Chayen,,PI,,,,,,,,
grant.5136088,ur.01260671022.56,Robert,Ford,,Co-PI,,,,,,,,
grant.3559976,ur.01330653156.80,Diana,Kuh,Jane,PI,grid.83440.3b,University College London,,London,GB,2643743,,United Kingdom
grant.3560440,ur.010711013677.02,Nishi,Chaturvedi,,PI,grid.83440.3b,University College London,,London,GB,2643743,,United Kingdom
grant.2781201,ur.01341201420.87,John Vincent,Hanna,,PI,grid.7372.1,University of Warwick,,West Midlands,GB,2652221,,United Kingdom
grant.4888353,ur.01103370767.77,Sheena,McCormack,,PI,grid.83440.3b,University College London,,London,GB,2643743,,United Kingdom
grant.4888308,ur.01365337023.02,Kholoud,Porter,,PI,grid.83440.3b,University College London,,London,GB,2643743,,United Kingdom
grant.3560033,ur.011547627117.00,Rebecca,Hardy,Jane,PI,grid.83440.3b,University College London,,London,GB,2643743,,United Kingdom
grant.3560782,ur.01266655201.43,Mark,Marsh,,PI,grid.83440.3b,University College London,,London,GB,2643743,,United Kingdom
grant.3560413,ur.01012040600.14,Marcus,Richards,,PI,grid.83440.3b,University College London,,London,GB,2643743,,United Kingdom
grant.2751133,ur.01132551664.20,Timothy,Barraclough,Giles,Co-PI,,,,,,,,
grant.3534899,ur.011632010515.94,Luis,Reino,,PI,grid.5808.5,"CIBIO, Centro de Investigação em Biodiversidade e Recursos Genéticos",,,PT,2735943,Vairão,PT
grant.3534899,ur.01277307522.73,Sasha Marques,de Vasconcelos,,Co-PI,grid.5808.5,"CIBIO, Centro de Investigação em Biodiversidade e Recursos Genéticos",,,PT,2735943,Vairão,PT
grant.3534899,ur.014617712515.96,Pedro,Segurado,,Co-PI,grid.9983.b,Centro de Estudos Florestais,,PT-11,PT,2267057,Lisboa,PT
grant.3534899,ur.01142662776.11,Francisco,Moreira,,Co-PI,grid.9983.b,"Institute of Agronomy, Center for Applied Ecology ""Prof. Baeta Neves""/InBio, University of Lisbon",,PT-11,PT,2267057,Lisboa,PT
grant.3534899,ur.013510460662.11,Pedro,Beja,,Co-PI,grid.5808.5,CIBIO-Centro de Investigação em Biodiversidade e Recursos Genéticos,,,PT,2735943,Vairão,PT
grant.3534899,ur.0666757056.36,Rui,Figueira,,Co-PI,grid.420930.c,Instituto de Investigação Científica e Tropical,,PT-11,PT,2267057,Lisboa,PT
grant.3534899,ur.01313377046.53,Rui Manuel,Cleto Morgado,,Co-PI,,,,,,,,
grant.3534899,ur.01131035246.91,Joana,Figueiredo Santana,,Co-PI,grid.5808.5,CIBIO - Centro de Investigação em Biodiversidade e Recursos Genéticos,,,PT,2735943,Vairão,PT
grant.3534899,ur.01071064612.32,Ines,Catry,,Co-PI,grid.9983.b,"Centro de Ecologia Aplicada Prof. Baeta Neves, Instituto Superior de Agronomia, Universidade Técnica de Lisboa",,PT-11,PT,2267057,Lisboa,PT
grant.3534899,ur.01360006306.48,Alexandre,Martins Vaz,,Co-PI,grid.5808.5,CIBIO-Centro de Investigação em Biodiversidade e Recursos Genéticos,,,PT,2735943,Vairão,PT
grant.3534899,ur.016063512257.44,Stefan,Schindler,,Co-PI,grid.5808.5,"Centro de Investigação em Biodiversidade e Recursos Genéticos (CIBIO), Universidade do Porto",,,PT,2735943,Vairão,PT
grant.3534899,ur.0657022446.30,Stefan,Dullinger,,Co-PI,grid.10420.37,"Department of Conservation Biology, Vegetation & Landscape Ecology; University of Vienna",,,AT,2761369,Vienna,AT
grant.3534899,ur.011727120365.34,Juan Salvador,Sánchez Oliver,,Co-PI,,,,,,,,
grant.3534371,ur.01135632352.39,Maria,Romeiras,,PI,grid.420930.c,"IICT, Tropical Research Institute // BioFIG, Faculdade de Ciências de Lisboa",,PT-11,PT,2267057,Lisboa,PT
grant.3534371,ur.0647126314.17,Maria Cristina,Duarte,,Co-PI,grid.420930.c,Instituto de Investigação Científica Tropical - Jardim Botânico Tropical,,PT-11,PT,2267057,Lisboa,PT
grant.3534371,ur.01000637221.15,Maria Salomé,Pais,,Co-PI,grid.9983.b,"Centro de Biodiversidade e Genómica Funcional (BIOFIG), FCUL",,PT-11,PT,2267057,Lisboa,PT
grant.3534371,ur.01257306376.25,Miguel Pinto da Silva Menezes,de Sequeira,,Co-PI,grid.26793.39,Universidade da Madeira,,,PT,2267827,Funchal,PT
grant.3534371,ur.0605201756.73,José Carlos,Costa,,Co-PI,grid.9983.b,Departamento de Protecção de Plantas e Fitoecologia - SFH,,PT-11,PT,2267057,Lisboa,PT
grant.3534371,ur.0767103262.54,Filipa,Monteiro,,Co-PI,,"Plant Systems Biology Lab, BioFIG-FCUL",,PT-11,PT,2267057,Lisboa,PT
grant.3534371,ur.01227406300.30,Mónica,Moura,,Co-PI,grid.7338.f,Universidade dos Açores,,,PT,6941014,Ponta Delgada,PT
grant.3534371,ur.01143057776.12,Mark,Andrew Carine,,Co-PI,,,,,GB,2643743,London,GB
grant.3534371,ur.0712402776.59,Isildo,Gonçalves Gomes,,Co-PI,,Instituto Nacional de Investigação e Desenvolvimento Agrário - INIDA,,,CV,,S. Jorge dos Órgãos,CV
grant.3797294,,Peter,Kohl,,PI,,,,,,,,
grant.3797294,ur.01114677274.37,Peter,Kohl,,PI,,UNIVERSITAETSKLINIKUM FREIBURG,,,DE,2925177,FREIBURG,DE
grant.5231398,ur.01304676565.77,Philipp,Gerber,,PI,grid.7400.3,University of Zurich,,,CH,2657896,,
grant.3534631,ur.0614376602.39,Frederico Castelo,Ferreira,,PI,grid.9983.b,Institute for Biotechnology and Bioengineering / Departamento de BioEngenharia-Instituto Superior Técnico,,PT-11,PT,2267057,Lisboa,PT
grant.3534631,ur.01331030446.70,Raquel Filipa,Da Costa Viveiros,,Co-PI,grid.10772.33,"REQUIMTE - Rede de Química e Tecnologia, Faculdade de Ciências e Tecnologia, Universidade Nova de Lisboa",,,PT,2267057,Caparica,PT
grant.3534631,ur.01024536625.73,Filipa,Siopa,,Co-PI,grid.9983.b,Faculdade de Farmácia da UL,,PT-11,PT,2267057,Lisboa,PT
grant.3534631,ur.0733027576.11,Luís Miguel,Teodoro Frija,,Co-PI,grid.9983.b,Faculdade de Farmácia de Lisboa - UL,,PT-11,PT,2267057,Lisboa,PT
grant.3534631,ur.0604767761.37,Teresa,Casimiro,,Co-PI,grid.10772.33,"Requimte/CQFB, Departamento de Química",,,PT,2267057,Caparica,PT
grant.3534631,ur.0653537546.19,Miriam Calado Amores,de Sousa,,Co-PI,,,,,PT,,,PT
grant.8481127,ur.010733703317.43,RJ,Noble,,PI,grid.267827.e,Victoria University of Wellington,,,NZ,2179537,,
grant.2765047,ur.0732744240.75,Alessandro,Olivo,,PI,grid.83440.3b,University College London,,London,GB,2643743,,United Kingdom
grant.2771790,ur.012257705137.74,Luke,Bisby,Alexander,PI,grid.4305.2,University of Edinburgh,,Scotland,GB,2650225,,United Kingdom
grant.2756921,ur.0756733443.62,David,Aanensen,,Co-PI,,,,,,,,
grant.2754707,ur.0734403732.05,Clemens,Kaminski,,PI,grid.5335.0,University of Cambridge,,East of England,GB,2653941,,United Kingdom
grant.3560519,ur.0756511776.17,Chris,Ponting,,PI,grid.4305.2,University of Edinburgh,,Scotland,GB,2650225,,United Kingdom
grant.2755406,ur.011005222677.36,Helen,Brindley,,Co-PI,,,,,,,,
grant.2755406,ur.0653724530.99,Zbigniew,Ulanowski,Joseph,Co-PI,,,,,,,,
grant.2764590,ur.0711160450.03,Barbara,Shollock,,PI,,,,,,,,
grant.2752064,ur.01337776750.44,Bernard,Stark,H,PI,grid.5337.2,University of Bristol,,South West,GB,2654675,,United Kingdom
grant.2752064,ur.016173202545.26,Simon,Hollis,James,Co-PI,grid.5337.2,University of Bristol,,South West,GB,2654675,,United Kingdom
grant.2752064,ur.015361557725.39,Neville,McNeill,,Co-PI,,,,,,,,
grant.2767758,ur.01352567025.27,Catherine,Merrick,Jill,PI,,,,,,,,
grant.2754709,ur.01016666756.03,Alexander,Cameron,David,Co-PI,,,,,,,,
grant.5140201,ur.01342353215.72,Edward,Tate,William,PI,,,,,,,,
grant.5140201,ur.01001505420.34,Chiara,Recchi,,Co-PI,,,,,,,,
grant.5140201,ur.01331275347.72,Ernesto,Cota,,Co-PI,,,,,,,,
grant.3534649,ur.012762005655.00,Maria Deus,Carvalho,,PI,grid.9983.b,Dept. Química e Bioquímica - Centro de Ciências Moleculares e Materiais,,PT-11,PT,2267057,Lisboa,PT
grant.3534649,ur.0705136142.87,Helena,Mendonça,,Co-PI,,,,PT-11,PT,2267057,Lisboa,PT
grant.3534649,ur.01260552216.06,Liliana Maria Pires,Ferreira,,Co-PI,grid.9983.b,Centro de Física da Matéria Condensada - Universidade de Lisboa,,PT-11,PT,2267057,Lisboa,PT
grant.3534649,ur.014075655460.56,Margarida,Godinho,,Co-PI,grid.9983.b,FACULDADE DE CIENCIAS DA UNIVERSIDADE DE LISBOA,,PT-11,PT,2267057,Lisboa,PT
grant.3534649,ur.01206272456.50,Maria Margarida,Cruz,,Co-PI,grid.10772.33,FCUL / CFMC,,PT-11,PT,2267057,Lisboa,PT
grant.2768996,ur.01173574700.17,Lin SF,Huang,,PI,grid.8186.7,Aberystwyth University,,Wales,GB,2657782,,United Kingdom
grant.2768996,ur.01227174546.58,Kerrie,Farrar,,Co-PI,grid.8186.7,Aberystwyth University,,Wales,GB,2657782,,United Kingdom
grant.2768996,ur.0644623331.20,John,Clifton-Brown,,Co-PI,grid.8186.7,Aberystwyth University,,Wales,GB,2657782,,United Kingdom
grant.2768996,ur.0637013070.98,Joseph,Gallagher,,Co-PI,grid.8186.7,Aberystwyth University,,Wales,GB,2657782,,United Kingdom
grant.2760002,ur.0657424110.52,Paul,Warburton,Anthony,PI,grid.83440.3b,University College London,,London,GB,2643743,,United Kingdom
grant.3560380,ur.015122613307.06,David,Evans,V,PI,grid.5337.2,University of Bristol,,South West,GB,2654675,,United Kingdom
grant.3841381,ur.0712250632.09,Ray,Durman,,PI,grid.438727.d,Tisics Limited,,South West,GB,2649672,Farnborough,United Kingdom
grant.3842913,ur.01204175320.14,Mahendra,Deonarain,,PI,grid.497981.a,Antikor Biopharma Limited,,London,GB,2636940,London,
grant.2756169,ur.0714605050.69,Nicholas,Donaldson,De Neufville,PI,grid.83440.3b,University College London,,London,GB,2643743,,United Kingdom
grant.2756169,ur.01031033450.33,Stephen,Etienne,David,Co-PI,grid.83440.3b,University College London,,London,GB,2643743,,United Kingdom
grant.2751535,ur.01344040360.31,Sarah,Staedke,Grace,PI,grid.8991.9,London Sch of Hygiene and Trop Medicine,,London,GB,2643743,,United Kingdom
grant.2751535,ur.01013107362.22,Jamie,Griffin,Thomas,Co-PI,,,,,,,,
grant.2751535,ur.01252136572.11,Alice,Eziefula,Chijioke,Co-PI,grid.8991.9,London Sch of Hygiene and Trop Medicine,,London,GB,2643743,,United Kingdom
grant.2751535,ur.0665130027.45,Grant,Dorsey,,Co-PI,grid.266102.1,"University of California, San Francisco",US-CA,Outside UK,US,5391959,,United States
grant.2751535,ur.0761730133.73,Joaniter,Nankabirwa,,Co-PI,,,,,,,,
grant.2751535,ur.011717113712.97,Steven,Lindsay,William,Co-PI,grid.8250.f,Durham University,,,GB,2650628,,United Kingdom
grant.2751535,ur.01022612721.41,Clare,Chandler,,Co-PI,grid.8991.9,London Sch of Hygiene and Trop Medicine,,London,GB,2643743,,United Kingdom
grant.2751535,ur.0755232421.14,Moses,Kamya,,Co-PI,grid.11194.3c,Makerere University,,Outside UK,UG,232422,,Uganda
grant.2751535,ur.01370602373.05,Adoke,Yeka,,Co-PI,,,,,,,,
grant.2751535,ur.016327373057.48,Chris,Drakeley,,Co-PI,grid.8991.9,London Sch of Hygiene and Trop Medicine,,London,GB,2643743,,United Kingdom
grant.2751535,ur.01303235220.85,Emily,Webb,,Co-PI,grid.8991.9,London Sch of Hygiene and Trop Medicine,,London,GB,2643743,,United Kingdom
grant.2754871,ur.07602443632.15,Peter,Kaiser,,Co-PI,grid.4305.2,University of Edinburgh,,Scotland,GB,2650225,,United Kingdom
grant.2754871,ur.0716045076.33,David,Hume,Arthur,Co-PI,,,,,,,,
grant.2754871,ur.014466000517.90,Juergen,Haas,,Co-PI,grid.4305.2,University of Edinburgh,,Scotland,GB,2650225,,United Kingdom
grant.2754871,ur.01220430525.95,Paul,Hocking,Morison,Co-PI,grid.4305.2,University of Edinburgh,,Scotland,GB,2650225,,United Kingdom
grant.3559900,ur.01053032550.47,Seeromanie,Harding,,PI,grid.13097.3c,King's College London,,London,GB,2643743,,United Kingdom
grant.3560788,ur.01011347230.39,Caroline,Relton,Laura,PI,grid.5337.2,University of Bristol,,South West,GB,2654675,,United Kingdom
grant.2783189,ur.014774771433.03,Philipp,Frankel,Gabriel,Co-PI,,,,,,,,
grant.2783189,ur.0621021000.95,Angus,Wilkinson,J,Co-PI,,,,,,,,
grant.2783189,ur.01352331144.90,M. Grace,Burke,,Co-PI,,,,,,,,
grant.2783189,ur.01222737700.98,Michael,Preuss,,Co-PI,,,,,,,,
grant.2751834,ur.01126077120.17,William,Gosling,Daniel,PI,,,,,,,,
grant.2751834,ur.01242325520.19,Wesley,Fraser,,PI,,,,,,,,
grant.2751834,ur.015003046775.07,Barry Harvey,Lomax,,Co-PI,,,,,,,,
grant.2751834,ur.0711621510.63,Angela,Coe,Louise,Co-PI,grid.10837.3d,Open University,,South East,GB,2642465,,United Kingdom
grant.3798535,,Johannes,Nicaise,,PI,,,,,,,,
grant.3796813,,Till,Bartke,,PI,,,,,,,,
grant.3796813,ur.01265637765.90,Till,Bartke,,PI,grid.4567.0,HELMHOLTZ ZENTRUM MUENCHEN DEUTSCHES FORSCHUNGSZENTRUM FUER GESUNDHEIT UND UMWELT GMBH,,,DE,2867714,NEUHERBERG,DE
grant.4901383,ur.01202346330.31,Michael,Laub,T.,PI,grid.413575.1,HHMI,US-MD,,US,4351335,Cambridge,Usa
grant.4901383,ur.0663170327.63,Dannie,Durand,,PI,grid.147455.6,Carnegie Mellon University,US-PA,,US,5206379,Pittsburgh,Usa
grant.3795910,,John Christos,Vassilicos,,PI,,,,,,,,
grant.5236200,ur.01223704450.34,Nagihan,Bostanci,,PI,grid.7400.3,University of Zurich,,,CH,2657896,,
grant.2757581,ur.01232462603.48,Jill,Johnson,,PI,,,,,,,,
grant.2755074,ur.01171125563.29,David,Selwood,,PI,grid.83440.3b,University College London,,London,GB,2643743,,United Kingdom
grant.2784965,ur.0663415061.54,Jonathan,Knight,,Co-PI,,,,,,,,
grant.2774667,ur.01032567607.61,Manjit,Mehat,Singh,PI,grid.83440.3b,University College London,,London,GB,2643743,,United Kingdom
grant.3560151,ur.01154357674.52,Cyrus,Cooper,,PI,grid.5491.9,University of Southampton,,South East,GB,2637487,,United Kingdom
grant.3560151,ur.010303602257.22,Nicholas,Harvey,Castell,PI,grid.5491.9,University of Southampton,,South East,GB,2637487,,United Kingdom
grant.3559814,ur.01156344335.14,Hazel,Inskip,,PI,grid.5491.9,University of Southampton,,South East,GB,2637487,,United Kingdom
grant.2753672,ur.01242674607.54,Charlotte,Williams,Katherine,PI,,,,,,,,
grant.3560117,ur.01215460023.18,Keith,Palmer,T,Co-PI,grid.5491.9,University of Southampton,,South East,GB,2637487,,United Kingdom
grant.3559875,ur.0777764535.58,Arvind,Patel,H,PI,grid.8756.c,University of Glasgow,,Scotland,GB,2648579,,United Kingdom
grant.2765965,ur.012412744477.38,Jacky,Smith,,Co-PI,,,,,,,,
grant.5142178,ur.01264121313.11,Georgios,Giamas,,PI,,,,,,,,
grant.5142178,ur.01022255644.17,Simak,Ali,,Co-PI,grid.12082.39,University of Sussex,,,GB,2654710,Brighton,United Kingdom
grant.5142178,ur.01073615011.52,Justin,Stebbing,,Co-PI,,,,,,,,
grant.6845452,ur.011567111743.17,Junior,Edmundo,Inacio,PI,grid.411087.b,University of Campinas,,,BR,3467865,,
grant.3794771,ur.015614304204.11,Christofer,Toumazou,,PI,,,,,,,,
grant.3794771,ur.016065406423.24,Steve,Bloom,,PI,,,,,,,,
grant.2773439,ur.01124452174.91,Matilda,Katan,,Co-PI,,,,,,,,
grant.2773439,ur.01021005166.50,Paul,Frankel,,Co-PI,,,,,,,,
grant.2773439,ur.01116525244.13,Simon,Arridge,Robert,Co-PI,,,,,,,,
grant.2760928,ur.01153366734.10,Jeremy,O'Brien,Lloyd,PI,grid.5337.2,University of Bristol,,South West,GB,2654675,,United Kingdom
grant.2754257,ur.0600427460.66,Paul,O'Brien,Thomas,Co-PI,grid.9918.9,University of Leicester,,East Midlands,GB,2644668,,United Kingdom
grant.2754257,ur.012370107177.22,Mark,Wilkinson,Ivor,Co-PI,grid.9918.9,University of Leicester,,East Midlands,GB,2644668,,United Kingdom
grant.2754257,ur.016401524362.27,Terry,Robinson,,Co-PI,grid.9918.9,University of Leicester,,East Midlands,GB,2644668,,United Kingdom
grant.2754257,ur.015300632167.09,George,Fraser,,Co-PI,grid.9918.9,University of Leicester,,East Midlands,GB,2644668,,United Kingdom
grant.2754257,ur.07653560501.46,Sergei,Nayakshin,,Co-PI,grid.9918.9,University of Leicester,,East Midlands,GB,2644668,,United Kingdom
grant.2754257,ur.0624026010.11,Walter,Dehnen,,Co-PI,grid.9918.9,University of Leicester,,East Midlands,GB,2644668,,United Kingdom
grant.2754257,ur.01077104144.09,Nial,Tanvir,Rahil,Co-PI,grid.9918.9,University of Leicester,,East Midlands,GB,2644668,,United Kingdom
grant.2754257,ur.0606526434.53,Michael,Watson,Geoffrey,Co-PI,grid.9918.9,University of Leicester,,East Midlands,GB,2644668,,United Kingdom
grant.2754257,ur.010643251231.51,Graham,Wynn,,Co-PI,grid.9918.9,University of Leicester,,East Midlands,GB,2644668,,United Kingdom
grant.2754257,ur.01174030435.97,Julian,Osborne,Paul,Co-PI,grid.9918.9,University of Leicester,,East Midlands,GB,2644668,,United Kingdom
grant.2754257,ur.01015352050.34,Richard,Alexander,David,Co-PI,grid.9918.9,University of Leicester,,East Midlands,GB,2644668,,United Kingdom
grant.2754257,ur.014404434057.79,Simon,Vaughan,,Co-PI,grid.9918.9,University of Leicester,,East Midlands,GB,2644668,,United Kingdom
grant.2754257,ur.0743375550.83,Andrew,King,,Co-PI,grid.9918.9,University of Leicester,,East Midlands,GB,2644668,,United Kingdom
grant.2754257,ur.07422604553.12,Richard,Willingale,,Co-PI,grid.9918.9,University of Leicester,,East Midlands,GB,2644668,,United Kingdom
grant.2751454,ur.013400760224.04,Alexandra,Blakemore,Ida,PI,,,,,,,,
grant.3845063,ur.016133754145.89,Alison,Talbot,,PI,grid.423194.9,Edf Energy Nuclear Generation Limited,,South West,GB,2643743,GLOUCESTER,
grant.2753042,ur.016235622274.50,Joanne Elise,Cole,,Co-PI,grid.7728.a,Brunel University,,,GB,2643743,,United Kingdom
grant.2751918,ur.01050651465.54,Martin,Leach,Osmund,PI,grid.18886.3f,Institute of Cancer Research,,London,GB,2643743,,United Kingdom
grant.2751918,ur.01360534371.87,Udai,Banerji,,Co-PI,grid.18886.3f,Institute of Cancer Research,,London,GB,2643743,,United Kingdom
grant.2751918,ur.0717702361.95,Mounia,Beloueche-Babari,,Co-PI,grid.18886.3f,Institute of Cancer Research,,London,GB,2643743,,United Kingdom
grant.2765205,ur.010743140767.89,Tiziana,Rossetto,,PI,grid.83440.3b,University College London,,London,GB,2643743,,United Kingdom
grant.2765205,ur.01144575370.25,Mordechai,Haklay,(Muki),Co-PI,grid.83440.3b,University College London,,London,GB,2643743,,United Kingdom
grant.2765205,ur.01017040260.35,Helene,Joffe,,Co-PI,grid.83440.3b,University College London,,London,GB,2643743,,United Kingdom
grant.2774578,ur.014557273135.08,Xiao-Ping,Zhang,,Co-PI,,,,,,,,
grant.2774578,ur.016260064431.82,Jun,Liang,,Co-PI,,,,,,,,
grant.2773504,ur.01152202075.77,Mika,Kivimaki,,PI,grid.83440.3b,University College London,,London,GB,2643743,,United Kingdom
grant.2773504,ur.01202547343.49,Eric,Brunner,John,Co-PI,grid.83440.3b,University College London,,London,GB,2643743,,United Kingdom
grant.2773504,ur.0713776350.23,David,Batty,,Co-PI,grid.83440.3b,University College London,,London,GB,2643743,,United Kingdom
grant.2773504,ur.0704503310.11,Aroon,Hingorani,Dinesh,Co-PI,grid.83440.3b,University College London,,London,GB,2643743,,United Kingdom
grant.2773504,ur.0632554626.85,Klaus,Ebmeier,Peter,Co-PI,grid.4991.5,University of Oxford,,South East,GB,2640729,,United Kingdom
grant.2773504,ur.0752235046.32,Archana,Singh-Manoux,,Co-PI,,,,,,,,
grant.2773504,ur.01351440247.41,Meena,Kumari,,Co-PI,,,,,,,,
grant.2767989,ur.01007664517.49,Charles,Banks,,Co-PI,,,,,,,,
grant.2767989,ur.01146210620.98,Elizabeth,Shaw,,Co-PI,,,,,,,,
grant.2767989,ur.01076525310.32,Christopher,Collins,David,Co-PI,,,,,,,,
grant.2767989,ur.01322044255.76,Costas,Velis,,Co-PI,,,,,,,,
grant.2767989,ur.01145711300.25,James,Robinson,Stephen,Co-PI,,,,,,,,
grant.2767989,ur.0660611453.49,Sonia,Heaven,,Co-PI,,,,,,,,
grant.3560056,ur.07711435224.39,Stephen,O'Rahilly,,PI,grid.5335.0,University of Cambridge,,East of England,GB,2653941,,United Kingdom
grant.3560056,ur.01002656510.36,Anthony,Coll,,Co-PI,grid.5335.0,University of Cambridge,,East of England,GB,2653941,,United Kingdom
grant.3560056,ur.0672333020.12,Giles,Yeo,,Co-PI,grid.5335.0,University of Cambridge,,East of England,GB,2653941,,United Kingdom
grant.3560056,ur.01306667670.36,Sadaf,Farooqi,,Co-PI,grid.5335.0,University of Cambridge,,East of England,GB,2653941,,United Kingdom
grant.2771217,ur.0673761357.84,Robert,Heyderman,Simon,Co-PI,,,,,,,,
grant.2771217,ur.01100373466.30,Imelda,Bates,,Co-PI,,,,,,,,
grant.2771217,ur.01054254257.19,Yamikani,Chimalizeni,,Co-PI,,,,,,,,
grant.2771217,ur.0617311120.39,Michael,Boele Van Hensbroek,,Co-PI,,,,,,,,
grant.2767045,ur.0670171210.48,Pedro,Teixeira-Dias,,PI,grid.4970.a,"Royal Holloway, University of London",,South East,GB,2650188,,United Kingdom
grant.2757582,ur.0765516450.10,Glenn,Adamson,,PI,grid.422248.a,Victoria and Albert Museum,,London,GB,2643743,,United Kingdom
grant.2757582,ur.01303540640.17,Sandra,Kemp,,PI,,,,,,,,
grant.2757582,ur.01351654040.44,Jane,Pavitt,,Co-PI,,,,,,,,
grant.2757582,ur.011417003466.38,Regina,Blaszczyk,Lee,Co-PI,,,,,,,,
grant.2757582,ur.0674363140.08,Robert,Iliffe,,Co-PI,,,,,,,,
grant.2752490,ur.011723002402.15,Jim,Kaufman,,Co-PI,,,,,,,,
grant.2752490,ur.01104214370.17,Laurence,Tiley,Stephen,Co-PI,,,,,,,,
grant.2752490,ur.0663673306.67,Venugopal,Nair,,Co-PI,,,,,,,,
grant.2752490,ur.016134354667.15,Steve,Goodbourn,,Co-PI,,,,,,,,
grant.2752490,ur.0754526214.03,Ian,Goodfellow,Gordon,Co-PI,,,,,,,,
grant.2752490,ur.01012715370.15,Helen,Sang,,Co-PI,,,,,,,,
grant.3499149,ur.01320640133.74,Mark,Christian,,PI,,,,,,,,
grant.7673123,ur.01003366626.40,Nura,Mohamed,,PI,grid.412603.2,Qatar University,,,QA,290030,,
grant.3841986,ur.01163244172.38,David,Rooke,,PI,,Dynamic Extractions Limited,,South East,GB,2637627,Slough,United Kingdom
grant.3842836,ur.015217656033.02,Tomasz,Lipinski,,PI,,Thenergy Ltd,,London,,,HANWELL,
grant.3843574,ur.0612217652.27,Neil,Adcock,,PI,grid.435998.a,Ixico Technologies Limited,,London,GB,2643743,LONDON,
grant.2763606,ur.01206660626.10,John,Ainsworth,David,PI,grid.5379.8,University of Manchester,,North West,GB,2643123,Manchester,United Kingdom
grant.2763606,ur.01156663240.67,Iain,Buchan,Edward,PI,,,,,,,,
grant.2763606,ur.01223147123.22,Andrew,Renehan,Gerard,Co-PI,grid.5379.8,University of Manchester,,North West,GB,2643123,Manchester,United Kingdom
grant.2763606,ur.011045333112.09,Shon,Lewis,William,Co-PI,grid.5379.8,University of Manchester,,North West,GB,2643123,Manchester,United Kingdom
grant.2763606,ur.0763354625.04,Peter,Diggle,John,Co-PI,,,,,,,,
grant.2763606,ur.012355013052.67,Christopher,Taylor,John,Co-PI,grid.5379.8,University of Manchester,,North West,GB,2643123,Manchester,United Kingdom
grant.2763606,ur.01002370610.91,Paula,Williamson,,Co-PI,,,,,,,,
grant.2763606,ur.01307417321.23,J,Gibson,Martin,Co-PI,grid.5379.8,University of Manchester,,North West,GB,2643123,Manchester,United Kingdom
grant.2763606,ur.01341521526.49,Simon,Capewell,,Co-PI,,,,,,,,
grant.2763606,ur.011632772464.65,Tjeerd,Van Staa,,Co-PI,grid.5379.8,University of Manchester,,North West,GB,2643123,Manchester,United Kingdom
grant.2763606,ur.01070526367.22,Goran,Nenadic,,Co-PI,grid.5379.8,University of Manchester,,North West,GB,2643123,Manchester,United Kingdom
grant.2763606,ur.01030626610.45,Carole,Goble,,Co-PI,grid.5379.8,University of Manchester,,North West,GB,2643123,Manchester,United Kingdom
grant.2763606,ur.01123434714.10,Gavin,Brown,,Co-PI,grid.5379.8,University of Manchester,,North West,GB,2643123,Manchester,United Kingdom
grant.2763606,ur.01330650135.66,Graham,Dunn,,Co-PI,grid.5379.8,University of Manchester,,North West,GB,2643123,Manchester,United Kingdom
grant.2763606,ur.010655764157.19,William,Dixon,Gregory,Co-PI,grid.5379.8,University of Manchester,,North West,GB,2643123,Manchester,United Kingdom
grant.2763606,ur.0642776210.24,Soren,Holm,,Co-PI,grid.5379.8,University of Manchester,,North West,GB,2643123,Manchester,United Kingdom
grant.2763606,ur.0707622314.63,Kate,Pickett,Elizabeth,Co-PI,,,,,,,,
grant.2763606,ur.0674565030.76,Matthew,Sperrin,,Co-PI,grid.5379.8,University of Manchester,,North West,GB,2643123,Manchester,United Kingdom
grant.2767597,ur.01140602036.66,Harvey,Goldstein,,Co-PI,grid.5337.2,University of Bristol,,South West,GB,2654675,,United Kingdom
grant.2767597,ur.01134613317.02,Paul,Burton,Richard,Co-PI,,,,,,,,
grant.2767597,ur.01371710455.02,Rachel,Knowles,Louise,Co-PI,grid.83440.3b,University College London,,London,GB,2643743,,United Kingdom
grant.2767597,ur.0730330472.01,Kathleen,Kiernan,Elizabeth,Co-PI,grid.5685.e,University of York,,Yorkshire and The Humber,GB,2633352,,United Kingdom
grant.2786301,ur.07473016437.24,Matthias,Willbold,,PI,grid.7450.6,University of Goettingen,,Outside UK,DE,2918632,,Germany
grant.2758311,ur.01334751073.28,Owen,Petchey,,Co-PI,,,,,,,,
grant.2769715,ur.07725461120.55,Jon,Grey,,Co-PI,,,,,,,,
grant.2763640,ur.07570676357.45,Neil,McIntyre,,Co-PI,,,,,,,,
grant.5143291,ur.016553472737.90,Eric,Lam,,PI,,,,,,,,
grant.2785939,ur.01147564663.12,David,Becker,,Co-PI,,,,,,,,
grant.2785939,ur.011457770737.29,John,Collinge,,Co-PI,grid.83440.3b,University College London,,London,GB,2643743,,United Kingdom
grant.2785939,ur.0747333456.72,Jonathan,Ashmore,,Co-PI,grid.83440.3b,University College London,,London,GB,2643743,,United Kingdom
grant.2756252,ur.0634412406.87,Matthias,Merkenschlager,,PI,,,,,,,,
grant.2777011,ur.0575775421.05,Andrew,Cooper,,Co-PI,,,,,,,,
grant.2777011,ur.01117461036.23,David,Knight,,Co-PI,grid.5600.3,Cardiff University,,Wales,GB,2653822,,United Kingdom
grant.2777011,ur.0637075004.07,Graham,Hutchings,,Co-PI,grid.5600.3,Cardiff University,,Wales,GB,2653822,,United Kingdom
grant.2777011,ur.01335327672.42,John,Claridge,Bleddyn,Co-PI,,,,,,,,
grant.2777011,ur.015203326272.87,Karen,Wilson,,Co-PI,,,,,,,,
grant.2777011,ur.0606253242.36,Matthew,Rosseinsky,,Co-PI,,,,,,,,
grant.2759166,ur.011467572751.79,John,Thuburn,,PI,grid.8391.3,University of Exeter,,South West,GB,2649808,,United Kingdom
grant.2754968,ur.01013175210.22,Peter John,O'Toole,,PI,grid.5685.e,University of York,,Yorkshire and The Humber,GB,2633352,,United Kingdom
grant.2754968,ur.01175537010.78,Jack,Silver,,Co-PI,,,,,,,,
grant.2754968,ur.01111406347.23,Dawn,Coverley,,Co-PI,grid.5685.e,University of York,,Yorkshire and The Humber,GB,2633352,,United Kingdom
grant.2754968,ur.01024127450.17,Paolo,Coppo,,Co-PI,,,,,,,,
grant.2754968,ur.01012047510.97,Mark,Leake,Christian,Co-PI,grid.5685.e,University of York,,Yorkshire and The Humber,GB,2633352,,United Kingdom
grant.2754968,ur.010721702045.95,Robert,Withnall,,Co-PI,,,,,,,,
grant.2754968,ur.0756014250.37,George Robert,Fern,,Co-PI,,,,,,,,
grant.2754968,ur.0677742110.53,Lucy Margaret,Collinson,,Co-PI,,,,,,,,
grant.2775890,ur.01163262030.73,Angela,Karp,,Co-PI,,,,,,,,
grant.2775890,ur.01100356421.86,Jane,Ward,,Co-PI,,,,,,,,
grant.2775890,ur.01356014133.06,Georgios,Kyriakou,,Co-PI,,,,,,,,
grant.2775890,ur.01277541740.15,Michael,Beale,Henry,Co-PI,,,,,,,,
grant.2760216,ur.01200270120.31,Fernando,Guadalupe Santos Lins Brandao,,PI,grid.83440.3b,University College London,,London,GB,2643743,,United Kingdom
grant.3792908,ur.016230326067.57,Edward Allen,Hinds,,PI,,,,,,,,
grant.3780962,,Thomas,Bell,,PI,,,,,,,,
grant.5138925,ur.01064440322.12,Laurence,Bugeon,,Co-PI,,,,,,,,
grant.5138925,ur.010070313643.91,Jonathan,Lamb,,Co-PI,,,,,,,,
grant.2775367,ur.010435500641.92,Vladimir,Stankovic,,PI,grid.28577.3f,City University London,,London,GB,2643743,,United Kingdom
grant.2786229,ur.01330575371.78,Ton,Peijs,,Co-PI,,,,,,,,
grant.2786229,ur.01346651000.23,Michael,Reece,,Co-PI,,,,,,,,
grant.2773003,ur.01050467313.44,Gail,Davey,,PI,grid.12082.39,University of Sussex,,South East,GB,2654710,,United Kingdom
grant.2773003,ur.0652151206.57,Fikre,Gashe,Enquselassie,Co-PI,,,,,,,,
grant.2773003,ur.01270124163.52,Trudie,Lang,,Co-PI,,,,,,,,
grant.2773003,ur.01013535066.90,Melanie,Newport,,Co-PI,grid.12082.39,University of Sussex,,South East,GB,2654710,,United Kingdom
grant.2773003,ur.01052026630.51,Andy,McKay,,Co-PI,grid.12082.39,University of Sussex,,South East,GB,2654710,,United Kingdom
grant.2755925,ur.012010006317.57,Michael,Hanna,,PI,grid.83440.3b,University College London,,London,GB,2643743,,United Kingdom
grant.2755925,ur.013154275567.03,Katherine,Bushby,,Co-PI,grid.1006.7,Newcastle University,,North East,GB,2641673,,United Kingdom
grant.2755925,ur.0735120663.43,Francesco,Muntoni,,Co-PI,grid.83440.3b,University College London,,London,GB,2643743,,United Kingdom
grant.2755925,ur.010034273157.52,Mary,Reilly,Margaret,Co-PI,grid.83440.3b,University College London,,London,GB,2643743,,United Kingdom
grant.3800553,ur.01022477206.34,Irene,Miguel-Aliaga,,PI,,,,,,,,
grant.2769877,ur.01155531600.69,Nancy,Bell,,PI,grid.421611.1,The National Archives,,London,GB,2643743,Richmond,United Kingdom
grant.2769877,ur.01167217560.18,Andrew,Thompson,Stuart,Co-PI,,,,,,,,
grant.2769877,ur.01235634445.92,Matija,Strlic,,Co-PI,grid.83440.3b,University College London,,London,GB,2643743,,United Kingdom
grant.2769877,ur.0614467300.77,Pip,Laurenson,,Co-PI,,,,,,,,
grant.2769877,ur.07675440631.44,Kalliopi,Fouseki,,Co-PI,grid.83440.3b,University College London,,London,GB,2643743,,United Kingdom
grant.2776550,ur.01074246365.22,Angela,Simpson,,Co-PI,grid.5379.8,University of Manchester,,North West,GB,2643123,Manchester,United Kingdom
grant.2787108,ur.01271726670.64,Carla,Faria,Figueira De Morrison,PI,grid.83440.3b,University College London,,London,GB,2643743,,United Kingdom
grant.2768844,ur.01242453727.57,Adil,AL-Nahhas,,Co-PI,,,,,,,,
grant.2766515,ur.01243231702.01,Mark,Stevens,Paul,PI,grid.4305.2,University of Edinburgh,,Scotland,GB,2650225,,United Kingdom
grant.2783185,ur.01112124455.11,Lev,Kantorovich,,PI,grid.13097.3c,King's College London,,London,GB,2643743,,United Kingdom
grant.2783185,ur.0753746127.29,Christian,Lorenz,,Co-PI,grid.13097.3c,King's College London,,London,GB,2643743,,United Kingdom
grant.2752388,ur.01114602310.56,Sagnik,Bhattacharyya,,PI,grid.13097.3c,King's College London,,London,GB,2643743,,United Kingdom
grant.2752388,ur.012504460177.49,Philip,McGuire,,Co-PI,grid.13097.3c,King's College London,,London,GB,2643743,,United Kingdom
grant.2756068,ur.012460002002.30,Mary,Carrington,,Co-PI,,,,,,,,
grant.2756068,ur.0756336767.71,Salim,Khakoo,,Co-PI,,,,,,,,
grant.3565031,ur.0642136212.96,Yvonne,Stokes,,PI,,,,,,,,
grant.3565031,ur.0774755162.66,Heike,Ebendorff-Heidepriem,,Co-PI,,,,,,,,
grant.3565031,ur.010423530631.67,Darren,Crowdy,,Co-PI,,,,,,,,
grant.3565444,ur.07733671041.40,Joseph,Monaghan,,PI,,,,,,,,
grant.3565444,ur.01213231572.56,Darryl,Holm,,Co-PI,,,,,,,,
grant.3562747,ur.01340711555.08,Hugh,O'Neill,,PI,,,,,,,,
grant.3562747,ur.01035501300.08,Julie,Prytulak,,Co-PI,,,,,,,,
grant.2787125,ur.01356572501.02,Graham,Moon,,PI,grid.5491.9,University of Southampton,,South East,GB,2637487,,United Kingdom
grant.2787125,ur.0600057054.54,Liz,Twigg,,Co-PI,,,,,,,,
grant.2786867,ur.013770105252.86,Christopher,Kay,William,PI,grid.83440.3b,University College London,,London,GB,2643743,,United Kingdom
grant.3563172,ur.01234641521.22,Jennifer,Martin,,PI,,,,,,,,
grant.3563172,ur.0676516671.33,David,Drew,,Co-PI,,,,,,,,
grant.3563172,ur.01170035630.25,Maria,Halili,,Co-PI,,,,,,,,
grant.3792778,,Martin Daniel,Brazeau,,PI,,,,,,,,
grant.3842366,ur.0743100072.94,Andrew,Bush,,PI,grid.476628.9,Prosonix Limited,,South East,GB,2640729,OXFORD,
grant.3931964,ur.012242146726.25,Sarah,Bekessy,,PI,,,,,,,,
grant.3799376,,Aimee,Morgans,,PI,,,,,,,,
grant.3562195,ur.01345026546.37,Jeffrey,Davis,,PI,,,,,,,,
grant.3562195,ur.01263017573.57,Ahsan,Nazir,,Co-PI,,,,,,,,
grant.2763608,ur.0776256747.19,Peter,Gething,William,PI,grid.1032.0,Curtin University of Technology,AU-WA,Outside UK,AU,2063523,,Australia
grant.3561814,ur.0663040213.40,Ying,Tan,,PI,,,,,,,,
grant.3561814,ur.01224550140.09,Etienne,Burdet,,Co-PI,,,,,,,,
grant.3561814,ur.0612544670.27,Christopher,Freeman,,Co-PI,,,,,,,,
grant.3561814,ur.016054500527.54,Iven,Mareels,,Co-PI,,,,,,,,
grant.3561814,ur.011774332417.83,Denny,Oetomo,,Co-PI,,,,,,,,
grant.2775044,ur.01242223457.78,Marian,Dawkins,Stamp,PI,grid.4991.5,University of Oxford,,South East,GB,2640729,,United Kingdom
grant.2775044,ur.013032114464.40,Martin,Maiden,Christopher,Co-PI,grid.4991.5,University of Oxford,,South East,GB,2640729,,United Kingdom
grant.2775044,ur.01215233070.04,Stephen,Roberts,,Co-PI,grid.4991.5,University of Oxford,,South East,GB,2640729,,United Kingdom
grant.2775044,ur.01060217170.29,Adrian,Smith,,Co-PI,grid.4991.5,University of Oxford,,South East,GB,2640729,,United Kingdom
grant.2757182,ur.011567656655.36,Chris,Starmer,,PI,grid.4563.4,University of Nottingham,,East Midlands,GB,2641170,,United Kingdom
grant.2757182,ur.010030227752.14,Gordon,Brown,,Co-PI,grid.7372.1,University of Warwick,,West Midlands,GB,2652221,,United Kingdom
grant.2757182,ur.0701007320.15,Simon,Gaechter,,Co-PI,grid.4563.4,University of Nottingham,,East Midlands,GB,2641170,,United Kingdom
grant.2757182,ur.0671472260.31,Neil,Stewart,,Co-PI,grid.7372.1,University of Warwick,,West Midlands,GB,2652221,,United Kingdom
grant.2757182,ur.015102754656.15,Daniel John,Zizzo,,Co-PI,,,,,,,,
grant.2757182,ur.012176114017.01,Robert,MacKay,Sinclair,Co-PI,grid.7372.1,University of Warwick,,West Midlands,GB,2652221,,United Kingdom
grant.2757182,ur.012545625267.32,Anders,Poulsen,,Co-PI,grid.8273.e,University of East Anglia,,East of England,GB,2641181,,United Kingdom
grant.2757182,ur.01356300220.28,Robin,Cubitt,Patrick,Co-PI,grid.4563.4,University of Nottingham,,East Midlands,GB,2641170,,United Kingdom
grant.2757182,ur.011430512105.32,Martin,Sefton,,Co-PI,grid.4563.4,University of Nottingham,,East Midlands,GB,2641170,,United Kingdom
grant.2757182,ur.01304323720.79,Daniel,Read,,Co-PI,grid.7372.1,University of Warwick,,West Midlands,GB,2652221,,United Kingdom
grant.2757182,ur.016222746457.27,John,Gathergood,Peter,Co-PI,grid.4563.4,University of Nottingham,,East Midlands,GB,2641170,,United Kingdom
grant.2757182,ur.011001733556.08,Shaun,Hargreaves-Heap,,Co-PI,grid.8273.e,University of East Anglia,,East of England,GB,2641181,,United Kingdom
grant.2757182,ur.01071204352.35,Uwe,Aickelin,,Co-PI,,,,,,,,
grant.2757182,ur.010644346545.36,Theodore,Turocy,Louis,Co-PI,grid.8273.e,University of East Anglia,,East of England,GB,2641181,,United Kingdom
grant.2757182,ur.01116567054.48,Nick,Chater,,Co-PI,grid.7372.1,University of Warwick,,West Midlands,GB,2652221,,United Kingdom
grant.2757182,ur.01256627055.93,Robert,Sugden,,Co-PI,grid.8273.e,University of East Anglia,,East of England,GB,2641181,,United Kingdom
grant.2757182,ur.01170075320.78,Abigail,Barr,,Co-PI,grid.4563.4,University of Nottingham,,East Midlands,GB,2641170,,United Kingdom
grant.2757182,ur.016246137570.15,Graham,Loomes,,Co-PI,grid.7372.1,University of Warwick,,West Midlands,GB,2652221,,United Kingdom
grant.2757182,ur.010230515515.01,Enrique,Fatas,,Co-PI,grid.8273.e,University of East Anglia,,East of England,GB,2641181,,United Kingdom
grant.2763870,ur.01265613741.83,Mervyn,Freeman,,PI,grid.478592.5,NERC British Antarctic Survey,,East of England,GB,2653941,,United Kingdom
grant.2761226,ur.01100673613.15,Joanna,Poulton,,PI,grid.4991.5,University of Oxford,,South East,GB,2640729,,United Kingdom
grant.2761226,ur.01243114520.38,Timothy,Child,John,Co-PI,grid.4991.5,University of Oxford,,South East,GB,2640729,,United Kingdom
grant.2761226,ur.01122401510.12,Karl,Morten,,Co-PI,grid.4991.5,University of Oxford,,South East,GB,2640729,,United Kingdom
grant.2761226,ur.01005220200.52,Carlo Fiore,Viscomi,,Co-PI,grid.14105.31,Medical Research Council,,South West,GB,2643743,,
grant.2761226,ur.01323404463.80,Katja,Simon,,Co-PI,grid.4991.5,University of Oxford,,South East,GB,2640729,,United Kingdom
grant.2761226,ur.015013135642.66,Dagan,Wells,,Co-PI,grid.4991.5,University of Oxford,,South East,GB,2640729,,United Kingdom
grant.2761226,ur.01333346251.36,David,Samuels,,Co-PI,,,,,,,,
grant.2761226,ur.01307123516.77,Suzannah,Williams,Alice,Co-PI,grid.4991.5,University of Oxford,,South East,GB,2640729,,United Kingdom
grant.2761226,ur.0622265626.30,Justin,St John,,Co-PI,,,,,,,,
grant.2767923,ur.011361247502.31,Ronald,Hay,Thomas,PI,grid.8241.f,University of Dundee,,Scotland,GB,2650752,,United Kingdom
grant.2773769,ur.0643035417.06,Dmitri,Tseluiko,,PI,grid.6571.5,Loughborough University,,East Midlands,GB,2643567,,United Kingdom
grant.3840933,ur.016707746534.57,Rosalind,Mayfield,,PI,grid.421539.8,Ricardo UK Limited,,South East,GB,2637916,,United Kingdom
grant.2764210,ur.0650212241.50,Carol,Propper,,PI,grid.73263.33,Institute for Fiscal Studies,,London,GB,2643743,,United Kingdom
grant.2777578,ur.01241257342.48,Sergey,Karabasov,,Co-PI,,,,,,,,
grant.2752123,ur.01177320206.67,Bill,Wickstead,,PI,grid.4563.4,University of Nottingham,,East Midlands,GB,2641170,,United Kingdom
grant.2784179,ur.0667224710.37,Steven,Andrews,,PI,grid.7340.0,University of Bath,,South West,GB,2656173,,United Kingdom
grant.2784179,ur.0663415061.54,Jonathan,Knight,,Co-PI,grid.7340.0,University of Bath,,South West,GB,2656173,,United Kingdom
grant.2766471,ur.010131654245.13,Donal,Bradley,Donat,PI,grid.4991.5,University of Oxford,,South East,GB,2640729,,United Kingdom
grant.3793265,,Philippe,Froguel,,PI,,,,,,,,
grant.2753594,ur.01033215124.16,Joy,Burchell,Marilyn,PI,grid.13097.3c,King's College London,,London,GB,2643743,,United Kingdom
grant.3793998,ur.01270502550.92,Michelle Anna,Moram,,PI,,,,,,,,
grant.2772948,ur.012664230636.03,Caroline,Rooney,,PI,grid.9759.2,University of Kent,,South East,GB,2653877,,United Kingdom
grant.2770223,ur.0655653060.81,Chee Kay,Cheung,,PI,grid.9918.9,University of Leicester,,East Midlands,GB,2644668,,United Kingdom
grant.2768730,ur.0651057270.64,Elizabeth,Kent,Clare,PI,grid.418022.d,National Oceanography Centre,,South East,GB,2637487,,United Kingdom
grant.2787307,ur.016542700247.80,Philippe,Rocca-Serra,,Co-PI,grid.4991.5,University of Oxford,,South East,GB,2640729,,United Kingdom
grant.2787307,ur.01223211445.99,Dawn,Field,,Co-PI,grid.4991.5,University of Oxford,,South East,GB,2640729,,United Kingdom
grant.2770052,ur.01274273136.94,Iain,Johnston,,PI,grid.6572.6,University of Birmingham,,West Midlands,GB,2655603,,United Kingdom
grant.2769403,ur.0643352460.42,Rongshan,Qin,,PI,,,,,,,,
grant.2756679,ur.01071610636.65,Martina,Muggenthaler,Maria,PI,grid.264200.2,St George's University of London,,London,GB,2643743,,United Kingdom
grant.2757397,ur.01234447216.60,Anand,Shah,,PI,grid.421662.5,Royal Brompton & Harefield NHS Fdn Trust,,London,GB,2643743,,United Kingdom
grant.3798448,,Toby,Gee,,PI,,,,,,,,
grant.7673102,ur.016034436210.48,Nejoud,al-Jehani,,PI,,,,,,,,
grant.7818321,ur.015462035507.33,Martin,Gould,,PI,,,,,,,,
grant.5495157,,Teburi,Kevin,,PI,,,,,,,,
grant.5495157,ur.012325045315.19,Teburi,Kevin,,PI,grid.418151.8,ASTRAZENECA AB,,,SE,2676176,SODERTAELJE,SE
grant.2773894,ur.010455374701.24,AM,Khan,,Co-PI,grid.7728.a,Brunel University,,,GB,2643743,,United Kingdom
grant.2782400,ur.01133351760.23,Dimitrios,Anastasiou,,PI,,,,,,,,
grant.2753862,ur.0656550320.51,Paul,Harrison,Fraser,PI,grid.7372.1,University of Warwick,,West Midlands,GB,2652221,,United Kingdom
grant.2753862,ur.013404533670.41,Sinead,Farrington,Marie,Co-PI,,,,,,,,
grant.2753862,ur.01174635630.00,Steven,Boyd,Barry,Co-PI,grid.7372.1,University of Warwick,,West Midlands,GB,2652221,,United Kingdom
grant.2753862,ur.016556573617.29,G,Barker,,Co-PI,grid.7372.1,University of Warwick,,West Midlands,GB,2652221,,United Kingdom
grant.2753862,ur.01060407230.45,Michal,Kreps,,Co-PI,grid.7372.1,University of Warwick,,West Midlands,GB,2652221,,United Kingdom
grant.2753862,ur.01242751030.64,Timothy,Gershon,John,Co-PI,,,,,,,,
grant.2753862,ur.01311064230.45,Yorck,Ramachers,Alexander,Co-PI,grid.7372.1,University of Warwick,,West Midlands,GB,2652221,,United Kingdom
grant.2781647,ur.01343341144.04,Jeremy,Hebden,C.,PI,grid.83440.3b,University College London,,London,GB,2643743,,United Kingdom
grant.2781647,ur.01371134774.78,David,Holder,,Co-PI,grid.83440.3b,University College London,,London,GB,2643743,,United Kingdom
grant.2781647,ur.01327371536.14,Adam,Gibson,Philip,Co-PI,grid.83440.3b,University College London,,London,GB,2643743,,United Kingdom
grant.2778952,ur.07734611164.41,Jonathan,Kentish,Charles,PI,grid.13097.3c,King's College London,,London,GB,2643743,,United Kingdom
grant.2778952,ur.01003120421.26,Steven,Niederer,Alexander,Co-PI,grid.13097.3c,King's College London,,London,GB,2643743,,United Kingdom
grant.2778952,ur.014435551147.42,Nicolas,Smith,,Co-PI,grid.13097.3c,King's College London,,London,GB,2643743,,United Kingdom
grant.2776314,ur.01323510620.54,Dave,Wark,,Co-PI,,,,,,,,
grant.2765890,ur.01276733402.24,Alastair,Buchan,M,PI,grid.4991.5,University of Oxford,,South East,GB,2640729,,United Kingdom
grant.2786197,ur.01021156177.43,Lavinia,Paternoster,,PI,grid.5337.2,University of Bristol,,South West,GB,2654675,,United Kingdom
grant.2786445,ur.0601100747.01,Gabriela,Da Silva Xavier,,Co-PI,,,,,,,,
grant.2783989,ur.0764420334.44,Mark,Blaxter,Lyon,PI,,,,,,,,
grant.2783989,ur.0615260317.77,Karim,Gharbi,,Co-PI,,,,,,,,
grant.3843325,ur.01131302772.93,Bryony,Simmons,,PI,grid.460210.1,Flexenable Limited,,East of England,GB,2653941,Cambridge,
grant.3842432,ur.01255233572.89,James,Pagram,,PI,grid.1121.3,Rolls-Royce PLC,,London,GB,2651347,,United Kingdom
grant.2778235,ur.01361740544.66,Stefan,Reis,,PI,grid.494924.6,NERC Centre for Ecology and Hydrology,,South East,GB,2634869,,United Kingdom
grant.2778235,ur.01030061563.24,J Neil,Cape,,Co-PI,grid.494924.6,NERC Centre for Ecology and Hydrology,,South East,GB,2634869,,United Kingdom
grant.2756436,ur.016270627012.28,Carlton,Evans,Anthony,PI,grid.11100.31,Peruvian University Cayetano Heredia,,,PE,3936456,,
grant.2756436,ur.01155250516.36,Robert,Gilman,,Co-PI,grid.21107.35,Johns Hopkins University,US-MD,Outside UK,US,4347778,,United States
grant.2756436,ur.0741062213.98,Marco,Tovar,Antonio,Co-PI,grid.11100.31,Peruvian University Cayetano Heredia,,,PE,3936456,,
grant.2756436,ur.015221021042.55,James,Lewis,John,Co-PI,,,,,,,,
grant.2756436,ur.01064677163.59,Delia,Boccia,,Co-PI,grid.8991.9,London Sch of Hygiene and Trop Medicine,,London,GB,2643743,,United Kingdom
grant.2759877,ur.01151506015.31,Kathleen,O'Reilly,M,PI,grid.8991.9,London Sch of Hygiene and Trop Medicine,,London,GB,2643743,,United Kingdom
grant.2759490,ur.013402375017.15,Steven,Sacks,H,PI,grid.13097.3c,King's College London,,London,GB,2643743,,United Kingdom
grant.2751663,ur.0670664777.25,William,Man,,Co-PI,,,,,,,,
grant.2778522,ur.013542757437.16,Diana,Gibb,,PI,grid.415052.7,MRC Clinical Trials Unit,,London,GB,2643743,,
grant.2778522,ur.01221426422.56,Paul,Revill,Andrew,Co-PI,,,,,,,,
grant.2778522,ur.01111051626.28,Carlo,Giaquinto,,Co-PI,,,,,,,,
grant.2778522,ur.01040721630.06,Peter,Mugyenyi,Ndimbirwe,Co-PI,,,,,,,,
grant.2778522,ur.01174356166.46,Catherine,Molyneux,,Co-PI,,,,,,,,
grant.2778522,ur.01271500605.17,Bernadette,O'Hare,,Co-PI,grid.10595.38,University of Malawi,,Outside UK,MW,923295,,Malawi
grant.2778522,ur.01230442653.88,Cissy,Kityo,,Co-PI,,,,,,,,
grant.2778522,ur.01355242015.04,James,Hakim,Gita,Co-PI,grid.13001.33,University of Zimbabwe,,Outside UK,ZW,890299,,Zimbabwe
grant.2778522,ur.01233303663.45,Martina,Penazzato,,Co-PI,,,,,,,,
grant.2778522,ur.0616622774.31,James,Berkley,Alexander,Co-PI,,,,,,,,
grant.2778522,ur.014167743205.19,Mary,Mwangome,,Co-PI,,,,,,,,
grant.2778522,ur.01104670623.98,Margaret Jean,Thomason,,Co-PI,,,,,,,,
grant.2778522,ur.01123604615.70,Martin,Buxton,John,Co-PI,,,,,,,,
grant.2778522,ur.01235023657.90,Joep,Van Oosterhout,,Co-PI,,,,,,,,
grant.2778522,ur.01306540040.26,Jane Edith,Mallewa,,Co-PI,,,,,,,,
grant.2778737,ur.0652226624.71,Gavin,Foster,,PI,grid.5491.9,University of Southampton,,South East,GB,2637487,,United Kingdom
grant.2756359,ur.013061300457.98,Neil,Spooner,,PI,grid.11835.3e,University of Sheffield,,Yorkshire and The Humber,GB,2638077,,United Kingdom
grant.2756359,ur.014331344361.33,Lee,Thompson,,Co-PI,grid.11835.3e,University of Sheffield,,Yorkshire and The Humber,GB,2638077,,United Kingdom
grant.2756359,ur.01016302024.18,Efstathios,Paganis,Stathes,Co-PI,grid.11835.3e,University of Sheffield,,Yorkshire and The Humber,GB,2638077,,United Kingdom
grant.2756359,ur.07517135307.92,John,McMillan,Eric,Co-PI,grid.11835.3e,University of Sheffield,,Yorkshire and The Humber,GB,2638077,,United Kingdom
grant.2756359,ur.01262051304.62,Davide,Costanzo,,Co-PI,grid.11835.3e,University of Sheffield,,Yorkshire and The Humber,GB,2638077,,United Kingdom
grant.2756359,ur.01343165200.60,Daniel,Tovey,Russell,Co-PI,grid.11835.3e,University of Sheffield,,Yorkshire and The Humber,GB,2638077,,United Kingdom
grant.2756359,ur.013307724406.44,Christopher,Booth,Neal,Co-PI,grid.11835.3e,University of Sheffield,,Yorkshire and The Humber,GB,2638077,,United Kingdom
grant.2756359,ur.01104450570.35,Susan,Cartwright,Lesley,Co-PI,grid.11835.3e,University of Sheffield,,Yorkshire and The Humber,GB,2638077,,United Kingdom
grant.2756359,ur.07546150164.54,Vitaly,Kudryavtsev,,Co-PI,grid.11835.3e,University of Sheffield,,Yorkshire and The Humber,GB,2638077,,United Kingdom
grant.2785784,ur.01115447405.37,P,Bruce,,Co-PI,grid.4991.5,University of Oxford,,South East,GB,2640729,,United Kingdom
grant.2785784,ur.0652147560.05,Philip,Taylor,C,Co-PI,grid.1006.7,Newcastle University,,North East,GB,2641673,,United Kingdom
grant.2785784,ur.01021571555.15,Zheng Xiao,Guo,,Co-PI,grid.83440.3b,University College London,,London,GB,2643743,,United Kingdom
grant.2785784,ur.01347150320.87,Patrick,Grant,,Co-PI,grid.4991.5,University of Oxford,,South East,GB,2640729,,United Kingdom
grant.2785784,ur.0601570760.98,Daniel,Rogers,James,Co-PI,grid.4991.5,University of Oxford,,South East,GB,2640729,,United Kingdom
grant.2785784,ur.0623544220.87,Peter,Hall,Joseph,Co-PI,,,,,,,,
grant.2785784,ur.01172365332.18,Clare,Grey,P.,Co-PI,grid.5335.0,University of Cambridge,,East of England,GB,2653941,,United Kingdom
grant.2785784,ur.01242312464.62,Chris,Dent,,Co-PI,,,,,,,,
grant.2785784,ur.01213212060.93,Janusz,Bialek,Witold,Co-PI,grid.1006.7,Newcastle University,,North East,GB,2641673,,United Kingdom
grant.2781963,ur.0650536035.07,Sarah,De Val,,PI,grid.4991.5,University of Oxford,,South East,GB,2640729,,United Kingdom
grant.2781963,ur.01245263400.18,George,Bou-Gharios,,Co-PI,grid.10025.36,University of Liverpool,,,GB,2644210,,United Kingdom
grant.2766251,ur.0735761450.24,Paul,Heffernan,Bernard,Co-PI,grid.5335.0,University of Cambridge,,East of England,GB,2653941,,United Kingdom
grant.2774338,ur.01073351503.88,Marzena,Szymanska,Hanna,PI,,,,,,,,
grant.2761576,ur.013044305032.99,Thomas,Harrison,,Co-PI,grid.264200.2,St George's University of London,,London,GB,2643743,,United Kingdom
grant.2761576,ur.0607041016.21,Tihana,Bicanic,,Co-PI,grid.264200.2,St George's University of London,,London,GB,2643743,,United Kingdom
grant.2783190,ur.010134210414.75,Tak,Lee,,Co-PI,,,,,,,,
grant.2783190,ur.013045404377.30,David,Cousins,John,Co-PI,,,,,,,,
grant.2783190,ur.01041421406.36,Hannah,Gould,Jane,Co-PI,,,,,,,,
grant.2783190,ur.01241132310.23,Paul,Lavender,,Co-PI,,,,,,,,
grant.7673098,ur.014402324143.70,Amira,Ghenai,,PI,grid.46078.3d,University of Waterloo,CA-ON,,CA,6176823,,
grant.2771280,ur.0701604445.67,Claire,Lentaigne,,PI,,Private Address,,,GB,,,United Kingdom
grant.2767109,ur.013153602042.70,Michael,Payne,Christopher,Co-PI,,,,,,,,
grant.2767109,ur.01314142766.30,Chris-Kriton,Skylaris,,Co-PI,,,,,,,,
grant.2779636,ur.013706206617.77,Barry,Azzopardi,,Co-PI,,,,,,,,
grant.2787163,ur.012537135417.76,Matthew,Cairns,Edward,PI,grid.8991.9,London Sch of Hygiene and Trop Medicine,,London,GB,2643743,,United Kingdom
grant.2771298,ur.010405653062.36,Alan,Phelps,David,Co-PI,grid.11984.35,University of Strathclyde,,Scotland,GB,2648579,,United Kingdom
grant.2759807,ur.01317270765.92,Stefan,Trapp,,PI,grid.83440.3b,University College London,,London,GB,2643743,,United Kingdom
grant.2759807,ur.01060155402.54,Alexander,Gourine,,Co-PI,grid.83440.3b,University College London,,London,GB,2643743,,United Kingdom
grant.2770974,ur.0701543040.69,Alexander,Densmore,Logan,PI,grid.8250.f,Durham University,,,GB,2650628,,United Kingdom
grant.2775166,ur.07570676357.45,Neil,McIntyre,,PI,,,,,,,,
grant.2777478,ur.01065545460.39,Julian,Dowdeswell,Andrew,Co-PI,,,,,,,,
grant.2777478,ur.0623075270.59,Jonathan,Bamber,,Co-PI,grid.5337.2,University of Bristol,,South West,GB,2654675,,United Kingdom
grant.2777478,ur.01337656700.07,Antony,Payne,John,Co-PI,grid.5337.2,University of Bristol,,South West,GB,2654675,,United Kingdom
grant.2779950,ur.013400224504.75,Julie,Staunton,,PI,grid.7372.1,University of Warwick,,West Midlands,GB,2652221,,United Kingdom
grant.2776705,ur.01130057124.65,Catherine,Mulligan,Ellen,PI,,,,,,,,
grant.2776705,ur.01176172324.51,Andrew,Crabtree,,Co-PI,grid.4563.4,University of Nottingham,,East Midlands,GB,2641170,,United Kingdom
grant.2776705,ur.01244021620.20,Matt,Jones,,Co-PI,,,,,,,,
grant.2776705,ur.01244305524.70,Chris,Greenhalgh,,Co-PI,grid.4563.4,University of Nottingham,,East Midlands,GB,2641170,,United Kingdom
grant.2767039,ur.01013117407.72,Andy,Purvis,J,PI,,,,,,,,
grant.2767039,ur.0621735163.38,Georgina,Mace,Mary,Co-PI,,,,,,,,
grant.2781980,ur.015322475112.46,Huw,Morris,R,PI,grid.83440.3b,University College London,,London,GB,2643743,,United Kingdom
grant.2757217,ur.014203404537.16,Valentin,Heller,,PI,,,,,,,,
grant.2776338,ur.01041464420.36,Richard,Hague,James Mackenzie,PI,grid.4563.4,University of Nottingham,,East Midlands,GB,2641170,,United Kingdom
grant.2776338,ur.012113155351.88,Ian,Ashcroft,Anthony,Co-PI,grid.4563.4,University of Nottingham,,East Midlands,GB,2641170,,United Kingdom
grant.2776338,ur.01370712731.12,Ruth,Goodridge,,Co-PI,grid.4563.4,University of Nottingham,,East Midlands,GB,2641170,,United Kingdom
grant.2776338,ur.0614721530.01,Paul,Conway,,Co-PI,,,,,,,,
grant.2776338,ur.01107577620.95,Christopher,Tuck,John,Co-PI,grid.4563.4,University of Nottingham,,East Midlands,GB,2641170,,United Kingdom
grant.2776338,ur.0662763720.81,Russell,Harris,Anthony,Co-PI,grid.9909.9,University of Leeds,,Yorkshire and The Humber,GB,2644688,,United Kingdom
grant.2776338,ur.0662137470.32,Ricky,Wildman,Darren,Co-PI,grid.4563.4,University of Nottingham,,East Midlands,GB,2641170,,United Kingdom
grant.2776338,ur.016500430465.24,Phill,Dickens,,Co-PI,grid.4563.4,University of Nottingham,,East Midlands,GB,2641170,,United Kingdom
grant.2777274,ur.07664607547.92,Richard,Todd,Ian,Co-PI,,,,,,,,
grant.2777274,ur.015252777710.64,Alan,Cocks,Charles,Co-PI,,,,,,,,
grant.2784004,ur.01104115547.21,Gos,Micklem,,Co-PI,,,,,,,,
grant.2784004,ur.01017463460.18,Anil,Wipat,,Co-PI,,,,,,,,
grant.2784004,ur.0731177747.20,Vincent,Danos,,Co-PI,,,,,,,,
grant.2784004,ur.014467014464.27,James,Haseloff,Phillip,Co-PI,,,,,,,,
grant.2784004,ur.01254012172.82,Jennifer,Hallinan,Susan,Co-PI,,,,,,,,
grant.2784004,ur.01107062006.38,Nikolas,Rose,Simon,Co-PI,,,,,,,,
grant.2784004,ur.015271677004.27,James,Ajioka,Warren,Co-PI,,,,,,,,
grant.2784004,ur.013551610424.52,Jeffery,Errington,,Co-PI,,,,,,,,
grant.2784004,ur.01122744314.59,Jane,Calvert,,Co-PI,,,,,,,,
grant.2784004,ur.01077216336.22,Colin,Harwood,Robert,Co-PI,,,,,,,,
grant.2784004,ur.01034034704.68,Christopher,French,Edward,Co-PI,,,,,,,,
grant.2754653,ur.0657402440.53,David,Edwards,,PI,grid.13097.3c,King's College London,,London,GB,2643743,,United Kingdom
grant.2754653,ur.015127001317.99,Joseph,Hajnal,V,Co-PI,grid.13097.3c,King's College London,,London,GB,2643743,,United Kingdom
grant.2754653,ur.0760606120.41,Mary Ann,Rutherford,,Co-PI,grid.13097.3c,King's College London,,London,GB,2643743,,United Kingdom
grant.2781283,ur.01040430052.42,Nicola,Wardrop,Ann,PI,grid.5491.9,University of Southampton,,South East,GB,2637487,,United Kingdom
grant.2764280,ur.01247067766.15,Alberto,Paccanaro,,PI,grid.4970.a,"Royal Holloway, University of London",,South East,GB,2650188,,United Kingdom
grant.2760377,ur.0623610604.17,Neil,Marlow,,PI,grid.83440.3b,University College London,,London,GB,2643743,,United Kingdom
grant.2760377,ur.013062556742.09,Joan,Morris,,Co-PI,,,,,,,,
grant.2760377,ur.01223577405.87,Dieter,Wolke,,Co-PI,grid.7372.1,University of Warwick,,West Midlands,GB,2652221,,United Kingdom
grant.2760377,ur.016027475422.32,Samantha,Johnson,Jayne,Co-PI,,,,,,,,
grant.2760377,ur.016706457665.27,John,Hurst,,Co-PI,grid.83440.3b,University College London,,London,GB,2643743,,United Kingdom
grant.2783598,ur.01103370767.77,Sheena,McCormack,,Co-PI,,,,,,,,
grant.2783598,ur.01003654654.16,Sarah,Joseph,,Co-PI,,,,,,,,
grant.3498582,ur.01353756604.22,Austin,Smith,,PI,grid.5335.0,University of Cambridge,,East of England,GB,2653941,,United Kingdom
grant.2755834,ur.01164427250.43,Ling,Qian,,Co-PI,,,,,,,,
grant.2755834,ur.0704646450.50,Derek,Causon,Malcolm,Co-PI,,,,,,,,
grant.2755834,ur.016427244601.50,Clive,Mingham,,Co-PI,,,,,,,,
grant.2755834,ur.0724762120.38,Trevor,Whittaker,,Co-PI,,,,,,,,
grant.2777802,ur.07474036121.72,Antoine,Dechezlepretre,,Co-PI,,,,,,,,
grant.2777802,ur.010240241342.30,Ulrich,Wagner,J.,Co-PI,,,,,,,,
grant.5140132,ur.0647541377.42,Jason,Carroll,,Co-PI,,,,,,,,
grant.5140132,ur.07643477743.78,Alan,Purohit,,Co-PI,,,,,,,,
grant.5140132,ur.01153405710.86,Alan,Spivey,C,Co-PI,,,,,,,,
grant.2758918,ur.01254731122.50,Shankar,Srinivas,,PI,grid.4991.5,University of Oxford,,South East,GB,2640729,,United Kingdom
grant.2773404,ur.01257461550.56,Peter,Olmsted,David,Co-PI,,,,,,,,
grant.2773404,ur.01366001155.35,John,Sanderson,Michael,Co-PI,,,,,,,,
grant.2773404,ur.01320035747.91,Simon,Connell,David,Co-PI,,,,,,,,
grant.2773404,ur.01141005300.26,Colin David,Bain,,Co-PI,,,,,,,,
grant.2773404,ur.01040303420.44,Paul,O'Shea,,Co-PI,,,,,,,,
grant.2773404,ur.0654367200.21,Pietro,Cicuta,,Co-PI,,,,,,,,
grant.3842338,ur.01232353732.76,Matthew,Tyreman,,PI,grid.436401.4,Mologic Ltd.,,East of England,GB,2656046,Bedford,
grant.2778765,ur.0743407524.33,Helen,Thornham,,PI,grid.9909.9,University of Leeds,,Yorkshire and The Humber,GB,2644688,,United Kingdom
grant.2778765,ur.014365243631.91,Claire,Wallace,,Co-PI,grid.7107.1,University of Aberdeen,,Scotland,GB,2657832,,United Kingdom
grant.2778765,ur.01011522724.00,Caroline,Bassett,Ann,Co-PI,grid.12082.39,University of Sussex,,South East,GB,2654710,,United Kingdom
grant.2778765,ur.01125751324.79,Marialena,Nikolopoulou,,Co-PI,grid.9759.2,University of Kent,,South East,GB,2653877,,United Kingdom
grant.2782024,ur.01320722334.45,Dhruv,Parekh,,PI,grid.6572.6,University of Birmingham,,West Midlands,GB,2655603,,United Kingdom
grant.2769880,ur.0601375044.30,Paolo,Madeddu,,PI,grid.5337.2,University of Bristol,,South West,GB,2654675,,United Kingdom
grant.2751400,ur.07376405127.60,Isabelle,Durance,,PI,grid.5600.3,Cardiff University,,Wales,GB,2653822,,United Kingdom
grant.2751400,ur.01164624425.18,Michael,Bruford,William,Co-PI,grid.5600.3,Cardiff University,,Wales,GB,2653822,,United Kingdom
grant.2751400,ur.0663547221.68,Andrew,Weightman,John,Co-PI,grid.5600.3,Cardiff University,,Wales,GB,2653822,,United Kingdom
grant.2751400,ur.01035176040.98,Steve,Ormerod,,Co-PI,grid.5600.3,Cardiff University,,Wales,GB,2653822,,United Kingdom
grant.2751400,ur.01351577350.08,Ian,Vaughan,Phillip,Co-PI,grid.5600.3,Cardiff University,,Wales,GB,2653822,,United Kingdom
grant.2751400,ur.0652634240.51,Havard John,Prosser,,Co-PI,grid.5600.3,Cardiff University,,Wales,GB,2653822,,United Kingdom
grant.2759813,ur.01220717210.75,David,Hansell,,Co-PI,,,,,,,,
grant.2779068,ur.01101652370.28,John,Nelson,,Co-PI,grid.7107.1,University of Aberdeen,,Scotland,GB,2657832,,United Kingdom
grant.2779068,ur.01254265430.20,Ruth,Rettie,,Co-PI,grid.15538.3a,Kingston University,,London,GB,2643743,,United Kingdom
grant.3789523,ur.01107613730.37,Amanda,Fisher,,PI,,,,,,,,
grant.4900105,ur.0710026401.91,Sebastien,Royer,,PI,grid.35541.36,Korea Institute of Science and Technology,,,KR,1835848,Seoul,"Korea, Republic of  (South Korea)"
grant.4900105,ur.01150174347.75,Alfonso,Renart,,PI,grid.421010.6,Champalimaud Foundation,,,PT,2267057,Lisboa,Portugal
grant.4900610,ur.01013651021.02,Michael,Dickinson,H.,PI,grid.34477.33,University of Washington,US-WA,,US,5809844,Seattle,Usa
grant.4900610,ur.01346602344.85,Carlos,Ribeiro,,PI,grid.421010.6,Champalimaud Neuroscience Programme,,,PT,2267057,Lisboa,Portugal
grant.2756922,ur.01344655360.11,Bart,Hoogenboom,Wiebren,PI,grid.83440.3b,University College London,,London,GB,2643743,,United Kingdom
grant.2775694,ur.01017140630.94,Gunther,Kress,,Co-PI,,,,,,,,
grant.2775694,ur.0716206470.47,Jeff,Bezemer,,Co-PI,,,,,,,,
grant.2775694,ur.01133367230.52,Kathryn,Nicholson,,Co-PI,,,,,,,,
grant.2775918,ur.01022126514.38,Alexander,Bismarck,,PI,,,,,,,,
grant.2780267,ur.013573607745.85,Paolo,Missier,,PI,grid.1006.7,Newcastle University,,North East,GB,2641673,,United Kingdom
grant.2780267,ur.011147525613.39,John Shaw,Fitzgerald,,Co-PI,grid.1006.7,Newcastle University,,North East,GB,2641673,,United Kingdom
grant.2756586,ur.014172422430.56,Helen,Curran,Valerie,Co-PI,,,,,,,,
grant.2768967,ur.0712274360.54,Geoffrey,Hammond,Paul,PI,grid.7340.0,University of Bath,,South West,GB,2656173,,United Kingdom
grant.2768967,ur.010601372571.43,Walter,Wehrmeyer,,Co-PI,grid.5475.3,University of Surrey,,South East,GB,2647793,,United Kingdom
grant.2768967,ur.01142751360.06,Jason,Chilvers,David,Co-PI,grid.8273.e,University of East Anglia,,East of England,GB,2641181,,United Kingdom
grant.2768967,ur.016360717770.13,Stuart,Galloway,,Co-PI,grid.11984.35,University of Strathclyde,,Scotland,GB,2648579,,United Kingdom
grant.2768967,ur.0603672640.01,Graham,Ault,,Co-PI,grid.11984.35,University of Strathclyde,,Scotland,GB,2648579,,United Kingdom
grant.2768967,ur.015141451721.63,Neil,Strachan,,Co-PI,grid.83440.3b,University College London,,London,GB,2643743,,United Kingdom
grant.2768967,ur.0621505460.03,Murray,Thomson,,Co-PI,,,,,,,,
grant.2768967,ur.01211064560.37,Matthew,Leach,,Co-PI,grid.5475.3,University of Surrey,,South East,GB,2647793,,United Kingdom
grant.2768967,ur.01211437060.58,David,Infield,,Co-PI,grid.11984.35,University of Strathclyde,,Scotland,GB,2648579,,United Kingdom
grant.2786717,ur.01026114450.05,William,Gillespie,Allan,Co-PI,grid.8241.f,University of Dundee,,Scotland,GB,2650752,,United Kingdom
grant.2786717,ur.01142343050.93,AMIN,ABDOLVAND,,Co-PI,grid.8241.f,University of Dundee,,Scotland,GB,2650752,,United Kingdom
grant.2786717,ur.012665666572.78,Ken,Ledingham,,Co-PI,grid.11984.35,University of Strathclyde,,Scotland,GB,2648579,,United Kingdom
grant.2761902,ur.015223732607.36,Daniel,Davis,M,PI,,,,,,,,
grant.2757309,ur.013611141677.68,Gregory,Tucker,,PI,grid.4563.4,University of Nottingham,,East Midlands,GB,2641170,,United Kingdom
grant.3788187,,Henning,Walczak,,PI,,,,,,,,
grant.3788187,ur.01165074465.37,Henning,Walczak,,PI,grid.83440.3b,UNIVERSITY COLLEGE LONDON,,,GB,2643743,London,UK
grant.3787672,,Jonathan Philip,Marangos,,PI,,,,,,,,
grant.3782495,,James Robert,Durrant,,PI,,,,,,,,
grant.3782222,,Alessia,Melegaro,,PI,,,,,,,,
grant.3782222,ur.01163157301.47,Alessia,Melegaro,,PI,grid.7945.f,UNIVERSITA COMMERCIALE LUIGI BOCCONI,,,IT,3173435,MILANO,IT
grant.2752237,ur.01330513364.24,Philip,Murray,James,PI,grid.418374.d,Rothamsted Research,,East of England,GB,2647451,,United Kingdom
grant.2752237,ur.01163262030.73,Angela,Karp,,Co-PI,grid.418374.d,Rothamsted Research,,East of England,GB,2647451,,United Kingdom
grant.2754402,ur.01317553070.04,Christopher,Rawlings,,PI,grid.418374.d,Rothamsted Research,,East of England,GB,2647451,,United Kingdom
grant.2781258,ur.014372366472.36,Stefano,Brandani,,Co-PI,grid.4305.2,University of Edinburgh,,Scotland,GB,2650225,,United Kingdom
grant.2781258,ur.012462020151.32,Mathieu,Lucquiaud,Serge,Co-PI,grid.4305.2,University of Edinburgh,,Scotland,GB,2650225,,United Kingdom
grant.2781258,ur.014475746304.04,Hannah,Chalmers,,Co-PI,grid.4305.2,University of Edinburgh,,Scotland,GB,2650225,,United Kingdom
grant.2781258,ur.012220137613.71,Simon,Shackley,,Co-PI,grid.4305.2,University of Edinburgh,,Scotland,GB,2650225,,United Kingdom
grant.2781258,ur.0675756670.96,Stuart,Haszeldine,,Co-PI,grid.4305.2,University of Edinburgh,,Scotland,GB,2650225,,United Kingdom
grant.2767069,ur.01004245574.07,John,Woolliams,,PI,grid.4305.2,University of Edinburgh,,Scotland,GB,2650225,,United Kingdom
grant.2777793,ur.016571660464.76,Andrew,Smith,,PI,grid.4991.5,University of Oxford,,South East,GB,2640729,,United Kingdom
grant.2773556,ur.0627111477.55,David,Gally,Lawrence,PI,grid.4305.2,University of Edinburgh,,Scotland,GB,2650225,,United Kingdom
grant.2764866,ur.01163311370.83,Ian,Lyon,,PI,grid.5379.8,University of Manchester,,North West,GB,2643123,Manchester,United Kingdom
grant.2764866,ur.01157141647.37,Maria,Schonbachler,,Co-PI,,,,,,,,
grant.2764866,ur.01004735024.36,James,Gilmour,Duncan,Co-PI,grid.5379.8,University of Manchester,,North West,GB,2643123,Manchester,United Kingdom
grant.2764866,ur.01236633353.90,Henner,Busemann,,Co-PI,,,,,,,,
grant.2762076,ur.01326002401.24,Roy,Wogelius,Albert,Co-PI,,,,,,,,
grant.2762076,ur.0740253067.24,Katherine,Morris,,Co-PI,,,,,,,,
grant.2762076,ur.01225577263.52,Neil,Burton,Anthony,Co-PI,,,,,,,,
grant.2762076,ur.015666652077.43,Nick,Evans,,Co-PI,,,,,,,,
grant.2762076,ur.0604067107.57,J,Mosselmans,Frederick,Co-PI,,,,,,,,
grant.2771066,ur.01317207524.44,Paresh,Vyas,,PI,grid.4991.5,University of Oxford,,South East,GB,2640729,,United Kingdom
grant.2778754,ur.01145774021.52,Sylvia,Richardson,,PI,grid.5335.0,University of Cambridge,,East of England,GB,2653941,,United Kingdom
grant.2756016,ur.0775147640.87,John,Cobb,,PI,grid.4991.5,University of Oxford,,South East,GB,2640729,,United Kingdom
grant.2757895,ur.010313674653.85,M,O'Neill,,PI,grid.9481.4,University of Hull,,Yorkshire and The Humber,GB,2645425,,United Kingdom
grant.2757895,ur.01253066141.10,Stephen M,Kelly,,Co-PI,grid.9481.4,University of Hull,,Yorkshire and The Humber,GB,2645425,,United Kingdom
grant.2757895,ur.01122162525.02,Neil,Kemp,Timothy,Co-PI,grid.9481.4,University of Hull,,Yorkshire and The Humber,GB,2645425,,United Kingdom
grant.2776166,ur.01047164033.37,Caroline,Colijn,,PI,,,,,,,,
grant.3531679,ur.01120462330.60,Paulo,Matos,,PI,grid.9983.b,Faculdade de Ciências da Universidade de Lisboa,,PT-11,PT,2267057,Lisboa,PT
grant.3531679,ur.01257140736.87,Patrícia,Barros,,Co-PI,grid.9983.b,"BioFIG - Center for Biodiversity, Functional & Integrative Genomics",,PT-11,PT,2267057,Lisboa,PT
grant.3531679,ur.016036657440.08,Andreia,Amaral,,Co-PI,grid.9983.b,"Center for Biodiversity, Functional & Integrative Genomics",,PT-11,PT,2267057,Lisboa,PT
grant.2761364,ur.0732116400.26,David,Cotterrell,Roger,Co-PI,,,,,,,,
grant.2783582,ur.012653207302.16,Timothy,Cole,James,PI,grid.83440.3b,University College London,,London,GB,2643743,,United Kingdom
grant.2752354,ur.01016550036.38,Joanna,Wardlaw,,PI,grid.4305.2,University of Edinburgh,,Scotland,GB,2650225,,United Kingdom
grant.2752361,ur.01166560305.89,Deborah,Gill,Rebecca,PI,grid.4991.5,University of Oxford,,South East,GB,2640729,,United Kingdom
grant.2752361,ur.01011676110.91,Christopher,Boyd,,Co-PI,grid.4305.2,University of Edinburgh,,Scotland,GB,2650225,,United Kingdom
grant.2752361,ur.01125742406.81,James,Innes,Alastair,Co-PI,grid.4305.2,University of Edinburgh,,Scotland,GB,2650225,,United Kingdom
grant.2752361,ur.016643021062.93,David,Porteus,,Co-PI,grid.4305.2,University of Edinburgh,,Scotland,GB,2650225,,United Kingdom
grant.2752361,ur.01160461360.09,Stephen,Hyde,Charles,Co-PI,grid.4991.5,University of Oxford,,South East,GB,2640729,,United Kingdom
grant.3790332,,Armando Emeterio,Del Río Hernández,,PI,,,,,,,,
grant.2759416,ur.01067641323.20,Matthias,Eschrig,,PI,grid.4970.a,"Royal Holloway, University of London",,South East,GB,2650188,,United Kingdom
grant.2600665,ur.014607647137.73,ROBIN J,SHATTOCK,,Co-PI,,,,,,,,
grant.2770759,ur.013723776517.34,Nicholas,Wareham,John,Co-PI,,,,,,,,
grant.2770759,ur.011435476100.01,Peter,Smith,Charles,Co-PI,,,,,,,,
grant.2758813,ur.0723622670.38,Hilary,Little,,PI,grid.13097.3c,King's College London,,London,GB,2643743,,United Kingdom
grant.2758813,ur.01016701113.07,Sidney,Shaw,George,Co-PI,,,,,,,,
grant.2783502,ur.0701667547.82,Simon,Johnson,Richard,PI,grid.4563.4,University of Nottingham,,East Midlands,GB,2641170,,United Kingdom
grant.2783502,ur.012051344242.24,Ian,Hall,,Co-PI,grid.4563.4,University of Nottingham,,East Midlands,GB,2641170,,United Kingdom
grant.2783502,ur.0770433243.78,Timothy,Harrison,,Co-PI,grid.4563.4,University of Nottingham,,East Midlands,GB,2641170,,United Kingdom
grant.2783502,ur.01154650120.50,Gisli,Jenkins,,Co-PI,grid.4563.4,University of Nottingham,,East Midlands,GB,2641170,,United Kingdom
grant.2767435,ur.012701043164.07,Eleanor,Milner-Gulland,,Co-PI,,,,,,,,
grant.3781145,,Arkadi Alexander,Tseitline,,PI,,,,,,,,
grant.2756461,ur.01104524623.40,Eve,Limbrick-Oldfield,,PI,grid.5335.0,University of Cambridge,,East of England,GB,2653941,,United Kingdom
grant.2756461,ur.012712745237.37,Luke,Clark,,PI,,,,,,,,
grant.2756461,ur.01052624271.34,Mike,Aitken,,Co-PI,,,,,,,,
grant.2756461,ur.010614611022.74,Robert,Rogers,David,Co-PI,,,,,,,,
grant.2756461,ur.0653742024.58,Henrietta,Bowden-Jones,,Co-PI,,,,,,,,
grant.5495318,,Hartmut,Ruetten,,PI,,,,,,,,
grant.5495318,ur.0577016301.25,Hartmut,Ruetten,,PI,grid.420214.1,SANOFI-AVENTIS DEUTSCHLAND GMBH,,,DE,2925533,FRANKFURT AM MAIN,DE
grant.2770637,ur.01275517105.93,Tim,Coulson,,PI,,,,,,,,
grant.2752631,ur.0765002430.33,David Jonathan,Leak,,PI,,,,,,,,
grant.4186681,ur.0634360473.43,Hyunchul,Nha,,PI,grid.412392.f,Texas A&M University at Qatar,,,QA,290030,,Qatar
grant.2768726,ur.016666606603.21,Rachel,Cooper OBE,,PI,grid.9835.7,Lancaster University,,North West,GB,2644972,,United Kingdom
grant.2768726,ur.01047555340.54,Patrick,Olivier,,Co-PI,,,,,,,,
grant.2768726,ur.01062664440.32,Roger,Whitham,Denis,Co-PI,grid.9835.7,Lancaster University,,North West,GB,2644972,,United Kingdom
grant.2768726,ur.01057023340.79,Andrew,Quick,,Co-PI,grid.9835.7,Lancaster University,,North West,GB,2644972,,United Kingdom
grant.2768726,ur.013041622127.49,Paul,Coulton,,Co-PI,,,,,,,,
grant.2768726,ur.011376303364.79,Drew,Hemment,,Co-PI,grid.4305.2,University of Edinburgh,,Scotland,GB,2650225,,United Kingdom
grant.2768726,ur.016247114523.46,Jeremy,Myerson,,Co-PI,grid.42167.36,Royal College of Art,,London,GB,2643743,,United Kingdom
grant.2768726,ur.01172043350.13,Atau,Tanaka,,Co-PI,grid.15874.3f,Goldsmiths College,,London,GB,2643743,,United Kingdom
grant.2768726,ur.016170632655.76,John,Bowers,,Co-PI,,,,,,,,
grant.2768726,ur.013657267647.46,Leon,Cruickshank,,Co-PI,grid.9835.7,Lancaster University,,North West,GB,2644972,,United Kingdom
grant.2758593,ur.01011201657.46,Alfred E.A.,Thumser,,Co-PI,grid.5475.3,University of Surrey,,South East,GB,2647793,,United Kingdom
grant.2757977,ur.01145774021.52,Sylvia,Richardson,,PI,,,,,,,,
grant.2757977,ur.013335113737.65,Alexandra,Lewin,,Co-PI,,,,,,,,
grant.3786754,,Thomas,Anthopoulos,,PI,,,,,,,,
grant.2774263,ur.01213130016.46,Jonathan,Krell,,PI,grid.260128.f,Missouri University of Science and Tech,US-MO,Outside UK,US,4406282,,United States
grant.2778460,ur.01360263317.04,Satyabrata,Kar,,PI,grid.4777.3,Queen's University of Belfast,,Northern Ireland,GB,2655984,,United Kingdom
grant.2768148,ur.01224664260.30,Anne-Sophie,Kaloghiros,,PI,,,,,,,,
grant.3569049,ur.01053375237.39,Bruce,Hollingsworth,,PI,,,,,,,,
grant.3569049,ur.0651337122.56,Frank,Windmeijer,,Co-PI,,,,,,,,
grant.3569049,ur.01140016504.01,Luigi,Siciliani,,Co-PI,,,,,,,,
grant.3569049,ur.01226067327.61,Katharina,Hauck,,Co-PI,,,,,,,,
grant.3569049,ur.0603223722.72,Catherine,Burns,,Co-PI,,,,,,,,
grant.3569049,ur.0705542333.44,Robin,Room,,Co-PI,,,,,,,,
grant.3569049,ur.0576565352.94,Anurag,Sharma,,Co-PI,,,,,,,,
grant.3782988,ur.0656430250.52,Robert,Endres,,PI,,,,,,,,
grant.3782983,ur.013570671617.36,Robert Mark,Ewers,,PI,,,,,,,,
grant.3787520,,Andre,Da Silva Graça Arroja Neves,,PI,,,,,,,,
grant.3781963,,Joshua,Edel,,PI,,,,,,,,
grant.3785773,,Natasa,Przulj,,PI,,,,,,,,
grant.3785773,ur.01160202747.33,Natasa,Przulj,,PI,grid.83440.3b,UNIVERSITY COLLEGE LONDON,,,GB,2643743,London,UK
grant.3567692,ur.012433572705.76,David,StJohn,,PI,,,,,,,,
grant.3567692,ur.01201470632.47,Jiuzhou,Zhao,,Co-PI,,,,,,,,
grant.3567692,ur.010154750727.26,Hideyuki,Yasuda,,Co-PI,,,,,,,,
grant.3567692,ur.014406406363.53,Rainer,Schmid-Fetzer,,Co-PI,,,,,,,,
grant.3567692,ur.0612757420.28,Peter,Lee,,Co-PI,,,,,,,,
grant.3567692,ur.01255763236.10,Kazuhiro,Nogita,,Co-PI,,,,,,,,
grant.2778448,ur.0620331360.13,Irina,Udalova,,PI,grid.4991.5,University of Oxford,,South East,GB,2640729,,United Kingdom
grant.3786788,ur.0713222047.45,Darrel,Francis,,PI,,,,,,,,
grant.2769771,ur.01137601163.89,Alistair,Hume,,PI,grid.4563.4,University of Nottingham,,East Midlands,GB,2641170,,United Kingdom
grant.2764236,ur.01024261702.39,Elma,Tchilian,Zaven,PI,grid.63622.33,The Pirbright Institute,,South East,GB,2633709,,United Kingdom
grant.2767982,ur.01273656103.87,Julian,Parkhill,,PI,,,,,,,,
grant.2767982,ur.0707241502.15,Arthur,Turner,Keith,Co-PI,grid.10306.34,The Wellcome Trust  Sanger Institute,,East of England,GB,2653941,,
grant.2752882,ur.01062203557.39,Brian,Sutton,John,PI,grid.13097.3c,King's College London,,London,GB,2643743,,United Kingdom
grant.2752882,ur.0662147671.90,James,McDonnell,,Co-PI,grid.13097.3c,King's College London,,London,GB,2643743,,United Kingdom
grant.2752882,ur.01041421406.36,Hannah,Gould,Jane,Co-PI,grid.13097.3c,King's College London,,London,GB,2643743,,United Kingdom
grant.2752882,ur.01205647402.96,Andrew,Beavil,J,Co-PI,grid.13097.3c,King's College London,,London,GB,2643743,,United Kingdom
grant.2752882,ur.01254730255.59,Gideon,Lack,,Co-PI,grid.13097.3c,King's College London,,London,GB,2643743,,United Kingdom
grant.2775560,ur.01131557000.91,Donal,O'Sullivan,Martin,PI,,,,,,,,
grant.2775560,ur.01263676657.52,Ian,Mackay,,Co-PI,,,,,,,,
grant.2775560,ur.01346304566.31,Rosemary,Bayles,Ann,Co-PI,grid.17595.3f,National Inst of Agricultural Botany,,East of England,GB,2653941,,
grant.2779704,ur.016571103141.02,Richard,Smedley-Stevenson,Peter,Co-PI,,,,,,,,
grant.2778596,ur.013022616675.37,George,Chen,Zheng,PI,grid.4563.4,University of Nottingham,,East Midlands,GB,2641170,,United Kingdom
grant.2753302,ur.01235036273.20,Richard,Parker,,PI,grid.9909.9,University of Leeds,,Yorkshire and The Humber,GB,2644688,,United Kingdom
grant.2786862,ur.0662535203.20,Keith,Scott,,Co-PI,,,,,,,,
grant.2770736,ur.014055004057.69,Feng,Yu,,PI,grid.5337.2,University of Bristol,,South West,GB,2654675,,United Kingdom
grant.2785376,ur.01131002101.90,Arpat,Ozgul,,PI,,,,,,,,
grant.5138815,ur.015710120175.57,Charles,Coombes,,PI,,,,,,,,
grant.5138815,ur.0651546343.61,Aleksandra,Filipovic,,Co-PI,,,,,,,,
grant.2756905,ur.0670447733.20,Julian,Gough,John,PI,,,,,,,,
grant.2775395,ur.0775622510.96,Colin,Snape,Edward,PI,grid.4563.4,University of Nottingham,,East Midlands,GB,2641170,,United Kingdom
grant.2775395,ur.0622341520.76,Paul,Williams,,Co-PI,,,,,,,,
grant.3788336,,Pier Luigi,Dragotti,,PI,,,,,,,,
grant.2759514,ur.0765356700.89,Ava,Fatah Gen Schieck,,PI,grid.83440.3b,University College London,,London,GB,2643743,,United Kingdom
grant.2780117,ur.0732472346.09,Ramachandran,Kumar,Vasant,PI,grid.5335.0,University of Cambridge,,East of England,GB,2653941,,United Kingdom
grant.2780117,ur.01134737504.11,Bartlomiej,Glowacki,Andrzej,Co-PI,grid.5335.0,University of Cambridge,,East of England,GB,2653941,,United Kingdom
grant.2761806,ur.01016424607.05,Sandra,Sacre,,PI,grid.12082.39,University of Sussex,,South East,GB,2654710,,United Kingdom
grant.2754656,ur.01121313170.27,Paul,Rodgers,,PI,,,,,,,,
grant.2754656,ur.010264314035.88,Ashley,Hall,,Co-PI,grid.42167.36,Royal College of Art,,London,GB,2643743,,United Kingdom
grant.2752804,ur.0727625475.90,Faraneh,Vargha-Khadem,,PI,grid.83440.3b,University College London,,London,GB,2643743,,United Kingdom
grant.2752804,ur.0677472165.26,Torsten,Baldeweg,,Co-PI,grid.83440.3b,University College London,,London,GB,2643743,,United Kingdom
grant.2752804,ur.015205501004.29,John Eric,Deanfield,,Co-PI,grid.83440.3b,University College London,,London,GB,2643743,,United Kingdom
grant.2752804,ur.014532436132.23,Christopher,Clark,Alan,Co-PI,grid.83440.3b,University College London,,London,GB,2643743,,United Kingdom
grant.2752804,ur.01120223741.15,Andrew Mayall,Taylor,,Co-PI,grid.83440.3b,University College London,,London,GB,2643743,,United Kingdom
grant.2752804,ur.01216645735.34,Allan,Goldman,Paul,Co-PI,,,,,,,,
grant.2752804,ur.01326076331.20,David,Gadian,Geoffrey,Co-PI,,,,,,,,
grant.2752804,ur.01117243267.28,Michelle,De Haan,,Co-PI,grid.83440.3b,University College London,,London,GB,2643743,,United Kingdom
grant.2773211,ur.01016677210.13,Hendrik Willem,Van Veen,,PI,grid.5335.0,University of Cambridge,,East of England,GB,2653941,,United Kingdom
grant.2755182,ur.01251673760.90,Anna,Amtmann,,PI,grid.8756.c,University of Glasgow,,Scotland,GB,2648579,,United Kingdom
grant.2755182,ur.01056403750.27,Catherine,Biggs,Anne,Co-PI,grid.1006.7,Newcastle University,,North East,GB,2641673,,United Kingdom
grant.2755182,ur.01073204247.33,Jaime,Amezaga,M.,Co-PI,grid.1006.7,Newcastle University,,North East,GB,2641673,,United Kingdom
grant.2755182,ur.01105126653.35,Linda,Lawton,,Co-PI,grid.59490.31,The Robert Gordon University,,Scotland,GB,2657832,,United Kingdom
grant.2781478,ur.01234252330.14,Campbell,Middleton,,PI,grid.5335.0,University of Cambridge,,East of England,GB,2653941,,United Kingdom
grant.7673084,ur.010776302310.88,Rj,Dawson,,Co-PI,,,,,,,,
grant.2761495,ur.01067214125.57,Ruey Leng,Loo,,PI,grid.9759.2,University of Kent,,South East,GB,2653877,,United Kingdom
grant.3782527,,Natalie,Stingelin,,PI,,,,,,,,
grant.5230752,ur.01215706532.44,Markus Gerhard,Grütter,,PI,grid.7400.3,University of Zurich,,,CH,2657896,,
grant.5230752,ur.01121235512.45,Damien,Morger,,Co-PI,grid.7400.3,Biochemisches Institut Universität Zürich,,,CH,2657896,,
grant.5230752,ur.01347551321.66,Mareike,Kurz,,Co-PI,,,,,,,,
grant.5230752,ur.01327211540.03,Christopher,Weinert,,Co-PI,grid.7400.3,Biochemisches Institut Universität Zürich,,,CH,2657896,,
grant.5230752,ur.015166350147.18,Peter,Gutte,,Co-PI,grid.7400.3,Biochemisches Institut Universität Zürich,,,CH,2657896,,
grant.5230752,ur.011641072057.87,Sandra,Müller,,Co-PI,,,,,,,,
grant.5230752,ur.01142273066.16,Rafael,Ackermann,,Co-PI,,,,,,,,
grant.5230752,ur.01173725260.03,Thomas,Heitkamp,,Co-PI,,,,,,,,
grant.2770083,ur.0603602350.69,Glen,Powell,,Co-PI,,,,,,,,
grant.2777474,ur.01230074160.92,Jemma,Wadham,Louise,PI,grid.5337.2,University of Bristol,,South West,GB,2654675,,United Kingdom
grant.2777474,ur.010517401161.69,Martyn,Tranter,,Co-PI,grid.5337.2,University of Bristol,,South West,GB,2654675,,United Kingdom
grant.2786733,ur.0715415520.20,Simon,Colton,,PI,grid.4868.2,"Queen Mary, University of London",,London,GB,2643743,,United Kingdom
grant.2787391,ur.01161422612.03,Amelle,Zair,,PI,grid.13097.3c,King's College London,,London,GB,2643743,,United Kingdom
grant.3847142,ur.07364141533.44,Warren,Oates,,PI,grid.433412.3,Corin Limited,,South West,GB,2652995,GLOUCESTERSHIRE,
grant.2767616,ur.012051344242.24,Ian,Hall,,PI,grid.4563.4,University of Nottingham,,East Midlands,GB,2641170,,United Kingdom
grant.2767616,ur.01222663135.20,Martin,Tobin,,Co-PI,,,,,,,,
grant.2767616,ur.0576461504.05,Ian,Sayers,,Co-PI,grid.4563.4,University of Nottingham,,East Midlands,GB,2641170,,United Kingdom
grant.2776607,ur.01302110024.24,Jonathan,Nichols,David,PI,grid.9918.9,University of Leicester,,East Midlands,GB,2644668,,United Kingdom
grant.2787297,ur.01265637765.90,Till,Bartke,,PI,grid.14105.31,MRC London Institute of Medical Sciences,,London,GB,2643743,,United Kingdom
grant.2762517,ur.01043551763.25,James Oliver Scott,Hammond,,PI,,,,,,,,
grant.2764880,ur.01237451276.26,Giovanni,Montana,,PI,,,,,,,,
grant.2764880,ur.01345320370.44,Jack,Dongarra,,Co-PI,,,,,,,,
grant.2759915,ur.0755551740.36,Jamie,Wilkinson,John,PI,,,,,,,,
grant.2762649,ur.016563457334.91,Martijn,Timmermans,Johannes,PI,,,,,,,,
grant.3496123,ur.01305160526.54,Christl A.,Donnelly,,PI,,,,,,,,
grant.2774054,ur.01177741240.50,Stephen,McArthur,,PI,grid.11984.35,University of Strathclyde,,Scotland,GB,2648579,,United Kingdom
grant.2774054,ur.0644433110.69,Maria,Fox,,Co-PI,,,,,,,,
grant.2774054,ur.0577770370.02,Joseph,Mutale,,Co-PI,grid.5379.8,University of Manchester,,North West,GB,2643123,Manchester,United Kingdom
grant.2774054,ur.01035160310.60,John,Moriarty,,Co-PI,,,,,,,,
grant.2774054,ur.01213212060.93,Janusz,Bialek,Witold,Co-PI,,,,,,,,
grant.2774054,ur.014513025643.40,Michael,Pollitt,G,Co-PI,grid.5335.0,University of Cambridge,,East of England,GB,2653941,,United Kingdom
grant.2774054,ur.0652006040.31,Ivana,Kockar,,Co-PI,grid.11984.35,University of Strathclyde,,Scotland,GB,2648579,,United Kingdom
grant.2774054,ur.01365432070.21,Jim,Watson,,Co-PI,,,,,,,,
grant.2774054,ur.0652147560.05,Philip,Taylor,C,Co-PI,,,,,,,,
grant.2774054,ur.016354237127.30,Jovica,Milanovic,V,Co-PI,grid.5379.8,University of Manchester,,North West,GB,2643123,Manchester,United Kingdom
grant.2774054,ur.0660173410.22,Derek,Long,,Co-PI,,,,,,,,
grant.2774054,ur.013264451740.04,Paul,Johnson,Vincent,Co-PI,grid.5379.8,University of Manchester,,North West,GB,2643123,Manchester,United Kingdom
grant.2774054,ur.01262256000.55,Michael,Goldstein,,Co-PI,,,,,,,,
grant.2774054,ur.016252177163.43,Hajo,Broersma,,Co-PI,,,,,,,,
grant.2760855,ur.010240127337.67,Paul,Lewin,,Co-PI,,,,,,,,
grant.2760855,ur.0645574657.38,Alun,Vaughan,,Co-PI,,,,,,,,
grant.2760855,ur.010263035111.45,Christopher,Johnson,Mark,Co-PI,,,,,,,,
grant.2760855,ur.01112630775.42,Abderrahmane,Haddad,,Co-PI,,,,,,,,
grant.2760855,ur.012237577263.05,Vladimir,Terzija,,Co-PI,,,,,,,,
grant.2760855,ur.0673461760.16,Steve,Swingler,,Co-PI,,,,,,,,
grant.2760855,ur.01211437060.58,David,Infield,,Co-PI,,,,,,,,
grant.2760855,ur.015602652001.47,Jon,Clare,,Co-PI,,,,,,,,
grant.2760855,ur.016653441161.01,Phil,Mawby,,Co-PI,,,,,,,,
grant.2760855,ur.010415110165.17,Stephen,Finney,Jon,Co-PI,,,,,,,,
grant.2760855,ur.0735734060.42,Nick,Kelly,,Co-PI,,,,,,,,
grant.3864161,ur.0616613006.08,Abigail,Woods,Louise,PI,,,,,,,,
grant.2780984,ur.01243764767.10,Eleanor,Stride,,PI,grid.4991.5,University of Oxford,,South East,GB,2640729,,United Kingdom
grant.2756860,ur.01057701430.44,Charles,Ffrench-Constant,,Co-PI,,,,,,,,
grant.2776585,ur.0752346200.12,Melissa,Leach,,PI,grid.93554.3e,Institute of Development Studies,,South East,GB,2654710,,United Kingdom
grant.2776585,ur.0757143023.57,Ian,Scoones,,PI,grid.93554.3e,Institute of Development Studies,,South East,GB,2654710,,United Kingdom
grant.2776585,ur.01020615230.28,John,Thompson,,Co-PI,grid.93554.3e,Institute of Development Studies,,South East,GB,2654710,,United Kingdom
grant.2776585,ur.01066730430.67,Lyla,Mehta,,Co-PI,grid.93554.3e,Institute of Development Studies,,South East,GB,2654710,,United Kingdom
grant.2776585,ur.0706644040.48,Andy,Stirling,,Co-PI,grid.12082.39,University of Sussex,,South East,GB,2654710,,United Kingdom
grant.2776585,ur.01060172775.76,Gerald,Bloom,,Co-PI,grid.93554.3e,Institute of Development Studies,,South East,GB,2654710,,United Kingdom
grant.2776585,ur.01317316670.32,Adrian,Smith,Paul,Co-PI,grid.12082.39,University of Sussex,,South East,GB,2654710,,United Kingdom
grant.2776585,ur.013203043061.26,Adrian Vincent,Ely,,Co-PI,grid.12082.39,University of Sussex,,South East,GB,2654710,,United Kingdom
grant.2776585,ur.016423704543.58,Erik,Millstone,Paul,Co-PI,grid.12082.39,University of Sussex,,South East,GB,2654710,,United Kingdom
grant.2776585,ur.0752502030.60,Jeremy Marc,Allouche,,Co-PI,grid.93554.3e,Institute of Development Studies,,South East,GB,2654710,,United Kingdom
grant.2776585,ur.01264734130.30,Linda,Waldman,,Co-PI,grid.93554.3e,Institute of Development Studies,,South East,GB,2654710,,United Kingdom
grant.2776585,ur.01305457330.67,Michael,Loevinsohn,,Co-PI,grid.93554.3e,Institute of Development Studies,,South East,GB,2654710,,United Kingdom
grant.2776585,ur.01266462223.86,Hayley,MacGregor,Nan,Co-PI,grid.93554.3e,Institute of Development Studies,,South East,GB,2654710,,United Kingdom
grant.2776585,ur.07652027327.84,James,Sumberg,Enos,Co-PI,grid.93554.3e,Institute of Development Studies,,South East,GB,2654710,,United Kingdom
grant.2776585,ur.0705772364.32,Robert,Byrne,Patrick David,Co-PI,grid.12082.39,University of Sussex,,South East,GB,2654710,,United Kingdom
grant.2776585,ur.0634016064.48,Fiona,Marshall,,Co-PI,grid.12082.39,University of Sussex,,South East,GB,2654710,,United Kingdom
grant.2776585,ur.0665020510.92,Peter,Newell,John,Co-PI,grid.12082.39,University of Sussex,,South East,GB,2654710,,United Kingdom
grant.2776585,ur.01135505023.32,Saurabh,Arora,,Co-PI,grid.12082.39,University of Sussex,,South East,GB,2654710,,United Kingdom
grant.2786549,ur.0705542553.34,Helen,Fisher,,PI,grid.13097.3c,King's College London,,London,GB,2643743,,United Kingdom
grant.2783268,ur.01323525444.83,Gavin,Bewick,Alexander,Co-PI,,,,,,,,
grant.2782039,ur.01013107362.22,Jamie,Griffin,Thomas,PI,grid.4868.2,"Queen Mary, University of London",,London,GB,2643743,,United Kingdom
grant.2755428,ur.01225762650.91,Holly,Shelton,,PI,grid.63622.33,The Pirbright Institute,,South East,GB,2633709,,United Kingdom
grant.2771866,ur.01025766306.71,Torsten,Marquardt,,PI,grid.83440.3b,University College London,,London,GB,2643743,,United Kingdom
grant.2771866,ur.01156523470.86,David,McAlpine,,PI,,,,,,,,
grant.2771866,ur.0621415422.34,IFAT,YASIN,,Co-PI,grid.83440.3b,University College London,,London,GB,2643743,,United Kingdom
grant.2787829,ur.0652370344.56,Andrew,Davies,Colin,Co-PI,,,,,,,,
grant.2787829,ur.0612507604.54,Nick,Leon,,Co-PI,,,,,,,,
grant.7673077,ur.013114647410.91,Tareq,Alansari,,PI,,,,,,,,
grant.2786090,ur.01056255342.51,Mark,Holmes,Adrian,PI,grid.5335.0,University of Cambridge,,East of England,GB,2653941,,United Kingdom
grant.2786090,ur.01273656103.87,Julian,Parkhill,,Co-PI,grid.5335.0,University of Cambridge,,East of England,GB,2653941,,United Kingdom
grant.2786090,ur.0673713542.48,Ruth,Zadoks,,Co-PI,grid.4305.2,University of Edinburgh,,Scotland,GB,2650225,,United Kingdom
grant.2786090,ur.01336666543.60,Sharon,Peacock,,Co-PI,,,,,,,,
grant.2773420,ur.015474466027.57,Themis,Prodromakis,,PI,,,,,,,,
grant.5495039,,Yan,Liu,,PI,,,,,,,,
grant.5495039,ur.012167677025.42,Yan,Liu,,PI,grid.418936.1,EUROPEAN ORGANISATION FOR RESEARCH AND TREATMENT OF CANCER AISBL,,,BE,2800866,Brussels,BE
grant.2760897,ur.01330365260.82,David,Marshall,Philip,PI,grid.4991.5,University of Oxford,,South East,GB,2640729,,United Kingdom
grant.2771214,ur.015630671112.03,HKM,Lochmuller,,PI,,,,,,,,
grant.2767719,ur.01314171610.20,Pierre,Ricco,,Co-PI,,,,,,,,
grant.2759917,ur.0633611635.28,David,Dockrell,H,Co-PI,,,,,,,,
grant.2759917,ur.0771537277.76,Elizabeth,Sapey,,Co-PI,,,,,,,,
grant.2759917,ur.01167311632.01,Robert,Stockley,,Co-PI,,,,,,,,
grant.2759917,ur.015443351047.99,Moira,Whyte,Katherine,Co-PI,,,,,,,,
grant.2759917,ur.011375071077.96,Mike,Yeadon,,Co-PI,,,,,,,,
grant.2779664,ur.0754526214.03,Ian,Goodfellow,Gordon,PI,,,,,,,,
grant.2783235,ur.01360160550.35,Pat,Langridge-Smith,,Co-PI,,,,,,,,
grant.2783235,ur.0616747115.68,Robin,Leatherbarrow,John,Co-PI,grid.4425.7,Liverpool John Moores University,,North West,GB,2644210,,United Kingdom
grant.2783235,ur.0775221222.27,Corinne,Spickett,Michelle,Co-PI,grid.7273.1,Aston University,,West Midlands,GB,2655603,,United Kingdom
grant.2783235,ur.014601503227.80,Nicholas,Morrice,Andrew,Co-PI,,,,,,,,
grant.2783235,ur.0623447431.28,Andrew,De Mello,James,Co-PI,,,,,,,,
grant.2783235,ur.016243141577.81,Andrew,Pitt,Robert,Co-PI,grid.7273.1,Aston University,,West Midlands,GB,2655603,,United Kingdom
grant.2773389,ur.01175477610.81,Vasily,Gelfreykh,,PI,grid.7372.1,University of Warwick,,West Midlands,GB,2652221,,United Kingdom
grant.2785940,ur.01243216274.53,Rodrigo,Moreno-Serra,,PI,grid.5685.e,University of York,,Yorkshire and The Humber,GB,2633352,,United Kingdom
grant.2751544,ur.0631275035.81,Stephen,Hare,Alan,PI,grid.4464.2,University of London,,London,GB,2643743,,United Kingdom
grant.7679921,,Robert,Wachter,,PI,grid.266102.1,"University of California, San Francisco",US-CA,California,US,5391959,San Francisco,United States
grant.7679921,ur.014272512470.78,Robert,Wachter,,PI,grid.266102.1,University of California--San Francisco,US-CA,CA,US,5391959,San Francisco,
grant.2759486,ur.011546106212.11,Chris,Marshall,,PI,grid.18886.3f,Institute of Cancer Research,,London,GB,2643743,,United Kingdom
grant.2759486,ur.0615051206.42,Paul,Huang,,Co-PI,grid.18886.3f,Institute of Cancer Research,,London,GB,2643743,,United Kingdom
grant.2761549,ur.01177150200.42,Sandra,Shefelbine,Joan,PI,,,,,,,,
grant.2481601,ur.0610733331.03,JAMES WILLIAM,HARBOUR,,Co-PI,,,,,,,,
grant.5142418,ur.016421030703.26,Jo,Morris,,Co-PI,,,,,,,,
grant.3842734,ur.01356725372.54,Abigail,Mewse,,PI,grid.17100.37,Met Office,,South West,GB,2649808,,United Kingdom
grant.2767106,ur.012737256200.71,Sanjiv,Sharma,,Co-PI,,,,,,,,
grant.3847947,ur.016235142505.05,John,Naylor,,PI,grid.450970.f,Kurt J. Lesker Company Limited,,South East,GB,2647356,HASTINGS,
grant.2756732,ur.0720171331.33,Yoshifumi,Itoh,,Co-PI,,,,,,,,
grant.2773508,ur.010475203247.10,Adrian,Hill,,Co-PI,grid.4991.5,University of Oxford,,South East,GB,2640729,,United Kingdom
grant.2773508,ur.014462113777.23,Andrew,McMichael,J,Co-PI,grid.4991.5,University of Oxford,,South East,GB,2640729,,United Kingdom
grant.2771766,ur.01053620570.27,Travis,Bayer,Scott,PI,,,,,,,,
grant.2754798,ur.01105363745.75,Claudia,Kemper,Marlis,PI,grid.94365.3d,National Institutes of Health,US-MD,Outside UK,US,4348599,,United States
grant.2754798,ur.0622005006.12,Andrew,Cope,Paul,Co-PI,grid.13097.3c,King's College London,,London,GB,2643743,,United Kingdom
grant.2754798,ur.01241132310.23,Paul,Lavender,,Co-PI,grid.13097.3c,King's College London,,London,GB,2643743,,United Kingdom
grant.2763089,ur.01016550036.38,Joanna,Wardlaw,,Co-PI,grid.4305.2,University of Edinburgh,,Scotland,GB,2650225,,United Kingdom
grant.2763089,ur.01171142105.97,Lars,Penke,,Co-PI,grid.4305.2,University of Edinburgh,,Scotland,GB,2650225,,United Kingdom
grant.2763089,ur.01123026705.03,Mark,Bastin,E,Co-PI,grid.4305.2,University of Edinburgh,,Scotland,GB,2650225,,United Kingdom
grant.2760743,ur.01165001017.64,Hajo,Grundmann,,Co-PI,,,,,,,,
grant.2760743,ur.0611174560.34,Christine,McCartney,,Co-PI,grid.271308.f,Public Health England,,South West,GB,2643743,,United Kingdom
grant.2760743,ur.01056427232.60,Duncan,Maskell,,Co-PI,grid.5335.0,University of Cambridge,,East of England,GB,2653941,,United Kingdom
grant.2760743,ur.01207777313.05,Edward,Feil,James,Co-PI,,,,,,,,
grant.3807819,,Timothy,Aitman,,PI,,,,,,,,
grant.3807819,ur.015537525157.40,Timothy,Aitman,,PI,grid.4305.2,THE UNIVERSITY OF EDINBURGH,,,GB,2650225,EDINBURGH,UK
grant.2776418,ur.016377751621.99,R,Batley,,Co-PI,,,,,,,,
grant.2768810,ur.010404537461.39,Dritan,Kaleshi,,Co-PI,,,,,,,,
grant.2768810,ur.010703306414.57,Joe,McGeehan,,Co-PI,,,,,,,,
grant.2768810,ur.011635322115.45,Daniel,Kirschen,,Co-PI,,,,,,,,
grant.2757550,ur.0752424362.64,Andrew,Price,,Co-PI,,,,,,,,
grant.2757550,ur.011642551543.33,Ghassan,Aouad,,Co-PI,,,,,,,,
grant.2757550,ur.0645454340.18,Christopher,Harty,Francis,Co-PI,,,,,,,,
grant.2757550,ur.0577712330.37,Ricardo,Codinhoto,,Co-PI,,,,,,,,
grant.2757550,ur.010005402741.33,Michail,Kagioglou,,Co-PI,,,,,,,,
grant.2757550,ur.0604361270.90,Lauri,Koskela,Jaakko,Co-PI,,,,,,,,
grant.2786018,ur.0745652231.33,Mark,Paget,,PI,grid.12082.39,University of Sussex,,South East,GB,2654710,,United Kingdom
grant.2785231,ur.01216103766.59,Jason,Micklefield,,PI,grid.5379.8,University of Manchester,,North West,GB,2643123,Manchester,United Kingdom
grant.2773871,ur.0635524645.00,Flaminia,Catteruccia,,PI,,,,,,,,
grant.2765025,ur.01350205607.97,David,Brooks,James,PI,,,,,,,,
grant.2768954,ur.01007233367.16,David,Gavaghan,,PI,grid.4991.5,University of Oxford,,South East,GB,2640729,,United Kingdom
grant.2768954,ur.01217015052.41,Peter,Coveney,,Co-PI,,,,,,,,
grant.2768954,ur.01041165100.24,Alan,Johnston,,Co-PI,,,,,,,,
grant.2768954,ur.01263171521.12,Philip,Maini,Kumar,Co-PI,grid.4991.5,University of Oxford,,South East,GB,2640729,,United Kingdom
grant.2768954,ur.0715316367.33,Andrew,Pomiankowski,,Co-PI,,,,,,,,
grant.2768954,ur.0634066127.76,Charlotte,Deane,,Co-PI,grid.4991.5,University of Oxford,,South East,GB,2640729,,United Kingdom
grant.4901666,ur.01352775766.10,Ingo,Roeder,,PI,grid.4488.0,Institute for Medical Informatics and Biometry (IMB),,,DE,2935022,Dresden,Germany
grant.4901666,ur.01070470331.34,Peter,Zandstra,W.,PI,grid.17063.33,University of Toronto,CA-ON,,CA,6167865,Toronto,Canada
grant.4901666,ur.01062127256.12,Tilo,Pompe,,PI,,Institute of Biochemistry,,,DE,2879139,Leipzig,Germany
grant.5137542,ur.0664444541.51,Frances,Fuller-Pace,,PI,,,,,,,,
grant.5137542,ur.01022255644.17,Simak,Ali,,Co-PI,grid.8241.f,University of Dundee,,,GB,2650752,Dundee,United Kingdom
grant.5137542,ur.01350134611.40,Gyorgy,Hutvagner,,Co-PI,,,,,,,,
grant.5137542,ur.012625540643.26,A,South,P,Co-PI,,,,,,,,
grant.3787486,,Darryl,Holm,,PI,,,,,,,,
grant.4900114,ur.0615214206.24,Mustafa,Khammash,,PI,grid.133342.4,University of California at Santa Barbara,US-CA,CA,US,5392952,Santa Barbara,Usa
grant.4900114,ur.014340606632.64,Shinya,Kuroda,,PI,grid.26999.3d,University of Tokyo,,,JP,1850147,Bunkyo-ku,Japan
grant.2785317,ur.0620037323.85,David,McComb,William,Co-PI,,,,,,,,
grant.3844859,ur.0715655532.30,Michael,Youngman,,PI,,Deloitte Mcs Limited,,London,,,LONDON,
grant.2774853,ur.01052450170.48,John,Roberts,Wyn,Co-PI,,,,,,,,
grant.2774853,ur.0620606250.48,James,Marrow,,Co-PI,,,,,,,,
grant.2774853,ur.01132747255.38,Francis,Livens,,Co-PI,,,,,,,,
grant.2774853,ur.01232214621.54,Joanna,Renshaw,Claire,Co-PI,,,,,,,,
grant.2754302,ur.012636576335.54,Jerry,Turnbull,,PI,grid.10025.36,University of Liverpool,,,GB,2644210,,United Kingdom
grant.3788380,,Jonathan Richard,Ellis,,PI,,,,,,,,
grant.3788380,ur.01073157160.28,Jonathan Richard,Ellis,,PI,grid.9132.9,EUROPEAN ORGANIZATION FOR NUCLEAR RESEARCH,,,CH,2660646,GENEVA 23,CH
grant.2763637,ur.01132340110.55,Nikolay,Nikolov,,PI,,,,,,,,
grant.2762829,ur.0603056221.77,Andrew,McKenzie,,Co-PI,,,,,,,,
grant.2776001,ur.015133676311.24,Daniel,Kuhn,,Co-PI,,,,,,,,
grant.2762428,ur.01223155323.94,Hilary,Ranson,,PI,grid.48004.38,Liverpool School of Tropical Medicine,,North West,GB,2644210,,
grant.2762428,ur.01024053104.17,Moses,Bockarie,,PI,grid.48004.38,Liverpool School of Tropical Medicine,,North West,GB,2644210,,
grant.2762428,ur.01020043672.47,Fred,Binka,,Co-PI,,,,,,,,
grant.2762428,ur.01142026361.78,John,Gyapong,Owusu,Co-PI,,,,,,,,
grant.2762428,ur.01176763045.42,Margaret,Gyapong,,Co-PI,,,,,,,,
grant.4576591,ur.012344566157.55,Nicholas,Timpson,John,PI,grid.5337.2,University of Bristol,,South West,GB,2654675,,United Kingdom
grant.4576591,ur.0626402040.29,Beate,Glaser,,Co-PI,grid.5337.2,University of Bristol,,South West,GB,2654675,,United Kingdom
grant.4576591,ur.01002445705.05,Jenny,Donovan,,Co-PI,grid.5337.2,University of Bristol,,South West,GB,2654675,,United Kingdom
grant.4576591,ur.013475311217.11,Glyn,Lewis,,Co-PI,grid.83440.3b,University College London,,London,GB,2643743,,United Kingdom
grant.4576591,ur.01011743755.08,Yoav,Ben-Shlomo,,Co-PI,grid.5337.2,University of Bristol,,South West,GB,2654675,,United Kingdom
grant.4576591,ur.0762426550.49,John,Macleod,,Co-PI,grid.5337.2,University of Bristol,,South West,GB,2654675,,United Kingdom
grant.4576591,ur.01011347230.39,Caroline,Relton,Laura,Co-PI,grid.5337.2,University of Bristol,,South West,GB,2654675,,United Kingdom
grant.4576591,ur.01134613317.02,Paul,Burton,Richard,Co-PI,grid.1006.7,Newcastle University,,North East,GB,2641673,,United Kingdom
grant.4576591,ur.013470572357.40,Jonathan,Tobias,,Co-PI,grid.5337.2,University of Bristol,,South West,GB,2654675,,United Kingdom
grant.4576591,ur.01203005050.12,Mika,Ala-Korpela,Juhani,Co-PI,grid.10858.34,University of Oulu,,Outside UK,FI,643492,,Finland
grant.4576591,ur.013262574727.18,Ian,Craddock,James,Co-PI,grid.5337.2,University of Bristol,,South West,GB,2654675,,United Kingdom
grant.4576591,ur.015122613307.06,David,Evans,V,Co-PI,grid.5337.2,University of Bristol,,South West,GB,2654675,,United Kingdom
grant.4576591,ur.01215535711.57,Leena,Peltonen,,Co-PI,grid.10306.34,The Wellcome Trust  Sanger Institute,,East of England,GB,2653941,,
grant.4576591,ur.013231735677.15,Jonathan,Sterne,,Co-PI,grid.5337.2,University of Bristol,,South West,GB,2654675,,United Kingdom
grant.4576591,ur.012323752451.84,Marcus,Munafo,Robert,Co-PI,grid.5337.2,University of Bristol,,South West,GB,2654675,,United Kingdom
grant.4576591,ur.013633151024.09,Andrew,Ness,Robert,Co-PI,grid.5337.2,University of Bristol,,South West,GB,2654675,,United Kingdom
grant.4576591,ur.07713427052.76,John,Lynch,,Co-PI,grid.1010.0,University of Adelaide,AU-SA,Outside UK,AU,2078025,,Australia
grant.4576591,ur.012213077644.09,Thomas,Gaunt,Richard,Co-PI,grid.5337.2,University of Bristol,,South West,GB,2654675,,United Kingdom
grant.4576591,ur.010203314317.54,Debbie,Lawlor,,Co-PI,grid.5337.2,University of Bristol,,South West,GB,2654675,,United Kingdom
grant.4576591,ur.0772571770.16,George,Davey Smith,,Co-PI,grid.5337.2,University of Bristol,,South West,GB,2654675,,United Kingdom
grant.4576591,ur.01027636234.22,Lynn,Molloy,,Co-PI,grid.5337.2,University of Bristol,,South West,GB,2654675,,United Kingdom
grant.4576591,ur.016120675237.33,Susan,Ring,Margaret,Co-PI,grid.5337.2,University of Bristol,,South West,GB,2654675,,United Kingdom
grant.4576591,ur.01301353506.30,Katarzyna,Kordas,Katarzyna,Co-PI,grid.273335.3,University at Buffalo,US-NY,Outside UK,US,5110629,,United States
grant.3530580,ur.0735700756.36,Angelina,de Sá Palma,,PI,grid.10772.33,"REQUIMTE/CQFB Departamento de Química,  FCT/UNL",,,PT,2267057,Monte da Caparica,PT
grant.3530580,ur.01207105076.66,Benedita,Andrade Pinheiro,,Co-PI,grid.10772.33,Faculdade de Ciências e Tecnologia Universidade Nova de Lisboa,,,PT,2267057,Caparica,PT
grant.3530580,ur.012063756644.43,Carlos,Fontes,,Co-PI,grid.9983.b,"Faculdade de Medicina Veterinária, Universidade de Lisboa",,PT-11,PT,2267057,Lisboa,PT
grant.3530580,ur.01226162165.49,Ana Luisa,Carvalho,,Co-PI,,REQUIMTE / Centro de Quimica Fina e Biotecnologia,,,PT,2270229,Caparica,PT
grant.3530580,ur.0766147662.75,Fernando,Vaz Dias,,Co-PI,,,,PT-11,PT,2267057,Lisboa,PT
grant.2756753,ur.01100000770.57,Michael,Gaster,,Co-PI,,,,,,,,
grant.2775201,ur.01010475404.63,George,Kirov,,Co-PI,grid.5600.3,Cardiff University,,Wales,GB,2653822,,United Kingdom
grant.2775201,ur.012010266137.38,Michael,O Donovan,,Co-PI,grid.5600.3,Cardiff University,,Wales,GB,2653822,,United Kingdom
grant.2779512,ur.01371361730.90,Amalia,Coldea,Ioana,PI,grid.4991.5,University of Oxford,,South East,GB,2640729,,United Kingdom
grant.2769344,ur.0711751507.20,Federico,Turkheimer,Edoardo,Co-PI,,,,,,,,
grant.2769344,ur.0711432526.37,Bengt,Långström,,Co-PI,,,,,,,,
grant.3782520,,Anthony Gerard Martin,Barrett,,PI,,,,,,,,
grant.2773918,ur.0613352056.13,Michael,Jarvis,Charles,PI,grid.8756.c,University of Glasgow,,Scotland,GB,2648579,,United Kingdom
grant.2773918,ur.013451343037.16,S,Jackson,David,Co-PI,grid.8756.c,University of Glasgow,,Scotland,GB,2648579,,United Kingdom
grant.2772800,ur.0620260765.65,Stuart,Rosen,,PI,grid.83440.3b,University College London,,London,GB,2643743,,United Kingdom
grant.2772800,ur.0620030654.35,Tim,Green,,Co-PI,grid.83440.3b,University College London,,London,GB,2643743,,United Kingdom
grant.2775425,ur.01270717250.71,Peter,Oliver,,Co-PI,,,,,,,,
grant.2777254,ur.0723063130.56,Neil,Chue Hong,Philippe,Co-PI,,,,,,,,
grant.3782062,,Alexandra Elizabeth,Porter,,PI,,,,,,,,
grant.3842708,ur.01006160672.65,Susan,Morrow,,PI,,Avoco Secure Limited,,London,,,,
grant.2756351,ur.01016207415.02,Jesus,Gil,,Co-PI,,,,,,,,
grant.2756351,ur.0776734405.58,Ana,Pombo,,Co-PI,,,,,,,,
grant.2756351,ur.015537525157.40,Timothy,Aitman,,Co-PI,,,,,,,,
grant.2766261,ur.014247675127.47,Jeffrey,Davies,Keith,PI,grid.83440.3b,University College London,,London,GB,2643743,,United Kingdom
grant.2774719,ur.01013072757.77,Trevor,Robbins,William,Co-PI,,,,,,,,
grant.2774719,ur.012107656642.57,Edward,Bullmore,,Co-PI,,,,,,,,
grant.2774719,ur.01207720551.23,Jeffrey,Dalley,Wayne,Co-PI,,,,,,,,
grant.2774719,ur.01310236062.21,Rebecca,Elliott,,Co-PI,,,,,,,,
grant.2774719,ur.01214102160.83,Bill,Deakin,,Co-PI,,,,,,,,
grant.2774719,ur.0625141023.06,Karen,Ersche,D,Co-PI,,,,,,,,
grant.2774719,ur.01343142276.09,Franklin,Aigbirhio,Imo,Co-PI,,,,,,,,
grant.2774719,ur.01256033751.63,Barry,Everitt,John,Co-PI,,,,,,,,
grant.2774719,ur.0607110056.07,John,Beaver,D,Co-PI,,,,,,,,
grant.3561272,ur.0671637010.98,Fabio,Capitanio,,PI,,,,,,,,
grant.3561272,ur.01264700662.52,Philip,Allen,,Co-PI,,,,,,,,
grant.3561272,ur.01112752302.51,Louis,Moresi,,Co-PI,,,,,,,,
grant.3786591,,Angelika,Grundling,,PI,,,,,,,,
grant.2768549,ur.0663673306.67,Venugopal,Nair,,PI,grid.63622.33,The Pirbright Institute,,South East,GB,2633709,,United Kingdom
grant.3787027,,Ferdinando,Rodriguez Y Baena,,PI,,,,,,,,
grant.2756550,ur.016334774162.74,Andrew,Miller,,Co-PI,,,,,,,,
grant.2756550,ur.0765776270.15,Maya,Thanou,,Co-PI,,,,,,,,
grant.2778129,ur.01264357463.52,A,Galione,,PI,grid.4991.5,University of Oxford,,South East,GB,2640729,,United Kingdom
grant.2778129,ur.01046456047.78,John,Parrington,,Co-PI,grid.4991.5,University of Oxford,,South East,GB,2640729,,United Kingdom
grant.2778129,ur.0602121572.47,Abdelilah,Arredouani,,Co-PI,grid.4991.5,University of Oxford,,South East,GB,2640729,,United Kingdom
grant.2756568,ur.01244424603.12,Peter,Thorpe,,PI,,,,,,,,
grant.3495274,ur.013075224553.49,A,Sadka,,Co-PI,grid.7728.a,Brunel University,,,GB,2643743,,United Kingdom
grant.3568724,ur.015614270006.27,Amie,Albrecht,,PI,,,,,,,,
grant.3568724,ur.0604007002.90,Roderick,Smith,,Co-PI,,,,,,,,
grant.3568724,ur.01261277702.73,Peter,Pudney,,Co-PI,,,,,,,,
grant.3568724,ur.014020472375.02,Andrew,Metcalfe,,Co-PI,,,,,,,,
grant.3568724,ur.01313520722.67,Philip,Howlett,,Co-PI,,,,,,,,
grant.3789274,,Patrik Raymond,Jones,,PI,,,,,,,,
grant.3786287,ur.0762501574.37,Florian,Mintert,,PI,,,,,,,,
grant.2766739,ur.01266011404.12,Thomas,Quinn,Alexander,PI,,,,,,,,
grant.5222540,ur.0705616567.98,Michel,Milinkovitch,,PI,grid.8591.5,University of Geneva,,,CH,2660646,,
grant.5222540,ur.01133312115.04,Dirk,van der Marel,,PI,grid.8591.5,Département de Physique de la Matière Quantique (DQMP) Université de Genève,,,CH,2660646,,
grant.5222540,ur.013125265715.65,Matthias,Zwicker,,PI,grid.410443.6,Department of Computer Science University of Maryland,US-MD,,US,4346991,,
grant.5222540,ur.011252205327.27,Colin,Vion,,Co-PI,,,,,,,,
grant.5222540,ur.07725357527.50,Siouzanna,Saenko,,Co-PI,,,,,,,,
grant.5222540,ur.01070073010.87,Jérémie,Teyssier,,Co-PI,grid.8591.5,Département de Physique de la Matière Condensée Université de Genève,,,CH,2660646,,
grant.5222540,ur.01354737212.48,Sophie,Montandon,,Co-PI,,,,,,,,
grant.2767082,ur.01122576557.95,Abigail,Rose,Katherine,Co-PI,,,,,,,,
grant.2767082,ur.01125407243.72,Colin,Drummond,,Co-PI,grid.13097.3c,King's College London,,London,GB,2643743,,United Kingdom
grant.2765714,ur.012712366545.55,Art,Dewulf,,Co-PI,,,,,,,,
grant.2783928,ur.01023253660.18,Helen,Williams,Myfanwy,PI,,,,,,,,
grant.2757005,ur.0765215160.32,Michael,Reeks,,Co-PI,,,,,,,,
grant.2757005,ur.011763512243.53,Dominique,Laurence,,Co-PI,,,,,,,,
grant.2757005,ur.012562127154.24,Hector,Iacovides,,Co-PI,,,,,,,,
grant.4186258,ur.011157732761.07,Mahbub,Gani,,PI,,Aquamed ME,,,QA,,,Qatar
grant.4186258,ur.01062371154.13,Khurom,Kiyani,,PI,,Aquamed ME,,,QA,,,Qatar
grant.4186258,ur.01147647265.57,Abdelkrim,Chemseddine,,Co-PI,grid.424048.e,Helmholtz Zentrum Berlin für Materialien und Energie,,,DE,2950159,,
grant.2769844,ur.0773611340.65,Simon,Cornish,Lee,Co-PI,,,,,,,,
grant.2769844,ur.0743265340.49,Jeremy,Hutson,Mark,Co-PI,,,,,,,,
grant.2769844,ur.01366717044.53,David,Carty,,Co-PI,,,,,,,,
grant.2769844,ur.01266342411.23,Eckart,Wrede,,Co-PI,,,,,,,,
grant.2759226,ur.01317465765.10,Geoffrey,Trew,Howard,Co-PI,,,,,,,,
grant.2764098,ur.015300632167.09,George,Fraser,,PI,grid.9918.9,University of Leicester,,East Midlands,GB,2644668,,United Kingdom
grant.2764282,ur.07725017617.42,Jennifer,Nichols,,Co-PI,,,,,,,,
grant.5143297,ur.01073615011.52,Justin,Stebbing,,PI,,,,,,,,
grant.5143297,ur.01102542516.56,Leandro,Castellano,,Co-PI,,,,,,,,
grant.4187467,ur.012460000733.03,Ryan,Riley,,PI,grid.452171.4,Carnegie Mellon University - Qatar,,,QA,290030,,
grant.4187467,ur.015452745675.17,Tarek,Elfouly,,PI,grid.412603.2,Qatar University,,,QA,290030,,Qatar
grant.5222978,ur.01250541712.23,Tamar,Kohn,,PI,grid.5333.6,EPF Lausanne,,,CH,2659994,,
grant.5222978,ur.01111374201.93,Michael Jon,Mattle,,Co-PI,,,,,,,,
grant.3841977,ur.0664453772.04,Hugh,Doyle,,PI,,,,,,,,
grant.2760985,ur.01302557222.25,Tracy,Hussell,,PI,,,,,,,,
grant.2760424,ur.0672173502.20,Geoffrey,Smith,L,PI,grid.5335.0,University of Cambridge,,East of England,GB,2653941,,United Kingdom
grant.2783202,ur.0754135775.80,Paul,Chadderton,Thomas,PI,grid.5337.2,University of Bristol,,South West,GB,2654675,,United Kingdom
grant.2782974,ur.0725213536.64,Petra Sylvia,Meier,,PI,grid.11835.3e,University of Sheffield,,Yorkshire and The Humber,GB,2638077,,United Kingdom
grant.2782974,ur.01052424550.16,Paul,Dobson,William,Co-PI,grid.8273.e,University of East Anglia,,East of England,GB,2641181,,United Kingdom
grant.2782974,ur.01155305603.36,Ravi,Maheswaran,,Co-PI,grid.11835.3e,University of Sheffield,,Yorkshire and The Humber,GB,2638077,,United Kingdom
grant.2782974,ur.0764177650.09,Monica,Hernandez,,Co-PI,grid.11835.3e,University of Sheffield,,Yorkshire and The Humber,GB,2638077,,United Kingdom
grant.2782974,ur.01272117136.54,A,Brennan,,Co-PI,grid.11835.3e,University of Sheffield,,Yorkshire and The Humber,GB,2638077,,United Kingdom
grant.2782974,ur.01066215154.63,Andrew,Booth,,Co-PI,grid.11835.3e,University of Sheffield,,Yorkshire and The Humber,GB,2638077,,United Kingdom
grant.2782974,ur.01166653150.54,Jonathan,Seaton,,Co-PI,,,,,,,,
grant.2782974,ur.011746637757.27,Benjamin,Geiger,Baumberg,Co-PI,,,,,,,,
grant.2782974,ur.01361742514.99,Ratula,Chakraborty,,Co-PI,grid.8273.e,University of East Anglia,,East of England,GB,2641181,,United Kingdom
grant.2782974,ur.0717042221.83,Robin,Purshouse,Charles,Co-PI,grid.11835.3e,University of Sheffield,,Yorkshire and The Humber,GB,2638077,,United Kingdom
grant.2754605,ur.010524716577.97,Andrew,Forge,,PI,grid.83440.3b,University College London,,London,GB,2643743,,United Kingdom
grant.2754605,ur.01237125321.10,Shakeel,Saeed,,Co-PI,grid.83440.3b,University College London,,London,GB,2643743,,United Kingdom
grant.2754605,ur.01270337422.49,Ruth,Taylor,,Co-PI,grid.83440.3b,University College London,,London,GB,2643743,,United Kingdom
grant.2754605,ur.01062376730.37,Nicolas,Daudet,Andre,Co-PI,grid.83440.3b,University College London,,London,GB,2643743,,United Kingdom
grant.2754605,ur.01014263530.79,Daniel,Jagger,James,Co-PI,grid.83440.3b,University College London,,London,GB,2643743,,United Kingdom
grant.2775151,ur.01313175422.57,Chris,Abell,,PI,grid.5335.0,University of Cambridge,,East of England,GB,2653941,,United Kingdom
grant.2775151,ur.01320175312.43,Wilhelm,Huck,,Co-PI,,,,,,,,
grant.2775151,ur.01033272054.51,Florian,Hollfelder,,Co-PI,grid.5335.0,University of Cambridge,,East of England,GB,2653941,,United Kingdom
grant.3781851,,Francois,Balloux,,PI,,,,,,,,
grant.3781851,ur.01246535577.28,Francois,Balloux,,PI,grid.83440.3b,UNIVERSITY COLLEGE LONDON,,,GB,2643743,London,UK
grant.2757184,ur.07377415475.63,Mike,Esbester,,PI,,,,,,,,
grant.2752464,ur.0662511106.22,Michael,Malim,Henry,PI,grid.13097.3c,King's College London,,London,GB,2643743,,United Kingdom
grant.7818251,ur.014245575207.73,Mariano,Diaz,Begeurisse,PI,,,,,,,,
grant.2775430,ur.01022163370.52,Malcolm,Ellis,,Co-PI,grid.7728.a,Brunel University,,,GB,2643743,,United Kingdom
grant.2775430,ur.0637621570.56,Dawn,Leslie,Elizabeth,Co-PI,grid.7728.a,Brunel University,,,GB,2643743,,United Kingdom
grant.2775430,ur.0754050170.38,Liliana,Teodorescu,,Co-PI,grid.7728.a,Brunel University,,,GB,2643743,,United Kingdom
grant.2775430,ur.015030222643.48,David,Smith,Ryan,Co-PI,grid.7728.a,Brunel University,,,GB,2643743,,United Kingdom
grant.2785192,ur.0713575430.54,Jonathan,Hirst,,PI,grid.4563.4,University of Nottingham,,East Midlands,GB,2641170,,United Kingdom
grant.2759610,ur.0715415520.20,Simon,Colton,,PI,,,,,,,,
grant.2761845,ur.01030626610.45,Carole,Goble,,PI,grid.5379.8,University of Manchester,,North West,GB,2643123,Manchester,United Kingdom
grant.2753770,ur.01145141654.66,Simon,Leather,Robert,PI,,,,,,,,
grant.2758013,ur.07533234473.22,Nadav,Drukker,,PI,grid.13097.3c,King's College London,,London,GB,2643743,,United Kingdom
grant.2758218,ur.01330247160.51,Isabelle,Hanlon,,PI,,,,,,,,
grant.2771154,ur.01001436220.67,Jonathan,Hays,Michael,Co-PI,,,,,,,,
grant.2783255,ur.015074413731.54,Jeffrey,Bamber,Colin,Co-PI,grid.18886.3f,Institute of Cancer Research,,London,GB,2643743,,United Kingdom
grant.2783255,ur.07575554577.26,Philip,Evans,,Co-PI,,,,,,,,
grant.2783255,ur.0654731007.90,Steve,Webb,,Co-PI,grid.18886.3f,Institute of Cancer Research,,London,GB,2643743,,United Kingdom
grant.2783255,ur.01050651465.54,Martin,Leach,Osmund,Co-PI,grid.18886.3f,Institute of Cancer Research,,London,GB,2643743,,United Kingdom
grant.2783255,ur.013113573353.32,Uwe,Oeflke,,Co-PI,grid.18886.3f,Institute of Cancer Research,,London,GB,2643743,,United Kingdom
grant.2767821,ur.015015612022.95,Susannah,Bloch,,PI,grid.421662.5,Royal Brompton & Harefield NHS Fdn Trust,,London,GB,2643743,,United Kingdom
grant.2778760,ur.0657402440.53,David,Edwards,,Co-PI,,,,,,,,
grant.2778760,ur.0760606120.41,Mary Ann,Rutherford,,Co-PI,,,,,,,,
grant.2778760,ur.015127001317.99,Joseph,Hajnal,V,Co-PI,,,,,,,,
grant.2784330,ur.01072241323.44,Gilberto,Teobaldi,,PI,,,,,,,,
grant.2769884,ur.01047000525.87,Henry,Snaith,James,Co-PI,,,,,,,,
grant.2768305,ur.01023375610.44,Siouxsie,Wiles,,Co-PI,,,,,,,,
grant.2757159,ur.012357415437.99,David,Stuart,,PI,grid.4991.5,University of Oxford,,South East,GB,2640729,,United Kingdom
grant.2780056,ur.0754530045.78,Kenneth,Harris,Daniel,PI,grid.83440.3b,University College London,,London,GB,2643743,,United Kingdom
grant.2763154,ur.01272517640.05,Michael,Johns,,PI,,,,,,,,
grant.2772975,ur.012701043164.07,Eleanor,Milner-Gulland,,PI,,,,,,,,
grant.2784569,ur.0601635253.39,David,Butler,,PI,grid.8391.3,University of Exeter,,South West,GB,2649808,,United Kingdom
grant.2784569,ur.01263125650.36,David Z,Zhang,,Co-PI,grid.8391.3,University of Exeter,,South West,GB,2649808,,United Kingdom
grant.2784569,ur.01306522230.32,Nicholas,Smirnoff,,Co-PI,grid.8391.3,University of Exeter,,South West,GB,2649808,,United Kingdom
grant.2784569,ur.01334045514.37,Andy,Wills,,Co-PI,,,,,,,,
grant.2784569,ur.01020107100.17,Trevor,Bailey,Charles,Co-PI,grid.8391.3,University of Exeter,,South West,GB,2649808,,United Kingdom
grant.2784569,ur.014723157505.82,Robert,Van De Noort,,Co-PI,,,,,,,,
grant.2784569,ur.013621553325.44,John,Bessant,,Co-PI,grid.8391.3,University of Exeter,,South West,GB,2649808,,United Kingdom
grant.2784569,ur.011630452406.49,Regenia,Gagnier,,Co-PI,grid.8391.3,University of Exeter,,South West,GB,2649808,,United Kingdom
grant.2784569,ur.012655760457.98,Jonathan,Barry,,Co-PI,grid.8391.3,University of Exeter,,South West,GB,2649808,,United Kingdom
grant.2784569,ur.01245525560.10,John,Dupre,,Co-PI,grid.8391.3,University of Exeter,,South West,GB,2649808,,United Kingdom
grant.2784569,ur.01215337360.96,Peter,Ashwin,,Co-PI,grid.8391.3,University of Exeter,,South West,GB,2649808,,United Kingdom
grant.2773408,ur.0725404507.54,Alan,Haywood,Michael,Co-PI,,,,,,,,
grant.2783367,ur.01313044234.99,Simon,Shaw,,PI,grid.7728.a,Brunel University,,,GB,2643743,,United Kingdom
grant.2783367,ur.016672742437.66,John,Whiteman,,Co-PI,grid.7728.a,Brunel University,,,GB,2643743,,United Kingdom
grant.2760486,ur.012304114447.67,John,Molitor,,PI,,,,,,,,
grant.2781907,ur.0720343774.38,Susan,Rosser,Jane,Co-PI,,,,,,,,
grant.2762338,ur.01003640450.69,David,Birch,M,PI,grid.5475.3,University of Surrey,,South East,GB,2647793,,United Kingdom
grant.2764990,ur.013345751547.36,William,Whiteley,,PI,grid.4305.2,University of Edinburgh,,Scotland,GB,2650225,,United Kingdom
grant.2765509,ur.013564041225.78,Jefferson,Gomes,Luis Melo,Co-PI,,,,,,,,
grant.2776544,ur.01310074505.24,Raquel,Granell,,PI,grid.5337.2,University of Bristol,,South West,GB,2654675,,United Kingdom
grant.2769604,ur.01211732403.37,Menotti,Ruvo,,Co-PI,,,,,,,,
grant.2768605,ur.012477035413.41,Andrew,Mullis,Martin,PI,grid.9909.9,University of Leeds,,Yorkshire and The Humber,GB,2644688,,United Kingdom
grant.2768605,ur.015536525757.40,Peter,Jimack,Kane,Co-PI,grid.9909.9,University of Leeds,,Yorkshire and The Humber,GB,2644688,,United Kingdom
grant.3847128,ur.01065506152.01,Robert,Gilchrist,,PI,grid.422804.8,Jaguar Land Rover Holdings Limited,,West Midlands,GB,2652221,Warwick,
grant.2778509,ur.01067245644.92,Anne,Trefethen,Elizabeth,PI,grid.4991.5,University of Oxford,,South East,GB,2640729,,United Kingdom
grant.2778509,ur.010665342711.41,David,Shotton,Michael,Co-PI,grid.4991.5,University of Oxford,,South East,GB,2640729,,United Kingdom
grant.2767723,ur.01207763057.13,Artemis,Koukounari,,PI,grid.8991.9,London Sch of Hygiene and Trop Medicine,,London,GB,2643743,,United Kingdom
grant.2784603,ur.0620037323.85,David,McComb,William,PI,,,,,,,,
grant.2754200,ur.0627601545.87,Paul,Matthews,M,PI,,,,,,,,
grant.2754200,ur.01350205607.97,David,Brooks,James,Co-PI,grid.1006.7,Newcastle University,,North East,GB,2641673,,United Kingdom
grant.2756182,ur.01275146430.85,Paul,Wilson,Alastair,PI,grid.5491.9,University of Southampton,,South East,GB,2637487,,United Kingdom
grant.2756182,ur.0666526420.53,Heiko,Pälike,,Co-PI,grid.7704.4,University of Bremen,,Outside UK,DE,2944388,,
grant.2756182,ur.0652226624.71,Gavin,Foster,,Co-PI,grid.5491.9,University of Southampton,,South East,GB,2637487,,United Kingdom
grant.2764348,ur.0712430210.81,Damon,Teagle,Andrew,PI,grid.5491.9,University of Southampton,,South East,GB,2637487,,United Kingdom
grant.2764348,ur.015423414646.37,Rex,Taylor,Neil,Co-PI,grid.5491.9,University of Southampton,,South East,GB,2637487,,United Kingdom
grant.2764348,ur.0771426610.27,James,Milton,Andrew,Co-PI,grid.5491.9,University of Southampton,,South East,GB,2637487,,United Kingdom
grant.2782340,ur.010245365072.27,Phillip,Hawkins,,Co-PI,grid.418195.0,Babraham Institute,,East of England,GB,2653941,,United Kingdom
grant.2771491,ur.010363666775.98,Dennis,Lam,,PI,grid.6268.a,University of Bradford,,Yorkshire and The Humber,GB,2654993,,United Kingdom
grant.2765912,ur.010540777615.39,Yang-Hui,He,,PI,grid.28577.3f,City University London,,London,GB,2643743,,United Kingdom
grant.2754956,ur.01246535577.28,Francois,Balloux,,PI,,,,,,,,
grant.2754956,ur.0705623261.82,Andres,Ruiz-Linares,,Co-PI,,,,,,,,
grant.2754956,ur.01303674573.67,Andrew,Friend,David,Co-PI,,,,,,,,
grant.2765916,ur.01030534130.46,Ahmed,Sohail,,Co-PI,,,,,,,,
grant.2766666,ur.01140356422.14,William,Duncan,Colin,PI,grid.4305.2,University of Edinburgh,,Scotland,GB,2650225,,United Kingdom
grant.2766666,ur.014704645517.36,Mick,Rae,,Co-PI,grid.20409.3f,Edinburgh Napier University,,Scotland,GB,2650225,,United Kingdom
grant.2766666,ur.01161563537.83,Alan,McNeilly,,Co-PI,grid.4305.2,University of Edinburgh,,Scotland,GB,2650225,,United Kingdom
grant.2768334,ur.010416477310.70,Stephen,Burrow,George,Co-PI,grid.5337.2,University of Bristol,,South West,GB,2654675,,United Kingdom
grant.2768334,ur.01053040220.89,Michael,Kendall,,Co-PI,grid.5337.2,University of Bristol,,South West,GB,2654675,,United Kingdom
grant.2768334,ur.015640450052.27,Geoffrey,Hilton,Stephen,Co-PI,grid.5337.2,University of Bristol,,South West,GB,2654675,,United Kingdom
grant.2768334,ur.01163147650.41,Bruce,Drinkwater,,Co-PI,grid.5337.2,University of Bristol,,South West,GB,2654675,,United Kingdom
grant.2757230,ur.01276166466.42,Nicholas,Teanby,Arran,PI,grid.5337.2,University of Bristol,,South West,GB,2654675,,United Kingdom
grant.3784857,,Timothy Neal,Coulson,,PI,,,,,,,,
grant.3784857,ur.0760651220.24,Timothy Neal,Coulson,,PI,grid.4991.5,"THE CHANCELLOR, MASTERS AND SCHOLARS OF THE UNIVERSITY OF OXFORD",,,GB,2640729,OXFORD,UK
grant.2755082,ur.015133676311.24,Daniel,Kuhn,,PI,,,,,,,,
grant.2784212,ur.01171476745.37,Anthony,Holder,Arthur,Co-PI,,,,,,,,
grant.2784212,ur.01135131247.31,Anthony,Wilkinson,,Co-PI,,,,,,,,
grant.2784212,ur.01271760364.96,Rita,Tewari,,Co-PI,,,,,,,,
grant.2784212,ur.0616747115.68,Robin,Leatherbarrow,John,Co-PI,,,,,,,,
grant.2765776,ur.01273442470.91,Ruth,Gibson,Elizbeth,PI,grid.8096.7,Coventry University,,West Midlands,GB,2652221,,United Kingdom
grant.2778533,ur.01273556365.34,Stephen,Greenwald,Edward,PI,grid.4868.2,"Queen Mary, University of London",,London,GB,2643743,,United Kingdom
grant.2778533,ur.0753657052.58,M,Birch,,Co-PI,grid.4868.2,"Queen Mary, University of London",,London,GB,2643743,,United Kingdom
grant.4900074,ur.016402036007.55,Gijs,Wuite,J.L.,PI,grid.12380.38,VU University Amsterdam,,,NL,2759794,Amsterdam,Netherlands
grant.4900074,ur.01174776617.05,Lynn,Zechiedrich,,PI,grid.39382.33,Baylor College of Medicine,US-TX,,US,4699066,Houston,Usa
grant.4900074,ur.010133055004.15,Gert,Van Der Heijden,,PI,grid.83440.3b,University College London,,,GB,2643743,London,Uk
grant.7154253,ur.01351073314.67,Hugues,de LAVALLADE,,PI,,,,,,,,
grant.7154253,ur.015312406017.90,Katayoun,REZVANI,,Co-PI,,,,,,,,
grant.2774455,ur.01051054440.06,Timothy,Cockerill,Thomas,PI,,,,,,,,
grant.2752930,ur.011025205655.90,Sarah,Berry,Elizabeth,Co-PI,grid.13097.3c,King's College London,,London,GB,2643743,,United Kingdom
grant.2752930,ur.016327031202.29,Jeremy,Sanderson,David,Co-PI,grid.13097.3c,King's College London,,London,GB,2643743,,United Kingdom
grant.2752930,ur.01347675011.56,Peter,Butterworth,James,Co-PI,grid.13097.3c,King's College London,,London,GB,2643743,,United Kingdom
grant.2764644,ur.013704446273.96,Boris,Maciejovsky,,PI,,,,,,,,
grant.2764644,ur.0614540113.08,David,Budescu,,Co-PI,,,,,,,,
grant.2777838,ur.01135344370.31,Andrew,Heyes,Lawrence,Co-PI,,,,,,,,
grant.5137777,ur.01154366723.32,,Price,,PI,,,,,,,,
grant.3785419,,Serafim,Kalliadasis,,PI,,,,,,,,
grant.3786682,,Simon Kirwan,Donaldson,,PI,,,,,,,,
grant.2777950,ur.01142730573.33,Ken,Haynes,,PI,,,,,,,,
grant.2769729,ur.0713042212.23,Mark,Pepys,Brian,PI,grid.83440.3b,University College London,,London,GB,2643743,,United Kingdom
grant.2769729,ur.01313314571.69,Philip,Hawkins,Nigel,Co-PI,grid.83440.3b,University College London,,London,GB,2643743,,United Kingdom
grant.2769729,ur.01300620057.55,Glenys,Tennent,Ann,Co-PI,grid.83440.3b,University College London,,London,GB,2643743,,United Kingdom
grant.2751746,ur.0733617473.56,Fionula,Brennan,Mary,PI,grid.4991.5,University of Oxford,,South East,GB,2640729,,United Kingdom
grant.2751746,ur.016355235007.52,Nicole,Horwood,,PI,grid.4991.5,University of Oxford,,South East,GB,2640729,,United Kingdom
grant.2751953,ur.01165074465.37,Henning,Walczak,,PI,,,,,,,,
grant.2755838,ur.01242442201.53,Aravinthan,Coomarasamy,,PI,,,,,,,,
grant.2773387,ur.010645260001.39,Stanley,Cowley,William,PI,grid.9918.9,University of Leicester,,East Midlands,GB,2644668,,United Kingdom
grant.2773387,ur.014715756100.23,Mark,Lester,,Co-PI,grid.9918.9,University of Leicester,,East Midlands,GB,2644668,,United Kingdom
grant.2773387,ur.01237751710.56,Darren,Wright,Mark,Co-PI,grid.9918.9,University of Leicester,,East Midlands,GB,2644668,,United Kingdom
grant.2769094,ur.016521157605.49,John,Blundell,,Co-PI,,,,,,,,
grant.2759026,ur.0621621022.09,Nita Gandhi,Forouhi,,PI,,,,,,,,
grant.2751781,ur.01016666756.03,Alexander,Cameron,David,PI,,,,,,,,
grant.2751781,ur.0676516671.33,David,Drew,,Co-PI,,,,,,,,
grant.2775084,ur.01135344370.31,Andrew,Heyes,Lawrence,PI,,,,,,,,
grant.2775084,ur.012171704147.21,Andreas,Kempf,,Co-PI,,,,,,,,
grant.2763752,ur.0776734405.58,Ana,Pombo,,PI,,,,,,,,
grant.2763823,ur.01045163154.28,Tessa,Holyoake,,PI,grid.8756.c,University of Glasgow,,Scotland,GB,2648579,,United Kingdom
grant.2763823,ur.012776116652.89,Richard,Clark,,Co-PI,grid.10025.36,University of Liverpool,,,GB,2644210,,United Kingdom
grant.3781739,,Russell Paul,Cowburn,,PI,,,,,,,,
grant.3781739,ur.01200566506.16,Russell Paul,Cowburn,,PI,grid.5335.0,THE CHANCELLOR MASTERS AND SCHOLARS OF THE UNIVERSITY OF CAMBRIDGE,,,GB,2653941,CAMBRIDGE,UK
grant.2786203,ur.01341267563.06,Yeong-Ah,Soh,,PI,,,,,,,,
grant.5142976,ur.0655673326.31,Robin,Wait,,Co-PI,,,,,,,,
grant.5142976,ur.0616101163.21,Ernesto,Yague,,Co-PI,,,,,,,,
grant.2777214,ur.01266120477.58,Maria,Balda,Susana,PI,grid.83440.3b,University College London,,London,GB,2643743,,United Kingdom
grant.2777214,ur.01334233677.22,Karl,Matter,,Co-PI,grid.83440.3b,University College London,,London,GB,2643743,,United Kingdom
grant.2774199,ur.0676210021.75,Robert,Eckersley,John,Co-PI,,,,,,,,
grant.2773256,ur.0746014500.14,Richard,Bowden,,Co-PI,,,,,,,,
grant.2773256,ur.01035046130.75,Philip,Palmer,Michael,Co-PI,,,,,,,,
grant.2773256,ur.010764660541.48,Eric,Atwell,Steven,Co-PI,,,,,,,,
grant.2773256,ur.01261662030.04,Christopher,Hargreaves,,Co-PI,,,,,,,,
grant.2773256,ur.011067655405.36,Ken,McNaught,R,Co-PI,,,,,,,,
grant.2773256,ur.0604371130.07,Katerina,Papadaki,,Co-PI,,,,,,,,
grant.2773256,ur.01042202410.06,Chris,Rowland,,Co-PI,,,,,,,,
grant.2773256,ur.0766732730.50,Peter,Eachus,,Co-PI,,,,,,,,
grant.2773256,ur.01145433430.05,William,Wong,,Co-PI,,,,,,,,
grant.2773256,ur.0720617530.11,Margaret Ann,Wilson,,Co-PI,,,,,,,,
grant.2759324,ur.01307532711.55,Henry,Halliday,,Co-PI,,,,,,,,
grant.2759324,ur.01007033362.33,Malcolm,Levene,Irvin,Co-PI,,,,,,,,
grant.2759324,ur.01100071474.12,Edmund,Juszczak,,Co-PI,,,,,,,,
grant.2759324,ur.0657402440.53,David,Edwards,John,Co-PI,,,,,,,,
grant.2759324,ur.0623610604.17,Neil,Marlow,,Co-PI,,,,,,,,
grant.2759324,ur.01262467337.20,Andrew,Whitelaw,,Co-PI,,,,,,,,
grant.2759324,ur.01226144567.17,Marianne,Thoresen,,Co-PI,,,,,,,,
grant.5495700,,Werner,Kramer,,PI,,,,,,,,
grant.5495700,ur.013771762615.97,Werner,Kramer,,PI,grid.420214.1,SANOFI-AVENTIS DEUTSCHLAND GMBH,,,DE,2925533,FRANKFURT AM MAIN,DE
grant.2787736,ur.01202521310.26,Grzegorz,Woszczek,,PI,grid.13097.3c,King's College London,,London,GB,2643743,,United Kingdom
grant.2755106,ur.015105521212.71,Mary,Collins,,PI,,,,,,,,
grant.2753764,ur.01174027130.52,C,Tedford,,PI,grid.15756.30,University of the West of Scotland,,Scotland,GB,2640677,,United Kingdom
grant.2785387,ur.0771644767.30,Bryan,Mitchell,F,Co-PI,,,,,,,,
grant.2785387,ur.01254325146.73,Neil,Chapman,Robert,Co-PI,,,,,,,,
grant.2753747,ur.01050376404.87,Gail,Taylor,,PI,grid.5491.9,University of Southampton,,South East,GB,2637487,,United Kingdom
grant.3524352,ur.0774724737.34,Mafalda,Bourbon,,PI,grid.422270.1,Instituto Nacional de Saúde Dr. Ricardo Jorge,,PT-11,PT,2267057,LISBOA,PT
grant.3524352,ur.0660545722.95,Quitéria Agostinho,Mateus Rato,,Co-PI,grid.414582.e,"Centro Hospitalar de setúbal, E.P.E. - Hospital de São Bernardo",,PT-15,PT,2262963,Setúbal,PT
grant.3524352,ur.0774774322.56,Isabel Maria Simoes Mendes,Gaspar Rodrigues,,Co-PI,grid.418334.9,Centro Hospitalar de Lisboa Ocidental - Hospital de Egas Moniz  e Hospital Santa Cruz,,PT-11,PT,2267057,Lisboa,PT
grant.3524352,ur.01172436643.95,Astrid,Vicente,,Co-PI,grid.422270.1,Instituto Nacional de Saúde Dr. Ricardo Jorge,,PT-11,PT,2267057,Lisboa,PT
grant.3525033,ur.07400260620.35,Isabel,Correia,,PI,grid.9983.b,Instituto Superior Técnico,,PT-11,PT,2267057,Lisboa,PT
grant.3525033,ur.0621747562.64,Fernando,Avecilla Porto,,Co-PI,,,,,ES,3119841,La Coruña,ES
grant.3525033,ur.01345353662.19,Rosinda,Ismael,,Co-PI,,,,PT-11,PT,2267057,Lisboa,PT
grant.3530469,ur.01145573451.34,Jose,Ramalho,,PI,grid.10772.33,"Centro de Estudos de Doenças Crónicas - CEDOC, Faculdade Ciencias Médicas, Universidade Nova de Lisboa",,PT-11,PT,2267057,Lisboa,PT
grant.3530469,ur.0613645176.87,Catarina,de Oliveira Sequeira,,Co-PI,,,,,,,,
grant.3530469,ur.01337251276.44,Marta Sofia Marques,de Jesus Pedro,,Co-PI,grid.8051.c,Faculdade de Ciências e Tecnologia da Universidade de Coimbra,,PT-06,PT,2740637,Coimbra,PT
grant.3530469,ur.0661760376.19,Maria Inês Moreira,Patrício Rodrigues,,Co-PI,grid.8051.c,Centro de Neurociências e Biologia Celular,,PT-06,PT,2740637,Coimbra,PT
grant.3530469,ur.01154707476.12,Teresa Margarida Balixa Tapum,Leal Barona,,Co-PI,grid.10772.33,"Faculdade de Ciências Médicas, Universidade Nova de Lisboa",,PT-11,PT,2267057,Lisboa,PT
grant.3530469,ur.01106574276.20,Vanda Sofia,Castelão Lopes,,Co-PI,,JSEI UCLA,,,US,5368361,Los Angeles,US
grant.3530469,ur.01007040522.35,Ana Raquel,Sarabando Santiago,,Co-PI,grid.8051.c,Institute for Biomedical Imaging and Life Sciences (IBILI),,PT-06,PT,2740637,Coimbra,PT
grant.3530469,ur.01335236156.21,Rosa,Fernandes,,Co-PI,grid.8051.c,"Faculty of Medicine, University of Coimbra, Subunit 1-Polo 3",,PT-06,PT,2740637,Coimbra,PT
grant.3530469,ur.01217063176.38,Paulo,de Carvalho Pereira,,Co-PI,grid.8051.c,IBILI -Instituto Biomédico de Investigação da Luz e Imagem,,PT-06,PT,2740637,Coimbra,PT
grant.7924120,ur.0735653172.75,Peter Duncan,Gronbech,,PI,,,,,,,,
grant.2770238,ur.01243706701.64,Bindi,Brook,,PI,grid.4563.4,University of Nottingham,,East Midlands,GB,2641170,,United Kingdom
grant.2766686,ur.010004122627.27,Ramanarayanan,Balachandran,,PI,grid.83440.3b,University College London,,London,GB,2643743,,United Kingdom
grant.2759136,ur.0603012530.33,David Edgar,Neal,,PI,grid.4991.5,University of Oxford,,South East,GB,2640729,,United Kingdom
grant.2759136,ur.016116245104.05,F,Hamdy,,Co-PI,,,,,,,,
grant.2757075,ur.0620263575.11,Mark,Tame,Simon,PI,,,,,,,,
grant.3778535,,Esther Olivia,Rodriguez-Villegas,,PI,,,,,,,,
grant.2759586,ur.012610731546.46,Stephen,Belcher,Ernest,PI,grid.17100.37,Met Office,,South West,GB,2649808,,United Kingdom
grant.2759586,ur.014572010370.27,Janet,Barlow,,Co-PI,grid.9435.b,University of Reading,,South East,GB,2639577,,United Kingdom
grant.2759170,ur.01154650120.50,Gisli,Jenkins,,PI,grid.4563.4,University of Nottingham,,East Midlands,GB,2641170,,United Kingdom
grant.2759170,ur.01074534142.47,John,Marshall,FRANCIS,Co-PI,,,,,,,,
grant.2759170,ur.01043762764.48,Tricia,McKeever,,Co-PI,grid.4563.4,University of Nottingham,,East Midlands,GB,2641170,,United Kingdom
grant.2759170,ur.0701667547.82,Simon,Johnson,Richard,Co-PI,grid.4563.4,University of Nottingham,,East Midlands,GB,2641170,,United Kingdom
grant.2759170,ur.01005037112.30,Richard,Marshall,,Co-PI,,,,,,,,
grant.2759170,ur.07722175777.40,Andy,Blanchard,,Co-PI,,,,,,,,
grant.2759170,ur.013171042362.71,Richard,Hubbard,Brian,Co-PI,grid.4563.4,University of Nottingham,,East Midlands,GB,2641170,,United Kingdom
grant.2759170,ur.01263372413.67,Alan,Perkins,Christopher,Co-PI,grid.4563.4,University of Nottingham,,East Midlands,GB,2641170,,United Kingdom
grant.2756756,ur.01163352540.93,Mark Ian,Christie,,PI,grid.13097.3c,King's College London,,London,GB,2643743,,United Kingdom
grant.2761550,ur.0667360165.93,Joan,Ransley,,PI,grid.9909.9,University of Leeds,,Yorkshire and The Humber,GB,2644688,,United Kingdom
grant.2761550,ur.0732321225.20,Karen,Birch,,Co-PI,grid.9909.9,University of Leeds,,Yorkshire and The Humber,GB,2644688,,United Kingdom
grant.2761550,ur.01247174455.86,Mark,Conner,Timothy,Co-PI,grid.9909.9,University of Leeds,,Yorkshire and The Humber,GB,2644688,,United Kingdom
grant.2761550,ur.0735473365.83,Darren,Greenwood,Charles,Co-PI,grid.9909.9,University of Leeds,,Yorkshire and The Humber,GB,2644688,,United Kingdom
grant.2761550,ur.01150645300.01,Alison,Marshall,,Co-PI,,,,,,,,
grant.2761550,ur.01303475661.51,Janet,Cade,,Co-PI,grid.9909.9,University of Leeds,,Yorkshire and The Humber,GB,2644688,,United Kingdom
grant.2752691,ur.01337410152.19,So,Iwata,,PI,,,,,,,,
grant.7673062,ur.016563703410.47,Mashael,Alshafai,,PI,,,,,,,,
grant.7673069,ur.015272726054.58,Kholoud,Alshafai,,PI,,,,,,,,
grant.2758235,ur.01022322734.59,Sanjeev,Krishna,,Co-PI,,,,,,,,
grant.2754711,ur.01156245532.10,Ian,Douglas,,PI,grid.8991.9,London Sch of Hygiene and Trop Medicine,,London,GB,2643743,,United Kingdom
grant.3776022,,Daniel Stuart,Elson,,PI,,,,,,,,
grant.2770532,ur.0621735163.38,Georgina,Mace,Mary,PI,,,,,,,,
grant.2770532,ur.0624427650.52,Philip,Ineson,,Co-PI,,,,,,,,
grant.2787073,ur.01171215150.18,Yang,Chen,,PI,,,,,,,,
grant.2756504,ur.01153675730.19,Douglas,Morrison,John,PI,grid.224137.1,Scottish Universities Environmental Research Centre (SUERC),,,GB,2648579,,
grant.2756504,ur.01021612636.36,Tom,Preston,,Co-PI,grid.224137.1,Scottish Universities Environmental Research Centre (SUERC),,,GB,2648579,,
grant.2773897,ur.015501333412.46,Peter,Henderson,John,PI,grid.9909.9,University of Leeds,,Yorkshire and The Humber,GB,2644688,,United Kingdom
grant.2773897,ur.01276055274.16,Stephen,Baldwin,Allan,Co-PI,grid.9909.9,University of Leeds,,Yorkshire and The Humber,GB,2644688,,United Kingdom
grant.2773897,ur.01337410152.19,So,Iwata,,Co-PI,,,,,,,,
grant.2773897,ur.01263056610.63,Alison,Ashcroft,Elizabeth,Co-PI,grid.9909.9,University of Leeds,,Yorkshire and The Humber,GB,2644688,,United Kingdom
grant.2765472,ur.01275015124.20,Alison,Woollard,Claire,PI,grid.4991.5,University of Oxford,,South East,GB,2640729,,United Kingdom
grant.3773624,ur.013742240473.29,Tom,Coates,,PI,,,,,,,,
grant.2768411,ur.01337303015.49,Aristomenis,Donos,,PI,,,,,,,,
grant.2787848,ur.016464317457.94,Erdin,Ibraim,,PI,grid.5337.2,University of Bristol,,South West,GB,2654675,,United Kingdom
grant.2787848,ur.01167554330.74,David,Muir Wood,,Co-PI,,,,,,,,
grant.2787848,ur.01066232304.28,Martin,Lings,Laurence,Co-PI,grid.5337.2,University of Bristol,,South West,GB,2654675,,United Kingdom
grant.2783468,ur.01372255061.27,Richard,White,Guy,PI,grid.8991.9,London Sch of Hygiene and Trop Medicine,,London,GB,2643743,,United Kingdom
grant.2778676,ur.01200203330.64,Jonathan,Gibbins,,PI,,,,,,,,
grant.2782201,ur.01177037612.46,Paul,Norris,,Co-PI,grid.7372.1,University of Warwick,,West Midlands,GB,2652221,,United Kingdom
grant.5136206,ur.01266346003.02,,Wilkinson,,PI,,,,,,,,
grant.2777404,ur.011143075311.01,Stefan,Scheel,,PI,,,,,,,,
grant.2773474,ur.015051766670.00,Wenwu,Wang,,PI,grid.5475.3,University of Surrey,,South East,GB,2647793,,United Kingdom
grant.2773474,ur.010622266176.73,Josef,Kittler,,Co-PI,grid.5475.3,University of Surrey,,South East,GB,2647793,,United Kingdom
grant.2773474,ur.0653635770.19,Philip JB,Jackson,,Co-PI,grid.5475.3,University of Surrey,,South East,GB,2647793,,United Kingdom
grant.2783435,ur.01351165067.52,Tim,Albrecht,,Co-PI,,,,,,,,
grant.5494598,,Märta,Segerdahl,,PI,,,,,,,,
grant.5494598,ur.010066410515.80,Märta,Segerdahl,,PI,grid.424580.f,H. LUNDBECK AS,,,DK,2618425,VALBY,DK
grant.5494210,,Thomas,Martin,,PI,,,,,,,,
grant.5494210,ur.010020275315.03,Thomas,Martin,,PI,grid.419481.1,NOVARTIS PHARMA AG,,,CH,2661604,BASEL,CH
grant.5222989,ur.0637222437.07,Dominique,Bonvin,,PI,grid.5333.6,Laboratoire d'automatique EPFL - STI - IGM - LA1,,,CH,2659994,,
grant.5222989,ur.0616351277.42,Roland,Longchamp,,PI,grid.5333.6,Laboratoire d'automatique EPFL - STI - IGM - LA1,,,CH,2659994,,
grant.5222989,ur.0615430417.21,Philippe,Müllhaupt,,PI,grid.5333.6,EPF Lausanne,,,CH,2659994,,
grant.5222989,ur.010127163453.18,Basile,Graf,,Co-PI,,,,,,,,
grant.2757214,ur.010133055004.15,Gert,Van Der Heijden,,PI,grid.83440.3b,University College London,,London,GB,2643743,,United Kingdom
grant.2770418,ur.01065572743.78,Stephanie,Von Hinke,,PI,grid.5337.2,University of Bristol,,South West,GB,2654675,,United Kingdom
grant.2774302,ur.0617624427.37,Robert,Beardmore,Eric,PI,,,,,,,,
grant.2785186,ur.0775470774.41,Linda Iliana,Uruchurtu Gomez,,PI,grid.5335.0,University of Cambridge,,East of England,GB,2653941,,United Kingdom
grant.2775999,ur.01012165570.41,Karl,Sandeman,George,Co-PI,,,,,,,,
grant.2756745,ur.013004522107.30,Rey,Carabeo,,PI,,,,,,,,
grant.2767248,ur.01337551405.73,Ernest,Cady,Brunton,Co-PI,,,,,,,,
grant.2767248,ur.01126323060.48,Mervyn,Maze,,Co-PI,,,,,,,,
grant.2767248,ur.016636671742.10,Nicola,Robertson,,Co-PI,,,,,,,,
grant.3560608,ur.01143201640.14,Kevin,Kendall,,PI,,,,,,,,
grant.3560608,ur.012531240171.65,Bruno,Pollet,Georges,Co-PI,,,,,,,,
grant.2756244,ur.01154370545.49,Richard,Williams,Owen,PI,,,,,,,,
grant.2756244,ur.012174112072.19,Peter,Taylor,C,Co-PI,,,,,,,,
grant.2756244,ur.01232732765.35,Sonya,Abraham,,Co-PI,,,,,,,,
grant.2756244,ur.01157570546.94,Saba,Alzabin,,Co-PI,,,,,,,,
grant.2760394,ur.01362255450.44,Thomas,Stallard,Stephen,PI,grid.9918.9,University of Leicester,,East Midlands,GB,2644668,,United Kingdom
grant.2777411,ur.016454703522.48,James,Lucietti,,PI,,,,,,,,
grant.2784982,ur.0712664561.33,Ivana,Gudelj,,PI,,,,,,,,
grant.2787275,ur.01240034530.01,Jorge,Goncalves,,Co-PI,,,,,,,,
grant.2787275,ur.011143134655.51,David,Limebeer,,Co-PI,,,,,,,,
grant.2787275,ur.012666511157.58,Keith,Glover,,Co-PI,,,,,,,,
grant.2787275,ur.012365413615.64,Jan,Maciejowski,,Co-PI,,,,,,,,
grant.2787275,ur.016551173213.15,Malcolm Clive,Smith,,Co-PI,,,,,,,,
grant.2787275,ur.013673332353.38,Glenn,Vinnicombe,,Co-PI,,,,,,,,
grant.2778679,ur.014127341774.56,Konstantin,Panov,,PI,grid.4777.3,Queen's University of Belfast,,Northern Ireland,GB,2655984,,United Kingdom
grant.2787769,ur.01211437060.58,David,Infield,,PI,grid.11984.35,University of Strathclyde,,Scotland,GB,2648579,,United Kingdom
grant.2787769,ur.010122426717.99,Janaka Bandara,Ekanayake,,Co-PI,grid.5600.3,Cardiff University,,Wales,GB,2653822,,United Kingdom
grant.2787769,ur.0750305470.50,Cameron,Johnstone,,Co-PI,grid.11984.35,University of Strathclyde,,Scotland,GB,2648579,,United Kingdom
grant.2787769,ur.0735734060.42,Nick,Kelly,,Co-PI,grid.11984.35,University of Strathclyde,,Scotland,GB,2648579,,United Kingdom
grant.2787769,ur.01051054440.06,Timothy,Cockerill,Thomas,Co-PI,,,,,,,,
grant.2787769,ur.01034347640.27,Keith,Bell,Robert,Co-PI,grid.11984.35,University of Strathclyde,,Scotland,GB,2648579,,United Kingdom
grant.2787769,ur.014760061635.93,Adrian,Winnett,,Co-PI,,,,,,,,
grant.2787769,ur.012005607225.48,Nick,Jenkins,,Co-PI,grid.5600.3,Cardiff University,,Wales,GB,2653822,,United Kingdom
grant.2787769,ur.010110624660.14,Graeme,Burt,Marshall,Co-PI,grid.11984.35,University of Strathclyde,,Scotland,GB,2648579,,United Kingdom
grant.2787769,ur.01067572410.23,Barry,Williams,Wayne,Co-PI,grid.11984.35,University of Strathclyde,,Scotland,GB,2648579,,United Kingdom
grant.2787769,ur.0712274360.54,Geoffrey,Hammond,Paul,Co-PI,,,,,,,,
grant.2787769,ur.014441532021.47,Nick,Eyre,,Co-PI,grid.4991.5,University of Oxford,,South East,GB,2640729,,United Kingdom
grant.2787769,ur.011124266763.36,Marcelle,McManus,Claire,Co-PI,,,,,,,,
grant.2787769,ur.014274406775.77,John,Fletcher,Edward,Co-PI,,,,,,,,
grant.2755855,ur.0614252467.23,Rainer,Cramer,Karl,PI,grid.9435.b,University of Reading,,South East,GB,2639577,,United Kingdom
grant.2768419,ur.0674445312.34,Graham,Taylor,,PI,grid.6572.6,University of Birmingham,,West Midlands,GB,2655603,,United Kingdom
grant.2753609,ur.01355002316.56,Gavin,Screaton,Robert,PI,,,,,,,,
grant.2753609,ur.0614453657.39,Juthathip,Mongkolsapaya,,Co-PI,,,,,,,,
grant.2772703,ur.016006533715.00,Michael,Caine,Peter,Co-PI,,,,,,,,
grant.2772703,ur.0766714625.22,Pankaj,Vadgama,,Co-PI,,,,,,,,
grant.2772703,ur.01150443702.20,Christian John,Cook,,Co-PI,grid.421950.b,UK Sport,,London,GB,2643743,,United Kingdom
grant.2772703,ur.01327417010.77,Andrew,West,Arthur,Co-PI,,,,,,,,
grant.2776276,ur.010772153667.89,Howard,Stone,,PI,grid.5335.0,University of Cambridge,,East of England,GB,2653941,,United Kingdom
grant.2776276,ur.010371200771.37,William,Clegg,John,Co-PI,grid.5335.0,University of Cambridge,,East of England,GB,2653941,,United Kingdom
grant.2776276,ur.013015033177.06,Catherine,Rae,,Co-PI,grid.5335.0,University of Cambridge,,East of England,GB,2653941,,United Kingdom
grant.2776276,ur.011061154104.72,Harry,Bhadeshia,,Co-PI,grid.5335.0,University of Cambridge,,East of England,GB,2653941,,United Kingdom
grant.2776276,ur.01364351604.44,Chris,Smith,,Co-PI,grid.5335.0,University of Cambridge,,East of England,GB,2653941,,United Kingdom
grant.2778395,ur.01355164047.01,Ian,Sinclair,,PI,grid.5491.9,University of Southampton,,South East,GB,2637487,,United Kingdom
grant.2778395,ur.07661315457.67,Richard,Oreffo,,Co-PI,grid.5491.9,University of Southampton,,South East,GB,2637487,,United Kingdom
grant.2778395,ur.014126766463.17,Simon,Spearing,Mark,Co-PI,grid.5491.9,University of Southampton,,South East,GB,2637487,,United Kingdom
grant.2778395,ur.01070745302.13,Jeremy,Frey,Graham,Co-PI,grid.5491.9,University of Southampton,,South East,GB,2637487,,United Kingdom
grant.2778395,ur.014026314477.12,C R I,Clayton,,Co-PI,grid.5491.9,University of Southampton,,South East,GB,2637487,,United Kingdom
grant.2778395,ur.01246301130.41,Simon,Coles,John,Co-PI,grid.5491.9,University of Southampton,,South East,GB,2637487,,United Kingdom
grant.2778395,ur.012470217235.52,Mark,Nixon,S,Co-PI,grid.5491.9,University of Southampton,,South East,GB,2637487,,United Kingdom
grant.2778395,ur.013630015341.16,Kenji,Takeda,,Co-PI,,,,,,,,
grant.2754453,ur.01316006347.34,Simon,Cook,Jonathan,PI,grid.418195.0,Babraham Institute,,East of England,GB,2653941,,United Kingdom
grant.2780036,ur.01045655776.30,Ulrich,Muller,,Co-PI,grid.5335.0,University of Cambridge,,East of England,GB,2653941,,United Kingdom
grant.5495658,,Xavier,Kurz,,PI,grid.452397.e,THE EUROPEAN MEDICINES AGENCY,,,GB,2643743,LONDON,UK
grant.5495658,ur.01073722565.33,Xavier,Kurz,,PI,,,,,,,,
grant.4187042,ur.07761202747.28,James,Kublin,,PI,grid.270240.3,Fred Hutchinson Cancer Research Center,US-WA,,US,5809844,,United States
grant.4187042,ur.01043443217.45,Laith,abu-Raddad,,PI,grid.416973.e,Weill Cornell Medical College in Qatar,,,QA,290030,,Qatar
grant.4187042,ur.0642222407.69,Ira,Longini,,PI,grid.270240.3,Fred Hutchinson Cancer Research Center,US-WA,,US,5809844,,United States
grant.4187042,ur.01020042313.56,Judith,Wasserheit,,PI,grid.34477.33,University of Washington,US-WA,,US,5809844,,United States
grant.4187042,ur.014412574157.17,Connie,Celum,,PI,grid.34477.33,University of Washington,US-WA,,US,5809844,,United States
grant.4187042,ur.01336713775.77,Ruanne,Barnabas,,PI,grid.270240.3,Fred Hutchinson Cancer Research Center,US-WA,,US,5809844,,United States
grant.2782545,ur.07703571127.14,Kirpal,Nandra,,PI,,,,,,,,
grant.2780400,ur.01013755425.33,Paul,Wilkinson,Oliver,PI,grid.5335.0,University of Cambridge,,East of England,GB,2653941,,United Kingdom
grant.2780400,ur.01272527626.25,Ian,Goodyer,Michael,Co-PI,grid.5335.0,University of Cambridge,,East of England,GB,2653941,,United Kingdom
grant.2754470,ur.0775176117.83,David,Layton,Mark,Co-PI,,,,,,,,
grant.2766487,ur.01022446245.51,Alfried,Vogler,,Co-PI,,,,,,,,
grant.2773793,ur.0643021630.06,Jason,Lotay,,PI,,,,,,,,
grant.2755542,ur.0621566216.88,Christopher,Murphy,Luke,PI,,,,,,,,
grant.2772406,ur.0760745540.61,Robin,Tyacke,,Co-PI,,,,,,,,
grant.2772406,ur.0724201422.57,Stephen,Husbands,,Co-PI,,,,,,,,
grant.2772406,ur.01052646505.79,Andrea,Malizia,Ladislao,Co-PI,,,,,,,,
grant.2767799,ur.0777542777.91,Samuel,Sheppard,Keir,PI,,,,,,,,
grant.2767799,ur.01176046533.34,Dietrich,Mack,,PI,grid.4827.9,Swansea University,,Wales,GB,2636432,,United Kingdom
grant.2767799,ur.01024506243.57,Llinos,Harris,Gwawar,Co-PI,grid.4827.9,Swansea University,,Wales,GB,2636432,,United Kingdom
grant.3847797,,Grants,Team,,PI,,,,,,,,
grant.2782207,ur.013746631002.23,Ioannis,Patras,,PI,grid.4868.2,"Queen Mary, University of London",,London,GB,2643743,,United Kingdom
grant.2756061,ur.010224574007.50,Michael,Owen,John,PI,grid.5600.3,Cardiff University,,Wales,GB,2653822,,United Kingdom
grant.2761014,ur.01215612447.63,Thomas,Nichols,,PI,,,,,,,,
grant.2766456,ur.010433677417.94,Patrick,Maxwell,H,Co-PI,,,,,,,,
grant.2766456,ur.014676453042.04,Andrew,George,John,Co-PI,,,,,,,,
grant.2762067,ur.0715045330.11,Robert David,Sanders,,PI,grid.83440.3b,University College London,,London,GB,2643743,,United Kingdom
grant.2752311,ur.0616106673.10,Nicholas,Hart,,Co-PI,,,,,,,,
grant.2752311,ur.01141446742.65,John,Moxham,,Co-PI,,,,,,,,
grant.2770528,ur.0711160450.03,Barbara,Shollock,,Co-PI,,,,,,,,
grant.2757770,ur.01113600470.01,Andrea,Jackson,,PI,grid.9909.9,University of Leeds,,Yorkshire and The Humber,GB,2644688,,United Kingdom
grant.2757770,ur.0615412130.45,Stephen,Mobbs,,Co-PI,,,,,,,,
grant.2779520,ur.014724644161.48,Uwe,Grimm,Gebhard,PI,grid.10837.3d,Open University,,South East,GB,2642465,,United Kingdom
grant.2773963,ur.011470466777.85,Rob,Krams,,Co-PI,,,,,,,,
grant.2779348,ur.01016227610.84,Andy,Ridgwell,,Co-PI,,,,,,,,
grant.2759667,ur.012171704147.21,Andreas,Kempf,,PI,,,,,,,,
grant.2755029,ur.01344301666.39,Simon,Calcutt,,PI,grid.4991.5,University of Oxford,,South East,GB,2640729,,United Kingdom
grant.2751885,ur.01061544610.58,Diana,Worrall,Mary,Co-PI,grid.5337.2,University of Bristol,,South West,GB,2654675,,United Kingdom
grant.2751885,ur.010555370075.29,Steven,Phillipps,,Co-PI,grid.5337.2,University of Bristol,,South West,GB,2654675,,United Kingdom
grant.2751885,ur.0617547252.65,Andrew,Young,James,Co-PI,grid.5337.2,University of Bristol,,South West,GB,2654675,,United Kingdom
grant.2787044,ur.0740327037.13,Fiona,Tomley,,PI,,,,,,,,
grant.2780259,ur.01016216144.45,Richard,Murphy,,PI,,,,,,,,
grant.2769926,ur.01066247151.86,Awen,Gallimore,,PI,grid.5600.3,Cardiff University,,Wales,GB,2653822,,United Kingdom
grant.2785855,ur.011311003062.40,Christopher,Freeman,,PI,grid.7362.0,Bangor University,,Wales,GB,2656397,,United Kingdom
grant.2785855,ur.01004352520.02,Peter James,Holliman,,Co-PI,,,,,,,,
grant.2761001,ur.01340332517.18,Iain,McInnes,,PI,grid.8756.c,University of Glasgow,,Scotland,GB,2648579,,United Kingdom
grant.2761001,ur.0575573745.40,Anna,Dominiczak,F,Co-PI,grid.8756.c,University of Glasgow,,Scotland,GB,2648579,,United Kingdom
grant.2761001,ur.01211577516.89,Sally,Macintyre,,Co-PI,grid.8756.c,University of Glasgow,,Scotland,GB,2648579,,United Kingdom
grant.2761001,ur.011352330362.29,Jim,Cassidy,,Co-PI,,,,,,,,
grant.2761001,ur.014745644137.56,Gerard,Graham,,Co-PI,grid.8756.c,University of Glasgow,,Scotland,GB,2648579,,United Kingdom
grant.2761001,ur.01306405173.45,Miles,Houslay,Douglas,Co-PI,,,,,,,,
grant.2761478,ur.01123161507.82,Felix,Reed-Tsochas,Paul,Co-PI,,,,,,,,
grant.4900671,ur.01027641314.48,Minjun,Kim,,PI,grid.166341.7,School of Biomedical Engineering and Health System,US-PA,,US,4560349,Philadelphia,Usa
grant.4900671,ur.01073152773.52,Per,Jemth,,PI,grid.8993.b,Uppsala University,,,SE,2666199,Uppsala,Sweden
grant.2757597,ur.01256131731.23,James,Leiper,Mitchell,PI,,,,,,,,
grant.2782491,ur.01021110003.32,Ines,Pineda Torra,,PI,grid.83440.3b,University College London,,London,GB,2643743,,United Kingdom
grant.3863718,ur.0721732214.40,John,Loughhead,,PI,,,,,,,,
grant.3863718,ur.0777547614.06,Carol,Turley,Mary,Co-PI,,,,,,,,
grant.3863718,ur.01107532530.75,Robert,Lowe,John,Co-PI,grid.83440.3b,University College London,,London,GB,2643743,,United Kingdom
grant.3863718,ur.01036065410.42,John,Barrett,,Co-PI,grid.9909.9,University of Leeds,,Yorkshire and The Humber,GB,2644688,,United Kingdom
grant.3863718,ur.01330131060.14,Paul,Ekins,,Co-PI,grid.83440.3b,University College London,,London,GB,2643743,,United Kingdom
grant.3863718,ur.0717640667.47,Robert Kerry,Turner,,Co-PI,,,,,,,,
grant.3863718,ur.01246446440.20,Ian,Bateman,Julian,Co-PI,,,,,,,,
grant.3863718,ur.01316222460.56,Terry,Barker,,Co-PI,,,,,,,,
grant.3863718,ur.01265115350.10,Jillian,Anable,Leigh,Co-PI,grid.9909.9,University of Leeds,,Yorkshire and The Humber,GB,2644688,,United Kingdom
grant.3863718,ur.0731434414.10,Catherine,Mitchell,Hilary,Co-PI,,,,,,,,
grant.3863718,ur.0702217660.29,Robin,Wallace,,Co-PI,,,,,,,,
grant.3863718,ur.01247341014.57,Alan,Bond,James,Co-PI,,,,,,,,
grant.3863718,ur.014230750754.30,Andrew,Lovett,,Co-PI,,,,,,,,
grant.3863718,ur.0670336125.76,Kevin Miles,Hiscock,,Co-PI,,,,,,,,
grant.3863718,ur.014773220535.90,Jacquelin,Burgess,,Co-PI,,,,,,,,
grant.2761043,ur.01117563357.14,Christophe,Fraser,,PI,,,,,,,,
grant.2761043,ur.0601373373.32,Simon,Cauchemez,,Co-PI,,,,,,,,
grant.2764347,ur.013254463172.68,Jimmy,Bell,David,Co-PI,,,,,,,,
grant.3775096,,Nicholas,Mazarakis,,PI,,,,,,,,
grant.3771268,,Sebastian Lennox,Johnston,,PI,,,,,,,,
grant.3779809,ur.0732525500.40,Thomas,Welton,,PI,,,,,,,,
grant.2770843,ur.01175332150.41,Neil,Bowles,Edward,Co-PI,grid.4991.5,University of Oxford,,South East,GB,2640729,,United Kingdom
grant.2775873,ur.01150533751.36,Stuart,Bevan,,PI,grid.13097.3c,King's College London,,London,GB,2643743,,United Kingdom
grant.2775606,ur.01237145022.03,Seth,Love,,PI,grid.5337.2,University of Bristol,,South West,GB,2654675,,United Kingdom
grant.2767200,ur.013473241432.70,James,Rowe,,PI,grid.5335.0,University of Cambridge,,East of England,GB,2653941,,United Kingdom
grant.2761152,ur.015772337724.62,Christopher,Yau,,PI,grid.5379.8,University of Manchester,,North West,GB,2643123,Manchester,United Kingdom
grant.2761152,ur.07502733057.17,Chris,Holmes,,PI,grid.4991.5,University of Oxford,,South East,GB,2640729,,United Kingdom
grant.2751667,ur.011607715731.70,Hugh,Jones,Richard,PI,grid.5846.f,University of Hertfordshire,,East of England,GB,2647349,,United Kingdom
grant.2751667,ur.014405303052.35,Janet,Drew,Elizabeth,Co-PI,grid.5846.f,University of Hertfordshire,,East of England,GB,2647349,,United Kingdom
grant.2751667,ur.0707350220.54,Maria-Cruz,Galvez-Ortiz,,Co-PI,grid.5846.f,University of Hertfordshire,,East of England,GB,2647349,,United Kingdom
grant.2751667,ur.014763730327.11,Sean,Ryan,,Co-PI,grid.5846.f,University of Hertfordshire,,East of England,GB,2647349,,United Kingdom
grant.2751667,ur.01364641120.05,James,Hough,Harley,Co-PI,grid.5846.f,University of Hertfordshire,,East of England,GB,2647349,,United Kingdom
grant.2757280,ur.01053327673.48,Enrico,Petretto,,PI,,,,,,,,
grant.2782432,ur.01007127760.06,Grenville,Turner,,Co-PI,grid.5379.8,University of Manchester,,North West,GB,2643123,Manchester,United Kingdom
grant.2782432,ur.01053050224.61,Christopher,Ballentine,John,Co-PI,,,,,,,,
grant.2782432,ur.01235412024.43,Ray,Burgess,,Co-PI,grid.5379.8,University of Manchester,,North West,GB,2643123,Manchester,United Kingdom
grant.2761028,ur.01001273252.43,Margot,Umpleby,,Co-PI,grid.5475.3,University of Surrey,,South East,GB,2647793,,United Kingdom
grant.2756571,ur.0724466043.48,Catherine,Noakes,,PI,grid.9909.9,University of Leeds,,Yorkshire and The Humber,GB,2644688,,United Kingdom
grant.2754928,ur.07703571127.14,Kirpal,Nandra,,Co-PI,,,,,,,,
grant.2780855,ur.01024107224.02,Edward,Hollox,,PI,grid.9918.9,University of Leicester,,East Midlands,GB,2644668,,United Kingdom
grant.2761216,ur.0773673131.20,Andrew,Grant,James,PI,grid.5335.0,University of Cambridge,,East of England,GB,2653941,,United Kingdom
grant.2761216,ur.012712254637.79,Pietro,Mastroeni,,Co-PI,grid.5335.0,University of Cambridge,,East of England,GB,2653941,,United Kingdom
grant.2753918,ur.01302134104.15,Jeremy,Chataway,,Co-PI,,,,,,,,
grant.2753918,ur.0670402210.06,Klaus,Schmierer,,Co-PI,,,,,,,,
grant.2753918,ur.015167076557.47,Gavin,Giovannoni,,Co-PI,,,,,,,,
grant.2753918,ur.01026001721.22,Omar,Malik,,Co-PI,,,,,,,,
grant.2752482,ur.01273156023.22,Chris,Denning,,PI,grid.4563.4,University of Nottingham,,East Midlands,GB,2641170,,United Kingdom
grant.2752482,ur.015630671112.03,HKM,Lochmuller,,Co-PI,,,,,,,,
grant.2752482,ur.016203676326.01,Voker,Straub,,Co-PI,grid.1006.7,Newcastle University,,North East,GB,2641673,,United Kingdom
grant.2755956,ur.01163262030.73,Angela,Karp,,PI,grid.418374.d,Rothamsted Research,,East of England,GB,2647451,,United Kingdom
grant.2755956,ur.01152606041.10,Peter,Shewry,,Co-PI,grid.418374.d,Rothamsted Research,,East of England,GB,2647451,,United Kingdom
grant.2755956,ur.01016216144.45,Richard,Murphy,,Co-PI,,,,,,,,
grant.2755956,ur.01033677173.22,Helen,Ougham,J,Co-PI,,,,,,,,
grant.2755956,ur.0763031761.64,Paul,Dupree,,Co-PI,,,,,,,,
grant.2755956,ur.0644623331.20,John,Clifton-Brown,,Co-PI,,,,,,,,
grant.2755956,ur.0626151340.77,Iain,Donnison,Simon,Co-PI,,,,,,,,
grant.2755956,ur.01317553070.04,Christopher,Rawlings,,Co-PI,grid.418374.d,Rothamsted Research,,East of England,GB,2647451,,United Kingdom
grant.2782801,ur.01267447654.63,Peter,Mackie,John,Co-PI,,,,,,,,
grant.2782801,ur.013274122236.28,Peter,Jones,Malcolm,Co-PI,,,,,,,,
grant.2782801,ur.015163620153.09,Roger,Mackett,,Co-PI,,,,,,,,
grant.2782801,ur.01034440350.21,Gregory,Marsden,Richard,Co-PI,,,,,,,,
grant.5134236,ur.0731636707.01,Nicholas,Severs,,PI,,,,,,,,
grant.2781552,ur.0657016266.90,David,Beerling,,PI,grid.11835.3e,University of Sheffield,,Yorkshire and The Humber,GB,2638077,,United Kingdom
grant.2781552,ur.0661533660.04,Jonathan,Leake,,Co-PI,grid.11835.3e,University of Sheffield,,Yorkshire and The Humber,GB,2638077,,United Kingdom
grant.2781552,ur.01245503117.03,Duncan,Cameron,,Co-PI,grid.11835.3e,University of Sheffield,,Yorkshire and The Humber,GB,2638077,,United Kingdom
grant.2782239,ur.01321365434.34,Nigel,Thomas,Anthony,PI,grid.1006.7,Newcastle University,,North East,GB,2641673,,United Kingdom
grant.2782239,ur.014626371705.18,Aad,Van Moorsel,,Co-PI,grid.1006.7,Newcastle University,,North East,GB,2641673,,United Kingdom
grant.2768308,ur.0717452625.94,Elaine,Bignell,,PI,grid.5379.8,University of Manchester,,North West,GB,2643123,Manchester,United Kingdom
grant.2754582,ur.0612515330.67,Paul,Cairns,Antony,PI,grid.5685.e,University of York,,Yorkshire and The Humber,GB,2633352,,United Kingdom
grant.2768926,ur.016042251137.43,Jonathan,Friedland,S,PI,,,,,,,,
grant.2768926,ur.01301411070.23,Rifat,Atun,A,Co-PI,,,,,,,,
grant.2769059,ur.01001012710.09,Ekaterina,Popova,,Co-PI,,,,,,,,
grant.2769059,ur.012021410365.87,Meric,Srokosz,,Co-PI,,,,,,,,
grant.2769059,ur.0732677510.30,Thomas,Anderson,Robb,Co-PI,,,,,,,,
grant.2754611,ur.01316715030.10,Bernard,Wood,John,PI,grid.4991.5,University of Oxford,,South East,GB,2640729,,United Kingdom
grant.2751726,ur.01222312420.60,Roy,Grainger,Gordon,PI,,,,,,,,
grant.2751726,ur.01125347320.32,Hugh,Coe,,Co-PI,,,,,,,,
grant.2751726,ur.015264271641.33,Eleanor,Highwood,Jo,Co-PI,,,,,,,,
grant.2751726,ur.01002501120.68,Brian,Kerridge,John,Co-PI,,,,,,,,
grant.2751726,ur.01006267240.25,Gordon,McFiggans,Bruce,Co-PI,,,,,,,,
grant.2751726,ur.016427331764.85,Kenneth,Carslaw,,Co-PI,,,,,,,,
grant.2772826,ur.01152341013.17,Peter,Howarth,,PI,grid.5491.9,University of Southampton,,South East,GB,2637487,,United Kingdom
grant.2772826,ur.014017601102.46,Anoop,Chauhan,,Co-PI,,,,,,,,
grant.2772826,ur.01230706216.87,Donna,Davies,Elizabeth,Co-PI,grid.5491.9,University of Southampton,,South East,GB,2637487,,United Kingdom
grant.2772826,ur.01076774743.43,Ratko,Djukanovic,,Co-PI,,,,,,,,
grant.2772826,ur.01004432314.79,Ramesh,Kurukulaaratchy,,Co-PI,,,,,,,,
grant.2772826,ur.01126203410.66,Diane,Laws,,Co-PI,,,,,,,,
grant.2776680,ur.01125407243.72,Colin,Drummond,,PI,grid.13097.3c,King's College London,,London,GB,2643743,,United Kingdom
grant.2776680,ur.0736742510.14,Christine,Godfrey,,Co-PI,,,,,,,,
grant.2776680,ur.015163235457.28,Edward,Day,James,Co-PI,grid.13097.3c,King's College London,,London,GB,2643743,,United Kingdom
grant.2776680,ur.01365632244.94,Julia,Sinclair,Margaret,Co-PI,,,,,,,,
grant.2776680,ur.0704174261.85,Christine,Wright,,Co-PI,grid.264200.2,St George's University of London,,London,GB,2643743,,United Kingdom
grant.2776680,ur.01025036227.88,Steve,Parrott,,Co-PI,,,,,,,,
grant.2776680,ur.01362112500.92,Martin,Bland,,Co-PI,,,,,,,,
grant.2776680,ur.01122665673.24,Alex,Copello,Georges,Co-PI,grid.6572.6,University of Birmingham,,West Midlands,GB,2655603,,United Kingdom
grant.2776680,ur.0741371361.93,Paolo,Deluca,,Co-PI,grid.264200.2,St George's University of London,,London,GB,2643743,,United Kingdom
grant.2776680,ur.011616677542.20,Tom,Burns,,Co-PI,,,,,,,,
grant.2776680,ur.01021175127.13,Simon,Coulton,,Co-PI,grid.9759.2,University of Kent,,South East,GB,2653877,,United Kingdom
grant.2775699,ur.01167671223.36,Moira,Cheung,,PI,grid.10306.34,The Wellcome Trust  Sanger Institute,,East of England,GB,2653941,,
grant.2760215,ur.01146073242.19,Ragnhildur,Karadottir,Thora,PI,grid.5335.0,University of Cambridge,,East of England,GB,2653941,,United Kingdom
grant.2760215,ur.015601273662.49,Robin,Franklin,James,Co-PI,grid.5335.0,University of Cambridge,,East of England,GB,2653941,,United Kingdom
grant.2784452,ur.01214576124.16,Christopher,Bailey,Philip,PI,grid.7340.0,University of Bath,,South West,GB,2656173,,United Kingdom
grant.3525887,ur.0754714276.00,Ana Catarina dos,Santos Alves,,Co-PI,grid.422270.1,Instituto Nacional de Saúde Dr. Ricardo Jorge,,PT-11,PT,2267057,Lisboa,PT
grant.3525887,ur.01023027476.17,Tânia Afonso Rocha Simão Branco,dos Santos,,Co-PI,grid.422270.1,Instituto Nacional de Saúde Dr. Ricardo Jorge,,PT-11,PT,2267057,Lisboa,PT
grant.3525887,ur.01030023641.80,António,Guerra,,Co-PI,grid.414556.7,"Centro Hospitalar São João, EPE / Faculdade de Medicina da Universidade do Porto",,PT-13,PT,2735943,Porto,PT
grant.3525887,ur.01253504476.59,Ana Margarida,Cabeleira Medeiros,,Co-PI,grid.422270.1,Instituto Nacional de Saúde Dr. Ricardo Jorge,,PT-11,PT,2267057,Lisboa,PT
grant.5137243,ur.0634146223.51,,Kyriacou,,PI,,,,,,,,
grant.7687308,ur.01245360504.43,Gemma,Veitch,,PI,grid.38142.3c,Harvard University,US-MA,,US,4931972,,United States
grant.7687308,ur.0644660120.54,Eric,Jacobsen,,Co-PI,grid.38142.3c,Harvard University,US-MA,,US,4931972,,United States
grant.3774422,,Sergei,Kazarian,,PI,,,,,,,,
grant.5142435,ur.01202024013.15,,Ahmed,,PI,,,,,,,,
grant.2755259,ur.013007322257.26,Dipankar,Nandi,,PI,,,,,,,,
grant.2787004,ur.0764542450.95,Paul,Flicek,,Co-PI,,,,,,,,
grant.2787004,ur.0611446267.37,Ewan,Birney,,Co-PI,,,,,,,,
grant.3771248,,Vincent,Savolainen,,PI,,,,,,,,
grant.3771249,,Michael David,Schneider,,PI,,,,,,,,
grant.2784222,ur.01264177513.27,Anna,Mitchell,Sybil,PI,grid.4991.5,University of Oxford,,South East,GB,2640729,,United Kingdom
grant.3779989,ur.011111004073.75,Efstratios,Pistikopoulos,,PI,,,,,,,,
grant.2770395,ur.015537270757.02,Richard William,Titball,,Co-PI,,,,,,,,
grant.7925177,ur.0777764535.58,Arvind,Patel,H,PI,,,,,,,,
grant.2784244,ur.012300113577.21,Nick,Craddock,,Co-PI,grid.5600.3,Cardiff University,,Wales,GB,2653822,,United Kingdom
grant.2784244,ur.01057755311.93,Andrew,Pocklington,Jonathan,Co-PI,grid.5600.3,Cardiff University,,Wales,GB,2653822,,United Kingdom
grant.2766793,ur.01312202724.30,Julian,Sonner,,PI,,,,,,,,
grant.3780152,ur.01004336365.04,Jasper J.,Van Thor,,PI,,,,,,,,
grant.2775595,ur.0756405511.95,Alan,Groves,,PI,grid.13097.3c,King's College London,,London,GB,2643743,,United Kingdom
grant.2756250,ur.01172355234.11,David,Catling,Charles,Co-PI,,,,,,,,
grant.2755359,ur.01066474614.41,Franciscus Johannes Frank,Van Veen,,PI,,,,,,,,
grant.2751832,ur.012122746242.46,Luke,Howard,,Co-PI,,,,,,,,
grant.2751832,ur.0675222133.53,Isobel,Cox,Jane,Co-PI,,,,,,,,
grant.2751832,ur.0675422120.84,Valentina,Puntmann,,Co-PI,,,,,,,,
grant.2759371,ur.0673115154.27,Sarah,Rowland-Jones,Louise,PI,grid.4991.5,University of Oxford,,South East,GB,2640729,,United Kingdom
grant.2783863,ur.01275403765.66,Costas,Anastassiou,Athanasiou,Co-PI,,,,,,,,
grant.2757420,ur.0615765033.16,Peter,Mathieson,,PI,,,,,,,,
grant.2757420,ur.0660237133.15,Gavin,Welsh,Iain,Co-PI,grid.5337.2,University of Bristol,,South West,GB,2654675,,United Kingdom
grant.2757420,ur.01314662726.22,Moin,Saleem,,Co-PI,grid.5337.2,University of Bristol,,South West,GB,2654675,,United Kingdom
grant.2757420,ur.0637313571.60,Simon,Satchell,,Co-PI,grid.5337.2,University of Bristol,,South West,GB,2654675,,United Kingdom
grant.2757420,ur.0612123733.29,Richard,Coward,John,Co-PI,grid.5337.2,University of Bristol,,South West,GB,2654675,,United Kingdom
grant.2756240,ur.010245365072.27,Phillip,Hawkins,,PI,grid.418195.0,Babraham Institute,,East of England,GB,2653941,,United Kingdom
grant.2771409,ur.01120345046.50,Andrew,Hayward,,PI,grid.83440.3b,University College London,,London,GB,2643743,,United Kingdom
grant.2771409,ur.01210172403.64,Alison,Bermingham,,Co-PI,grid.271308.f,Public Health England,,South West,GB,2643743,,United Kingdom
grant.2771409,ur.0627255205.28,Jonathan,Van-Tam,,Co-PI,,,,,,,,
grant.2771409,ur.013634730122.03,Anne,Johnson,Mandall,Co-PI,grid.83440.3b,University College London,,London,GB,2643743,,United Kingdom
grant.2771409,ur.01067426631.52,John,Edmunds,,Co-PI,grid.8991.9,London Sch of Hygiene and Trop Medicine,,London,GB,2643743,,United Kingdom
grant.2771409,ur.01202213235.63,Irwin,Nazareth,,Co-PI,grid.83440.3b,University College London,,London,GB,2643743,,United Kingdom
grant.2771409,ur.01260177362.12,Jana,Kovar,,Co-PI,,,,,,,,
grant.2771409,ur.014162454512.70,John,Watson,,Co-PI,grid.271308.f,Public Health England,,South West,GB,2643743,,United Kingdom
grant.2763328,ur.0665174121.55,Bharathram,Ganapathisubramani,,PI,,,,,,,,
grant.2769572,ur.016005334213.54,James,Brotherston,,PI,,,,,,,,
grant.2782066,ur.07702657624.24,Paul,Milligan,,Co-PI,grid.8991.9,London Sch of Hygiene and Trop Medicine,,London,GB,2643743,,United Kingdom
grant.2764412,ur.01266666207.17,Lucy,Dorrell,,Co-PI,grid.4991.5,University of Oxford,,South East,GB,2640729,,United Kingdom
grant.2786574,ur.0672173502.20,Geoffrey,Smith,L,PI,,,,,,,,
grant.2778714,ur.0676210021.75,Robert,Eckersley,John,PI,,,,,,,,
grant.2778714,ur.011003037342.75,Dominic,Wells,John,Co-PI,,,,,,,,
grant.7673054,ur.01203760062.66,Wadha,al Muftah,,PI,grid.498637.7,Qatar Biobank for Medical Research,,,QA,290030,,
grant.3774376,,Mark,Isalan,,PI,,,,,,,,
grant.5221438,ur.01230406270.41,Thilo,Schroeder,,Co-PI,grid.7400.3,Biochemisches Institut Universität Zürich,,,CH,2657896,,
grant.5221438,ur.01125612060.43,Georg,Hausammann,,Co-PI,grid.7400.3,Biochemisches Institut Universität Zürich,,,CH,2657896,,
grant.5221438,ur.01115115205.51,Heidi,Roschitzki-Voser,,Co-PI,,Schweizerische Arbeitsgemeinschaft für Klinische Krebsforschung (SAKK) Koordinationszentrum,,,CH,2661552,,
grant.5221438,ur.011244145717.43,Diego,Sanchez,,Co-PI,grid.7400.3,Biochemisches Institut Universität Zürich,,,CH,2657896,,
grant.5221438,ur.01046602732.37,Brian,Brissoni,,Co-PI,,,,,,,,
grant.3778814,,Molly Morag,Stevens,,PI,,,,,,,,
grant.2761535,ur.012555100137.44,Henrik EG,Hagberg,,PI,,,,,,,,
grant.2779922,ur.01135324431.20,Laszlo,Bogre,,Co-PI,grid.4970.a,"Royal Holloway, University of London",,South East,GB,2650188,,United Kingdom
grant.2754573,ur.01364641120.05,James,Hough,Harley,PI,grid.5846.f,University of Hertfordshire,,East of England,GB,2647349,,United Kingdom
grant.2754573,ur.01040375435.24,Pall,Jakobsson,,Co-PI,grid.5846.f,University of Hertfordshire,,East of England,GB,2647349,,United Kingdom
grant.2754573,ur.010031256167.21,Judith,Croston,Helen,Co-PI,grid.10837.3d,Open University,,South East,GB,2642465,,United Kingdom
grant.2754573,ur.015607335417.51,Uta,Fritze,,Co-PI,grid.5846.f,University of Hertfordshire,,East of England,GB,2647349,,United Kingdom
grant.2754573,ur.01173671330.68,Matthew,Jarvis,John,Co-PI,,,,,,,,
grant.2754573,ur.014541577060.11,Robert,Priddey,Stephen,Co-PI,grid.5846.f,University of Hertfordshire,,East of England,GB,2647349,,United Kingdom
grant.2754743,ur.0727027731.45,Fani,Deligianni,,PI,grid.83440.3b,University College London,,London,GB,2643743,,United Kingdom
grant.2780506,ur.01200270120.31,Fernando,Guadalupe Santos Lins Brandao,,PI,,,,,,,,
grant.2779733,ur.01033632120.06,Peer,Wulff,,Co-PI,,,,,,,,
grant.2779733,ur.01312064351.04,Marlene,Bartos,,Co-PI,,,,,,,,
grant.2752352,ur.012412744477.38,Jacky,Smith,,PI,grid.5379.8,University of Manchester,,North West,GB,2643123,Manchester,United Kingdom
grant.2751534,ur.010416017507.14,David,Evans,,Co-PI,grid.1003.2,University of Queensland,AU-QLD,Outside UK,AU,2174003,,Australia
grant.2751534,ur.01317660746.45,Elina,Hypponen,,Co-PI,,,,,,,,
grant.2751534,ur.012344566157.55,Nicholas,Timpson,John,Co-PI,grid.5337.2,University of Bristol,,South West,GB,2654675,,United Kingdom
grant.2751534,ur.015521070642.61,William,Fraser,Duncan,Co-PI,,,,,,,,
grant.2751534,ur.013363661017.80,Philip,Guthrie,,Co-PI,grid.5337.2,University of Bristol,,South West,GB,2654675,,United Kingdom
grant.2751534,ur.01026114310.09,Naveed,Sattar,,Co-PI,grid.8756.c,University of Glasgow,,Scotland,GB,2648579,,United Kingdom
grant.3498378,ur.014124725121.54,Stephen,Hall,George,Co-PI,,,,,,,,
grant.3498378,ur.01232011044.16,Frith,Hooton,,Co-PI,,,,,,,,
grant.2759744,ur.011241156435.76,Ekaterina,Komendantskaya,,PI,,,,,,,,
grant.2781853,ur.010031776247.42,Christopher,Scotton,John,PI,grid.8391.3,University of Exeter,,South West,GB,2649808,,United Kingdom
grant.2778648,ur.01152567001.26,Patrick,Degenaar,,PI,,,,,,,,
grant.2780791,ur.0665212477.85,Sarah,Finer,,PI,grid.4868.2,"Queen Mary, University of London",,London,GB,2643743,,United Kingdom
grant.2753806,ur.0653767105.00,Huiqi,Pan,,Co-PI,grid.83440.3b,University College London,,London,GB,2643743,,United Kingdom
grant.2754514,ur.0775715415.26,Peter,Vickerman,,PI,grid.5337.2,University of Bristol,,South West,GB,2654675,,United Kingdom
grant.2757070,ur.01323510620.54,Dave,Wark,,PI,,,,,,,,
grant.2766937,ur.01161250642.42,Carol,Brayne,,PI,grid.5335.0,University of Cambridge,,East of England,GB,2653941,,United Kingdom
grant.2766937,ur.01134500155.53,Carol,Jagger,,Co-PI,grid.1006.7,Newcastle University,,North East,GB,2641673,,United Kingdom
grant.2766937,ur.01314540170.37,Angus,McDonald,,Co-PI,,,,,,,,
grant.2766937,ur.016126433357.97,Fiona,Matthews,Elaine,Co-PI,grid.1006.7,Newcastle University,,North East,GB,2641673,,United Kingdom
grant.2766937,ur.0744541563.46,Ian,McKeith,Grant,Co-PI,grid.1006.7,Newcastle University,,North East,GB,2641673,,United Kingdom
grant.2766937,ur.0700054663.52,John,Bond,,Co-PI,grid.1006.7,Newcastle University,,North East,GB,2641673,,United Kingdom
grant.2766937,ur.01072165526.26,Antony,Arthur,,Co-PI,,,,,,,,
grant.2766937,ur.01217075512.87,Raphael,Wittenberg,David,Co-PI,grid.13063.37,London School of Economics & Pol Sci,,London,GB,2643743,,United Kingdom
grant.3779059,,Maja,Pantic,,PI,,,,,,,,
grant.3774133,ur.01306411767.13,Luis Fernando,Aragon Alcaide,,PI,,,,,,,,
grant.3771340,,Sebastian,Uchitel,,PI,,,,,,,,
grant.3775173,ur.012373424637.73,Andrew John,Davison,,PI,,,,,,,,
grant.2768879,ur.01210572206.68,Albert,Tenesa,,Co-PI,grid.4305.2,University of Edinburgh,,Scotland,GB,2650225,,United Kingdom
grant.2760665,ur.0776545340.99,Ian,Owens,,PI,,,,,,,,
grant.2781604,ur.01344750040.08,Helen,Fielding,,Co-PI,,,,,,,,
grant.2782251,ur.015412376412.10,Claire,Harris,,PI,grid.1006.7,Newcastle University,,North East,GB,2641673,,United Kingdom
grant.2782251,ur.010511411312.70,Bryan,Morgan,Paul,Co-PI,grid.5600.3,Cardiff University,,Wales,GB,2653822,,United Kingdom
grant.2787145,ur.015374415347.25,Katherine,Brown,,Co-PI,,,,,,,,
grant.2751441,ur.01125706603.60,Gareth,Lycett,,PI,grid.48004.38,Liverpool School of Tropical Medicine,,North West,GB,2644210,,
grant.2783263,ur.01360140717.04,Richard,Farndale,William,Co-PI,,,,,,,,
grant.2751999,ur.0762475512.67,Stephen,Renshaw,Andrew,PI,grid.11835.3e,University of Sheffield,,Yorkshire and The Humber,GB,2638077,,United Kingdom
grant.2760532,ur.012504460177.49,Philip,McGuire,,PI,grid.13097.3c,King's College London,,London,GB,2643743,,United Kingdom
grant.2760532,ur.010657431502.17,Steven,Williams,C,Co-PI,grid.13097.3c,King's College London,,London,GB,2643743,,United Kingdom
grant.2760532,ur.010322621517.31,Robin,Murray,,Co-PI,grid.13097.3c,King's College London,,London,GB,2643743,,United Kingdom
grant.2760532,ur.01212531743.28,Oliver,Howes,,Co-PI,grid.13097.3c,King's College London,,London,GB,2643743,,United Kingdom
grant.2760532,ur.01207745222.14,Paul,Allen,,Co-PI,,,,,,,,
grant.2778734,ur.01156146037.21,Claire,Martin,,PI,grid.5335.0,University of Cambridge,,East of England,GB,2653941,,United Kingdom
grant.2761706,ur.07512676162.86,Philip,Poole,Simon,PI,,,,,,,,
grant.2757856,ur.01263473765.18,James,Tibenderana,Kananura,Co-PI,,,,,,,,
grant.2757856,ur.0615414307.54,Hugh,Reyburn,,Co-PI,,,,,,,,
grant.2757856,ur.014335462727.29,Abdel,Babiker,Ghayoum,Co-PI,,,,,,,,
grant.2757856,ur.013542757437.16,Diana,Gibb,,Co-PI,,,,,,,,
grant.2757856,ur.01324237263.15,Jane,Crawley,Margaret,Co-PI,,,,,,,,
grant.2769433,ur.01172671642.12,Gerard,Bishop,James,PI,,,,,,,,
grant.2757696,ur.01003014523.50,Andrew,Burroughs,,Co-PI,,,,,,,,
grant.2783726,ur.01075447650.91,Cecile,Dreiss,Ayako,PI,grid.13097.3c,King's College London,,London,GB,2643743,,United Kingdom
grant.7388749,ur.051312006.48,Joyce,Taylor-Papadimitriou,,PI,,,,,,,,
grant.7388749,ur.01252524733.19,Malcolm ,Parker,George,Co-PI,grid.13097.3c,King's College London,,,GB,2643743,London,United Kingdom
grant.7388749,ur.01316567147.26,Steven,Catchpole,,Co-PI,,,,,,,,
grant.2758333,ur.0611552001.99,Alexander,Thiele,,PI,grid.1006.7,Newcastle University,,North East,GB,2641673,,United Kingdom
grant.2787839,ur.01142730573.33,Ken,Haynes,,Co-PI,,,,,,,,
grant.2774591,ur.01317660746.45,Elina,Hypponen,,PI,,,,,,,,
grant.2774591,ur.013555563277.54,Christine,Power,,Co-PI,grid.83440.3b,University College London,,London,GB,2643743,,United Kingdom
grant.2774591,ur.016704245502.43,Mark,Maccarthy,,Co-PI,grid.4991.5,University of Oxford,,South East,GB,2640729,,United Kingdom
grant.2775713,ur.01215123367.22,Oliver,Garden,Angus,PI,grid.20931.39,Royal Veterinary College,,London,GB,2643743,,United Kingdom
grant.2756095,ur.012722400377.84,Ray,Owens,,Co-PI,grid.4991.5,University of Oxford,,South East,GB,2640729,,United Kingdom
grant.2772417,ur.0627601545.87,Paul,Matthews,M,Co-PI,,,,,,,,
grant.2755455,ur.01024261702.39,Elma,Tchilian,Zaven,Co-PI,,,,,,,,
grant.2753424,ur.01136256417.59,David,Balding,J,Co-PI,,,,,,,,
grant.2753424,ur.016704245502.43,Mark,Maccarthy,,Co-PI,,,,,,,,
grant.2761406,ur.01302557222.25,Tracy,Hussell,,Co-PI,,,,,,,,
grant.2762602,ur.01366063515.51,Alister,Hart,James,PI,,,,,,,,
grant.2772253,ur.0771707634.13,Jacob,Koella,,PI,,,,,,,,
grant.2776739,ur.012541477122.32,Bruce,Tether,,PI,,,,,,,,
grant.2776739,ur.016651532665.58,Jeremy,Howells,,Co-PI,,,,,,,,
grant.2763956,ur.01067137240.25,Christopher,Kennard,,Co-PI,,,,,,,,
grant.5224799,ur.014327376317.14,Benoit,Garbinato,,PI,grid.9851.5,University of Lausanne,,,CH,2659994,,
grant.5224799,ur.016423745620.14,Fernando,Pedone,,PI,,Software Institute Facoltà di scienze informa Universit`a della Svizzera italiana,,,,,,
grant.5224799,ur.011402232275.47,Amirhossein,Malekpour,,Co-PI,,,,,,,,
grant.2784319,ur.01304217574.76,Christopher,Lawrence,,Co-PI,,,,,,,,
grant.2763978,ur.01171310040.13,David,Komander,,PI,grid.42475.30,MRC Laboratory of Molecular Biology,,East of England,GB,2653941,,United Kingdom
grant.4901070,ur.01316600407.36,Martin,Egelhaaf,,PI,grid.7491.b,Bielefeld University,,,DE,2949186,Bielefeld,Germany
grant.4901070,ur.0743547340.43,Fabrizio,Gabbiani,,PI,grid.39382.33,Baylor College of Medicine,US-TX,,US,4699066,Houston,Usa
grant.2781470,ur.0717452625.94,Elaine,Bignell,,Co-PI,,,,,,,,
grant.2779418,ur.07723755406.34,Trevor Anthony,Dean,,Co-PI,,,,,,,,
grant.2779418,ur.012446705763.90,Martin,Strangwood,,Co-PI,,,,,,,,
grant.2760581,ur.01277725130.60,Michael,Bell,,PI,,,,,,,,
grant.2776467,ur.014773220535.90,Jacquelin,Burgess,,Co-PI,grid.8273.e,University of East Anglia,,East of England,GB,2641181,,United Kingdom
grant.2783513,ur.01367664024.38,Matthew,Coop,Richard,Co-PI,,,,,,,,
grant.7388752,ur.01033215124.16,Joy,Burchell,,PI,,,,,,,,
grant.7388752,ur.051312006.48,Joyce,Taylor-Papadimitriou,,Co-PI,grid.13097.3c,King's College London,,,GB,2643743,London,United Kingdom
grant.7388752,ur.0672645503.62,Bradley,Spencer-Dene,,Co-PI,,,,,,,,
grant.5136058,ur.01314422463.91,,Onkal,,PI,,,,,,,,
grant.2777058,ur.011235723463.34,Ammon,Salter,James,Co-PI,,,,,,,,
grant.2777058,ur.011604155643.86,Jaideep,Prabhu,,Co-PI,,,,,,,,
grant.2777058,ur.013621553325.44,John,Bessant,,Co-PI,,,,,,,,
grant.2775522,ur.01150257621.30,Justin,Bryans,,PI,grid.268943.2,MRC Technology MRCT,,London,GB,2643743,,United Kingdom
grant.2780770,ur.01367254256.05,Charles,Vincent,A,PI,,,,,,,,
grant.2767630,ur.01372706420.86,Phil,Blythe,,Co-PI,,,,,,,,
grant.2778334,ur.0775601040.05,Ken,Durose,,PI,grid.10025.36,University of Liverpool,,,GB,2644210,,United Kingdom
grant.2778334,ur.01050360120.75,M.Saiful,Islam,,Co-PI,,,,,,,,
grant.2778334,ur.012370432771.48,T,Markvart,,Co-PI,,,,,,,,
grant.2778334,ur.010040666673.51,Kieran,Molloy,,Co-PI,,,,,,,,
grant.2778334,ur.010354162423.19,Jonathan,Painter,David,Co-PI,,,,,,,,
grant.2778334,ur.015142344725.94,Frank,Marken,,Co-PI,,,,,,,,
grant.2778334,ur.016214155001.34,Darren M,Bagnall,,Co-PI,,,,,,,,
grant.2778334,ur.0747642460.97,Laurence,Peter,,Co-PI,,,,,,,,
grant.2778334,ur.07734274663.01,David,Lane,Whinton,Co-PI,,,,,,,,
grant.2778334,ur.0721056044.00,Haricharan Singh,Reehal,,Co-PI,,,,,,,,
grant.2778334,ur.015724502513.43,Mark,Winskel,,Co-PI,grid.4305.2,University of Edinburgh,,Scotland,GB,2650225,,United Kingdom
grant.2778334,ur.012767521637.54,Ian,Forbes,,Co-PI,,,,,,,,
grant.2778334,ur.01041162176.00,K,Rogers,,Co-PI,,,,,,,,
grant.2764112,ur.013153023115.00,Marina Denise Anne,Jirotka,,Co-PI,,,,,,,,
grant.2764112,ur.01265170026.86,Wendy,Hall,,Co-PI,,,,,,,,
grant.2787941,ur.0703021206.70,Mansoor,Saqi,,PI,,,,,,,,
grant.2787244,ur.0761061632.18,Miguel,Seabra,C,PI,,,,,,,,
grant.2787244,ur.0665506077.03,Clare,Futter,,Co-PI,,,,,,,,
grant.2780261,ur.01205163210.96,Jacob,Koehler,,Co-PI,grid.418374.d,Rothamsted Research,,East of England,GB,2647451,,United Kingdom
grant.2769770,ur.013367103134.79,Darryl,Almond,Preston,Co-PI,,,,,,,,
grant.2769770,ur.01022651642.06,M,Meo,,Co-PI,,,,,,,,
grant.2769770,ur.01061461770.08,Gordon,Hayward,,Co-PI,,,,,,,,
grant.2769770,ur.0756602461.79,Richard,Challis,,Co-PI,,,,,,,,
grant.2761377,ur.011263500635.11,Declan,Diver,Andrew,PI,grid.8756.c,University of Glasgow,,Scotland,GB,2648579,,United Kingdom
grant.2761377,ur.01354637400.25,Eduard,Kontar,,Co-PI,grid.8756.c,University of Glasgow,,Scotland,GB,2648579,,United Kingdom
grant.2761377,ur.01306524200.11,Alexander,MacKinnon,Lachlan,Co-PI,grid.8756.c,University of Glasgow,,Scotland,GB,2648579,,United Kingdom
grant.2761377,ur.011312365777.62,John,Brown,Campbell,Co-PI,grid.8756.c,University of Glasgow,,Scotland,GB,2648579,,United Kingdom
grant.2761377,ur.011253122765.85,Lyndsay,Fletcher,,Co-PI,grid.8756.c,University of Glasgow,,Scotland,GB,2648579,,United Kingdom
grant.2779004,ur.01122632506.60,Loeske,Kruuk,,PI,,,,,,,,
grant.2779004,ur.01003511774.45,Josephine,Pemberton,,Co-PI,grid.4305.2,University of Edinburgh,,Scotland,GB,2650225,,United Kingdom
grant.2779004,ur.016241760270.46,Timothy,Clutton-Brock,Hugh,Co-PI,,,,,,,,
grant.2778516,ur.0712664561.33,Ivana,Gudelj,,Co-PI,,,,,,,,
grant.2768477,ur.01042074170.76,Fangjie,Zhao,,PI,grid.418374.d,Rothamsted Research,,East of England,GB,2647451,,United Kingdom
grant.2775429,ur.01067426631.52,John,Edmunds,,Co-PI,grid.271308.f,Public Health England,,South West,GB,2643743,,United Kingdom
grant.2775429,ur.01117563357.14,Christophe,Fraser,,Co-PI,,,,,,,,
grant.2775429,ur.015614374714.33,Geoff,Garnett,,Co-PI,,,,,,,,
grant.2760240,ur.0605335430.40,Enda,Oconnell,,PI,,,,,,,,
grant.2752402,ur.01233125221.78,Martha,Clokie,Rebecca Jane,PI,grid.9918.9,University of Leicester,,East Midlands,GB,2644668,,United Kingdom
grant.2753306,ur.012304114447.67,John,Molitor,,Co-PI,,,,,,,,
grant.2753306,ur.01362263454.17,Alexander,Henderson,John,Co-PI,grid.5337.2,University of Bristol,,South West,GB,2654675,,United Kingdom
grant.2783981,ur.01371551040.06,Joanne,Begbie,Louise,Co-PI,grid.4991.5,University of Oxford,,South East,GB,2640729,,United Kingdom
grant.2783981,ur.01335624113.57,Francis,Szele,George,Co-PI,grid.4991.5,University of Oxford,,South East,GB,2640729,,United Kingdom
grant.2783981,ur.01004222754.19,Zoltan,Molnar,,Co-PI,grid.4991.5,University of Oxford,,South East,GB,2640729,,United Kingdom
grant.3524421,ur.01310545222.00,Inês Sampaio,de Sousa Soeiro,,PI,grid.9983.b,"URIA - CPM, Faculdade de Farmácia, Universidade de Lisboa",,PT-11,PT,2267057,Lisboa,PT
grant.3524421,ur.01015616122.03,Lídia Maria dos,Santos Fonseca,,Co-PI,grid.9983.b,Centro de Patogénese Molecular - Faculdade de Farmácia,,PT-11,PT,2267057,Lisboa,PT
grant.3524421,ur.0714432632.23,Dana,Gabuzda,,Co-PI,,,,,US,4930956,Boston,US
grant.3524421,ur.0747502722.78,Sylvie,Ferreira Rato,,Co-PI,grid.7429.8,Inserm U941,,FR-75,FR,2988507,Paris,FR
grant.3524421,ur.01356660422.84,Luis Filipe Encarnação,Antunes Ferreira,,Co-PI,grid.9983.b,Centro de Patogénese Molecular - Faculdade de Farmácia da Universidade de Lisboa,,PT-11,PT,2267057,Lisboa,PT
grant.3524421,ur.015032202472.16,Joao,Goncalves,,Co-PI,grid.9983.b,Faculdade de Farmácia da Universidade de Lisboa,,PT-11,PT,2267057,Lisboa,PT
grant.2782272,ur.01164225625.34,Saira,Hameed,,PI,grid.426467.5,St Mary's Hospital Medical School,,London,GB,2643743,,United Kingdom
grant.2766959,ur.0612757420.28,Peter,Lee,,PI,,,,,,,,
grant.2786071,ur.01011377550.46,Stephen,Sturzenbaum,,Co-PI,,,,,,,,
grant.2786071,ur.01072542354.75,J,Chipman,Kevin,Co-PI,,,,,,,,
grant.2786071,ur.0710200554.37,Francesco,Falciani,,Co-PI,,,,,,,,
grant.2786071,ur.01303152760.56,David,Spurgeon,Jonathon,Co-PI,,,,,,,,
grant.2786071,ur.01345446037.86,Charles,Tyler,,Co-PI,,,,,,,,
grant.2786071,ur.01055332110.42,Richard,Sibly,Mervyn,Co-PI,,,,,,,,
grant.2786071,ur.01307025451.33,Peter,Kille,,Co-PI,,,,,,,,
grant.2786071,ur.01322136475.37,Amanda,Callaghan,,Co-PI,,,,,,,,
grant.2754642,ur.0605657507.25,Kim,Midwood,,PI,grid.4991.5,University of Oxford,,South East,GB,2640729,,United Kingdom
grant.2761987,ur.0627255205.28,Jonathan,Van-Tam,,PI,grid.4563.4,University of Nottingham,,East Midlands,GB,2641170,,United Kingdom
grant.2761987,ur.0603744776.25,Robert,Booy,,Co-PI,,,,,,,,
grant.2761987,ur.01270153670.53,Allison,McGeer,,Co-PI,,,,,,,,
grant.2761987,ur.01211647624.41,John,Oxford,,Co-PI,,,,,,,,
grant.2761987,ur.0716110540.92,Carolyn,Bridges,,Co-PI,,,,,,,,
grant.2761987,ur.01120345046.50,Andrew,Hayward,,Co-PI,grid.83440.3b,University College London,,London,GB,2643743,,United Kingdom
grant.2768950,ur.01055126320.07,Maria,De Iorio,,Co-PI,,,,,,,,
grant.2785160,ur.01065741514.81,Tom,Fearn,,Co-PI,,,,,,,,
grant.2780205,ur.010643567467.17,Liudas,Giraitis,,Co-PI,,,,,,,,
grant.2768049,ur.0742165043.58,Andrew,Dowsey,William,PI,,,,,,,,
grant.2781445,ur.01316567234.25,S,Singh,,Co-PI,,,,,,,,
grant.2781445,ur.0772337630.77,James,Austin,,Co-PI,,,,,,,,
grant.2773561,ur.0776545340.99,Ian,Owens,,Co-PI,,,,,,,,
grant.2777822,ur.01076410224.35,David,Garrod,Ronald,PI,grid.5379.8,University of Manchester,,North West,GB,2643123,Manchester,United Kingdom
grant.2777822,ur.0606037407.38,Lydia,Tabernero,,Co-PI,grid.5379.8,University of Manchester,,North West,GB,2643123,Manchester,United Kingdom
grant.2777822,ur.01320347756.05,Michael,Sherratt,,Co-PI,grid.5379.8,University of Manchester,,North West,GB,2643123,Manchester,United Kingdom
grant.2768367,ur.0762721210.78,Andy,Winter,,Co-PI,,,,,,,,
grant.2768367,ur.0600357410.65,John,White,,Co-PI,,,,,,,,
grant.2768367,ur.0757316112.84,Ann,Sullivan,,Co-PI,,,,,,,,
grant.2768367,ur.0766455057.90,Patrick,French,,Co-PI,,,,,,,,
grant.2764923,ur.01303152760.56,David,Spurgeon,Jonathon,PI,,,,,,,,
grant.2757614,ur.012174112072.19,Peter,Taylor,C,PI,,,,,,,,
grant.2757614,ur.01200551054.73,Meilien,Ho,,Co-PI,,,,,,,,
grant.2782579,ur.0622736477.07,Martin,Plenio,,PI,,,,,,,,
grant.2769338,ur.0620331360.13,Irina,Udalova,,PI,,,,,,,,
grant.2769338,ur.0627503720.17,Ioannis,Ragoussis,Jiannis,Co-PI,,,,,,,,
grant.5218894,ur.013155032507.23,Jonathan,Paz Montoya,,Co-PI,,,,,,,,
grant.2759172,ur.01041366020.07,David,Cullen,Charles,PI,grid.12026.37,Cranfield University,,East of England,GB,2652087,,United Kingdom
grant.2775184,ur.0673115154.27,Sarah,Rowland-Jones,Louise,Co-PI,,,,,,,,
grant.2775184,ur.07516356042.36,Charles,Newton,Richard,Co-PI,,,,,,,,
grant.2775184,ur.01352455761.32,Tsiri,Agbenyega,,Co-PI,,,,,,,,
grant.2775184,ur.01177673753.11,Kalifa,Bojang,Abubakr,Co-PI,,,,,,,,
grant.2775184,ur.01246621407.13,Jennifer,Evans,,Co-PI,,,,,,,,
grant.2778227,ur.0765776270.15,Maya,Thanou,,PI,,,,,,,,
grant.2785162,ur.012561627051.82,Anthony,Brenton,Gareth,PI,grid.4827.9,Swansea University,,Wales,GB,2636432,,United Kingdom
grant.2767487,ur.011263720272.90,Michael,Thompson,John,Co-PI,,,,,,,,
grant.2762013,ur.01240303344.38,Karen,Horsburgh,,Co-PI,grid.4305.2,University of Edinburgh,,Scotland,GB,2650225,,United Kingdom
grant.2762013,ur.014103270752.31,Richard,Morris,Graham,Co-PI,grid.4305.2,University of Edinburgh,,Scotland,GB,2650225,,United Kingdom
grant.2762013,ur.01372275007.39,James,McCulloch,,Co-PI,grid.4305.2,University of Edinburgh,,Scotland,GB,2650225,,United Kingdom
grant.2776457,ur.0652370344.56,Andrew,Davies,Colin,PI,,,,,,,,
grant.2787898,ur.01007216221.90,Paul,Boyle,,Co-PI,,,,,,,,
grant.2787898,ur.016260150274.36,Melanie Jane,Bartley,,Co-PI,,,,,,,,
grant.2787898,ur.0723242253.62,Richard,Wiggins,Donovan,Co-PI,,,,,,,,
grant.2787898,ur.01053032550.47,Seeromanie,Harding,,Co-PI,,,,,,,,
grant.2772618,ur.01042143645.28,Trenton,Garner,,Co-PI,,,,,,,,
grant.2775593,ur.0676217010.25,Michael,Kraft,,Co-PI,,,,,,,,
grant.7388782,ur.01141066541.45,Valerie,Speirs,,PI,,,,,,,,
grant.7388782,ur.01022255644.17,Simak,Ali,,Co-PI,grid.7107.1,University of Aberdeen,,,GB,2657832,Aberdeen,United Kingdom
grant.7388782,ur.011343470403.96,Sarah ,Pinder,E,Co-PI,,,,,,,,
grant.7388782,ur.0603741461.71,Sami,Shousha,,Co-PI,,,,,,,,
grant.7388782,ur.01045367013.06,Rosemary,Walker,,Co-PI,,,,,,,,
grant.7388782,ur.0726534463.32,Louise,Jones,,Co-PI,,,,,,,,
grant.7388782,ur.01045625165.06,Jorge,Reis-Filho,,Co-PI,,,,,,,,
grant.7388782,ur.015060637603.25,Elizabeth,Mallon,,Co-PI,,,,,,,,
grant.7388782,ur.014263257203.63,Christopher,Foster,,Co-PI,,,,,,,,
grant.7388782,ur.01071052173.09,Abeer,Shaaban,,Co-PI,,,,,,,,
grant.7388790,ur.016432575000.30,Jo,Morris,,PI,,,,,,,,
grant.7388790,ur.012255277403.47,Paul,Evans,,Co-PI,grid.6572.6,University of Birmingham,,,GB,2655603,Birmingham,United Kingdom
grant.7388790,ur.011457717003.10,Karen,Homer,,Co-PI,,,,,,,,
grant.7388790,ur.010662336403.73,Ellen,Solomon,,Co-PI,,,,,,,,
grant.2784291,ur.01145076660.26,James,McDonald,,PI,grid.11984.35,University of Strathclyde,,Scotland,GB,2648579,,United Kingdom
grant.2784291,ur.012164775073.20,Gareth,Harrison,Paul,Co-PI,grid.4305.2,University of Edinburgh,,Scotland,GB,2650225,,United Kingdom
grant.2784291,ur.014223062533.01,Raj,Aggarwal,,Co-PI,,,,,,,,
grant.2784291,ur.016064053031.88,Roderick,Dunn,William,Co-PI,,,,,,,,
grant.2784291,ur.016605736630.15,Francois,Bouffard,,Co-PI,,,,,,,,
grant.2784291,ur.016052270553.97,David,Newbery,Michael,Co-PI,grid.5335.0,University of Cambridge,,East of England,GB,2653941,,United Kingdom
grant.2784291,ur.010070574003.40,Miles,Redfern,Alexander,Co-PI,,,,,,,,
grant.2784291,ur.010415110165.17,Stephen,Finney,Jon,Co-PI,grid.4305.2,University of Edinburgh,,Scotland,GB,2650225,,United Kingdom
grant.2784291,ur.016466264073.49,Patrick,Devine-Wright,,Co-PI,,,,,,,,
grant.2784291,ur.0702217660.29,Robin,Wallace,,Co-PI,grid.4305.2,University of Edinburgh,,Scotland,GB,2650225,,United Kingdom
grant.2784291,ur.012622764434.15,Haifeng,Wang,,Co-PI,,,,,,,,
grant.2784291,ur.01211064560.37,Matthew,Leach,,Co-PI,,,,,,,,
grant.2758821,ur.01153054155.89,James,Kirkpatrick,,PI,,,,,,,,
grant.2782755,ur.015042476175.15,Dmitri,Panov,,PI,,,,,,,,
grant.2757942,ur.01217357556.18,Steven,Clowes,Kenneth,PI,grid.5475.3,University of Surrey,,South East,GB,2647793,,United Kingdom
grant.2779687,ur.010221112275.50,David,Ewins,,Co-PI,,,,,,,,
grant.2779687,ur.01251445724.23,Yevgen,Petrov,Pavlovich,Co-PI,,,,,,,,
grant.2767127,ur.014632564455.88,Gordon,Airey,,PI,grid.4563.4,University of Nottingham,,East Midlands,GB,2641170,,United Kingdom
grant.2767127,ur.016414462707.91,Andrew,Collop,Charles,Co-PI,,,,,,,,
grant.2777879,ur.01355651322.37,Andrew,Ho,Francis,PI,grid.4970.a,"Royal Holloway, University of London",,South East,GB,2650188,,United Kingdom
grant.2785766,ur.0622300752.38,Alex,Retzker,,PI,,,,,,,,
grant.2776440,ur.01324022123.94,Lynn,Williams,,PI,,,,,,,,
grant.2760075,ur.0744053350.11,Lucy,Platt,Victoria,PI,grid.8991.9,London Sch of Hygiene and Trop Medicine,,London,GB,2643743,,United Kingdom
grant.2760075,ur.01033170374.24,Kaye,Wellings,,Co-PI,grid.8991.9,London Sch of Hygiene and Trop Medicine,,London,GB,2643743,,United Kingdom
grant.2760075,ur.01165323652.91,Joanna,Busza,,Co-PI,grid.8991.9,London Sch of Hygiene and Trop Medicine,,London,GB,2643743,,United Kingdom
grant.2760075,ur.01132434466.08,Tim,Rhodes,,Co-PI,grid.8991.9,London Sch of Hygiene and Trop Medicine,,London,GB,2643743,,United Kingdom
grant.2760075,ur.0675256177.48,Dalya,Marks,,Co-PI,grid.8991.9,London Sch of Hygiene and Trop Medicine,,London,GB,2643743,,United Kingdom
grant.2760075,ur.015163073737.15,Christopher,Bonell,Philip,Co-PI,grid.8991.9,London Sch of Hygiene and Trop Medicine,,London,GB,2643743,,United Kingdom
grant.2756844,ur.01000455376.91,Robert,Lechler,,Co-PI,grid.13097.3c,King's College London,,London,GB,2643743,,United Kingdom
grant.2756844,ur.0650365131.57,Adrian,Hayday,,Co-PI,,,,,,,,
grant.2756844,ur.01025556322.24,Ellen,Solomon,,Co-PI,grid.13097.3c,King's College London,,London,GB,2643743,,United Kingdom
grant.2756844,ur.014555171717.23,Paul,Sharpe,,Co-PI,grid.13097.3c,King's College London,,London,GB,2643743,,United Kingdom
grant.2756844,ur.01221556472.47,Frank,Nestle,,Co-PI,grid.13097.3c,King's College London,,London,GB,2643743,,United Kingdom
grant.2756844,ur.012040720367.85,Reza Sarvghad,Razavi,,Co-PI,grid.13097.3c,King's College London,,London,GB,2643743,,United Kingdom
grant.2756844,ur.01133376676.86,Cosimo,De Bari,,Co-PI,,,,,,,,
grant.2756844,ur.01351523152.53,Anthony,Dorling,,Co-PI,grid.13097.3c,King's College London,,London,GB,2643743,,United Kingdom
grant.2786986,ur.015140224534.56,Qing-Chang,Zhong,,PI,,,,,,,,
grant.2786986,ur.013777323305.14,Argyrios,Zolotas,,Co-PI,,,,,,,,
grant.2769540,ur.01262533650.97,Gill,Elliott,,PI,grid.5475.3,University of Surrey,,South East,GB,2647793,,United Kingdom
grant.2787498,ur.01261547415.86,Pascal,SALAUN,,PI,grid.10025.36,University of Liverpool,,,GB,2644210,,United Kingdom
grant.2787498,ur.01005265654.84,Georg,Haehner,,Co-PI,,,,,,,,
grant.2787498,ur.0731046207.81,Jorg,Feldmann,,Co-PI,,,,,,,,
grant.2787498,ur.0617741306.98,Manfred,Buck,,Co-PI,,,,,,,,
grant.2777209,ur.015633057606.90,Alan,MacLeod,,Co-PI,,,,,,,,
grant.2777209,ur.01003536232.47,Joan,Webber,F,Co-PI,,,,,,,,
grant.2777209,ur.013101072736.28,Sharon,Matthews-Berry,Sarah,Co-PI,,,,,,,,
grant.2777209,ur.010531725073.97,Susana,Mourato,,Co-PI,,,,,,,,
grant.2777209,ur.01145141654.66,Simon,Leather,Robert,Co-PI,,,,,,,,
grant.2769453,ur.012732261075.22,Annabelle,Gawer,,Co-PI,,,,,,,,
grant.2754244,ur.01313177264.15,Ian,Rivens,Henry,Co-PI,grid.18886.3f,Institute of Cancer Research,,London,GB,2643743,,United Kingdom
grant.2779417,ur.01075201731.05,Christoph,Tang,Marcel,PI,grid.4991.5,University of Oxford,,South East,GB,2640729,,United Kingdom
grant.2779417,ur.01174774124.28,Stephen,Girardin,E,Co-PI,,,,,,,,
grant.2779417,ur.0702031122.88,Ivo,Boneca,Gomperts,Co-PI,,,,,,,,
grant.2761955,ur.0764032210.26,Robert,McLaren,,PI,,,,,,,,
grant.2761955,ur.01146715400.08,George,Aylward,W,Co-PI,,,,,,,,
grant.2761955,ur.01312276677.19,Adam,Sillito,Murdin,Co-PI,grid.83440.3b,University College London,,London,GB,2643743,,United Kingdom
grant.2752011,ur.01036763116.35,Kit-Yi,Leung,,Co-PI,,,,,,,,
grant.2784938,ur.0616613006.08,Abigail,Woods,Louise,PI,grid.13097.3c,King's College London,,London,GB,2643743,,United Kingdom
grant.2784064,ur.0760606120.41,Mary Ann,Rutherford,,PI,grid.13097.3c,King's College London,,London,GB,2643743,,United Kingdom
grant.2764325,ur.01355002316.56,Gavin,Screaton,Robert,Co-PI,,,,,,,,
grant.2764160,ur.01262533650.97,Gill,Elliott,,PI,,,,,,,,
grant.2775469,ur.01062203557.39,Brian,Sutton,John,Co-PI,,,,,,,,
grant.2775469,ur.01205647402.96,Andrew,Beavil,J,Co-PI,,,,,,,,
grant.2770379,ur.01064646772.38,Philip,Taylor,Russel,PI,grid.5600.3,Cardiff University,,Wales,GB,2653822,,United Kingdom
grant.2763816,ur.0635524645.00,Flaminia,Catteruccia,,Co-PI,,,,,,,,
grant.3531522,ur.013117070640.81,Domingos,Barbosa,,PI,grid.421174.5,Instituto de Telecomunicações,,PT-01,PT,2267057,Aveiro,PT
grant.3531522,ur.01014774006.38,José Miguel,da Silva Bergano,,Co-PI,grid.421174.5,Instituto de Telecomunicações,,PT-01,PT,2267057,Aveiro,PT
grant.3531522,ur.01052712436.40,Graca Maria Moreira de Sousa Teixeira,da Rocha,,Co-PI,grid.211367.0,"Jet Propulsion Laboratory, JPL, California Institute of Technology, Caltech",US-CA,,US,5363859,Pasadena,US
grant.3531522,ur.0632432206.32,Camilo,Tello Bohorquez,,Co-PI,,Instituto Nacional de Pesquisas Espaciais,,,US,,"Berkeley, CA",US
grant.3531522,ur.01356036306.48,Marco,Tucci,,Co-PI,grid.17423.33,Instituto de Astrofisica de Canarias,,,ES,2511174,La Laguna (Tenerife),ES
grant.3531522,ur.01125361306.41,Pierre,DELSART,,Co-PI,grid.462168.f,Institut de Recherche en Astrophysique et Planétologie,,,FR,2972315,TOULOUSE,FR
grant.3531522,ur.01167141036.21,Rui Miguel Afonso Gomes,da Fonseca,,Co-PI,grid.421174.5,Instituto de Telecomunicações,,PT-01,PT,2267057,AVEIRO,PT
grant.3531522,ur.01052220066.40,Ana M,Mourão,,Co-PI,grid.9983.b,"Centro Multidisciplinar de Astrofísica - CENTRA, IST",,PT-11,PT,2267057,Lisboa,PT
grant.3531522,ur.01232062066.10,Dinis,Santos,,Co-PI,grid.7311.4,Universidade de Aveiro,,PT-01,PT,2742611,Aveiro,PT
grant.3531522,ur.01241607706.24,George F,Smoot III,,Co-PI,,,,,US,5327684,Berkeley,US
grant.5210525,ur.011364256207.13,Mohammad Amin,Shokrollahi,,PI,grid.5333.6,EPF Lausanne,,,CH,2659994,,
grant.5210525,ur.013547507327.25,Bertrand,Ndzana Ndzana,,Co-PI,,,,,,,,
grant.2756404,ur.011604155643.86,Jaideep,Prabhu,,PI,grid.5335.0,University of Cambridge,,East of England,GB,2653941,,United Kingdom
grant.2762404,ur.01322140510.75,Abdel,Benabid,Fetah,PI,,,,,,,,
grant.2762404,ur.01224051640.51,Tim,Birks,,Co-PI,grid.7340.0,University of Bath,,South West,GB,2656173,,United Kingdom
grant.2762404,ur.0663177444.97,David,Bird,,Co-PI,grid.7340.0,University of Bath,,South West,GB,2656173,,United Kingdom
grant.2757102,ur.01361542445.49,Len,Stephens,,Co-PI,grid.418195.0,Babraham Institute,,East of England,GB,2653941,,United Kingdom
grant.2751635,ur.0733240151.80,Michael,Lomax,,PI,,,,,,,,
grant.2778969,ur.01177150200.42,Sandra,Shefelbine,Joan,Co-PI,,,,,,,,
grant.2780807,ur.01305424214.11,Keith,Pullen,Robert,PI,,,,,,,,
grant.2785335,ur.01232577700.77,Laurence,Smith,Edward,PI,,,,,,,,
grant.2785335,ur.012253261325.05,Alastair,Bailey,StJohn,Co-PI,,,,,,,,
grant.2779337,ur.0727075506.41,Adrian,Burgess,Philip,Co-PI,,,,,,,,
grant.3527373,ur.01141317140.97,Marta,Fajardo,,PI,grid.9983.b,Instituto de Plasmas e Fusão Nuclear,,PT-11,PT,2267057,Lisboa,PT
grant.3527373,ur.0604231536.28,João Miguel Ramos,Melo Sampaio,,Co-PI,,,,,PT,,,PT
grant.3527373,ur.01173320351.01,Luís Miguel de Oliveira,e Silva,,Co-PI,grid.9983.b,Instituto Superior Técnico,,PT-11,PT,2267057,Lisboa,PT
grant.3527373,ur.0743133636.27,Gonçalo,Figueira,,Co-PI,grid.9983.b,Instituto Superior Técnico,,PT-11,PT,2267057,Lisboa,PT
grant.3527373,ur.01236062736.22,Nelson,Lopes,,Co-PI,grid.9983.b,Instituto Superior Técnico - Instituto de Plasmas e Fusão Nuclear - Grupo de Lasers e Plasmas,,PT-11,PT,2267057,Lisboa,PT
grant.3527373,ur.01234157662.37,Jonathan,Robert Davies,,Co-PI,grid.9983.b,"GoLP, Instituto Superior Técnico",,PT-11,PT,2267057,Lisboa,PT
grant.3527373,ur.01134642722.88,José Tito,Mendonça,,Co-PI,,,,PT-11,PT,2267057,Lisboa,PT
grant.3527373,ur.0766573336.87,Filipa Alexandra,Campos Viola,,Co-PI,,Neuropsychology Lab - Department of Psychology,,,DE,2857458,Oldenburg,DE
grant.3527373,ur.016061200274.75,Philippe,Zeitoun,,Co-PI,grid.462947.a,Laboratoire d'Optique Appliquée,,,FR,2988758,Palaiseau,FR
grant.3527373,ur.01212457022.88,Michaela,Kozlova,,Co-PI,grid.424881.3,Department of X-ray Lasers / PALS Research Centre,,,CZ,3067696,Prague 8,CZ
grant.3527373,ur.01132141316.21,Roxana,Ioana Onofrei,,Co-PI,grid.9983.b,"Grupo de Lasers e Plasmas, Centro de Física de Plasmas, Instituto Superior Técnico",,PT-11,PT,2267057,Lisboa,PT
grant.3527373,ur.01103021736.39,Diego,De Lazzari,,Co-PI,,,,,IT,3173985,Marcon,IT
grant.3527373,ur.0630655232.93,Hamed,Merdji,,Co-PI,,"Service des Photons Atomes et Molécules (SPAM), Commissariat à l’Energie Atomique (CEA)",,,FR,2982043,Saclay,FR
grant.2763827,ur.0725004477.00,V Krishna K,Chatterjee,,Co-PI,,,,,,,,
grant.2763827,ur.015024501017.64,Antonio,Vidal-Puig,,Co-PI,grid.5335.0,University of Cambridge,,East of England,GB,2653941,,United Kingdom
grant.2763827,ur.01260402747.27,Susan,Ozanne,,Co-PI,grid.5335.0,University of Cambridge,,East of England,GB,2653941,,United Kingdom
grant.2763827,ur.01244077754.55,Susan,Jebb,,Co-PI,grid.4991.5,University of Oxford,,South East,GB,2640729,,United Kingdom
grant.2763827,ur.0752030520.95,Mark Lewis,Evans,,Co-PI,grid.5335.0,University of Cambridge,,East of England,GB,2653941,,United Kingdom
grant.2763827,ur.01100532760.37,Ines,Barroso,,Co-PI,grid.5335.0,University of Cambridge,,East of England,GB,2653941,,United Kingdom
grant.2763827,ur.01032732506.31,Martin,Brand,,Co-PI,,,,,,,,
grant.2763827,ur.0656362133.52,Fiona,Gribble,Mary,Co-PI,grid.5335.0,University of Cambridge,,East of England,GB,2653941,,United Kingdom
grant.2763827,ur.0622035427.96,David,Dunger,Brian,Co-PI,grid.5335.0,University of Cambridge,,East of England,GB,2653941,,United Kingdom
grant.2763827,ur.0731141060.13,Keith,Frayn,,Co-PI,grid.4991.5,University of Oxford,,South East,GB,2640729,,United Kingdom
grant.2763827,ur.010510407404.13,Nicholas,Finer,,Co-PI,,,,,,,,
grant.2763827,ur.01342354010.05,Kenneth,Siddle,,Co-PI,grid.5335.0,University of Cambridge,,East of England,GB,2653941,,United Kingdom
grant.2774205,ur.012524577315.14,Stephan Konrad,Matthai,,Co-PI,,,,,,,,
grant.2779388,ur.01070655672.90,Henning,Hermjakob,,Co-PI,grid.225360.0,EMBL - European Bioinformatics Institute,,East of England,GB,2653941,,United Kingdom
grant.2779388,ur.01301046330.10,Alvis,Brazma,,Co-PI,grid.225360.0,EMBL - European Bioinformatics Institute,,East of England,GB,2653941,,United Kingdom
grant.2779388,ur.0617016724.38,Nicolas,Le Novere,,Co-PI,,,,,,,,
grant.2779388,ur.01371321313.70,Nigel,Hardy,William,Co-PI,,,,,,,,
grant.2779388,ur.01353664232.38,Andrew,Jones,Robert,Co-PI,grid.10025.36,University of Liverpool,,,GB,2644210,,United Kingdom
grant.2779388,ur.01105336700.30,Christopher,Taylor,Francis,Co-PI,,,,,,,,
grant.2779388,ur.015261070604.21,Norman,Paton,William,Co-PI,grid.5379.8,University of Manchester,,North West,GB,2643123,Manchester,United Kingdom
grant.2779388,ur.0772315632.28,Norman,Morrison,,Co-PI,grid.225360.0,EMBL - European Bioinformatics Institute,,East of England,GB,2653941,,United Kingdom
grant.2765438,ur.0704503310.11,Aroon,Hingorani,Dinesh,PI,grid.83440.3b,University College London,,London,GB,2643743,,United Kingdom
grant.2765438,ur.01114703157.21,Andrew,Webster,Royston,Co-PI,grid.83440.3b,University College London,,London,GB,2643743,,United Kingdom
grant.2765438,ur.0713042212.23,Mark,Pepys,Brian,Co-PI,grid.83440.3b,University College London,,London,GB,2643743,,United Kingdom
grant.2765438,ur.010463463757.24,Astrid,Fletcher,,Co-PI,,,,,,,,
grant.2765438,ur.012406614502.54,Alun,Hughes,David,Co-PI,grid.83440.3b,University College London,,London,GB,2643743,,United Kingdom
grant.2759769,ur.014405303052.35,Janet,Drew,Elizabeth,Co-PI,,,,,,,,
grant.5137385,ur.01221064723.22,,Marshall,,PI,,,,,,,,
grant.5137743,ur.0710043163.86,,Canis,,PI,,,,,,,,
grant.2781103,ur.01332233751.29,Andreas,Kronenburg,,Co-PI,,,,,,,,
grant.2783634,ur.0621347211.05,Neil,Almond,Mark,PI,,,,,,,,
grant.2783634,ur.01017612772.32,Mark,Page,,Co-PI,grid.70909.37,Nat Inst for Bio Standards and Control,,East of England,GB,2639970,,United Kingdom
grant.2783634,ur.07363357377.93,Neil,Berry,,Co-PI,,,,,,,,
grant.2755303,ur.0657402440.53,David,Edwards,,PI,,,,,,,,
grant.2758157,ur.01257607375.00,Julia,Buckingham,,PI,,,,,,,,
grant.2779979,ur.014366020547.03,Andrew,Morris,David,Co-PI,,,,,,,,
grant.2779979,ur.0662067023.84,Lon,Cardon,,Co-PI,,,,,,,,
grant.2779979,ur.01330361724.23,Andrew,Hattersley,,Co-PI,grid.8391.3,University of Exeter,,South West,GB,2649808,,United Kingdom
grant.2779979,ur.012766272254.47,Timothy,Frayling,Mark,Co-PI,grid.8391.3,University of Exeter,,South West,GB,2649808,,United Kingdom
grant.2779979,ur.01016372227.74,Colin,Palmer,,Co-PI,grid.8241.f,University of Dundee,,Scotland,GB,2650752,,United Kingdom
grant.2787261,ur.01033523410.01,Neil,Arnold,Fraser,Co-PI,grid.9918.9,University of Leicester,,East Midlands,GB,2644668,,United Kingdom
grant.2773951,ur.015627435357.32,Brian,Falzon,George,Co-PI,,,,,,,,
grant.2774992,ur.010040027705.69,Ian,Postlethwaite,,Co-PI,,,,,,,,
grant.2774992,ur.0601635253.39,David,Butler,,Co-PI,,,,,,,,
grant.2774992,ur.012246452362.22,Bogumil,Ulanicki,,Co-PI,,,,,,,,
grant.2774992,ur.014060127403.21,Ian,Marshall,William,Co-PI,,,,,,,,
grant.2774992,ur.01212100655.95,Richard,Fenner,,Co-PI,,,,,,,,
grant.2774992,ur.0722215374.50,Joby,Boxall,,Co-PI,,,,,,,,
grant.2774992,ur.015026531561.27,Soon-Thiam,Khu,,Co-PI,,,,,,,,
grant.2774992,ur.014034763271.27,Emmanuel,Prempain,,Co-PI,,,,,,,,
grant.2774992,ur.0742155350.57,Adrian John,Saul,,Co-PI,,,,,,,,
grant.2774992,ur.01263257674.56,Richard,Ashley,Martin,Co-PI,,,,,,,,
grant.2774992,ur.07420350267.30,Simon,Prescott,Linton,Co-PI,,,,,,,,
grant.2774992,ur.01236777520.34,Kenichi,Soga,,Co-PI,,,,,,,,
grant.2774992,ur.01116566403.23,Zoran,Kapelan,,Co-PI,,,,,,,,
grant.2767285,ur.015436016567.30,Valentina,Corradi,,Co-PI,,,,,,,,
grant.2767285,ur.012174210243.47,Marcelo,Fernandes,,Co-PI,,,,,,,,
grant.2769358,ur.010322313215.23,Martin Robert,Bridson,,PI,,,,,,,,
grant.2782402,ur.01354756077.46,Karl,Krushelnick,,Co-PI,,,,,,,,
grant.2782402,ur.01047066710.66,Michael,Poole,William,Co-PI,grid.14467.30,STFC - Laboratories,,South East,GB,2636389,,United Kingdom
grant.2774105,ur.01275403765.66,Costas,Anastassiou,Athanasiou,PI,,,,,,,,
grant.2764802,ur.01154133415.68,Carol,Dezateux,,PI,grid.4868.2,"Queen Mary, University of London",,London,GB,2643743,,United Kingdom
grant.2764802,ur.010616342352.79,Angela,Wade,,Co-PI,grid.83440.3b,University College London,,London,GB,2643743,,United Kingdom
grant.2764802,ur.01257340747.20,Maria,Bitner-Glindzicz,,Co-PI,grid.83440.3b,University College London,,London,GB,2643743,,United Kingdom
grant.2764802,ur.012653207302.16,Timothy,Cole,James,Co-PI,grid.83440.3b,University College London,,London,GB,2643743,,United Kingdom
grant.2764802,ur.012726321162.64,Catherine,Law,Mary,Co-PI,grid.83440.3b,University College London,,London,GB,2643743,,United Kingdom
grant.2764802,ur.01033323032.68,Marie,Newell,Louise,Co-PI,grid.83440.3b,University College London,,London,GB,2643743,,United Kingdom
grant.2764802,ur.01344270353.92,Mario,Cortina-Borja,,Co-PI,grid.83440.3b,University College London,,London,GB,2643743,,United Kingdom
grant.2764802,ur.01372515730.94,David,Ingram,,Co-PI,grid.83440.3b,University College London,,London,GB,2643743,,United Kingdom
grant.2764802,ur.012236726454.41,Patricia,Tookey,Ann,Co-PI,grid.83440.3b,University College London,,London,GB,2643743,,United Kingdom
grant.2764802,ur.016413064677.57,Ian,Wong,Chi,Co-PI,,,,,,,,
grant.2764802,ur.01220216602.50,Catherine,Peckham,,Co-PI,grid.83440.3b,University College London,,London,GB,2643743,,United Kingdom
grant.2755476,ur.0600474550.17,Myles,Allen,Robert,PI,,,,,,,,
grant.7388708,ur.01111677604.33,Mustafa,Djamgoz,,PI,,,,,,,,
grant.7388708,ur.01071503025.08,Scott,Fraser,,Co-PI,,,,,,,,
grant.2776792,ur.01001160734.76,Wuding,Zhou,,Co-PI,grid.13097.3c,King's College London,,London,GB,2643743,,United Kingdom
grant.2753179,ur.07762654212.28,Yasuhiro,Takeuchi,,Co-PI,grid.83440.3b,University College London,,London,GB,2643743,,United Kingdom
grant.2770065,ur.01161105370.25,Anne,Ridley,,PI,,,,,,,,
grant.2770065,ur.01321757215.68,Sarah,Heasman,,Co-PI,,,,,,,,
grant.3529625,ur.0616435342.74,Zita Maria Almeida,do Vale,,PI,grid.410926.8,ISEP - Instituto Superior de Engenharia do Porto,,PT-13,PT,2735943,Porto,PT
grant.3529625,ur.01115225542.42,José Marílio,Oliveira Cardoso,,Co-PI,grid.5808.5,Instituto Superiror de Engenharia do Porto,,PT-13,PT,2735943,PORTO,PT
grant.3529625,ur.01174043066.45,Ana Maria,Madureira,,Co-PI,grid.410926.8,Departamento de Engª Informática - Instituto Superior de Engenharia do Porto(ISEP),,PT-13,PT,2735943,Porto,PT
grant.3529625,ur.0732663742.45,Maria João,Carneiro Madureira,,Co-PI,grid.410926.8,ISEP - Instituto Superior de Engenharia do Porto,,PT-13,PT,2735943,Porto,PT
grant.3529625,ur.01000777142.09,Luís Filipe,Caeiro Castanheira,,Co-PI,,,,PT-13,PT,2735943,Porto,PT
grant.2776528,ur.0612357530.71,Anna,Crowley,Barbara,Co-PI,,,,,,,,
grant.2773604,ur.01112135725.18,Gail,Preston,Margaret,PI,grid.4991.5,University of Oxford,,South East,GB,2640729,,United Kingdom
grant.2758121,ur.0603672640.01,Graham,Ault,,Co-PI,,,,,,,,
grant.2758121,ur.01256134024.49,Roger,Goodall,Morgan,Co-PI,,,,,,,,
grant.2758121,ur.0714421660.42,Dave,Laurenson,,Co-PI,,,,,,,,
grant.2758121,ur.01145076660.26,James,McDonald,,Co-PI,,,,,,,,
grant.2758121,ur.07645556061.73,Philip,Moore,,Co-PI,,,,,,,,
grant.2766178,ur.0672113464.00,John,Iredale,,Co-PI,,,,,,,,
grant.2766178,ur.01111470547.53,Roger,Cox,David,Co-PI,,,,,,,,
grant.2766178,ur.01034443243.72,Christopher,Day,,Co-PI,,,,,,,,
grant.2766178,ur.015340260372.35,Ann,Daly,,Co-PI,,,,,,,,
grant.2766178,ur.01022472550.21,Robert,Johnson,,Co-PI,,,,,,,,
grant.2766178,ur.01044302750.61,Quentin,Anstee,Mark,Co-PI,,,,,,,,
grant.2766178,ur.014624240725.52,Kevin,Park,,Co-PI,,,,,,,,
grant.2766178,ur.07401035202.97,Stephen,Brown,,Co-PI,,,,,,,,
grant.2766178,ur.014754520544.21,David,Jones,Emrys,Co-PI,,,,,,,,
grant.2752649,ur.015702751117.97,Ken,Suzuki,,PI,grid.4868.2,"Queen Mary, University of London",,London,GB,2643743,,United Kingdom
grant.6770049,ur.01022060217.67,Arie,Deursen,Van,PI,grid.5292.c,Technische Universiteit Delft,,,NL,2757345,,
grant.6770049,ur.016061665012.59,Laurence,Duchien,,PI,,Centre de recherche INRIA Futurs,,,FR,3004630,,
grant.6770049,ur.015035777643.36,Bernard,Boigelot,,PI,grid.4861.b,Université de Liège,,,BE,2792413,,
grant.6770049,ur.016707307741.04,Thierry,Massart,,PI,grid.4989.c,Université Libre de Bruxelles,,,BE,2800866,,
grant.6770049,ur.07636756277.10,Kim,Mens,,PI,grid.7942.8,Université Catholique de Louvain,,,BE,2792073,,
grant.6770049,ur.015445033063.70,Serge,Demeyer,,PI,grid.5284.b,Universiteit Antwerpen,,,BE,2803138,,
grant.6770049,ur.016206253417.61,Pierre-Yes,Schobbens,,PI,grid.6520.1,Facultés Universitaires Notre-Dame de la Paix,,,BE,2790471,,
grant.6770049,ur.010047741465.52,Theo,D'hondt,,PI,grid.8767.e,Vrije Universiteit Brussel,,,BE,2800866,,
grant.6769915,ur.0607630424.14,François,Fuks,,PI,grid.4989.c,Université Libre de Bruxelles,,,BE,2800866,,
grant.6769915,ur.01057765162.19,Jan,Tavernier,,PI,grid.5342.0,Universiteit Gent,,,BE,2797656,,
grant.6769915,ur.01011027111.45,Kris,Gevaert,,PI,grid.5342.0,Universiteit Gent,,,BE,2797656,,
grant.6769915,ur.01351326125.53,Mark,Rider,,PI,grid.7942.8,Université Catholique de Louvain,,,BE,2792073,,
grant.6769915,ur.0737212206.32,Etienne,Waelkens,,PI,grid.5596.f,Katholieke Universiteit Leuven,,,BE,2792482,,
grant.6769915,ur.015302721754.55,Franck,Dequiedt,,PI,grid.410510.1,Gembloux Agro-Bio Tech,,,BE,2797713,,
grant.6769915,ur.0656237724.60,Frank,Wuytack,,PI,grid.5596.f,Katholieke Universiteit Leuven,,,BE,2792482,,
grant.2753701,ur.01110401146.53,Oliver,Billker,,PI,grid.10306.34,The Wellcome Trust  Sanger Institute,,East of England,GB,2653941,,
grant.2753561,ur.010573451367.06,Rubeta,Matin,Nishat,PI,grid.4991.5,University of Oxford,,South East,GB,2640729,,United Kingdom
grant.2765060,ur.015674304512.31,Janette,Atkinson,,PI,grid.83440.3b,University College London,,London,GB,2643743,,United Kingdom
grant.2765060,ur.01166637400.95,Oliver,Braddick,John,Co-PI,grid.4991.5,University of Oxford,,South East,GB,2640729,,United Kingdom
grant.2765060,ur.0106017142.61,John,Wattam-Bell,Richard,Co-PI,grid.83440.3b,University College London,,London,GB,2643743,,United Kingdom
grant.2758045,ur.011463366131.46,Johann,Kirsten,Frederick,Co-PI,,,,,,,,
grant.2758045,ur.01053107260.43,Marthinus,Gouse,,Co-PI,,,,,,,,
grant.2758045,ur.011155440571.23,Andrew,Dorward,Ross,Co-PI,,,,,,,,
grant.2758045,ur.07721156652.16,Jenifer,Piesse,,Co-PI,,,,,,,,
grant.2775642,ur.0710076631.50,Elise,Cartmell,,PI,grid.12026.37,Cranfield University,,East of England,GB,2652087,,United Kingdom
grant.2775642,ur.016570117414.48,Hoi,Yeung,,Co-PI,grid.12026.37,Cranfield University,,East of England,GB,2652087,,United Kingdom
grant.2771248,ur.01146074160.01,Martin,Howard,,Co-PI,,,,,,,,
grant.2753563,ur.01267642201.37,Daniel,Gale,,PI,grid.83440.3b,University College London,,London,GB,2643743,,United Kingdom
grant.2758977,ur.01014332570.48,Keith,Shine,Peter,PI,,,,,,,,
grant.2783394,ur.011143134655.51,David,Limebeer,,PI,,,,,,,,
grant.2778646,ur.01233116212.60,Jan,Domin,,PI,,,,,,,,
grant.2773372,ur.01130065235.18,Peter,Cherepanov,,PI,,,,,,,,
grant.2771579,ur.01066152572.08,Robert,Noland,B,Co-PI,,,,,,,,
grant.7046866,ur.0654261572.47,Derek,Dunn-Rankin,,PI,grid.30389.31,University of California,US-CA,,US,5378538,,
grant.7046866,ur.016603710667.38,Zeng-Guang,Yuan,,Co-PI,grid.419077.c,National Center for Space Exploration Research,US-OH,,US,5150529,,
grant.5211672,ur.0657730107.36,Tristan,Rivière,,PI,grid.5801.c,Departement Mathematik ETH Zürich,,,CH,2657896,,
grant.5211672,ur.01202422324.22,Tom,Ilmanen,,PI,grid.5801.c,ETH Zurich,,,CH,2657896,,
grant.5211672,ur.012261135332.89,Michael,Struwe,,PI,grid.5801.c,Departement Mathematik ETH Zürich,,,CH,2657896,,
grant.5211672,ur.011430213014.68,Michael,Blaser,,Co-PI,,,,,,,,
grant.5211672,ur.015731135227.99,Thiemo,Kessel,,Co-PI,,,,,,,,
grant.5211672,ur.01155173617.21,Gilles,Angelsberg,,Co-PI,grid.168010.e,Department of Mathematics Stanford University,US-CA,,US,5398563,,
grant.5211672,ur.012626767215.76,David,Pumberger,,Co-PI,,,,,,,,
grant.5211672,ur.010375333045.42,Tobias,Lamm,,Co-PI,grid.7892.4,Institut für Angewandte und Numerische Mathematik 1 Karlsruher Institut für Technologie,,,DE,2892794,,
grant.5211672,ur.013723155427.22,Jörg,Hättenschweiler,,Co-PI,,,,,,,,
grant.5211672,ur.015663022027.04,Wei,Zhu,,Co-PI,,,,,,,,
grant.5211672,ur.011526657617.14,Michael,Siepmann,,Co-PI,,,,,,,,
grant.5211672,ur.010423013005.22,Melanie,Rupflin,,Co-PI,,"MPI, Max-Planck-Institut für Gravitationsphysik Albert-Einstein-Institut",,,,,,
grant.7388810,ur.0635442726.13,David,Levison,,Co-PI,grid.8241.f,University of Dundee,,,GB,2650752,Dundee,United Kingdom
grant.7388810,ur.014763627152.10,Alastair,Thompson,,Co-PI,,,,,,,,
grant.7388810,ur.01060342777.66,Colin,Purdie,,Co-PI,,,,,,,,
grant.7388810,ur.01022255644.17,Simak,Ali,,Co-PI,,,,,,,,
grant.5210596,ur.016200210127.62,Till,Voss,,PI,grid.6612.3,University of Basel,,,CH,2661604,,
grant.5210596,ur.01313355511.12,Till,Voss,,PI,grid.416786.a,Departement für medizinische Parasitologie und Infektionsbiologie Schweiz. Tropen und Public Health-Institut,,,CH,2661604,,
grant.5210596,ur.015402627527.47,Christian,Flück,,Co-PI,,,,,,,,
grant.5210596,ur.01323324754.54,Igor,Niederwieser,,Co-PI,,,,,,,,
grant.2768398,ur.01066152572.08,Robert,Noland,B,PI,,,,,,,,
grant.2754851,ur.01271726670.64,Carla,Faria,Figueira De Morrison,PI,,,,,,,,
grant.2780917,ur.010105233122.34,Dario,Martelli,,PI,,,,,,,,
grant.2771247,ur.01024034770.04,David,Britton,,Co-PI,,,,,,,,
grant.2771247,ur.01327655160.08,Patrick,Koppenburg,Stefan,Co-PI,,,,,,,,
grant.2762395,ur.07762644433.02,Jeffery,Settle,John,PI,,,,,,,,
grant.2763249,ur.015745636050.01,Cinzia,Da Viá,,Co-PI,,,,,,,,
grant.2763249,ur.0730363100.09,Stephen,Watts,,Co-PI,,,,,,,,
grant.3496779,ur.0717452625.94,Elaine,Bignell,,PI,,,,,,,,
grant.2759318,ur.01362263454.17,Alexander,Henderson,John,PI,grid.5337.2,University of Bristol,,South West,GB,2654675,,United Kingdom
grant.2759318,ur.01004625741.05,David,Strachan,,Co-PI,,,,,,,,
grant.2759318,ur.01207404175.30,Seif,Shaheen,Omar,Co-PI,,,,,,,,
grant.2759318,ur.013113463132.22,Timothy James,Peters,,Co-PI,grid.5337.2,University of Bristol,,South West,GB,2654675,,United Kingdom
grant.2781665,ur.07612413745.25,Barry,Crittenden,,PI,grid.7340.0,University of Bath,,South West,GB,2656173,,United Kingdom
grant.2777914,ur.010040636671.63,Siyuan,Yu,,Co-PI,,,,,,,,
grant.2784716,ur.016664007265.34,Philip,Leong,,Co-PI,,,,,,,,
grant.2754766,ur.01231363020.24,Louise,Cramer,Pauline,Co-PI,,,,,,,,
grant.2782840,ur.01370524636.03,Anne-Gaelle,Borycki,,PI,grid.11835.3e,University of Sheffield,,Yorkshire and The Humber,GB,2638077,,United Kingdom
grant.2777454,ur.01332676636.16,Dwight,Barkley,,Co-PI,,,,,,,,
grant.2753546,ur.01175716171.37,Anna Louise,Goodman,,PI,grid.13097.3c,King's College London,,London,GB,2643743,,United Kingdom
grant.2765593,ur.0616747115.68,Robin,Leatherbarrow,John,PI,,,,,,,,
grant.2765936,ur.01370263615.30,Elisabeth,Carpenter,Paula,Co-PI,,,,,,,,
grant.2770124,ur.01001436220.67,Jonathan,Hays,Michael,PI,grid.4868.2,"Queen Mary, University of London",,London,GB,2643743,,United Kingdom
grant.2759783,ur.01145435221.10,David,Wilson,Ian,PI,grid.5335.0,University of Cambridge,,East of England,GB,2653941,,United Kingdom
grant.2777261,ur.01330247160.51,Isabelle,Hanlon,,Co-PI,,,,,,,,
grant.2770396,ur.0640042467.29,Delmiro,Fernandez-Reyes,,PI,grid.83440.3b,University College London,,London,GB,2643743,,United Kingdom
grant.2768309,ur.01223075500.15,Lesley,Gray,Janet,Co-PI,,,,,,,,
grant.2768309,ur.0661540324.17,Mike,Blackburn,,Co-PI,,,,,,,,
grant.2768309,ur.01346552400.36,Martyn,Chipperfield,,Co-PI,,,,,,,,
grant.2768309,ur.01304700170.44,Peter Howard,Haynes,,Co-PI,,,,,,,,
grant.2768309,ur.01301222260.05,Martin,Jarvis,John,Co-PI,,,,,,,,
grant.2787746,ur.0611736450.97,M,Sternberg,,PI,,,,,,,,
grant.2783385,ur.011764740403.17,Noel,O'Dowd,Patrick,Co-PI,,,,,,,,
grant.2761664,ur.01072750773.10,Siddharthan,Chandran,,PI,,,,,,,,
grant.2761664,ur.07624420664.45,Alastair,Compston,,Co-PI,grid.5335.0,University of Cambridge,,East of England,GB,2653941,,United Kingdom
grant.2761664,ur.013322552752.84,Alan,Thompson,James,Co-PI,,,,,,,,
grant.2761664,ur.015564263444.69,David,Miller,,Co-PI,,,,,,,,
grant.2761664,ur.011641734617.13,Alasdair,Coles,,Co-PI,grid.5335.0,University of Cambridge,,East of England,GB,2653941,,United Kingdom
grant.2778017,ur.01111564441.81,Peter,Parker,J,Co-PI,,,,,,,,
grant.2780881,ur.01316741215.76,Chris,Jiggins,David,Co-PI,,,,,,,,
grant.2776530,ur.0625321341.43,Gerald,Finnerty,Thomas,PI,grid.13097.3c,King's College London,,London,GB,2643743,,United Kingdom
grant.2787193,ur.0754204164.04,LIONEL,ROSSI,ROBERT,PI,,,,,,,,
grant.2780009,ur.0772713715.15,Annela,Seddon,Mary,PI,,,,,,,,
grant.2765481,ur.012763241624.52,Sarah,Butcher,Anne,PI,,,,,,,,
grant.2759730,ur.0673115154.27,Sarah,Rowland-Jones,Louise,Co-PI,grid.4991.5,University of Oxford,,South East,GB,2640729,,United Kingdom
grant.2759730,ur.0640227120.31,Jeremy,Farrar,,Co-PI,,,,,,,,
grant.2759730,ur.016656263502.44,Menno Douwe,De Jong,,Co-PI,,,,,,,,
grant.2785661,ur.01355651322.37,Andrew,Ho,Francis,PI,,,,,,,,
grant.2777535,ur.0651626037.84,Rainer,Heintzmann,,Co-PI,grid.13097.3c,King's College London,,London,GB,2643743,,United Kingdom
grant.2765298,ur.01355075550.72,Timothy,Jones,S,PI,,,,,,,,
grant.2781574,ur.01327306744.95,Colin,Gray,,Co-PI,,,,,,,,
grant.2781574,ur.012441640124.25,David John,Williams,,Co-PI,grid.6571.5,Loughborough University,,East Midlands,GB,2643567,,United Kingdom
grant.2781574,ur.011020060574.48,Stuart,Green,,Co-PI,,,,,,,,
grant.2781574,ur.0752424362.64,Andrew,Price,,Co-PI,grid.6571.5,Loughborough University,,East Midlands,GB,2643567,,United Kingdom
grant.2777010,ur.0642605602.48,Jon,Nield,,Co-PI,,,,,,,,
grant.2764916,ur.0656552206.25,Patrizia,Ferretti,,PI,grid.83440.3b,University College London,,London,GB,2643743,,United Kingdom
grant.2764916,ur.01233227217.27,Nicholas,Greene,,Co-PI,grid.83440.3b,University College London,,London,GB,2643743,,United Kingdom
grant.2771331,ur.014366513702.59,Ka,Chan,Lung,PI,,,,,,,,
grant.2764298,ur.0603602350.69,Glen,Powell,,PI,,,,,,,,
grant.2786977,ur.01102077044.50,Doreen,Cantrell,,Co-PI,,,,,,,,
grant.2786977,ur.01275635407.19,Veronique,Gouverneur,,Co-PI,,,,,,,,
grant.5213463,ur.01003211604.22,Peter,Diem,,PI,grid.411656.1,"Klinische Ernährung Endokrinologie und Diabetologie Inselspital, Universitätsspital Bern",,,CH,2661552,,
grant.5213463,ur.012604610164.23,Chris,Boesch,,PI,grid.5734.5,Abt. Magnetresonanz-Spektroskopie u. Method. Departement für Klinische Forschung Universität Bern,,,CH,2661552,,
grant.5213463,ur.0605531413.51,Christoph,Stettler,,PI,grid.483177.e,"Universitätsklinik für Diabetologie, Endokrinologie, Ernährungsmedizin & Metabolismus (UDEM)",,,CH,2661552,,
grant.5213463,ur.01203461753.15,Emanuel,Christ,,PI,grid.5734.5,University of Berne,,,CH,2661552,,
grant.5213463,ur.07355563247.00,Karin,Zwygart-Brügger,,Co-PI,grid.5734.5,Abt. Magnetresonanz-Spektroskopie u. Method. Departement für Klinische Forschung Universität Bern,,,CH,2661552,,
grant.2761583,ur.01360140717.04,Richard,Farndale,William,PI,grid.5335.0,University of Cambridge,,East of England,GB,2653941,,United Kingdom
grant.2758090,ur.015377475326.90,David,Coggon,,PI,,,,,,,,
grant.2758090,ur.01215460023.18,Keith,Palmer,T,Co-PI,,,,,,,,
grant.2764963,ur.013000407464.45,Elaine,Dennison,Margaret,Co-PI,grid.5491.9,University of Southampton,,South East,GB,2637487,,United Kingdom
grant.2765518,ur.0630773754.17,Colin,Baigent,,PI,,,,,,,,
grant.2765518,ur.01350536754.71,Jonathan,Emberson,,Co-PI,,,,,,,,
grant.2765518,ur.0641770103.91,Rory,Collins,,Co-PI,,,,,,,,
grant.2765518,ur.01003177447.77,Richard,Bulbulia,,Co-PI,,,,,,,,
grant.2766231,ur.01071111210.38,Glenys,Dawkins,Heather,PI,,,,,,,,
grant.2752838,ur.01211144453.76,Marion,MacFarlane,,PI,,,,,,,,
grant.2778654,ur.0622704043.68,Alexander,Hammers,,PI,,,,,,,,
grant.2784127,ur.01016207415.02,Jesus,Gil,,PI,grid.14105.31,MRC London Institute of Medical Sciences,,London,GB,2643743,,United Kingdom
grant.2751499,ur.015275111032.24,Florence Susan,Wong,,Co-PI,,,,,,,,
grant.2751499,ur.0611214260.14,Richard,Smith,,Co-PI,grid.5337.2,University of Bristol,,South West,GB,2654675,,United Kingdom
grant.2768980,ur.01165543051.34,Sarah,Lewington,Louise,Co-PI,grid.4991.5,University of Oxford,,South East,GB,2640729,,United Kingdom
grant.2768980,ur.01154304531.69,Yiping,Chen,P,Co-PI,grid.4991.5,University of Oxford,,South East,GB,2640729,,United Kingdom
grant.2768980,ur.01365374203.46,Ling,Yang,,Co-PI,grid.4991.5,University of Oxford,,South East,GB,2640729,,United Kingdom
grant.2768980,ur.01363321067.87,Iona,Millwood,Yap,Co-PI,grid.4991.5,University of Oxford,,South East,GB,2640729,,United Kingdom
grant.2768980,ur.01324240677.89,Derrick,Bennett,,Co-PI,grid.4991.5,University of Oxford,,South East,GB,2640729,,United Kingdom
grant.2768980,ur.01143660613.65,Om,Kurmi,Prakash,Co-PI,,,,,,,,
grant.2768980,ur.0611006023.05,Richard,Peto,,Co-PI,grid.4991.5,University of Oxford,,South East,GB,2640729,,United Kingdom
grant.2768980,ur.015103643107.11,Michael,Hill,Richard,Co-PI,grid.4991.5,University of Oxford,,South East,GB,2640729,,United Kingdom
grant.2768980,ur.0720615314.99,Robert,Clarke,Joseph,Co-PI,grid.4991.5,University of Oxford,,South East,GB,2640729,,United Kingdom
grant.2768980,ur.01175032471.11,Robin,Walters,George,Co-PI,grid.4991.5,University of Oxford,,South East,GB,2640729,,United Kingdom
grant.2756865,ur.015705435137.49,Nick,Paton,,PI,grid.415052.7,MRC Clinical Trials Unit,,London,GB,2643743,,
grant.2756865,ur.013542757437.16,Diana,Gibb,,Co-PI,grid.415052.7,MRC Clinical Trials Unit,,London,GB,2643743,,
grant.2756865,ur.0604766776.20,Janet,Darbyshire,Howard,Co-PI,grid.83440.3b,University College London,,London,GB,2643743,,United Kingdom
grant.2756865,ur.014335462727.29,Abdel,Babiker,Ghayoum,Co-PI,grid.83440.3b,University College London,,London,GB,2643743,,United Kingdom
grant.2756865,ur.014661724572.21,Ann,Walker,Sarah,Co-PI,grid.83440.3b,University College London,,London,GB,2643743,,United Kingdom
grant.2756865,ur.01365337023.02,Kholoud,Porter,,Co-PI,grid.83440.3b,University College London,,London,GB,2643743,,United Kingdom
grant.2757740,ur.0701555141.67,Roger,Buxton,,PI,,,,,,,,
grant.2769906,ur.01217162176.77,Keith,Godfrey,,Co-PI,grid.5491.9,University of Southampton,,South East,GB,2637487,,United Kingdom
grant.2769906,ur.01034270174.38,Sian,Robinson,,Co-PI,,,,,,,,
grant.2769906,ur.01156344335.14,Hazel,Inskip,,Co-PI,grid.5491.9,University of Southampton,,South East,GB,2637487,,United Kingdom
grant.2779060,ur.01370400044.89,Edmund,Harriss,,PI,,,,,,,,
grant.2770900,ur.01136256417.59,David,Balding,J,PI,,,,,,,,
grant.2779927,ur.01372702500.76,Paul Nicholas,Stavrinou,,PI,,,,,,,,
grant.2769550,ur.07666603403.77,Lyn Carey,Thomas,,Co-PI,,,,,,,,
grant.2769550,ur.013232332133.63,Jonathan,Crook,Nicholas,Co-PI,,,,,,,,
grant.2762982,ur.01330505330.93,Benjamin,Heydecker,,Co-PI,,,,,,,,
grant.2779618,ur.0611160317.08,Murray,Grant,,PI,,,,,,,,
grant.2772243,ur.01370755305.22,Andrew,Stagg,John,PI,grid.4868.2,"Queen Mary, University of London",,London,GB,2643743,,United Kingdom
grant.2772243,ur.01322754077.40,Philip,Calder,,Co-PI,,,,,,,,
grant.2786250,ur.01224656367.34,Bhavik,Patel,Anil,PI,,,,,,,,
grant.2753443,ur.01257001125.09,Jeremy David,Pearson,,Co-PI,,,,,,,,
grant.2753443,ur.015226375742.55,Giovanni,Mann,E.,Co-PI,,,,,,,,
grant.2765548,ur.01323735747.22,Achillefs,Kapanidis,,PI,grid.4991.5,University of Oxford,,South East,GB,2640729,,United Kingdom
grant.2773130,ur.01074457023.82,Philip,Edwards,John,Co-PI,,,,,,,,
grant.2771533,ur.015614374714.33,Geoff,Garnett,,PI,,,,,,,,
grant.2771533,ur.0610702343.94,Kevin,Fenton,,Co-PI,,,,,,,,
grant.2771661,ur.013562016532.11,Zheng,Cui,,Co-PI,,,,,,,,
grant.2771661,ur.0731154360.44,Beverley,Mckeon,,Co-PI,,,,,,,,
grant.2780636,ur.07400436251.12,David,Probert,,Co-PI,,,,,,,,
grant.2780636,ur.014366255164.42,Andy,Neely,,Co-PI,,,,,,,,
grant.2780636,ur.013433167673.02,Dennis,Kehoe,,Co-PI,,,,,,,,
grant.2780636,ur.014113701200.55,Neil Dempster,Burns,,Co-PI,,,,,,,,
grant.2764628,ur.01347147075.93,Aldo,Broccaccini,,Co-PI,,,,,,,,
grant.2786753,ur.014742037461.34,Hossein,Sharifi,,Co-PI,,,,,,,,
grant.3498014,ur.01205310250.47,Bogdan,Stefanski,,PI,,,,,,,,
grant.3863029,ur.01222312420.60,Roy,Grainger,Gordon,Co-PI,,,,,,,,
grant.2755769,ur.07506342334.33,Paddy,Horner,,PI,grid.5337.2,University of Bristol,,South West,GB,2654675,,United Kingdom
grant.2755769,ur.013634730122.03,Anne,Johnson,Mandall,Co-PI,,,,,,,,
grant.2755769,ur.01370272455.75,David,Cahill,,Co-PI,grid.5337.2,University of Bristol,,South West,GB,2654675,,United Kingdom
grant.5210125,ur.0625530537.00,Guy,Simpson,,PI,grid.5801.c,ETH Zurich,,,CH,2657896,,
grant.5210125,ur.0622450547.14,Jean-Pierre,Burg,,PI,grid.5801.c,Geologisches Institut ETH Zürich,,,CH,2657896,,
grant.5210125,ur.010621761726.77,Sonia,Scarselli,,Co-PI,,,,,,,,
grant.2783591,ur.01351523152.53,Anthony,Dorling,,PI,,,,,,,,
grant.2783591,ur.01000455376.91,Robert,Lechler,,Co-PI,,,,,,,,
grant.2785675,ur.07506342334.33,Paddy,Horner,,Co-PI,grid.5337.2,University of Bristol,,South West,GB,2654675,,United Kingdom
grant.2752503,ur.01316413614.23,Tamsin,Ford,,PI,grid.8391.3,University of Exeter,,South West,GB,2649808,,United Kingdom
grant.2753348,ur.0653641710.40,Meng,Li,,PI,grid.5600.3,Cardiff University,,Wales,GB,2653822,,United Kingdom
grant.2765375,ur.01015747001.22,Carol,Munro,Anne,PI,grid.7107.1,University of Aberdeen,,Scotland,GB,2657832,,United Kingdom
grant.2753980,ur.01266341201.83,Agnes,Kocsis,,Co-PI,,,,,,,,
grant.2753980,ur.01130030164.46,John,Green,,Co-PI,,,,,,,,
grant.2753980,ur.0657776410.65,Deborah,Williams,,Co-PI,,,,,,,,
grant.2753980,ur.0734306162.54,George,Kinghorn,,Co-PI,,,,,,,,
grant.2753980,ur.0612561701.59,Michael,Evangeli,,Co-PI,,,,,,,,
grant.5210207,ur.01176116640.06,Hans Peter,Linder,,PI,grid.7400.3,University of Zurich,,,CH,2657896,,
grant.5210207,ur.014474027507.82,Dominic,Mills,,Co-PI,grid.7400.3,Institut für Systematische Botanik und Botanischer Garten Universität Zürich,,,CH,2657896,,
grant.5210207,ur.07430741516.15,Hans-Heinrich,Spillmann,,Co-PI,,,,,,,,
grant.5210207,ur.015227464667.26,Pietro,Freihofer,,Co-PI,,,,,,,,
grant.5210207,ur.013037143267.70,Claudia Pia,Winteler,,Co-PI,,,,,,,,
grant.5210207,ur.0716310665.15,Rafael,Wüest,,Co-PI,grid.462909.0,Laboratoire d'Écologie Alpine CNRS UMR 5553 Université Joseph Fourier,,,FR,3014728,,
grant.5210207,ur.01306504140.14,Chloé,Galley,,Co-PI,grid.7400.3,Institut für Systematische Botanik und Botanischer Garten Universität Zürich,,,CH,2657896,,
grant.5210207,ur.010106606723.18,Katharina,Steinmann,,Co-PI,grid.7400.3,Institut für Systematische Botanik und Botanischer Garten Universität Zürich,,,CH,2657896,,
grant.5210207,ur.01267746671.37,Michael,Pirie,,Co-PI,,,,,,,,
grant.5210207,ur.01164444703.34,Brigitte,Marazzi,,Co-PI,grid.134563.6,University of Arizona Dept. of Ecology and Evolutionary Biology,US-AZ,,US,5318313,,
grant.5210207,ur.011512315467.08,Rafael,Wüest,,Co-PI,grid.7400.3,Institut für Systematische Botanik und Botanischer Garten Universität Zürich,,,CH,2657896,,
grant.5210207,ur.014432104267.33,Alexander,Antonelli,,Co-PI,grid.7400.3,Institut für Systematische Botanik und Botanischer Garten Universität Zürich,,,CH,2657896,,
grant.5210207,ur.013634523667.20,Jasmin,Baumann,,Co-PI,grid.7400.3,Institut für Systematische Botanik und Botanischer Garten Universität Zürich,,,CH,2657896,,
grant.2783794,ur.01325462107.62,Jane,Hutton,Luise,PI,grid.7372.1,University of Warwick,,West Midlands,GB,2652221,,United Kingdom
grant.2783794,ur.01051047217.39,John,Copas,,Co-PI,grid.7372.1,University of Warwick,,West Midlands,GB,2652221,,United Kingdom
grant.2783794,ur.01174075734.81,Anthony,Marson,Guy,Co-PI,grid.10025.36,University of Liverpool,,,GB,2644210,,United Kingdom
grant.5208956,ur.016146115332.42,Marija,Stamenkovic,,Co-PI,,,,,,,,
grant.2786620,ur.013505527437.10,John,Wyatt,Stephen,Co-PI,grid.83440.3b,University College London,,London,GB,2643743,,United Kingdom
grant.2774405,ur.01360274576.40,Sara,Marshall,Elizabeth,Co-PI,,,,,,,,
grant.2762123,ur.0740333166.42,Marc,Feldmann,,Co-PI,,,,,,,,
grant.2761233,ur.01057133010.91,John,Sleep,,PI,grid.13097.3c,King's College London,,London,GB,2643743,,United Kingdom
grant.2784623,ur.01271656762.56,Roger,Patient,,PI,grid.4991.5,University of Oxford,,South East,GB,2640729,,United Kingdom
grant.2786773,ur.0641770103.91,Rory,Collins,,PI,grid.4991.5,University of Oxford,,South East,GB,2640729,,United Kingdom
grant.2772704,ur.01055224535.85,Peter,Sandercock,,PI,grid.4305.2,University of Edinburgh,,Scotland,GB,2650225,,United Kingdom
grant.2772704,ur.01325243724.42,Martin,Dennis,,Co-PI,grid.4305.2,University of Edinburgh,,Scotland,GB,2650225,,United Kingdom
grant.2753483,ur.0635644621.51,Pontiano,Kaleebu,,PI,,,,,,,,
grant.5498354,ur.01244331330.82,Sara,Wells,Elizabeth,PI,grid.420006.0,MRC Harwell,,South East,GB,2640729,,United Kingdom
grant.5498354,ur.01103563257.98,Martin,Fray,,Co-PI,grid.420006.0,MRC Harwell,,South East,GB,2640729,,United Kingdom
grant.5498354,ur.01150621404.28,Debora,Bogani,,Co-PI,grid.420006.0,MRC Harwell,,South East,GB,2640729,,United Kingdom
grant.2761029,ur.01222051562.27,Quentin,Sattentau,J,PI,grid.4991.5,University of Oxford,,South East,GB,2640729,,United Kingdom
grant.2761029,ur.01153537713.07,Clare,Jolly,Lisa,Co-PI,grid.4991.5,University of Oxford,,South East,GB,2640729,,United Kingdom
grant.2784728,ur.016713373432.02,Ganapati,Bhat,Janardhana,Co-PI,,,,,,,,
grant.2784728,ur.01365416454.96,Benias,Kavumura,J,Co-PI,,,,,,,,
grant.2784728,ur.01347026654.34,Gita,Ramjee,,Co-PI,,,,,,,,
grant.2784728,ur.01236160743.30,Helen,Rees,,Co-PI,,,,,,,,
grant.2784728,ur.01053570114.38,Ute,Jentsch,,Co-PI,,,,,,,,
grant.2784728,ur.011240751172.24,Richard John,Hayes,,Co-PI,grid.8991.9,London Sch of Hygiene and Trop Medicine,,London,GB,2643743,,United Kingdom
grant.2784728,ur.01255031154.59,Lorna,Colquhoun,,Co-PI,,,,,,,,
grant.2784728,ur.01224314545.90,Leopold,Zekeng,,Co-PI,,,,,,,,
grant.2784728,ur.0604766776.20,Janet,Darbyshire,Howard,Co-PI,,,,,,,,
grant.2784728,ur.013677623404.28,Charles,Lacey,John,Co-PI,grid.5685.e,University of York,,Yorkshire and The Humber,GB,2633352,,United Kingdom
grant.2784728,ur.01247056235.52,Andrew,Nunn,,Co-PI,,,,,,,,
grant.2784728,ur.01025624673.32,Nuala Mary,McGrath,,Co-PI,grid.5491.9,University of Southampton,,South East,GB,2637487,,United Kingdom
grant.2784728,ur.01202333735.86,Robert,Pool,,Co-PI,,,,,,,,
grant.2784728,ur.01303426201.08,John,Changalucha,,Co-PI,,,,,,,,
grant.2778475,ur.01112527302.00,Robin,Allshire,,Co-PI,,,,,,,,
grant.2778475,ur.01024754422.80,Luis,Aragón,,Co-PI,,,,,,,,
grant.2752433,ur.01103146266.00,Philip,Van Der Merwe,Anton,Co-PI,,,,,,,,
grant.2760401,ur.014435110672.40,Jennifer,Morgan,E,PI,grid.83440.3b,University College London,,London,GB,2643743,,United Kingdom
grant.2760423,ur.01252636474.70,Richard,Wade-Martins,,PI,grid.4991.5,University of Oxford,,South East,GB,2640729,,United Kingdom
grant.7388663,ur.01345366604.67,David,Mann,,PI,,,,,,,,
grant.2770231,ur.011674577177.75,Nicholas,Fisk,Maxwell,PI,,,,,,,,
grant.2770231,ur.01171723725.01,Michael,Themis,,Co-PI,,,,,,,,
grant.2770231,ur.01161123631.17,Malcolm,Alison,,Co-PI,,,,,,,,
grant.2751321,ur.01274035212.39,Masud,Husain,,Co-PI,,,,,,,,
grant.2768555,ur.01054700731.89,Theresa,Ward,,PI,grid.8991.9,London Sch of Hygiene and Trop Medicine,,London,GB,2643743,,United Kingdom
grant.2762426,ur.07566633507.75,Cristina,Rada,,PI,grid.42475.30,MRC Laboratory of Molecular Biology,,East of England,GB,2653941,,United Kingdom
grant.2762426,ur.01043211662.37,Michael,Neuberger,,PI,,,,,,,,
grant.2779972,ur.0603056221.77,Andrew,McKenzie,,PI,grid.42475.30,MRC Laboratory of Molecular Biology,,East of England,GB,2653941,,United Kingdom
grant.2768963,ur.012275750537.57,Nicola,Low,Minling,PI,,,,,,,,
grant.2768963,ur.013231735677.15,Jonathan,Sterne,,Co-PI,,,,,,,,
grant.2768963,ur.07506342334.33,Paddy,Horner,,Co-PI,,,,,,,,
grant.2768963,ur.07762167532.34,Tracy,Roberts,,Co-PI,grid.6572.6,University of Birmingham,,West Midlands,GB,2655603,,United Kingdom
grant.2768963,ur.01315127157.17,Greta,Rait,,Co-PI,grid.83440.3b,University College London,,London,GB,2643743,,United Kingdom
grant.2768963,ur.0601614003.56,Catherine,Lowndes,Mary,Co-PI,,,,,,,,
grant.2768963,ur.0735456720.12,Anna,Graham,,Co-PI,,,,,,,,
grant.2768963,ur.01306341364.34,Lynn,Myers,,Co-PI,,,,,,,,
grant.2768963,ur.01320520020.92,Gary,Brook,,Co-PI,,,,,,,,
grant.2768963,ur.015773613404.11,Jacqueline,Cassell,Anne,Co-PI,grid.12082.39,University of Sussex,,South East,GB,2654710,,United Kingdom
grant.2756919,ur.0622704043.68,Alexander,Hammers,,PI,grid.13097.3c,King's College London,,London,GB,2643743,,United Kingdom
grant.2766983,ur.0727152144.94,Eleanor,Riley,,PI,,,,,,,,
grant.2766983,ur.015223732607.36,Daniel,Davis,M,Co-PI,,,,,,,,
grant.2776672,ur.0646004072.40,Clare,Huxley,,PI,,,,,,,,
grant.2764681,ur.016062032414.10,Julie,Williams,,PI,,,,,,,,
grant.2764681,ur.01104331402.29,Simon,Lovestone,,Co-PI,,,,,,,,
grant.2764681,ur.014255227172.91,Lesley,Jones,,Co-PI,,,,,,,,
grant.2764681,ur.01273166362.42,Peter,Holmans,,Co-PI,,,,,,,,
grant.2764681,ur.010224574007.50,Michael,Owen,John,Co-PI,,,,,,,,
grant.2764681,ur.012010266137.38,Michael,O'Donovan,Conlon,Co-PI,,,,,,,,
grant.2757769,ur.0611446267.37,Ewan,Birney,,PI,,,,,,,,
grant.2767704,ur.01263576412.17,Richard,Harbottle,Paul,Co-PI,,,,,,,,
grant.5215419,ur.011273612207.25,Laszlo,Székelyhidi,,Co-PI,,Fakultät für Mathematik und Informatik Universität Leipzig,,,DE,2879139,,
grant.5215419,ur.010471731372.12,Zoé,Faget,,Co-PI,,,,,,,,
grant.2770312,ur.013101301440.67,John,Duncan,,PI,grid.5335.0,University of Cambridge,,East of England,GB,2653941,,United Kingdom
grant.2761885,ur.0636514721.80,Ulf,Ekelund,,PI,,,,,,,,
grant.2761885,ur.01172045233.18,Soren,Brage,,PI,grid.5335.0,University of Cambridge,,East of England,GB,2653941,,United Kingdom
grant.2767352,ur.0722434146.48,Paula,Munderi,,PI,,,,,,,,
grant.2767352,ur.01317014447.97,Heiner,Grosskurth,,Co-PI,,,,,,,,
grant.2758966,ur.013723776517.34,Nicholas,Wareham,John,PI,grid.5335.0,University of Cambridge,,East of England,GB,2653941,,United Kingdom
grant.2758966,ur.0616003437.07,Claudia,Langenberg,,Co-PI,grid.5335.0,University of Cambridge,,East of England,GB,2653941,,United Kingdom
grant.2758966,ur.0621621022.09,Nita Gandhi,Forouhi,,Co-PI,grid.5335.0,University of Cambridge,,East of England,GB,2653941,,United Kingdom
grant.2770803,ur.0743460472.53,Brent,Wolff,,PI,,,,,,,,
grant.2786604,ur.0707400442.13,Petros,Ligoxygakis,,PI,grid.4991.5,University of Oxford,,South East,GB,2640729,,United Kingdom
grant.2767201,ur.01117320435.32,Sarah,Stanley,A,PI,grid.410396.9,Mount Sinai Medical Center,US-FL,,US,4164143,,
grant.2785623,ur.01030125661.86,Richard,Poulsom,,Co-PI,,,,,,,,
grant.2785623,ur.015623147737.93,Sam,Janes,,Co-PI,,,,,,,,
grant.2776067,ur.0643472530.18,J,Wijeyekoon,Bhathiya,PI,grid.4991.5,University of Oxford,,South East,GB,2640729,,United Kingdom
grant.7388770,ur.01075252146.92,Alison,Banham,,PI,,,,,,,,
grant.7388770,ur.01151433574.57,Adrian,Harris,,Co-PI,grid.4991.5,University of Oxford,,,GB,2640729,Oxford,United Kingdom
grant.7388770,ur.01151224375.92,Stephen,Fox,,Co-PI,,,,,,,,
grant.7388770,ur.013303335003.22,Phillip,Brown,,Co-PI,,,,,,,,
grant.2752206,ur.014540073117.05,Cay,Kielty,,PI,grid.5379.8,University of Manchester,,North West,GB,2643123,Manchester,United Kingdom
grant.2774275,ur.01122441016.75,Myriam,Hemberger,,PI,grid.22072.35,University of Calgary,CA-AB,Outside UK,CA,5913490,,Canada
grant.5209965,ur.01324011213.56,Klaus,Regenauer-Lieb,,PI,grid.5801.c,ETH Zurich,,,CH,2657896,,
grant.5209965,ur.010354075467.02,Yury,Podladchikov,,PI,grid.9851.5,Faculté des géosciences et de l'environnement Université de Lausanne,,,CH,2659994,,
grant.5209965,ur.0605722277.43,Domenico,Giardini,,PI,grid.5801.c,Institut für Geophysik ETH Zürich,,,CH,2657896,,
grant.5209965,ur.07677114771.16,Boris,Kaus,,Co-PI,,,,,,,,
grant.5209965,ur.014243603453.34,Gabriele,Morra,,Co-PI,,,,,,,,
grant.2770558,ur.01220467467.82,Martin,Lowe,,PI,grid.5379.8,University of Manchester,,North West,GB,2643123,Manchester,United Kingdom
grant.5212795,ur.01331135513.14,Martin,Flück,,PI,grid.7400.3,Balgrist CAMPUS Universität Zürich,,,CH,2657896,,
grant.5212795,ur.01263022313.99,Roman,Trepp,,Co-PI,,"Abteilung für Pädiatrische Endokrinologie, Diabetologie und Stoffwechsel Medizinische Universitäts-Kinderklinik",,,,,,
grant.7818059,ur.015741421307.03,Matthew,Jukes,,PI,,,,,,,,
grant.7818059,ur.016537001707.89,Donald,Bundy,,Co-PI,,,,,,,,
grant.2762399,ur.0605563572.85,Scott,Beatson,,PI,grid.6572.6,University of Birmingham,,West Midlands,GB,2655603,,United Kingdom
grant.2784177,ur.0737214132.16,Alistair,Mathie,,PI,,,,,,,,
grant.2767365,ur.01044302750.61,Quentin,Anstee,Mark,PI,grid.1006.7,Newcastle University,,North East,GB,2641673,,United Kingdom
grant.5211501,ur.01366170244.70,Peter,Rüedi,,PI,grid.7400.3,University of Zurich,,,CH,2657896,,
grant.5211501,ur.01023231257.28,Piergiorgio,Lorenzetto,,Co-PI,,,,,,,,
grant.5211501,ur.011750714142.68,Christian,Clerc,,Co-PI,,,,,,,,
grant.5211501,ur.013474263025.70,Frank,Rogano,,Co-PI,,,,,,,,
grant.2772598,ur.016101143727.25,Susan,Brown,Carol,PI,,,,,,,,
grant.5211268,ur.016040714027.88,Saskia,Goes,,PI,grid.5801.c,ETH Zurich,,,CH,2657896,,
grant.5211268,ur.0671637010.98,Fabio Antonio,Capitanio,,Co-PI,grid.1002.3,Department of Geosciences Monash University,AU-VIC,,AU,2158177,,
grant.5211268,ur.011714606105.96,Mark,Sargent,,Co-PI,grid.429508.2,Max-Planck-Institut für Astronomie,,,DE,2907911,,
grant.5211268,ur.011526164227.36,Paul,Flück,,Co-PI,,,,,,,,
grant.5211268,ur.0721643415.13,Fabio,Cammarano,,Co-PI,grid.5801.c,Departement Erdwissenschaften ETH Zürich,,,CH,2657896,,
grant.5211268,ur.0634777712.50,Christoph Franz,Hieronymus,,Co-PI,,,,,,,,
grant.3567662,ur.01126075523.80,Hans,Bachor,,PI,,,,,,,,
grant.3567662,ur.0756710133.90,Elisabeth,Giacobino,,Co-PI,,,,,,,,
grant.3567662,ur.01025023333.33,Edward,Hinds,,Co-PI,,,,,,,,
grant.3567662,ur.0710574733.12,Robert,Ballagh,,Co-PI,,,,,,,,
grant.3567662,ur.01203524033.88,Howard,Carmichael,,Co-PI,,,,,,,,
grant.3567662,ur.01366065633.87,ANDREW,WILSON,,Co-PI,,,,,,,,
grant.3567662,ur.01247164725.68,Wim,Vassen,,Co-PI,,,,,,,,
grant.3567662,ur.01251637233.27,Claude,Fabre,,Co-PI,,,,,,,,
grant.3567662,ur.01073136533.79,Wolfgang,Ertmer,,Co-PI,,,,,,,,
grant.3567662,ur.01317752433.04,Gerd,Leuchs,,Co-PI,,,,,,,,
grant.3567662,ur.01135410633.60,Andrei,Sidorov,,Co-PI,,,,,,,,
grant.3567662,ur.0764357132.69,Wayne,Rowlands,,Co-PI,,,,,,,,
grant.3567662,ur.0650130532.59,Russell,McLean,,Co-PI,,,,,,,,
grant.3567662,ur.0716243732.35,Tien,Kieu,,Co-PI,,,,,,,,
grant.3567662,ur.01043075217.53,Peter,Hannaford,,Co-PI,,,,,,,,
grant.3567662,ur.01253141672.35,Bryan,Dalton,,Co-PI,,,,,,,,
grant.3567662,ur.01143057632.38,Margaret,Reid,,Co-PI,,,,,,,,
grant.3567662,ur.0662372317.38,Karen,Kheruntsyan,,Co-PI,,,,,,,,
grant.3567662,ur.01354554436.50,Peter,Drummond,,Co-PI,,,,,,,,
grant.3567662,ur.01211173032.20,Matthew,Davis,,Co-PI,,,,,,,,
grant.3567662,ur.011243271343.25,Joel,Corney,,Co-PI,,,,,,,,
grant.3567662,ur.013213572634.96,Andrew,Truscott,,Co-PI,,,,,,,,
grant.3567662,ur.011536771403.84,Craig,Savage,,Co-PI,,,,,,,,
grant.3567662,ur.01365234611.73,Elena,Ostrovskaya,,Co-PI,,,,,,,,
grant.3567662,ur.0746444612.19,Ping Koy,Lam,,Co-PI,,,,,,,,
grant.3567662,ur.010537343752.15,Yuri,Kivshar,,Co-PI,,,,,,,,
grant.3567662,ur.0760516032.88,Joseph,Hope,,Co-PI,,,,,,,,
grant.3567662,ur.01304202645.40,John,Close,,Co-PI,,,,,,,,
grant.3567662,ur.01026631232.38,Kenneth,Baldwin,,Co-PI,,,,,,,,
grant.2753208,ur.0624461735.36,Felix,Randow,,PI,grid.42475.30,MRC Laboratory of Molecular Biology,,East of England,GB,2653941,,United Kingdom
grant.2768978,ur.016277215124.06,Charles,Gilks,,PI,,,,,,,,
grant.2768978,ur.01110201460.74,Sylvester,Sempala,D,Co-PI,,,,,,,,
grant.2768978,ur.012171716707.79,James,Whitworth,A,Co-PI,,,,,,,,
grant.2752918,ur.013544326204.79,Christopher,Huang,,PI,grid.5335.0,University of Cambridge,,East of England,GB,2653941,,United Kingdom
grant.2752918,ur.0102344330.16,Richard,Saumarez,Charles,Co-PI,grid.5335.0,University of Cambridge,,East of England,GB,2653941,,United Kingdom
grant.2752918,ur.01010201273.24,ANDREW,GRACE,,Co-PI,grid.5335.0,University of Cambridge,,East of England,GB,2653941,,United Kingdom
grant.2768397,ur.01003236610.53,Wolf,Reik,,Co-PI,,,,,,,,
grant.2768397,ur.0774101324.23,Gavin,Kelsey,,Co-PI,,,,,,,,
grant.2768397,ur.01133434421.22,Dimitris,Kioussis,,Co-PI,,,,,,,,
grant.2768397,ur.0652122170.60,Peter,Fraser,,Co-PI,,,,,,,,
grant.2783237,ur.0673115533.50,Simon,Hughes,Meredith,PI,grid.13097.3c,King's College London,,London,GB,2643743,,United Kingdom
grant.5202031,ur.0603612527.66,Robert,Weingart,,PI,grid.5734.5,University of Berne,,,CH,2661552,,
grant.5202031,ur.012177241527.35,Cécile Maria Eugénie,Choby,,Co-PI,,,,,,,,
grant.2759871,ur.0766135704.46,William,Colledge,Henry,PI,grid.5335.0,University of Cambridge,,East of England,GB,2653941,,United Kingdom
grant.2759871,ur.01255514571.41,J,Metcalfe,,PI,grid.5335.0,University of Cambridge,,East of England,GB,2653941,,United Kingdom
grant.2759871,ur.01360140717.04,Richard,Farndale,William,Co-PI,grid.5335.0,University of Cambridge,,East of England,GB,2653941,,United Kingdom
grant.2759871,ur.013544326204.79,Christopher,Huang,,Co-PI,grid.5335.0,University of Cambridge,,East of England,GB,2653941,,United Kingdom
grant.2758825,ur.0662147671.90,James,McDonnell,,PI,grid.13097.3c,King's College London,,London,GB,2643743,,United Kingdom
grant.2775076,ur.01102531242.16,Tina,Kold Jensen,,Co-PI,,,,,,,,
grant.2755462,ur.015127001317.99,Joseph,Hajnal,V,PI,,,,,,,,
grant.2751740,ur.01366075134.55,Mark,Walport,,Co-PI,,,,,,,,
grant.2751740,ur.01233116212.60,Jan,Domin,,Co-PI,,,,,,,,
grant.2751740,ur.013157712337.84,Timothy,Vyse,J,Co-PI,,,,,,,,
grant.2751740,ur.016431652314.30,Bernie,Morley,,Co-PI,,,,,,,,
grant.6770542,ur.0733567304.38,Christophe,Erneux,,PI,grid.4989.c,Université Libre de Bruxelles,,,BE,2800866,,
grant.6770542,ur.01036516654.03,Joël,Vandekerckhove,,PI,grid.5342.0,Universiteit Gent,,,BE,2797656,,
grant.6770542,ur.01156422660.48,Marc,Boutry,,PI,grid.7942.8,Université Catholique de Louvain,,,BE,2792073,,
grant.6770542,ur.01035504353.56,Paul,Veldhoven,Van,PI,grid.5596.f,Katholieke Universiteit Leuven,,,BE,2792482,,
grant.6770542,ur.01302573206.13,Willy,Stalmans,,PI,grid.5596.f,Katholieke Universiteit Leuven,,,BE,2792482,,
grant.2753649,ur.014114567037.40,Michael,Marber,Stephen,Co-PI,grid.13097.3c,King's College London,,London,GB,2643743,,United Kingdom
grant.2753649,ur.01327556720.34,Michael,Shattock,,Co-PI,grid.13097.3c,King's College London,,London,GB,2643743,,United Kingdom
grant.2753649,ur.01166207373.49,Metin,Avkiran,,Co-PI,grid.13097.3c,King's College London,,London,GB,2643743,,United Kingdom
grant.2776292,ur.01255614175.37,Stephen,Nurrish,,PI,grid.83440.3b,University College London,,London,GB,2643743,,United Kingdom
grant.2756878,ur.01210400145.73,Michael,Hastings,Harvey,PI,grid.42475.30,MRC Laboratory of Molecular Biology,,East of England,GB,2653941,,United Kingdom
grant.2775396,ur.0766166057.79,Anne,O'Garra,,PI,,,,,,,,
grant.2757345,ur.01334123457.74,Daniel,Cutler,,PI,,,,,,,,
grant.2768527,ur.07711435224.39,Stephen,O'Rahilly,,Co-PI,,,,,,,,
grant.2759752,ur.01303275071.69,Katrin,Rittinger,,PI,,,,,,,,
grant.2768928,ur.01051024350.31,Mala,Maini,Kunti,Co-PI,grid.83440.3b,University College London,,London,GB,2643743,,United Kingdom
grant.2768928,ur.011763114607.07,Robin,Weiss,,Co-PI,grid.83440.3b,University College London,,London,GB,2643743,,United Kingdom
grant.2768928,ur.011756535517.26,Arne,Akbar,Nalpon,Co-PI,grid.83440.3b,University College London,,London,GB,2643743,,United Kingdom
grant.2768928,ur.01021562115.75,Aine,McKnight,,Co-PI,,,,,,,,
grant.2768928,ur.01323156232.56,Jürgen,Roes,,Co-PI,grid.83440.3b,University College London,,London,GB,2643743,,United Kingdom
grant.2768928,ur.01151071215.77,Chris,Boshoff,,Co-PI,grid.83440.3b,University College London,,London,GB,2643743,,United Kingdom
grant.2768928,ur.0716224513.05,Jeremy,Garson,Alexander,Co-PI,grid.83440.3b,University College London,,London,GB,2643743,,United Kingdom
grant.2768928,ur.01035202403.74,Richard,Tedder,Seton,Co-PI,grid.83440.3b,University College London,,London,GB,2643743,,United Kingdom
grant.2768928,ur.01343470217.23,Duncan,Clark,,Co-PI,,,,,,,,
grant.2768928,ur.01354720611.30,Vincent,Emery,,Co-PI,grid.83440.3b,University College London,,London,GB,2643743,,United Kingdom
grant.2768928,ur.01233244235.14,Ariberto,Fassati,,Co-PI,grid.83440.3b,University College London,,London,GB,2643743,,United Kingdom
grant.2768928,ur.010073700017.52,Gregory,Towers,John,Co-PI,grid.83440.3b,University College London,,London,GB,2643743,,United Kingdom
grant.2768928,ur.015225707312.64,Paul,Griffiths,,Co-PI,grid.83440.3b,University College London,,London,GB,2643743,,United Kingdom
grant.2768928,ur.011753775332.76,Tim J,Harrison,,Co-PI,,,,,,,,
grant.2768928,ur.01045755265.19,Jane,Skok,Amanda,Co-PI,grid.83440.3b,University College London,,London,GB,2643743,,United Kingdom
grant.2768928,ur.0674676522.10,R,Coffin,,Co-PI,,,,,,,,
grant.2768928,ur.07477233477.92,Benny,Chain,,Co-PI,grid.83440.3b,University College London,,London,GB,2643743,,United Kingdom
grant.2773012,ur.01257607375.00,Julia,Buckingham,,Co-PI,,,,,,,,
grant.2775756,ur.01141710440.41,Carol,Shoulders,Christine,PI,grid.4868.2,"Queen Mary, University of London",,London,GB,2643743,,United Kingdom
grant.2768750,ur.01343550013.97,Tessa,Crompton,,PI,,,,,,,,
grant.2755802,ur.0617255623.41,Michael,Dewey,,Co-PI,grid.13097.3c,King's College London,,London,GB,2643743,,United Kingdom
grant.2755802,ur.0603342166.94,Bronwyn,Parry,Catherine,Co-PI,grid.13097.3c,King's College London,,London,GB,2643743,,United Kingdom
grant.2755802,ur.01026035172.37,Cherie,McCracken,Frances,Co-PI,,,,,,,,
grant.2755802,ur.012106327417.02,Paul,Ince,Geoffrey,Co-PI,grid.11835.3e,University of Sheffield,,Yorkshire and The Humber,GB,2638077,,United Kingdom
grant.2755802,ur.0757612601.02,Stephen,Wharton,B,Co-PI,grid.11835.3e,University of Sheffield,,Yorkshire and The Humber,GB,2638077,,United Kingdom
grant.2777190,ur.0611417442.05,Lyle,Zimmerman,,PI,,,,,,,,
grant.5198826,ur.01140416007.90,Pearl,Pu Faltings,,PI,grid.5801.c,Institut d'informatique fondamentale Faculté Informatique et Communications EPFL,,,CH,2657896,,
grant.5198826,ur.01121075404.12,Martin,Vetterli,,PI,grid.5333.6,EPFL LCAV-IC,,,CH,2659994,,
grant.5198826,ur.01212142027.87,Thierry,Pun,,PI,grid.8591.5,Centre Universitaire d'Informatique Université de Genève,,,CH,2660646,,
grant.5198826,ur.013503572245.96,Serge,Ayer,,PI,grid.5333.6,EPF Lausanne,,,CH,2659994,,
grant.5198826,ur.015742610771.78,Zoran,Pecenovic,,Co-PI,,,,,,,,
grant.2753255,ur.011336432262.24,Francesca,Happe,Gabrielle,PI,grid.13097.3c,King's College London,,London,GB,2643743,,United Kingdom
grant.2753255,ur.01047355510.22,Peter,McGuffin,,PI,grid.13097.3c,King's College London,,London,GB,2643743,,United Kingdom
grant.2753255,ur.064477252.38,Robert,Plomin,,Co-PI,grid.13097.3c,King's College London,,London,GB,2643743,,United Kingdom
grant.2767718,ur.014475006303.33,David,Spiegelhalter,,PI,grid.5335.0,University of Cambridge,,East of England,GB,2653941,,United Kingdom
grant.2770911,ur.0656556216.76,Simon,Thompson,,PI,grid.5335.0,University of Cambridge,,East of England,GB,2653941,,United Kingdom
grant.2766736,ur.01021331434.10,Daniela,De Angelis,,PI,grid.415038.b,MRC Biostatistics Unit,,East of England,GB,2653941,,United Kingdom
grant.2755973,ur.01004526450.65,Martin,Turner,,Co-PI,,,,,,,,
grant.2755973,ur.0753643741.35,Angela,Clerk,,Co-PI,,,,,,,,
grant.2755973,ur.01350442021.64,Richard,Marais,,Co-PI,,,,,,,,
grant.2755973,ur.01362617241.49,Andrew,Clark,R,Co-PI,,,,,,,,
grant.2755973,ur.011546106212.11,Chris,Marshall,,Co-PI,,,,,,,,
grant.2755973,ur.01065107336.64,Peter,Sugden,Howard,Co-PI,,,,,,,,
grant.2752702,ur.01324757126.36,Jean-Paul,Vincent,,PI,,,,,,,,
grant.2761049,ur.01027512635.54,Jonathan,Powell,Joseph,PI,grid.5335.0,University of Cambridge,,East of England,GB,2653941,,United Kingdom
grant.2784260,ur.016705670007.29,Polly,Page,,PI,,,,,,,,
grant.2758063,ur.0677212061.26,Graham,Jackson,,PI,grid.83440.3b,University College London,,London,GB,2643743,,United Kingdom
grant.2776857,ur.01111470547.53,Roger,Cox,David,PI,,,,,,,,
grant.2786416,ur.01250254774.88,Glyn,Humphreys,,PI,,,,,,,,
grant.2786416,ur.01307056627.46,Brian,Roberts,,Co-PI,,,,,,,,
grant.2786416,ur.01372247406.53,Martin,Edwards,Gareth,Co-PI,grid.6572.6,University of Birmingham,,West Midlands,GB,2655603,,United Kingdom
grant.2786416,ur.0765166210.51,Antje S,Meyer,,Co-PI,grid.6572.6,University of Birmingham,,West Midlands,GB,2655603,,United Kingdom
grant.2786416,ur.01147616324.07,Michael,Harris,,Co-PI,grid.6572.6,University of Birmingham,,West Midlands,GB,2655603,,United Kingdom
grant.2786416,ur.01353502173.33,Andrew,Schofield,John,Co-PI,,,,,,,,
grant.2786416,ur.01161465130.40,Dietmar,Heinke,,Co-PI,grid.6572.6,University of Birmingham,,West Midlands,GB,2655603,,United Kingdom
grant.2786416,ur.01367727000.04,Peter,Praamstra,,Co-PI,,,,,,,,
grant.2786416,ur.0736377715.92,Mark,Georgeson,Andrew,Co-PI,,,,,,,,
grant.2786416,ur.0725301160.36,M.,Riddoch,Jane,Co-PI,,,,,,,,
grant.2786416,ur.0651740750.89,Alan,Wing,,Co-PI,grid.6572.6,University of Birmingham,,West Midlands,GB,2655603,,United Kingdom
grant.2779933,ur.01301741251.15,Charles,Rodeck,Henry,Co-PI,,,,,,,,
grant.2779933,ur.0646004072.40,Clare,Huxley,,Co-PI,,,,,,,,
grant.2756699,ur.01103146266.00,Philip,Van Der Merwe,Anton,PI,grid.4991.5,University of Oxford,,South East,GB,2640729,,United Kingdom
grant.2760054,ur.0772571770.16,George,Davey Smith,,PI,grid.5337.2,University of Bristol,,South West,GB,2654675,,United Kingdom
grant.2760054,ur.01134454462.19,Ian,Day,,Co-PI,grid.5337.2,University of Bristol,,South West,GB,2654675,,United Kingdom
grant.2760054,ur.0641126256.99,Mary,Shaw,,Co-PI,grid.5337.2,University of Bristol,,South West,GB,2654675,,United Kingdom
grant.2755813,ur.010134210414.75,Tak,Lee,,PI,grid.13097.3c,King's College London,,London,GB,2643743,,United Kingdom
grant.2755813,ur.01062203557.39,Brian,Sutton,John,Co-PI,grid.13097.3c,King's College London,,London,GB,2643743,,United Kingdom
grant.2755493,ur.01101002123.21,Sally,Stenning,,PI,,,,,,,,
grant.2755493,ur.0726205741.07,Ruth,Langley,Elizabeth,Co-PI,,,,,,,,
grant.2756310,ur.0726205741.07,Ruth,Langley,Elizabeth,Co-PI,grid.83440.3b,University College London,,London,GB,2643743,,United Kingdom
grant.2766618,ur.01136203455.61,Tomas,Hanke,,PI,,,,,,,,
grant.2762667,ur.013101301440.67,John,Duncan,,PI,grid.83440.3b,University College London,,London,GB,2643743,,United Kingdom
grant.2762667,ur.01026470601.14,Simon,Shorvon,,Co-PI,grid.83440.3b,University College London,,London,GB,2643743,,United Kingdom
grant.2762667,ur.0737273635.63,Matthias,Koepp,Johannes,Co-PI,grid.83440.3b,University College London,,London,GB,2643743,,United Kingdom
grant.2762667,ur.0772327770.26,L,Sander,,Co-PI,,,,,,,,
grant.2762667,ur.0731232516.37,Sanjay,Sisodiya,,Co-PI,grid.83440.3b,University College London,,London,GB,2643743,,United Kingdom
grant.2762667,ur.01104170123.66,David,Fish,Royden,Co-PI,grid.83440.3b,University College London,,London,GB,2643743,,United Kingdom
grant.2756236,ur.07401035202.97,Stephen,Brown,,PI,,,,,,,,
grant.2756236,ur.01012551130.28,Paul,Potter,Keith,Co-PI,,,,,,,,
grant.5206563,ur.011051712607.46,Ralph,Müller,,Co-PI,,,,,,,,
grant.5206563,ur.010336116755.06,Mathias,Juch,,Co-PI,,,,,,,,
grant.5206563,ur.07745647500.19,Walter,Ganci,,Co-PI,,,,,,,,
grant.2754723,ur.01115613606.51,Mark,Caulfield,,PI,grid.4868.2,"Queen Mary, University of London",,London,GB,2643743,,United Kingdom
grant.2754723,ur.0606704334.54,Nilesh,Samani,Jayantilal,Co-PI,grid.9918.9,University of Leicester,,East Midlands,GB,2644668,,United Kingdom
grant.2754723,ur.01132647725.77,Mark,Lathrop,,Co-PI,,,,,,,,
grant.2754723,ur.01142074247.89,Martin,Farrall,,Co-PI,grid.4991.5,University of Oxford,,South East,GB,2640729,,United Kingdom
grant.2754723,ur.01323433057.12,John,Connell,,Co-PI,grid.8241.f,University of Dundee,,Scotland,GB,2650752,,United Kingdom
grant.2754723,ur.01040622733.05,Nigel,Benjamin,,Co-PI,grid.4868.2,"Queen Mary, University of London",,London,GB,2643743,,United Kingdom
grant.2754723,ur.01150107043.73,John,Webster,,Co-PI,,,,,,,,
grant.2754723,ur.01014000656.88,David,Clayton,,Co-PI,,,,,,,,
grant.2754723,ur.015221442224.35,M,Brown,,Co-PI,,,,,,,,
grant.2754723,ur.01051674732.59,Patricia,Munroe,,Co-PI,grid.4868.2,"Queen Mary, University of London",,London,GB,2643743,,United Kingdom
grant.2756088,ur.013623676477.53,Stephen,Sutton,,Co-PI,,,,,,,,
grant.2756088,ur.016450504007.60,Robert,Edwards,,Co-PI,,,,,,,,
grant.2756088,ur.012231257347.33,John,Northover,,Co-PI,,,,,,,,
grant.2756088,ur.0664471247.34,David,Whynes,,Co-PI,,,,,,,,
grant.2756088,ur.01136740201.43,Jack,Cuzick,,Co-PI,,,,,,,,
grant.2756088,ur.01336026256.13,Jane,Wardle,,Co-PI,,,,,,,,
grant.2767925,ur.0675552716.08,Niall,Dillon,,PI,grid.14105.31,MRC London Institute of Medical Sciences,,London,GB,2643743,,United Kingdom
grant.2770784,ur.0634412406.87,Matthias,Merkenschlager,,PI,grid.14105.31,MRC London Institute of Medical Sciences,,London,GB,2643743,,United Kingdom
grant.2770784,ur.01107613730.37,Amanda,Fisher,,PI,grid.14105.31,MRC London Institute of Medical Sciences,,London,GB,2643743,,United Kingdom
grant.2785144,ur.015537525157.40,Timothy,Aitman,,PI,grid.4305.2,University of Edinburgh,,Scotland,GB,2650225,,United Kingdom
grant.2768952,ur.012620772606.07,Victor,Tybulewicz,Leszek,PI,,,,,,,,
grant.2762266,ur.0601733652.32,Kenneth,Walker,Barry,Co-PI,grid.70909.37,Nat Inst for Bio Standards and Control,,East of England,GB,2639970,,United Kingdom
grant.2762266,ur.01224663611.15,Richard,Stebbings,,Co-PI,grid.70909.37,Nat Inst for Bio Standards and Control,,East of England,GB,2639970,,United Kingdom
grant.2762266,ur.01024613356.54,Alison,Wade-Evans,Mary,Co-PI,grid.70909.37,Nat Inst for Bio Standards and Control,,East of England,GB,2639970,,United Kingdom
grant.2755485,ur.011244132717.80,Kiyoshi,Nagai,,PI,grid.42475.30,MRC Laboratory of Molecular Biology,,East of England,GB,2653941,,United Kingdom
grant.2771650,ur.01171476745.37,Anthony,Holder,Arthur,PI,,,,,,,,
grant.2782564,ur.015727100640.74,Martin,Webb,,PI,,,,,,,,
grant.2753651,ur.014537623411.66,Stephen,Bloom,R,PI,,,,,,,,
grant.2753651,ur.01054663062.20,Caroline,Small,J,Co-PI,,,,,,,,
grant.2753651,ur.016623111742.24,Mohammad,Ghatei,Ali,Co-PI,,,,,,,,
grant.2751174,ur.014350016617.70,David,Dunne,William,PI,grid.5335.0,University of Cambridge,,East of England,GB,2653941,,United Kingdom
grant.5137021,ur.01170515303.42,,Badiger,,PI,,,,,,,,
grant.5137292,ur.0657517163.45,,Berger,,PI,,,,,,,,
grant.5142032,ur.01311251763.31,,Memo,,PI,,,,,,,,
grant.5135855,ur.01173524263.65,,Scott,,PI,,,,,,,,
grant.5138912,ur.01135511203.15,,Ibrahim,,PI,,,,,,,,
grant.5139323,ur.01075203163.53,,Gatheral,,PI,,,,,,,,
